config,map_id,map_seed,unit,eval_seed,wind_scale,apf_basis,apf_d0,status,success,collision,timeout,steps,final_dist_m,path_length_m,path_efficiency,min_obstacle_distance_m,jitter_index,acceleration_index,log_a2c_norm,log_apf_norm,log_lambda_mean,log_cosine_mean,log_blend_change_mean
H0,map-random-01,7001,H0_map-random-01_seed101,2001,1.0,center,,success,1,0,0,102,2.3905175163435493,370.25867885220913,0.905880714706621,5.069363238762058,24.830950664101216,14.596167536203504,1.3189010351311927,0.03999999855809352,0.3770546115435485,0.5650662224666745,0.11625517621399822
H0,map-random-01,7001,H0_map-random-01_seed101,2002,1.0,center,,success,1,0,0,108,2.848179682208449,382.6085997840669,0.8766405062883171,6.992385332648137,18.22787874643526,14.544563065374929,1.3403380667721783,0.03999999862302233,0.3903459273158579,0.6325039133015606,0.10750269737195667
H0,map-random-01,7001,H0_map-random-01_seed101,2003,1.0,center,,success,1,0,0,104,2.614794714317787,376.59408673317455,0.8906411662873884,7.311303686938055,20.177335864450413,14.748381923596668,1.3277867688582494,0.03999999871190924,0.3825078208777563,0.5956570812178632,0.12087212171502569
H0,map-random-01,7001,H0_map-random-01_seed101,2004,1.0,center,,success,1,0,0,103,2.0436307923979977,373.7547960431254,0.8974070705604201,6.57398681813097,20.686643932259713,14.473897415762503,1.3273350417035297,0.03999999867191593,0.37974078582564064,0.5954909548163414,0.11847052965231852
H0,map-random-01,7001,H0_map-random-01_seed101,2005,1.0,center,,success,1,0,0,105,2.110539011875343,378.3899694038475,0.8864140800386608,7.089220137343352,20.40707555281446,14.531157291577786,1.334120504061381,0.03999999868018286,0.38455048525900787,0.6043767049908638,0.12190006700416565
H0,map-random-01,7001,H0_map-random-01_seed101,2006,1.0,center,,success,1,0,0,107,1.874647125077302,382.5089066968804,0.876868984624101,7.744000573001692,19.912328404915307,14.786062495919413,1.3375546597988806,0.03999999858369337,0.3890583263317353,0.6157213299073906,0.11867179911042669
H0,map-random-01,7001,H0_map-random-01_seed101,2007,1.0,center,,success,1,0,0,106,2.8192930026740988,380.32918257223866,0.8818944535271406,7.448053429052888,21.86057069127535,14.61640617400666,1.3397268281792694,0.039999998824776346,0.3861581599004098,0.6207540950316163,0.11124019842871713
H0,map-random-01,7001,H0_map-random-01_seed101,2008,1.0,center,,success,1,0,0,109,2.5335836994721377,384.99940264576657,0.8711966676311326,7.830898425887807,19.49118334490101,14.585271342870271,1.3419659903290075,0.03999999852492175,0.3915062759834417,0.6335834777580762,0.113457164526153
H0,map-random-01,7001,H0_map-random-01_seed101,2009,1.0,center,,success,1,0,0,107,1.9381779628231992,381.6961595632315,0.8787361052015109,7.409954356708924,21.178267443279868,14.55886810303153,1.3302180833905657,0.03999999858369337,0.38765444881335337,0.6169873654111245,0.1176312345351244
H0,map-random-01,7001,H0_map-random-01_seed101,2010,1.0,center,,success,1,0,0,107,2.306004397385458,382.0907196761461,0.8778286918595058,7.567854896430175,23.648094284595377,14.67107416752715,1.3251564229760215,0.039999998653324965,0.38812491554866,0.6241715468257387,0.1184994389076583
H0,map-random-01,7001,H0_map-random-01_seed101,2011,1.0,center,,success,1,0,0,104,2.26124874137671,376.1160877548533,0.8917730656700431,7.348042371399089,21.352870132439303,14.671215094712387,1.3389727083536296,0.03999999874772934,0.3830618982105357,0.5947414884845225,0.11405899304413782
H0,map-random-01,7001,H0_map-random-01_seed101,2012,1.0,center,,success,1,0,0,105,2.0327122177762886,378.3760583541865,0.8864466691785267,6.547636129721227,20.912574555365524,14.873160835983604,1.330233074937548,0.03999999850278809,0.3855328508161234,0.6040907748841814,0.12460922748999559
H0,map-random-01,7001,H0_map-random-01_seed101,2013,1.0,center,,success,1,0,0,103,2.3930231926247107,373.6125626446438,0.8977487112605179,5.828668836556453,20.16458404445808,14.410262479752543,1.3206196502574439,0.03999999852724446,0.38121692253009704,0.5890401684796637,0.11767168368752967
H0,map-random-01,7001,H0_map-random-01_seed101,2014,1.0,center,,success,1,0,0,110,2.4695062508439873,388.28554912684757,0.8638235375465765,8.418464323249555,21.027114770881454,14.682487579588201,1.339564256776463,0.03999999863180247,0.3951596026582816,0.6396492346274582,0.11823686761338639
H0,map-random-01,7001,H0_map-random-01_seed101,2015,1.0,center,,success,1,0,0,103,2.0331837805178203,372.96149021464254,0.8993158956758164,6.183037248932985,19.514947772240138,14.479125554798884,1.3283341741098942,0.03999999863574806,0.37791141526772914,0.57793315330032,0.11082543084670243
H0,map-random-01,7001,H0_map-random-01_seed101,2016,1.0,center,,success,1,0,0,109,2.0098130348683805,386.3585091599193,0.8681320293793178,7.7054043885423,23.455461368392324,14.833622486406853,1.3413418908731654,0.039999998627452675,0.392449831164012,0.633916346014503,0.11989216120338565
H0,map-random-01,7001,H0_map-random-01_seed101,2017,1.0,center,,success,1,0,0,110,2.4906135490871275,387.0931273004342,0.8664845045534659,7.861265126519535,19.979984568024847,14.511705710766886,1.3281077596274289,0.039999998597936195,0.39307571024086846,0.6343510095411065,0.12195789044290774
H0,map-random-01,7001,H0_map-random-01_seed101,2018,1.0,center,,success,1,0,0,103,2.189601273919416,372.93890391614093,0.8993703609435953,6.646536006429608,22.895675153791114,14.521022904534098,1.3265510635468567,0.03999999859958019,0.3789912378647992,0.5771980499758304,0.10884811836134807
H0,map-random-01,7001,H0_map-random-01_seed101,2019,1.0,center,,success,1,0,0,110,2.2174984270265408,387.744074684167,0.8650298444874327,8.21871414430383,20.620037930184843,14.58876782589731,1.3295641216364773,0.039999998597936195,0.3930071642374362,0.6332128510344773,0.1273162829670659
H0,map-random-01,7001,H0_map-random-01_seed101,2020,1.0,center,,success,1,0,0,102,2.891714701701145,371.33426049934354,0.9032568020358074,6.791666633679203,19.469857235113558,14.467114975735809,1.323287862188676,0.039999998813750694,0.3770850684073367,0.5750393692915347,0.11453653433080706
H0,map-random-01,7001,H0_map-random-01_seed101,2021,1.0,center,,success,1,0,0,105,2.6916634250672136,377.3001781626392,0.8889743923746211,6.357500030020664,19.389195976605613,14.579104332607734,1.3371684199287779,0.03999999882209869,0.3834963358383135,0.610129699989089,0.11540267404780663
H0,map-random-01,7001,H0_map-random-01_seed101,2022,1.0,center,,success,1,0,0,102,2.892298763588855,372.5317254005747,0.9003533759824339,5.693188689134299,20.1962210719588,14.713547070788891,1.320380771861357,0.03999999863113843,0.37862697044362187,0.5856124072463489,0.11964112015094179
H0,map-random-01,7001,H0_map-random-01_seed101,2023,1.0,center,,success,1,0,0,112,2.1574959546073806,392.67636888259295,0.8541644550177997,8.27180873122861,24.789078162747,14.755630015121499,1.3364817154194628,0.039999998740053604,0.39730847450019585,0.6450615876986246,0.13005623510587538
H0,map-random-01,7001,H0_map-random-01_seed101,2024,1.0,center,,success,1,0,0,104,2.889864707179633,374.8324716856529,0.8948269479338352,7.281653088047129,19.509071103707516,14.586180752889526,1.335865365771147,0.03999999871190924,0.3828641450705677,0.60063932923815,0.11565167394300412
H0,map-random-01,7001,H0_map-random-01_seed101,2025,1.0,center,,success,1,0,0,108,1.8659285223124213,383.3778916204747,0.8748814262795521,7.612326604167796,20.27516202259252,14.627941804732043,1.3340494776213612,0.03999999851954204,0.39099997907191714,0.622438166244171,0.12035468420964988
H0,map-random-01,7001,H0_map-random-01_seed101,2026,1.0,center,,success,1,0,0,105,2.0041465792792805,378.715414410715,0.8856523496590972,6.700233350022481,24.062462275497218,14.889532644226675,1.3276610033852714,0.03999999860922496,0.38555312119765733,0.5975709076793421,0.12365855461604387
H0,map-random-01,7001,H0_map-random-01_seed101,2027,1.0,center,,success,1,0,0,109,2.015696528465207,387.2417616823912,0.8661519232010569,8.218539776689001,20.343368794343824,14.737767524236093,1.3357505339001297,0.03999999876416058,0.392124544953432,0.6257135681551668,0.12261418263213236
H0,map-random-01,7001,H0_map-random-01_seed101,2028,1.0,center,,success,1,0,0,102,2.5891776938750315,370.10232821797155,0.9062634062313405,6.2944886525918635,21.924176687230442,14.205409466073906,1.3182178268245621,0.03999999885027315,0.3771757783679902,0.5765149851932245,0.11125406656953456
H0,map-random-01,7001,H0_map-random-01_seed101,2029,1.0,center,,success,1,0,0,106,2.728516576299527,378.21180851398503,0.8868316352755181,7.5390091540373785,19.399156268189866,14.423766350645334,1.343661900961174,0.039999998613910855,0.38687228624888015,0.617304533368574,0.11443183846947134
H0,map-random-01,7001,H0_map-random-01_seed101,2030,1.0,center,,success,1,0,0,116,2.987091709131033,375.4789729901876,0.8932862310607571,5.116116184383581,20.224276748074796,14.045719949926829,1.3065316368793618,0.03999999746808718,0.39924960367861745,0.5306495445828628,0.13066499781350568
H0,map-random-01,7001,H0_map-random-01_seed101,2031,1.0,center,,success,1,0,0,102,2.580373009055532,370.27592824170966,0.9058385140446358,4.669710949951784,21.640052846797552,14.290561385920183,1.3111655092706866,0.03999999877722824,0.3762476557696483,0.5897372058757088,0.11398664885049545
H0,map-random-01,7001,H0_map-random-01_seed101,2032,1.0,center,,success,1,0,0,103,2.6305078590287665,373.5005207042478,0.8980180161262996,7.004116940533962,19.57854689985118,14.381890473794781,1.3246126580006867,0.03999999859958019,0.37887070902030806,0.591260285415117,0.11510901317064492
H0,map-random-01,7001,H0_map-random-01_seed101,2033,1.0,center,,success,1,0,0,107,2.8116343996813007,382.9824661532474,0.8757847323766429,7.984801668680152,22.78800075051603,14.727410689372178,1.3375895457847096,0.039999998757772354,0.3901695636888578,0.6275758636923873,0.10866164626708615
H0,map-random-01,7001,H0_map-random-01_seed101,2034,1.0,center,,success,1,0,0,108,2.2942438088774892,383.86598218031565,0.8737690032335667,8.134340003863159,24.05036898461408,14.836820050854062,1.3413375627111506,0.03999999876099604,0.39065756890790104,0.6215442799514642,0.11366921799134896
H0,map-random-01,7001,H0_map-random-01_seed101,2035,1.0,center,,success,1,0,0,106,2.4493248553730496,378.04609230013114,0.8872203772408948,6.384713568963655,19.827151644856023,14.518965490925643,1.3304935986140989,0.039999998613910855,0.3853572703109869,0.6078223920084607,0.11734494396841612
H0,map-random-01,7001,H0_map-random-01_seed101,2036,1.0,center,,success,1,0,0,110,1.977037976185453,389.4512204860219,0.8612380164231812,8.022930502695695,19.481234760785355,14.807479414934605,1.3357262627644972,0.039999998564069925,0.39436501152560094,0.6431441894309087,0.1185396199480517
H0,map-random-01,7001,H0_map-random-01_seed101,2037,1.0,center,,success,1,0,0,107,2.410925219434464,383.226151476178,0.8752278395745603,8.150916079157202,19.44231794392098,14.805486255227297,1.3408065332430545,0.039999998653324965,0.39070298604466064,0.6274028652060394,0.10972056908151154
H0,map-random-01,7001,H0_map-random-01_seed101,2038,1.0,center,,success,1,0,0,104,2.350177342447855,374.5606051024412,0.895476438407704,6.621399759112267,19.773867348664577,14.639740873696931,1.3309546078626926,0.03999999871190924,0.38152496034007094,0.598889442937574,0.11626619430538132
H0,map-random-01,7001,H0_map-random-01_seed101,2039,1.0,center,,success,1,0,0,103,2.196465336460245,373.5292805535515,0.89794887331967,6.715914042206399,19.748343083960627,14.538558945172944,1.3262112916094586,0.039999998708083795,0.3808715029320876,0.5804954221815739,0.11744796140163138
H0,map-random-01,7001,H0_map-random-01_seed101,2040,1.0,center,,success,1,0,0,104,2.7499637270691477,376.07051479200504,0.8918811324798362,7.441839057326657,20.122261182795246,14.60245717795797,1.3367435955084288,0.03999999874772934,0.38371425878176824,0.6099350255591651,0.11268123149768365
H0,map-random-01,7001,H0_map-random-01_seed101,2041,1.0,center,,success,1,0,0,104,2.249365548145246,374.10153476490507,0.8965753023059603,6.741207196519378,18.816647201256856,14.276670357333822,1.327283113048627,0.039999998604448944,0.38166453393117017,0.5954457664718995,0.11187246499127909
H0,map-random-01,7001,H0_map-random-01_seed101,2042,1.0,center,,success,1,0,0,104,1.9680241362810282,374.98955836668875,0.894452096442064,7.305082077963938,18.80699504486699,14.269080255993149,1.32372612792712,0.03999999874772934,0.38029455729953454,0.59194975317223,0.11084454247770309
H0,map-random-01,7001,H0_map-random-01_seed101,2043,1.0,center,,success,1,0,0,107,2.1866283490759786,381.96535700113577,0.8781167990163337,7.567914461389,22.133271470440093,14.727168738485052,1.3408348159255268,0.039999998653324965,0.38873152401390204,0.6338029909720122,0.11373935125622099
H0,map-random-01,7001,H0_map-random-01_seed101,2044,1.0,center,,success,1,0,0,103,2.5294718118321953,369.452951207743,0.9078563198061116,5.405269024400628,20.24713221692184,14.023284602161427,1.313030252178896,0.03999999867191593,0.37689459272574916,0.5649488362872485,0.1194285033194356
H0,map-random-01,7001,H0_map-random-01_seed101,2045,1.0,center,,success,1,0,0,111,2.044091656517193,388.6689425928385,0.8629714388482468,7.736797248933469,19.79354595411819,14.51071430076215,1.3449851714812957,0.03999999843470685,0.39531809895927295,0.6432926358302703,0.12195768343363984
H0,map-random-01,7001,H0_map-random-01_seed101,2046,1.0,center,,success,1,0,0,103,2.135099916188816,373.9116066510045,0.8970307170433149,5.476216377882866,20.493370794973345,14.772248098516318,1.3270224332809448,0.039999998563412326,0.38153630957228624,0.5870400419440663,0.12307685584564461
H0,map-random-01,7001,H0_map-random-01_seed101,2047,1.0,center,,success,1,0,0,102,2.1798028742669553,370.362262964379,0.9056273550667548,5.268578975848375,23.86385676289228,14.401690707599093,1.3202979155615264,0.03999999863113843,0.37788525516443056,0.5757454198365118,0.11724282690264726
H0,map-random-01,7001,H0_map-random-01_seed101,2048,1.0,center,,success,1,0,0,104,2.6814721354543383,375.3873309044027,0.893504306117313,6.819616946634072,19.664277278417366,14.642141454983005,1.3369565869753177,0.039999998604448944,0.38276619928047223,0.6011332584222635,0.11651204525968793
H0,map-random-01,7001,H0_map-random-01_seed101,2049,1.0,center,,success,1,0,0,101,2.4517485173621765,371.3262802497362,0.9032762141138723,5.900148909548499,20.083721127618343,14.662893220982854,1.3188404966108869,0.03999999866332158,0.3770987597039128,0.5790267279187199,0.11791638507548856
H0,map-random-01,7001,H0_map-random-01_seed101,2050,1.0,center,,success,1,0,0,109,2.0550981449161814,385.43463800337594,0.8702129065577928,7.455573030189197,19.282536354083522,14.576772635118493,1.338251984994346,0.03999999869580662,0.39145472949849963,0.6334143746171988,0.11414748115301757
H0,map-random-01,7001,H0_map-random-01_seed211,2001,1.0,center,,success,1,0,0,120,2.17598659145648,427.4067452869233,0.784756441781946,16.64225430364568,23.75126874298891,15.051969035248192,1.5609931071599326,0.0399999989507099,0.39024636239993266,0.5922413264711698,0.103720091204449
H0,map-random-01,7001,H0_map-random-01_seed211,2002,1.0,center,,success,1,0,0,127,2.1323268791946157,442.6698551459773,0.7576982998184092,15.471298795162118,28.43064778137974,14.601241024890435,1.544269956003024,0.03999999869526841,0.4029053419467338,0.6219897129404264,0.10655209755856353
H0,map-random-01,7001,H0_map-random-01_seed211,2003,1.0,center,,success,1,0,0,124,2.0166960255389133,438.68779721217265,0.7645760806579863,16.631086942873882,26.314400302298747,14.997826157771563,1.5551291656109594,0.03999999886558902,0.39760631809984454,0.5979001133312141,0.1087338158312534
H0,map-random-01,7001,H0_map-random-01_seed211,2004,1.0,center,,success,1,0,0,120,2.8890754676352506,426.4388301873479,0.7865376529562571,16.63856659758254,26.900190042789554,15.179647888656751,1.5648013055324554,0.03999999882653356,0.39180753395810003,0.6022708639502525,0.10040144895776194
H0,map-random-01,7001,H0_map-random-01_seed211,2005,1.0,center,,success,1,0,0,123,2.41544629243888,434.85973871082996,0.7713066231868553,14.820947783305394,26.353318901494323,15.128241483407972,1.5571694257782727,0.03999999892420885,0.3971794561350349,0.6196939710800241,0.09925381855730235
H0,map-random-01,7001,H0_map-random-01_seed211,2006,1.0,center,,success,1,0,0,126,1.6699523479169152,443.26356348523984,0.7566834367971624,15.179999180224566,27.39238076916813,14.834002766937969,1.5493493113252852,0.039999998898969755,0.4023626765147576,0.6182618577565465,0.10805350622833372
H0,map-random-01,7001,H0_map-random-01_seed211,2007,1.0,center,,success,1,0,0,125,1.3098193794825284,439.21532588501157,0.7636577707053426,15.53673300943552,22.88769444181628,14.674167889489327,1.546374997138977,0.03999999874830246,0.3996355160714897,0.6181992574930191,0.1054220392107688
H0,map-random-01,7001,H0_map-random-01_seed211,2008,1.0,center,,success,1,0,0,127,1.9824421399912828,443.8265384180041,0.7557236163040637,15.302304431512843,25.78632896128718,14.456953890610883,1.5387281935046038,0.03999999887126637,0.402750327004117,0.624014877076224,0.10456991217169076
H0,map-random-01,7001,H0_map-random-01_seed211,2009,1.0,center,,success,1,0,0,125,2.709639080609767,439.81984056561856,0.7626081538150329,16.17655745566967,23.22368347162978,14.865078971243674,1.5598570671081542,0.03999999895691872,0.39921095861236067,0.6005993664860726,0.10367177412148078
H0,map-random-01,7001,H0_map-random-01_seed211,2010,1.0,center,,success,1,0,0,125,2.3511627806270416,440.0627883178623,0.7621871367653515,16.211062636147492,24.869822379254952,14.927597039777885,1.5554189767837525,0.03999999874830246,0.39967006217386425,0.5974897743463516,0.10368298083154634
H0,map-random-01,7001,H0_map-random-01_seed211,2011,1.0,center,,success,1,0,0,123,2.343157920501306,433.87085026686486,0.773064603023376,15.674913732414012,22.970449668636142,14.767338729796519,1.5517926012597434,0.039999998803061196,0.3972291998455999,0.6147441240103264,0.10256896181263425
H0,map-random-01,7001,H0_map-random-01_seed211,2012,1.0,center,,success,1,0,0,124,1.8927363750532493,437.9657576936698,0.7658365767936757,15.563430196279562,28.69107679195279,15.082892448134006,1.5542056704721143,0.03999999874541836,0.39913906286379924,0.5920017487820117,0.1096480671241354
H0,map-random-01,7001,H0_map-random-01_seed211,2013,1.0,center,,success,1,0,0,124,2.208881478261636,436.10270981241206,0.7691082606875888,16.309313922922783,25.15115115102708,14.828409598996656,1.5614138803174418,0.03999999889563168,0.3974825786740531,0.5852360241115093,0.10241950345516657
H0,map-random-01,7001,H0_map-random-01_seed211,2014,1.0,center,,success,1,0,0,128,1.873244499811735,445.82187864564946,0.7523412660767171,14.791025795921477,25.532958839028627,14.630080503993868,1.548633730970323,0.039999998902203515,0.40610574720209014,0.6081563225015998,0.10793788250427656
H0,map-random-01,7001,H0_map-random-01_seed211,2015,1.0,center,,success,1,0,0,122,1.7732310969691392,429.6583891363538,0.7806438908342245,16.997348307833168,24.677684406802026,14.826352394871535,1.5598094912826037,0.039999998770043496,0.39230960746213,0.5907268863110269,0.10253499459779515
H0,map-random-01,7001,H0_map-random-01_seed211,2016,1.0,center,,success,1,0,0,128,1.2159292693291692,447.7814854388625,0.7490488274570778,15.134168253380889,25.3525395826994,14.548728046951087,1.5421266052871943,0.03999999875668436,0.405087081456677,0.6154665699286852,0.10941232142854555
H0,map-random-01,7001,H0_map-random-01_seed211,2017,1.0,center,,success,1,0,0,129,2.585028814604531,446.53231394236707,0.7511442871036185,15.197928841597681,26.59633672506894,14.54387849384978,1.5418873470883037,0.039999998874904574,0.4055300963449847,0.6186597495693569,0.10338469818576053
H0,map-random-01,7001,H0_map-random-01_seed211,2018,1.0,center,,success,1,0,0,122,1.6281070103822148,430.3586109814069,0.7793737317352283,16.751405728080197,24.32924279962769,14.925948772483501,1.5601356654870706,0.03999999889218416,0.3932295827145912,0.5965086983241996,0.10410939995538793
H0,map-random-01,7001,H0_map-random-01_seed211,2019,1.0,center,,success,1,0,0,129,1.556881476203059,446.92402792172334,0.7504859342306698,15.852344316483022,27.76680473704909,14.585372918291657,1.5470926299575687,0.039999998846026355,0.4050250281649716,0.5996905723803265,0.10757239093005215
H0,map-random-01,7001,H0_map-random-01_seed211,2020,1.0,center,,success,1,0,0,121,1.5724306910153711,430.77713696040354,0.7786165231322361,16.574026788938674,25.42583665187662,15.103132717808448,1.5569483662439771,0.03999999882884262,0.39166964269570864,0.5945277250995321,0.10464506469956626
H0,map-random-01,7001,H0_map-random-01_seed211,2021,1.0,center,,success,1,0,0,125,1.623891128602531,437.56340882715807,0.7665407798243451,15.848840783553792,27.204311633109032,14.721925937664718,1.5477416372299195,0.03999999889731407,0.39867807127931804,0.6136315588951111,0.10412285683302867
H0,map-random-01,7001,H0_map-random-01_seed211,2022,1.0,center,,success,1,0,0,123,2.751716890811342,432.98067117573294,0.774653971767798,16.709932087797828,27.170260523345608,14.9846030469192,1.5585226876948908,0.039999998772774284,0.3955914649076955,0.5845048429096132,0.10186928224191918
H0,map-random-01,7001,H0_map-random-01_seed211,2023,1.0,center,,success,1,0,0,131,1.2319506434214282,456.0557518141441,0.7354587575986934,15.380600351982448,26.29910144375246,14.501879584142571,1.5433572371497408,0.03999999893530635,0.4089736613416327,0.6086741328125692,0.10967809674209426
H0,map-random-01,7001,H0_map-random-01_seed211,2024,1.0,center,,success,1,0,0,123,1.7270667688258805,433.0216414060066,0.7745806780832083,16.110431669663722,28.562704130599155,14.871039303688104,1.5438435261811667,0.039999998803061196,0.39715512622127014,0.6186267235657064,0.1078913276581792
H0,map-random-01,7001,H0_map-random-01_seed211,2025,1.0,center,,success,1,0,0,127,2.2357156798916185,444.5739274006093,0.7544531425540111,15.43242720160212,26.135829379940375,14.801712051497205,1.5544993248511487,0.03999999892993236,0.40373393504114885,0.6117925677360512,0.10442450883228693
H0,map-random-01,7001,H0_map-random-01_seed211,2026,1.0,center,,success,1,0,0,125,1.6362265900497583,440.437087073527,0.7615394036265043,15.78166753627511,27.78167600630062,14.937892149007421,1.5489999523162843,0.03999999874830246,0.40005803577216165,0.586871786236763,0.11022495392312102
H0,map-random-01,7001,H0_map-random-01_seed211,2027,1.0,center,,success,1,0,0,128,1.549794703970789,449.2040586470763,0.7466766832765604,14.785263140927059,27.326184455805645,14.816638943265245,1.5492271189577878,0.03999999875668436,0.40445621605532417,0.6061757672578096,0.10978902720754344
H0,map-random-01,7001,H0_map-random-01_seed211,2028,1.0,center,,success,1,0,0,121,2.9599654882504947,427.13544499113436,0.7852548894225584,17.17198029305444,24.63981905216916,14.888515387274083,1.5659336649681912,0.039999998951992716,0.39148051751857427,0.5868151195285735,0.10411511255665622
H0,map-random-01,7001,H0_map-random-01_seed211,2029,1.0,center,,success,1,0,0,126,2.0136157453797723,440.8274468658915,0.7608650482396278,15.183597107371682,25.609822422919333,14.65450545349364,1.5515124116625105,0.039999998839838166,0.4009712782652915,0.6211727775988125,0.10230601244148266
H0,map-random-01,7001,H0_map-random-01_seed211,2030,1.0,center,,success,1,0,0,118,2.4492704052356804,424.6501965766693,0.7898505624838706,16.033276275760635,26.2974048388365,15.386033949855332,1.5652200973640054,0.03999999901121956,0.3887091018813504,0.5859493393514116,0.10156295005114428
H0,map-random-01,7001,H0_map-random-01_seed211,2031,1.0,center,,success,1,0,0,122,1.7451722950472812,429.97118821833175,0.7800759814042543,17.323574724841844,26.403038107380407,14.863200699682865,1.5576531105354183,0.03999999880057867,0.3921819746680152,0.5871161099095814,0.10338824655950025
H0,map-random-01,7001,H0_map-random-01_seed211,2032,1.0,center,,success,1,0,0,122,2.3638421130760165,433.06577091537844,0.7745017481201673,16.66343788935551,25.342368247899874,15.104435697219884,1.563043517167451,0.039999998861649,0.3930369763607855,0.6049001543614708,0.10055704390160915
H0,map-random-01,7001,H0_map-random-01_seed211,2033,1.0,center,,success,1,0,0,127,1.7181330883169894,445.3786579130999,0.7530899621382667,15.183549976622983,25.04466204253128,14.687060758646933,1.5519188792686762,0.039999998753934396,0.4041631143255215,0.6012211913374934,0.11226950850245082
H0,map-random-01,7001,H0_map-random-01_seed211,2034,1.0,center,,success,1,0,0,128,1.6571426415386143,447.2620080421648,0.7499188184866985,15.321137263321706,24.940453917190435,14.5158837390963,1.5417111809365451,0.039999998843995854,0.40439315833392075,0.6070778536377475,0.11326176572590316
H0,map-random-01,7001,H0_map-random-01_seed211,2035,1.0,center,,success,1,0,0,126,2.0408470590454333,441.06001208574827,0.7604638539749553,16.577935258990852,26.600389501146086,14.583122034390545,1.5484038752222817,0.03999999878070657,0.399687278655078,0.6015038510991467,0.10625877970676675
H0,map-random-01,7001,H0_map-random-01_seed211,2036,1.0,center,,success,1,0,0,127,1.4973009644231672,445.8372983277431,0.7523152456805046,14.872885043888354,28.522273356946908,14.928457325438929,1.5508369488978948,0.03999999878326739,0.40467120147745045,0.6089789420952947,0.11031870347656939
H0,map-random-01,7001,H0_map-random-01_seed211,2037,1.0,center,,success,1,0,0,125,1.924134456441405,441.8551936902885,0.7590952905264909,14.850032664787076,27.828755235417056,14.96579435160914,1.5487349004745483,0.039999998837709425,0.4025885776479113,0.6179359968900681,0.10913945830862036
H0,map-random-01,7001,H0_map-random-01_seed211,2038,1.0,center,,success,1,0,0,122,2.0319748938083526,431.32890177806513,0.777620500834302,16.16033682696159,29.189789652504274,15.041935932961714,1.5473221726104862,0.03999999873950833,0.3948083379586636,0.6156584693760169,0.10459005522693723
H0,map-random-01,7001,H0_map-random-01_seed211,2039,1.0,center,,success,1,0,0,121,2.6853059754761692,431.6435442810983,0.7770536616818715,15.92448595119647,28.057704529433657,15.163020819492116,1.5597367769430492,0.03999999882884262,0.3940781475774181,0.6162044915778577,0.10131032511981562
H0,map-random-01,7001,H0_map-random-01_seed211,2040,1.0,center,,success,1,0,0,123,2.4914586811038104,433.9473696732753,0.7729282859290131,15.679252666277929,24.257404604708057,14.828448048952962,1.546987721590492,0.03999999895449576,0.3977372677280343,0.6160622753990375,0.10556541312289969
H0,map-random-01,7001,H0_map-random-01_seed211,2041,1.0,center,,success,1,0,0,121,1.6551774956224727,430.02879162322733,0.7799714883249966,15.951746372843637,27.096616707878077,15.161950330804721,1.55940362047558,0.03999999882884262,0.39300121203327776,0.6083255211922748,0.10413321082810628
H0,map-random-01,7001,H0_map-random-01_seed211,2042,1.0,center,,success,1,0,0,123,1.4390299360369645,433.17929678350214,0.7742987698523425,16.385238186454085,25.242834083199597,14.9046365445106,1.551813239973735,0.039999998772774284,0.39444811829511983,0.6028464770898586,0.10077698200650909
H0,map-random-01,7001,H0_map-random-01_seed211,2043,1.0,center,,success,1,0,0,124,1.827510258320512,437.94434582477066,0.7658740198901257,15.066635346607631,27.14521773832688,14.857607729675445,1.5488174096230538,0.03999999880550369,0.3996440710044258,0.6229906638543452,0.10570320444998396
H0,map-random-01,7001,H0_map-random-01_seed211,2044,1.0,center,,success,1,0,0,119,2.8526346233069466,420.91894241891873,0.7968522269334036,16.785771087467054,24.593959320105274,15.020256911978326,1.5691649412908475,0.03999999876157576,0.38703138613789645,0.5829567833482718,0.10334422340460901
H0,map-random-01,7001,H0_map-random-01_seed211,2045,1.0,center,,success,1,0,0,129,2.932735502716307,447.08608903329605,0.750213895829779,15.250967222679003,26.858254673571842,14.539373231695283,1.5569914773453113,0.03999999896153923,0.4064220979775314,0.6198637006703274,0.10216451347133738
H0,map-random-01,7001,H0_map-random-01_seed211,2046,1.0,center,,success,1,0,0,123,2.5995561122463675,436.32967892744324,0.7687081874637811,16.516868144826603,26.997451475601615,15.107406396350877,1.5540017800602486,0.03999999874248737,0.3967251311093574,0.598581881179073,0.10353298872284913
H0,map-random-01,7001,H0_map-random-01_seed211,2047,1.0,center,,success,1,0,0,121,1.8284523850719105,427.8739209765255,0.7838996026200207,16.856197054542115,25.58790005042252,14.851673250261076,1.5490988621041795,0.03999999870569253,0.39245210991627,0.5957963108585393,0.10496414759196085
H0,map-random-01,7001,H0_map-random-01_seed211,2048,1.0,center,,success,1,0,0,125,1.1672183948910717,437.88302680448874,0.7659812691820239,15.925639217554615,26.587545466172553,14.742757625492635,1.5452408113479614,0.03999999886751175,0.3994004210264722,0.6189046257734299,0.10430306546693809
H0,map-random-01,7001,H0_map-random-01_seed211,2049,1.0,center,,success,1,0,0,121,2.5694312948901636,431.81673556348784,0.7767420041913934,16.621979243492298,26.557027801909882,15.212279258311751,1.562240822256104,0.03999999873648005,0.3934717227178168,0.5867583542015434,0.10284066340783551
H0,map-random-01,7001,H0_map-random-01_seed211,2050,1.0,center,,success,1,0,0,126,1.783559457628374,440.97834755731384,0.7606046838419324,14.92597897467051,28.8767054908908,14.868792411716392,1.5512250803765797,0.039999998898969755,0.40189166976536916,0.6140744235543978,0.10555307963612072
H0,map-random-01,7001,H0_map-random-01_seed307,2001,1.0,center,,success,1,0,0,98,2.723207439567237,363.6418131796968,0.922364217943283,1.2826199692316034,30.302579003848077,15.011517364648588,1.2223257458939845,0.039999998725798666,0.37038642553980883,0.5750264400730327,0.1475582551804888
H0,map-random-01,7001,H0_map-random-01_seed307,2002,1.0,center,,success,1,0,0,98,2.7404211257226145,366.13879039907863,0.9160739190168378,3.8246724185137584,24.74833215121473,15.593815585018472,1.2799502258398094,0.0399999986877855,0.37413401688576287,0.5722283600848548,0.14690099615093427
H0,map-random-01,7001,H0_map-random-01_seed307,2003,1.0,center,,success,1,0,0,97,1.8857642133798302,365.8585912969543,0.9167755100022459,3.3117340846376266,25.5347029136203,15.735878577372157,1.2681189099537957,0.03999999864506967,0.3704417989473445,0.5606442230259135,0.15180774559697738
H0,map-random-01,7001,H0_map-random-01_seed307,2004,1.0,center,,success,1,0,0,98,2.5946240266039915,364.5743073665518,0.9200050301069048,2.9889833629722,26.620930811680935,14.486058234802769,1.2214664044428845,0.039999998801825,0.37134856201425287,0.594924947208896,0.15530167998929575
H0,map-random-01,7001,H0_map-random-01_seed307,2005,1.0,center,,success,1,0,0,98,1.9687643813557723,366.2941315620727,0.9156854225171484,4.128862845402266,24.937923341700394,14.993551919998225,1.25437230905708,0.0399999986877855,0.37291929699542153,0.5898408514200425,0.1538939141708742
H0,map-random-01,7001,H0_map-random-01_seed307,2006,1.0,center,,success,1,0,0,99,2.678392358080845,368.48805671635785,0.9102335625579016,4.756632406402116,25.4019275626723,15.611069702062407,1.2717269803538467,0.03999999865437999,0.37605310951565,0.5687979726177274,0.15100984590284913
H0,map-random-01,7001,H0_map-random-01_seed307,2007,1.0,center,,success,1,0,0,98,2.1913378821571996,366.08731727768196,0.9162027221242289,3.848569518724714,28.72348040016749,15.369320347769225,1.2683333462598372,0.039999998725798666,0.3729169984253272,0.5764083413749325,0.1575944712930989
H0,map-random-01,7001,H0_map-random-01_seed307,2008,1.0,center,,success,1,0,0,99,2.937696186741381,367.5494895510586,0.912557917124721,3.064678962119102,26.0210914092449,15.717672444849603,1.285586169271758,0.03999999861675079,0.37551845256282457,0.5683261630210009,0.1514181736998913
H0,map-random-01,7001,H0_map-random-01_seed307,2009,1.0,center,,success,1,0,0,97,2.809663706358598,366.1445720229964,0.9160594537064513,3.8733379280679574,26.369330624913843,15.355715513685062,1.261972335196033,0.03999999872187978,0.37099845190998515,0.5796892420225537,0.1448204144529957
H0,map-random-01,7001,H0_map-random-01_seed307,2010,1.0,center,,success,1,0,0,96,2.7631159827581926,365.26348839470194,0.9182691598852767,3.360288154015405,30.921842548280694,15.57647666480683,1.265949733555317,0.03999999883429458,0.3695835883076963,0.5818865161078671,0.15930796616403778
H0,map-random-01,7001,H0_map-random-01_seed307,2011,1.0,center,,success,1,0,0,97,2.1141921232822214,364.6659802879468,0.9197737512013667,3.179823475927726,28.091089451867465,15.396310887111943,1.2681151265950548,0.03999999864506967,0.37125948092122074,0.5826775213492286,0.15399215897729204
H0,map-random-01,7001,H0_map-random-01_seed307,2012,1.0,center,,success,1,0,0,96,2.0534631741135296,364.6224187164536,0.919883636902201,2.61973410294403,27.356883947829658,15.461444115474595,1.2620799640814464,0.03999999879548947,0.3700880407728298,0.5691149323247373,0.16169351026894804
H0,map-random-01,7001,H0_map-random-01_seed307,2013,1.0,center,,success,1,0,0,96,1.8313280724741399,363.51684115870535,0.9226813138996606,2.8292958346270187,27.143045985798086,14.817189134824725,1.2439309408267338,0.03999999883429458,0.3692718044205609,0.5784133096846441,0.15784362575030378
H0,map-random-01,7001,H0_map-random-01_seed307,2014,1.0,center,,success,1,0,0,109,2.904250188958413,374.5120655528047,0.8955924988154407,4.142862529818495,24.0055204956535,15.313739636338438,1.2779127906221863,0.0399999977730283,0.39365871733811486,0.5830372260123012,0.13763098985138636
H0,map-random-01,7001,H0_map-random-01_seed307,2015,1.0,center,,success,1,0,0,97,2.5189405741605237,363.6794024041397,0.9222688840987563,1.7244657228094864,27.247832437495116,15.127402230876328,1.2517754349511923,0.039999998837094944,0.36766550511132295,0.582019155480198,0.15944474161748035
H0,map-random-01,7001,H0_map-random-01_seed307,2016,1.0,center,,success,1,0,0,104,2.9252115462661026,372.1725290394776,0.9012223376362912,3.6417814580597945,28.587740710680677,15.84294996881809,1.2837854612332125,0.039999998246247954,0.38465538700289437,0.5664493006725724,0.14715298946443006
H0,map-random-01,7001,H0_map-random-01_seed307,2017,1.0,center,,success,1,0,0,109,2.71687633637803,376.40291026673344,0.8910935263154157,3.9497247298443776,23.283613905631817,14.956725091414249,1.2588280822158953,0.03999999801226712,0.39141801984031327,0.6131591928114585,0.13975474126975215
H0,map-random-01,7001,H0_map-random-01_seed307,2018,1.0,center,,success,1,0,0,96,2.5922382223429166,362.30671560746123,0.9257631232769264,1.780074639617851,31.657231408227265,15.585010874735632,1.2602952402085066,0.039999998679074146,0.36678435431119666,0.5773014101044586,0.16236871720732515
H0,map-random-01,7001,H0_map-random-01_seed307,2019,1.0,center,,success,1,0,0,113,2.848257389779637,377.89648159866465,0.8875716312733029,3.56557683127176,23.706958381551782,15.0896379014659,1.2697168862925166,0.039999997721309154,0.3970938135691362,0.6015709875959211,0.1468088638205308
H0,map-random-01,7001,H0_map-random-01_seed307,2020,1.0,center,,success,1,0,0,96,2.5817391859285133,361.99685051428145,0.9265555657416857,1.9732552210025462,25.938777765546106,14.791523783374343,1.2322852897147338,0.03999999875668436,0.36639547809828893,0.598197633245339,0.15483501838227565
H0,map-random-01,7001,H0_map-random-01_seed307,2021,1.0,center,,success,1,0,0,98,1.7294752013185062,365.89699010823597,0.9166792996185916,3.399759558231352,24.63407932755396,15.315102804235911,1.2718967625073023,0.039999998725798666,0.37187997749411184,0.5779848873463213,0.1447125586956582
H0,map-random-01,7001,H0_map-random-01_seed307,2022,1.0,center,,success,1,0,0,95,1.8321147463572358,362.5639621210046,0.9251062754908509,1.2884093811683526,24.983698538719466,15.945928870069078,1.2703292746292918,0.039999998831435256,0.365972821955743,0.5529747196718267,0.148353711389776
H0,map-random-01,7001,H0_map-random-01_seed307,2023,1.0,center,,success,1,0,0,112,2.808572049100556,380.8976906790487,0.880578183677126,3.794737905206716,28.62751568108999,15.240696114011353,1.2698866607887405,0.03999999807482319,0.3971275530665505,0.6217808007495478,0.15388666229557055
H0,map-random-01,7001,H0_map-random-01_seed307,2024,1.0,center,,success,1,0,0,98,2.375338095362146,365.2522865309826,0.9182973221346754,4.108060553535849,26.362617790117508,15.238342006024975,1.2604847045577303,0.039999998725798666,0.3729142322542297,0.5864733746465371,0.16077478240153104
H0,map-random-01,7001,H0_map-random-01_seed307,2025,1.0,center,,success,1,0,0,108,2.833344672177746,372.5874625159623,0.9002186878754648,3.2287453687168055,25.64770932006963,15.311815154639582,1.267774557625806,0.0399999976227129,0.3909149161617165,0.5757269636486415,0.15415504462576238
H0,map-random-01,7001,H0_map-random-01_seed307,2026,1.0,center,,success,1,0,0,96,2.063412320890059,366.1487517340068,0.9160489965800328,2.3321037327473784,29.356175545227483,16.631381546586166,1.292259108275175,0.03999999864026904,0.37005473064159755,0.5424963456898695,0.15210114420719537
H0,map-random-01,7001,H0_map-random-01_seed307,2027,1.0,center,,success,1,0,0,112,2.7911038893718634,378.28500746693794,0.8866600314692178,4.638500977828938,23.92419887196719,14.777727464116131,1.256050935813359,0.039999997708946466,0.3961087682169681,0.6112447844352573,0.14669569997463308
H0,map-random-01,7001,H0_map-random-01_seed307,2028,1.0,center,,success,1,0,0,96,2.8404207907194245,360.9457730799544,0.929253704130982,0.9981737131499873,27.180221538143634,14.625483650929676,1.2339106214543183,0.03999999891190479,0.3667362339469043,0.5990250683389604,0.14519309262502852
H0,map-random-01,7001,H0_map-random-01_seed307,2029,1.0,center,,success,1,0,0,99,2.112579107978749,365.6629492015696,0.9172660160329111,3.357920038807358,26.889933771653222,15.41240770240495,1.2732718520694308,0.03999999872963838,0.37562425790044834,0.5658198233806726,0.16264347160263817
H0,map-random-01,7001,H0_map-random-01_seed307,2030,1.0,center,,success,1,0,0,140,2.955783035011931,384.622616277624,0.872050114658017,1.5707725867529092,21.742168978107014,13.209453867700073,1.1550084139619554,0.039999996445008686,0.42545497477098265,0.5313289255236409,0.14293084540529613
H0,map-random-01,7001,H0_map-random-01_seed307,2031,1.0,center,,success,1,0,0,96,2.5148924657648006,361.31283585220314,0.9283096622733041,0.7123673302380513,30.711736190129237,14.562978829352087,1.227631858860453,0.039999998873099685,0.3658109752877438,0.5931760079693049,0.16328287090842095
H0,map-random-01,7001,H0_map-random-01_seed307,2032,1.0,center,,success,1,0,0,97,1.8986775535633895,363.7300931737076,0.9221403532997906,2.361569129256776,26.683273993440828,14.91497310963643,1.2389521107231218,0.039999998837094944,0.368396820739121,0.5852747401318599,0.16111567753558548
H0,map-random-01,7001,H0_map-random-01_seed307,2033,1.0,center,,success,1,0,0,98,2.980597641890564,368.8023897188741,0.9094577637651443,3.7662088373566904,30.097961253004616,15.634047472768582,1.272981923453662,0.039999998535732835,0.37566815277753723,0.5798134369661614,0.15295962375916874
H0,map-random-01,7001,H0_map-random-01_seed307,2034,1.0,center,,success,1,0,0,106,2.995073771229358,373.0450093800493,0.8991145523763344,3.3335977292882544,28.76883477854829,15.386035456247573,1.2711335769239462,0.03999999794617014,0.38765552921144525,0.5748490654634979,0.14237247631673774
H0,map-random-01,7001,H0_map-random-01_seed307,2035,1.0,center,,success,1,0,0,97,2.35647150349797,365.59169442137886,0.9174447935854271,3.1474250728092805,25.936688669749618,15.009413917140959,1.254772585691865,0.0399999988755,0.37017290396489044,0.5896742499059009,0.15093143401420345
H0,map-random-01,7001,H0_map-random-01_seed307,2036,1.0,center,,success,1,0,0,110,2.664868826628574,377.0436579775214,0.8895792026422706,3.7454088249135022,23.481344925619446,15.378031553434765,1.275611156767065,0.03999999785287814,0.3940742621699587,0.6020176414659628,0.1438364870647885
H0,map-random-01,7001,H0_map-random-01_seed307,2037,1.0,center,,success,1,0,0,97,2.881635656544806,365.8366321911882,0.9168305388556095,3.4404335606235117,27.583868356297817,15.363542937359194,1.2632808488668854,0.03999999868347473,0.37423982131747796,0.5779346255393526,0.15742902177752952
H0,map-random-01,7001,H0_map-random-01_seed307,2038,1.0,center,,success,1,0,0,97,2.611611173449018,363.6502013168561,0.9223429422295809,3.202579275008027,26.38018915440172,15.196825902226104,1.2581745588902347,0.03999999868347473,0.3696514699462823,0.5917352869645837,0.15797524687346032
H0,map-random-01,7001,H0_map-random-01_seed307,2039,1.0,center,,success,1,0,0,97,2.201776536102062,363.7568063532183,0.9220726341523781,2.409703059209037,26.017975061158875,15.05106551215932,1.2448500947853953,0.039999998798689894,0.37076801833499134,0.5880132309862018,0.15726696837678097
H0,map-random-01,7001,H0_map-random-01_seed307,2040,1.0,center,,success,1,0,0,96,2.4147268028961175,362.80734499844306,0.9244856843413902,2.879008833995423,27.751710697263245,15.422436804207875,1.272038617481788,0.039999998679074146,0.37002357459506613,0.5764842169980208,0.1578897817456951
H0,map-random-01,7001,H0_map-random-01_seed307,2041,1.0,center,,success,1,0,0,98,1.996803349592141,363.4984126720058,0.9227280916013736,2.862838846651087,27.148756484020936,14.609389613087364,1.2345988288217662,0.039999998725798666,0.3717824774689648,0.5882750518467962,0.16133890874456483
H0,map-random-01,7001,H0_map-random-01_seed307,2042,1.0,center,,success,1,0,0,97,2.9351140352523455,363.60534060358896,0.9224567385841577,3.3244334474338872,25.469764821100423,14.786876403952357,1.239747668049999,0.03999999895231011,0.36840564751366767,0.6018204285004705,0.15483847099149162
H0,map-random-01,7001,H0_map-random-01_seed307,2043,1.0,center,,success,1,0,0,97,2.7533049377715026,364.1293851199019,0.9211291654325655,2.6196385176175894,29.599151755649338,15.269839185207521,1.2672838943520772,0.039999998837094944,0.3722281634509699,0.5799462254514399,0.15540779546291827
H0,map-random-01,7001,H0_map-random-01_seed307,2044,1.0,center,,success,1,0,0,124,2.9763466073248646,380.7028369043247,0.8810288868671109,0.5330981013479132,24.770883536907142,13.87502660773993,1.2204983676633527,0.03999999775401046,0.40674308553470434,0.5818232288283687,0.15582568843676795
H0,map-random-01,7001,H0_map-random-01_seed307,2045,1.0,center,,success,1,0,0,107,2.7888433723198034,374.67324011965957,0.8952072384935961,4.080474807129503,24.653079732720492,15.02280946972623,1.2675127437181561,0.0399999982355354,0.38938053016296326,0.601826607798026,0.14814274400605698
H0,map-random-01,7001,H0_map-random-01_seed307,2046,1.0,center,,success,1,0,0,95,2.5416923187177716,362.5430802458967,0.9251595600651784,2.6461734793350713,27.84895613448824,15.758905560462697,1.2644145338158859,0.039999998713794505,0.3676036332400897,0.5621181637048721,0.1682681166756757
H0,map-random-01,7001,H0_map-random-01_seed307,2047,1.0,center,,success,1,0,0,96,2.222074643389474,361.56571409902415,0.927660404584456,1.216987317382717,29.790478580134327,15.138279053188075,1.242400070031484,0.03999999871787926,0.3675866642388672,0.5785489031889787,0.15317238182534185
H0,map-random-01,7001,H0_map-random-01_seed307,2048,1.0,center,,success,1,0,0,97,2.012451635317951,363.8514385334676,0.9218328171983218,2.362298928656887,25.6187919389666,15.648413046889138,1.2763754891366075,0.03999999864506967,0.37076574133019524,0.5579359197662663,0.15175482364931678
H0,map-random-01,7001,H0_map-random-01_seed307,2049,1.0,center,,success,1,0,0,94,2.8562459520068972,361.04066096310225,0.9290094797916594,1.6799513694492658,26.769352048583507,15.235061655691164,1.2483431658846267,0.03999999886814584,0.36437303811858546,0.5875383524343054,0.1572538006779456
H0,map-random-01,7001,H0_map-random-01_seed307,2050,1.0,center,,success,1,0,0,99,2.6444403974565494,368.7491751385066,0.9095890085692651,3.825880218345768,25.87433318782257,15.480872904548178,1.2766051027509902,0.03999999861675079,0.37542655836041045,0.583409111909192,0.15502449515325875
H0,map-random-01,7001,H0_map-random-01_seed401,2001,1.0,center,,success,1,0,0,160,2.8857455074447027,408.01801753535926,0.8220475131245926,10.049322924883269,24.963640948408433,12.753566231188756,1.223404155857861,0.03999999626539648,0.435990540577566,0.5206001681974157,0.14781346278878443
H0,map-random-01,7001,H0_map-random-01_seed401,2002,1.0,center,,success,1,0,0,144,2.8937491085366367,412.33738268931796,0.8134363041191648,11.44522265745431,28.396562467479892,13.892996394540715,1.3237110349453158,0.03999999801938733,0.4264121429379377,0.5859760973059261,0.13721692957330495
H0,map-random-01,7001,H0_map-random-01_seed401,2003,1.0,center,,success,1,0,0,148,2.8609581526834376,409.69627175437716,0.8186801290348451,9.913164452630603,29.35381363820557,13.99960110899327,1.3150182755009547,0.03999999731879782,0.4285337597930389,0.5462222619334588,0.14917244623057088
H0,map-random-01,7001,H0_map-random-01_seed401,2004,1.0,center,,success,1,0,0,136,2.738698599236104,401.7885674544652,0.8347927835527092,10.520221403131979,28.578832878518174,14.047707057160338,1.3364392113597954,0.039999997763730144,0.4168936623436268,0.5739695585319115,0.14266252318521974
H0,map-random-01,7001,H0_map-random-01_seed401,2005,1.0,center,,success,1,0,0,139,2.832648567752399,407.3945794713587,0.8233054967501083,10.842210169075193,28.250431652609905,14.041955794881208,1.3351878618164885,0.039999998007103695,0.4210376243968848,0.586418282522036,0.14614135851254212
H0,map-random-01,7001,H0_map-random-01_seed401,2006,1.0,center,,success,1,0,0,142,2.770117542021714,413.8872308665631,0.810390298639352,11.444361058761569,28.87853438271637,14.161674250628165,1.3362684367408215,0.03999999803031834,0.42508763331309063,0.5985224509837076,0.14058259604235968
H0,map-random-01,7001,H0_map-random-01_seed401,2007,1.0,center,,success,1,0,0,142,2.7141557917798314,411.29000487852545,0.8155077746760024,11.709756511274293,25.80424346236398,14.004514066965552,1.3362361226283328,0.03999999789914615,0.423761048585002,0.5777457689630313,0.13909763035341627
H0,map-random-01,7001,H0_map-random-01_seed401,2008,1.0,center,,success,1,0,0,143,2.7203087784497253,413.4233745980413,0.8112995472282558,11.761535976826329,27.93245051417614,13.90472661723111,1.3294836587005563,0.03999999808994206,0.4254115329790861,0.5918301351212122,0.1431863293047143
H0,map-random-01,7001,H0_map-random-01_seed401,2009,1.0,center,,success,1,0,0,207,2.9646942360560242,417.38373657722383,0.8036014996068523,10.265208422419946,25.460176870366755,11.011568052513587,1.0546622105518688,0.03999999484074288,0.4633493115549008,0.30878408438838784,0.1685232549762843
H0,map-random-01,7001,H0_map-random-01_seed401,2010,1.0,center,,success,1,0,0,162,2.9876771995163978,414.61965945238745,0.8089587383964485,10.562700903020817,24.470028486629495,12.92042775930726,1.2165738690736485,0.03999999634645603,0.4395955637355654,0.47189580276608467,0.14396453673402757
H0,map-random-01,7001,H0_map-random-01_seed401,2011,1.0,center,,success,1,0,0,139,2.738160866484217,405.78546096935753,0.8265702665239074,11.219954326369908,26.44287382070924,13.973659779033252,1.3390841724203646,0.039999997926701746,0.4210618507414754,0.5813672530608044,0.14401132577906092
H0,map-random-01,7001,H0_map-random-01_seed401,2012,1.0,center,,success,1,0,0,146,2.9334688378810787,412.4344598036972,0.813244840852073,10.17887542364709,28.66017224603726,14.227836184729062,1.3349639909622604,0.03999999737086361,0.42797952532956496,0.5510016584143757,0.1439864677207029
H0,map-random-01,7001,H0_map-random-01_seed401,2013,1.0,center,,success,1,0,0,154,2.9970780995122865,405.6248478405669,0.8268975591870135,10.477839892418249,27.12791490865743,13.031338195858375,1.2404553015510758,0.03999999666272046,0.43320360724727724,0.45503372234948486,0.1447920769902868
H0,map-random-01,7001,H0_map-random-01_seed401,2014,1.0,center,,success,1,0,0,143,2.888660430498267,413.21229882439786,0.8117139726460736,10.9560028935094,25.417003288183135,14.098588998551431,1.339895091169364,0.03999999795968716,0.42723460634574595,0.5639462295913144,0.14154771727863297
H0,map-random-01,7001,H0_map-random-01_seed401,2015,1.0,center,,success,1,0,0,137,2.974019200846517,403.53838454855327,0.8311729675981104,10.305627978969772,26.47004909459867,13.863710810566202,1.339425245123188,0.03999999763756773,0.41623617194224743,0.5757669499755775,0.13747711984158947
H0,map-random-01,7001,H0_map-random-01_seed401,2016,1.0,center,,success,1,0,0,143,2.8447603004274225,415.0067013197935,0.8082042905772503,11.333877098345798,25.171777796572197,14.045871084024766,1.335108900403643,0.03999999801178912,0.42630358011308367,0.5831622065767854,0.1348079483846259
H0,map-random-01,7001,H0_map-random-01_seed401,2017,1.0,center,,success,1,0,0,146,2.740567839593597,416.36415892277284,0.8055693302054375,10.304756045155804,28.179475236717977,14.13230586075621,1.3334638045666969,0.03999999783014598,0.4282591899569998,0.565346516215893,0.13300355261253266
H0,map-random-01,7001,H0_map-random-01_seed401,2018,1.0,center,,success,1,0,0,143,2.9940449013215913,406.97346322646797,0.8241574130309406,10.150187594417416,26.180048526064414,13.947612265311118,1.3270044358043405,0.039999997386565574,0.4225604866352324,0.560689353012851,0.13883537527255402
H0,map-random-01,7001,H0_map-random-01_seed401,2019,1.0,center,,success,1,0,0,153,2.970389301587393,417.9774516893132,0.8024600257008174,10.739049325513225,27.843486007631682,13.845301683631419,1.3110758162596647,0.03999999723111103,0.4335394829745381,0.5443749816059531,0.13899077593249554
H0,map-random-01,7001,H0_map-random-01_seed401,2020,1.0,center,,success,1,0,0,138,2.96323515829989,402.0789514081715,0.8341898909412842,10.266363426961126,28.86316581991883,14.013956512754936,1.3263421918171039,0.03999999754022861,0.4179087919895338,0.544264057242865,0.143901645987298
H0,map-random-01,7001,H0_map-random-01_seed401,2021,1.0,center,,success,1,0,0,139,2.832356345474403,406.54089779829076,0.8250343285053341,11.324227076409546,28.61014714951381,13.99381788911278,1.3371234250476034,0.039999998087505644,0.42023074691849205,0.5834416736238938,0.143432055793729
H0,map-random-01,7001,H0_map-random-01_seed401,2022,1.0,center,,success,1,0,0,151,2.998817247288434,409.08246324711774,0.8199085190859294,10.118020023362453,28.89012222900297,13.663754608830859,1.281011302739579,0.03999999700891261,0.43033785613802167,0.503418620823827,0.14117933756846168
H0,map-random-01,7001,H0_map-random-01_seed401,2023,1.0,center,,success,1,0,0,168,2.9656797358630667,425.5681851223052,0.7881467843480218,11.101359391834123,23.798994152006614,13.292754178955951,1.2525539721051853,0.039999996666752156,0.4452225131470978,0.5231069545926792,0.14343977203661287
H0,map-random-01,7001,H0_map-random-01_seed401,2024,1.0,center,,success,1,0,0,144,2.756921451026809,410.8781481692582,0.8163252246911868,11.347874209439727,27.98322685443304,13.874711604713971,1.328336614287562,0.03999999783829682,0.4254124923070292,0.5724183949399352,0.14301429259989487
H0,map-random-01,7001,H0_map-random-01_seed401,2025,1.0,center,,success,1,0,0,145,2.979517377168132,413.98351653871066,0.8102018153507932,10.892500878567244,26.764734387701093,14.163594981637713,1.3411047302443406,0.03999999776996415,0.4279643403576176,0.5709767874073366,0.13709148510852762
H0,map-random-01,7001,H0_map-random-01_seed401,2026,1.0,center,,success,1,0,0,164,2.962143373537231,417.26983255010236,0.8038208623306003,9.52930001469009,26.449989321668443,13.194755115606279,1.2406837467740222,0.039999996311962605,0.44130328362106536,0.5119114976430243,0.15200610137114992
H0,map-random-01,7001,H0_map-random-01_seed401,2027,1.0,center,,success,1,0,0,163,2.9669196609776742,418.6988845147323,0.8010773590039664,10.567849169574869,28.39550021238512,13.390215620603467,1.2523106937210984,0.0399999965690762,0.4411698112055718,0.5003781920253225,0.15327841955516394
H0,map-random-01,7001,H0_map-random-01_seed401,2028,1.0,center,,success,1,0,0,160,2.971360312828962,406.9139957747124,0.8242778575025177,10.051572937696319,26.089118366839216,12.699772466426305,1.2278374137356878,0.03999999649822712,0.43594964226711574,0.5078032270888798,0.15058850364862844
H0,map-random-01,7001,H0_map-random-01_seed401,2029,1.0,center,,success,1,0,0,141,2.7937595890657123,408.4858989208069,0.8211059366090735,11.755010411265774,27.34485251593811,13.893151901151594,1.3353387823341587,0.03999999807553088,0.4231868754347178,0.5825625307303159,0.13799035849689906
H0,map-random-01,7001,H0_map-random-01_seed401,2030,1.0,center,,success,1,0,0,145,2.972908975058659,402.1617384081395,0.8340181687910169,10.163085505169596,29.422880552618413,13.680272975085265,1.281136921150931,0.03999999689644781,0.42510851684943646,0.5441693806699638,0.14339531178548456
H0,map-random-01,7001,H0_map-random-01_seed401,2031,1.0,center,,success,1,0,0,150,2.9775282980134947,405.7748849531086,0.8265918100469144,9.974909290232148,27.30630789971125,13.296034924463468,1.2751133108139039,0.039999996895591416,0.4277834484970223,0.5217301738510529,0.14511076613737545
H0,map-random-01,7001,H0_map-random-01_seed401,2032,1.0,center,,success,1,0,0,139,2.9962013979780253,404.88171565023384,0.8284152720660769,10.488246468333815,29.097575697609734,14.107473169612708,1.3345996362271069,0.03999999771229655,0.4188916038406889,0.5536553018840311,0.14512169532395292
H0,map-random-01,7001,H0_map-random-01_seed401,2033,1.0,center,,success,1,0,0,144,2.9247388094360125,414.8606732430487,0.8084887728764455,11.24903106585292,24.80842254717054,14.136212053809135,1.346949397172365,0.039999997760686606,0.4274649007331993,0.5725717017970359,0.1387286734294304
H0,map-random-01,7001,H0_map-random-01_seed401,2034,1.0,center,,success,1,0,0,140,2.8079485020648494,409.55351148157706,0.81896550077573,11.16796722700791,26.05205200293079,14.136744722755203,1.3383422034127372,0.03999999806817089,0.42328238959861003,0.5517290307699503,0.13803664802941182
H0,map-random-01,7001,H0_map-random-01_seed401,2035,1.0,center,,success,1,0,0,164,2.974168911443546,413.6091388722685,0.810935168259303,10.959324444778158,27.26319112987112,12.872674896302279,1.2229702251895171,0.03999999635739297,0.44012977440791257,0.5084341370966285,0.15118273410733238
H0,map-random-01,7001,H0_map-random-01_seed401,2036,1.0,center,,success,1,0,0,144,2.9107294810677575,416.9330133420133,0.8044702287698887,10.864218429301092,28.317739012665754,14.432773699975403,1.35571097706755,0.03999999799351725,0.42770365428956036,0.5734442250751373,0.1454499369841381
H0,map-random-01,7001,H0_map-random-01_seed401,2037,1.0,center,,success,1,0,0,143,2.7876614985656336,413.5374866747759,0.8110756761665717,10.866412749482278,26.734533321611035,14.148827744172582,1.3386021029282282,0.0399999979075852,0.42713323995330926,0.5876331631927849,0.13756347658259047
H0,map-random-01,7001,H0_map-random-01_seed401,2038,1.0,center,,success,1,0,0,141,2.928644356266983,407.8457670984923,0.8223946983958006,11.106544204894576,29.09347113766884,13.95223304605136,1.330023523340834,0.03999999796984889,0.42190695373270404,0.5906269220595665,0.13994120398236817
H0,map-random-01,7001,H0_map-random-01_seed401,2039,1.0,center,,success,1,0,0,141,2.9348527555427593,406.8705244698607,0.8243659258974271,11.541485283620247,27.234915133317493,14.000065955512893,1.3236708474074694,0.0399999977849054,0.4224614078394557,0.5736483387873633,0.13692083167041733
H0,map-random-01,7001,H0_map-random-01_seed401,2040,1.0,center,,success,1,0,0,152,2.9814837588251755,411.7893015241616,0.8145189673056341,10.73368730823576,25.62082647712024,13.716027418228618,1.3124996059035,0.03999999724328518,0.4325236579033048,0.5864485141968256,0.14143467911034285
H0,map-random-01,7001,H0_map-random-01_seed401,2041,1.0,center,,success,1,0,0,147,2.957928516149387,405.52096238725903,0.8271093919545962,10.485092117159853,29.14994805104427,13.680097540139464,1.2934326631884996,0.03999999735732468,0.4268326870470953,0.5562258111081343,0.14426306004776046
H0,map-random-01,7001,H0_map-random-01_seed401,2042,1.0,center,,success,1,0,0,145,2.96166266660013,404.9895347689026,0.8281947256152239,10.939524559696014,29.008794475277426,13.921054366606107,1.3234584543211707,0.03999999738458929,0.424223770565096,0.5452627931882081,0.14947349426961404
H0,map-random-01,7001,H0_map-random-01_seed401,2043,1.0,center,,success,1,0,0,142,2.8748741074124027,411.55248615518326,0.8149876574879833,10.992522861498918,28.069791847238132,14.024676388678115,1.3358833185383971,0.03999999779420839,0.4247000518275573,0.5778712408590905,0.1463627436832348
H0,map-random-01,7001,H0_map-random-01_seed401,2044,1.0,center,,success,1,0,0,142,2.9758762428468155,400.04773410920825,0.8384254378338899,10.118225540502575,27.667581089486458,13.67720156223208,1.3154353388178517,0.03999999726951962,0.4198611084828238,0.5574670522932855,0.14048967699091766
H0,map-random-01,7001,H0_map-random-01_seed401,2045,1.0,center,,success,1,0,0,145,2.9389937447427554,414.4298688188959,0.809329205881976,11.061577628391474,27.549753512489836,13.998146427848663,1.3391117475156127,0.03999999787273078,0.42804959125750763,0.5719479254543267,0.13583573848601355
H0,map-random-01,7001,H0_map-random-01_seed401,2046,1.0,center,,success,1,0,0,143,2.9693923154699355,408.4314662376757,0.82121536745111,10.101485751004214,27.748039955088466,14.26926931873517,1.333159975655429,0.03999999730841263,0.424686212514049,0.5518829332391074,0.14130986973062024
H0,map-random-01,7001,H0_map-random-01_seed401,2047,1.0,center,,success,1,0,0,137,2.888099642494279,403.7380422915978,0.8307619334586264,10.30495596162301,27.87941211006445,13.995607242799538,1.3334555702052848,0.03999999752880013,0.4174831233098347,0.5726431580838224,0.13976778519842226
H0,map-random-01,7001,H0_map-random-01_seed401,2048,1.0,center,,success,1,0,0,140,2.927519866492056,406.94013611467915,0.8242249089198885,10.715829848388998,28.02696473371362,14.000998388612409,1.3299126714468001,0.03999999796173402,0.4217751197451224,0.5880129357799888,0.1410765038581491
H0,map-random-01,7001,H0_map-random-01_seed401,2049,1.0,center,,success,1,0,0,112,2.8263134001645596,390.44302700052765,0.8590502926935745,10.591344797405982,31.058276761142917,15.04077046053664,1.419973451111998,0.03999999854048448,0.38906809605550935,0.5662417075654957,0.12537580887068653
H0,map-random-01,7001,H0_map-random-01_seed401,2050,1.0,center,,success,1,0,0,143,2.834447514700793,413.70514808613416,0.8107469732407958,11.287596636078893,29.53078591648123,14.158529121237097,1.3423959773320417,0.0399999979075852,0.42541156882881553,0.5893045063032867,0.14563702295326308
H0,map-random-01,7001,H0_map-random-01_seed503,2001,1.0,center,,success,1,0,0,100,1.319473584703812,370.81755291714035,0.9045154254062949,6.644657208827019,31.88864376415972,15.460506506237985,1.5682025623321534,0.0399999987706542,0.375833253322674,0.4918866392970085,0.13192112293259023
H0,map-random-01,7001,H0_map-random-01_seed503,2002,1.0,center,,success,1,0,0,104,2.9641448255388134,372.79743897246385,0.8997116438070356,5.719181897762817,31.538129082352114,15.491844732793883,1.5675676304560442,0.039999998783549436,0.3854312875722629,0.4848874323808839,0.12770172374508762
H0,map-random-01,7001,H0_map-random-01_seed503,2003,1.0,center,,success,1,0,0,103,2.059192125716937,372.14040709387876,0.9013001282076728,5.415471693398436,34.664129038045566,15.90414610223346,1.5719226054774904,0.03999999863574806,0.38280175081238826,0.46192312781310196,0.1342727881048231
H0,map-random-01,7001,H0_map-random-01_seed503,2004,1.0,center,,success,1,0,0,100,1.5994252554172035,370.5530625233887,0.9051610431739393,5.8431004713355446,32.30916081318541,14.901375649186429,1.5544086301326752,0.03999999888241291,0.37696798339677623,0.5116710130032152,0.13070425361259616
H0,map-random-01,7001,H0_map-random-01_seed503,2005,1.0,center,,success,1,0,0,101,1.9863673841843752,371.51047629973885,0.9028283669566177,5.672276538498216,32.50877684775078,14.89014557758761,1.5465056317867618,0.039999998737089704,0.380116893638265,0.5191630264467532,0.12006498034848899
H0,map-random-01,7001,H0_map-random-01_seed503,2006,1.0,center,,success,1,0,0,105,2.781428932503978,373.4392204960275,0.8981654261688254,5.597861651824178,34.26138627054905,14.742244078564179,1.5372790052777245,0.03999999868018286,0.3874816458001107,0.49751729084444896,0.12482290733561724
H0,map-random-01,7001,H0_map-random-01_seed503,2007,1.0,center,,success,1,0,0,104,2.86321341119172,373.3236782483151,0.898443404926144,6.54416934456291,27.340859733514726,15.082695567803139,1.5594111451735864,0.03999999881936954,0.38484795617060463,0.49281956896615714,0.12307329546301651
H0,map-random-01,7001,H0_map-random-01_seed503,2008,1.0,center,,success,1,0,0,105,2.7702851933322012,374.1889856454384,0.8963657656743146,6.169167564121796,30.566826993752564,15.218237853564423,1.5649210816337948,0.03999999864470391,0.3865701535008816,0.4886304837718074,0.13287109676172054
H0,map-random-01,7001,H0_map-random-01_seed503,2009,1.0,center,,success,1,0,0,104,2.8274401711276473,372.8958341066498,0.8994742390418868,5.191475625839704,30.69877958102045,15.305431760098562,1.563923323383698,0.03999999867608914,0.3849510203483954,0.4760287396896344,0.1366274186823429
H0,map-random-01,7001,H0_map-random-01_seed503,2010,1.0,center,,success,1,0,0,104,2.462854567599826,373.762215028604,0.8973892574970415,6.706119038117705,29.835734236046108,15.339681936442858,1.5588970058239424,0.03999999881936954,0.38524644769332816,0.47265375573904467,0.13690686332393565
H0,map-random-01,7001,H0_map-random-01_seed503,2011,1.0,center,,success,1,0,0,101,1.8334354881692112,371.2473981960244,0.9034681407999167,5.526716429076143,32.3438667352945,15.642562186043966,1.5730388117308665,0.03999999888462595,0.3793388964499903,0.4970251655132316,0.14085833215190988
H0,map-random-01,7001,H0_map-random-01_seed503,2012,1.0,center,,success,1,0,0,104,2.315115528606663,372.9925879037865,0.8992409165822018,5.8438962121098275,31.472985052490504,15.143158350816728,1.5522405906365468,0.03999999864026904,0.38594016749380694,0.4762228332245006,0.12991268915613877
H0,map-random-01,7001,H0_map-random-01_seed503,2013,1.0,center,,success,1,0,0,101,2.433081522404883,371.5247696545009,0.9027936332128887,6.041154156689042,35.97306816789468,15.12882860402529,1.5564155732050982,0.03999999866332158,0.3802393011493965,0.48617982439060536,0.14840547346977728
H0,map-random-01,7001,H0_map-random-01_seed503,2014,1.0,center,,success,1,0,0,107,2.192865603321981,375.2365237157466,0.8938634046163698,5.561500624896459,28.086284554083292,14.401430393995328,1.5399737280105876,0.03999999854887757,0.3920481383716716,0.49793516622560324,0.12097200168000238
H0,map-random-01,7001,H0_map-random-01_seed503,2015,1.0,center,,success,1,0,0,99,2.751323594267366,370.2075939044888,0.9060057171909395,6.024655451869814,33.262500194733036,16.27412072428524,1.590019920859674,0.03999999888015516,0.3715096196564172,0.4862852461184516,0.138722271017471
H0,map-random-01,7001,H0_map-random-01_seed503,2016,1.0,center,,success,1,0,0,107,2.243577566252266,375.4947725305428,0.893248644620442,5.593294443763092,31.723409001241475,14.75556172977503,1.5472181957458782,0.03999999868814076,0.3909055939499909,0.5035713708907296,0.1266713728309279
H0,map-random-01,7001,H0_map-random-01_seed503,2017,1.0,center,,success,1,0,0,108,2.2879290533279235,376.21844077162046,0.8915304521943298,5.16459056730861,32.54004868647529,14.775420117744519,1.545798110741156,0.03999999865751575,0.39182671748408715,0.5022651135611037,0.1204881071114106
H0,map-random-01,7001,H0_map-random-01_seed503,2018,1.0,center,,success,1,0,0,100,2.510541557525459,371.4280210016766,0.9030287906669661,6.188695654932382,32.79732131770096,16.056981131126264,1.5872558844089508,0.0399999987706542,0.3746398330007433,0.4890372363827191,0.13854787736285679
H0,map-random-01,7001,H0_map-random-01_seed503,2019,1.0,center,,success,1,0,0,107,2.261382231053197,376.44229887145855,0.8910002877745121,5.85178697554772,31.19836505702059,15.05109030613949,1.5572478871479212,0.03999999872295656,0.3903886224229184,0.4866069302650464,0.1275374101365572
H0,map-random-01,7001,H0_map-random-01_seed503,2020,1.0,center,,success,1,0,0,99,2.8708366073942284,369.28836899292685,0.9082609277396244,6.517678503778727,36.166434892605714,15.621033468839483,1.5738361869195494,0.03999999884252596,0.3740631324436101,0.5015364212520195,0.1434581212295392
H0,map-random-01,7001,H0_map-random-01_seed503,2021,1.0,center,,success,1,0,0,102,2.617295000469529,371.84926638283724,0.9020058043617251,4.670202418743075,35.776889139629255,16.112598253319113,1.5837920588605545,0.03999999866766088,0.3796572215578701,0.48746701665953096,0.1368456471400275
H0,map-random-01,7001,H0_map-random-01_seed503,2022,1.0,center,,success,1,0,0,101,2.9832734349837224,371.3565231337308,0.903202652250658,5.623771276409086,35.968451096894,15.982811138654581,1.571877143170574,0.039999998700205645,0.37880137584806367,0.4759832999788889,0.1429403186784623
H0,map-random-01,7001,H0_map-random-01_seed503,2023,1.0,center,,success,1,0,0,109,2.691568047920604,378.88585171509726,0.8852539494591098,5.3271575992367435,28.5440508140529,14.729044628382962,1.558703615031111,0.0399999987299836,0.39429146780653934,0.5023011452876327,0.13358322094122138
H0,map-random-01,7001,H0_map-random-01_seed503,2024,1.0,center,,success,1,0,0,101,2.7755078134849605,370.1950888738347,0.9060363216738372,5.392318265864907,35.76492874598575,15.546143071313347,1.566990609216218,0.03999999881085783,0.3796678374641432,0.5014792853449979,0.13782745018543316
H0,map-random-01,7001,H0_map-random-01_seed503,2025,1.0,center,,success,1,0,0,106,2.205041822317127,374.62876379092916,0.8953135184573079,5.978390107353014,32.26536497205519,14.6581064389381,1.544911782696562,0.03999999847333386,0.3898152196157424,0.492750289147052,0.12950003286205702
H0,map-random-01,7001,H0_map-random-01_seed503,2026,1.0,center,,success,1,0,0,106,2.0898243466152864,374.9119476886683,0.8946372573420824,5.388443527596801,31.994418816106556,15.313406004751569,1.5597782776040852,0.0399999986490551,0.3887396843737814,0.4702803582866799,0.13927365496073468
H0,map-random-01,7001,H0_map-random-01_seed503,2027,1.0,center,,success,1,0,0,106,2.903497733868288,374.24687990996665,0.8962271020286363,5.536250096172083,35.320102837607585,14.790178394093052,1.5448795017206445,0.03999999875448785,0.389297054328941,0.4869557339961658,0.13743003142740956
H0,map-random-01,7001,H0_map-random-01_seed503,2028,1.0,center,,success,1,0,0,99,1.9836185763477192,368.48381463514204,0.9102440414026821,5.74465344624037,35.09040694551116,15.583383663792095,1.5730044420319373,0.03999999876726757,0.3743575105662643,0.4990669650712399,0.14458225680235415
H0,map-random-01,7001,H0_map-random-01_seed503,2029,1.0,center,,success,1,0,0,103,2.1218973863883392,372.3875532877791,0.9007019532840436,5.789123939080642,33.67457936108828,14.642289116415691,1.550569528514899,0.03999999859958019,0.3841124352800879,0.5097533103657289,0.1276698701538679
H0,map-random-01,7001,H0_map-random-01_seed503,2030,1.0,center,,success,1,0,0,99,2.345405937393514,369.4833210804921,0.9077816980861748,6.868521234400073,35.77493896526755,15.342469060515336,1.5680561944691822,0.03999999880489677,0.3754381867674282,0.5003068239399882,0.14243900865189943
H0,map-random-01,7001,H0_map-random-01_seed503,2031,1.0,center,,success,1,0,0,100,2.3102384990661644,369.67701408286695,0.9073060640707913,6.253282099817967,36.59952632798876,15.569050999077586,1.568719549179077,0.0399999987334013,0.37508845324788,0.4923803094774485,0.14653550575490698
H0,map-random-01,7001,H0_map-random-01_seed503,2032,1.0,center,,success,1,0,0,100,2.2537854256262144,371.18054584752343,0.9036308620623426,6.427593741762255,34.94585581434827,15.490748413000262,1.570444393157959,0.039999998845160006,0.3756852997190008,0.49658607207238675,0.13227015424148203
H0,map-random-01,7001,H0_map-random-01_seed503,2033,1.0,center,,success,1,0,0,106,1.7417843413722205,374.4257159346336,0.8957990393040302,5.1097576307097325,31.6122772593918,14.798242750408093,1.5494112979690984,0.039999998613910855,0.3902147203042626,0.4865150184959243,0.13807722783479592
H0,map-random-01,7001,H0_map-random-01_seed503,2034,1.0,center,,success,1,0,0,106,2.4444944391981904,374.2068912389568,0.8963228750664188,5.150370002365332,32.16810784833706,14.631457475813619,1.542743537785872,0.039999998578766606,0.38932972721799464,0.4940885034574301,0.13283270402442365
H0,map-random-01,7001,H0_map-random-01_seed503,2035,1.0,center,,success,1,0,0,103,2.800186137230155,372.70155874287104,0.8999431012746848,6.2574330338325925,36.22302048423,15.615238220745287,1.5704318632199927,0.039999998744251655,0.3823232313334011,0.47334244927771174,0.1363433445662746
H0,map-random-01,7001,H0_map-random-01_seed503,2036,1.0,center,,success,1,0,0,107,1.6415913571607568,376.2445502222639,0.8914685845331904,4.892055679667141,30.794952532698975,14.506365874301839,1.5401294409671678,0.039999998514061774,0.39130842404901606,0.5022666891340479,0.11706418707770282
H0,map-random-01,7001,H0_map-random-01_seed503,2037,1.0,center,,success,1,0,0,104,2.7573114106585996,373.0974568971353,0.898988160933626,6.23890335431692,30.341420304632067,14.669399181486463,1.5355459027565443,0.03999999867608914,0.38731942460097674,0.4955576869587486,0.12642471230817032
H0,map-random-01,7001,H0_map-random-01_seed503,2038,1.0,center,,success,1,0,0,100,1.952222871730256,370.4326739260113,0.9054552155730246,4.881837131581334,37.691305608499206,16.332590318181392,1.5847647356987,0.039999998621642587,0.3755953437455878,0.49327380865812304,0.14339404943573203
H0,map-random-01,7001,H0_map-random-01_seed503,2039,1.0,center,,success,1,0,0,99,2.53698658657566,369.67413281768535,0.9073131356755896,5.837705153891161,37.438691957114024,15.727941309709273,1.5717147962011473,0.03999999869200918,0.3754177355473589,0.5063217469688618,0.14322109483023884
H0,map-random-01,7001,H0_map-random-01_seed503,2040,1.0,center,,success,1,0,0,101,2.5799556882766943,371.1661374415347,0.9036659403709789,5.699122764222392,31.705909327788675,15.41309812085088,1.5644083979106185,0.039999998737089704,0.3801780215682328,0.5051611357801916,0.13443173372732473
H0,map-random-01,7001,H0_map-random-01_seed503,2041,1.0,center,,success,1,0,0,100,2.2396543671532134,369.46807277883903,0.9078191631073428,6.349494945628734,34.543192001501204,15.211054585983707,1.5642397201061249,0.0399999987706542,0.3771891596065228,0.5129783192276954,0.13534904111382604
H0,map-random-01,7001,H0_map-random-01_seed503,2042,1.0,center,,success,1,0,0,99,2.411364583228568,369.2062032742058,0.90846305844938,5.3783925806425925,36.486070245109666,15.965412762950695,1.5779552459716797,0.03999999880489677,0.37320304838671936,0.4955633638633622,0.13810418518736692
H0,map-random-01,7001,H0_map-random-01_seed503,2043,1.0,center,,success,1,0,0,105,2.1120995131241895,374.07763885064725,0.8966325751400581,6.1940461959993804,27.69679931370498,14.693854854486618,1.5431815487997873,0.039999998573746,0.3872984111543872,0.5015253594721711,0.12239991527241696
H0,map-random-01,7001,H0_map-random-01_seed503,2044,1.0,center,,success,1,0,0,100,2.296541832237769,368.8818269443027,0.9092619156747234,6.602717685466599,34.03114797215955,15.457570079553035,1.5733475363254548,0.039999998807907104,0.37426768734580634,0.5025147664546966,0.13876267444774584
H0,map-random-01,7001,H0_map-random-01_seed503,2045,1.0,center,,success,1,0,0,108,2.1346526529151992,376.43530657533364,0.8910168381292496,5.641279088803318,33.29637924903772,14.559543458606942,1.5482440027925704,0.03999999851954204,0.3925945545043653,0.5119274423578409,0.12036838262519876
H0,map-random-01,7001,H0_map-random-01_seed503,2046,1.0,center,,success,1,0,0,101,2.109174845914678,372.1448704026995,0.901289318490457,6.4689258288944345,36.08497878644385,15.8221983473013,1.5708420961210043,0.039999998700205645,0.38025311444760984,0.47671952726328654,0.13810193191428977
H0,map-random-01,7001,H0_map-random-01_seed503,2047,1.0,center,,success,1,0,0,100,1.9016495677764225,370.9580038565322,0.9041729606532178,6.485332371005659,31.61653140693191,15.725825311588714,1.5765473961830139,0.039999998845160006,0.37609028637073194,0.4915739173442125,0.13361029280872483
H0,map-random-01,7001,H0_map-random-01_seed503,2048,1.0,center,,success,1,0,0,102,2.881642654393479,372.4160795897942,0.9006329613759249,6.121958314063673,34.80125958536884,15.962942795867853,1.581546472568138,0.039999998594615976,0.38035617462684657,0.4914728431944169,0.13557456186968622
H0,map-random-01,7001,H0_map-random-01_seed503,2049,1.0,center,,success,1,0,0,99,2.7988840286634775,369.24503351988415,0.9083675233966454,5.692370719900998,37.56754872483368,15.74607968378625,1.562873889701535,0.03999999884252596,0.3757326936936746,0.477195818071263,0.1353164777328793
H0,map-random-01,7001,H0_map-random-01_seed503,2050,1.0,center,,success,1,0,0,104,2.312696857734519,372.91477873267206,0.8994285444112443,5.926920434246504,30.350983652465963,15.080595003267439,1.5570859106687398,0.03999999874772934,0.38554334648431526,0.4878561511958161,0.1205428734633197
H0,map-corridor-01,7013,H0_map-corridor-01_seed101,2001,1.0,center,,success,1,0,0,97,2.1063531216606255,400.62498747312054,0.837217365647899,1.949993158146574,32.393988811854385,18.92439382462218,1.6316203800673337,0.03999999895231011,0.34362402244985724,0.48885887093150737,0.12132038570977884
H0,map-corridor-01,7013,H0_map-corridor-01_seed101,2002,1.0,center,,success,1,0,0,96,1.7421561202450402,400.75228750221845,0.8369514213268509,2.9304293581356475,37.248071076921356,19.420013076731895,1.6375194899737835,0.03999999891190479,0.3412118187458355,0.4581345124582488,0.1237514612274704
H0,map-corridor-01,7013,H0_map-corridor-01_seed101,2003,1.0,center,,success,1,0,0,97,1.7336898704756893,403.5612727286466,0.8311258272061633,2.615913278958482,36.03839712530134,19.365426158662657,1.6543930166775418,0.03999999891390506,0.34708806855129515,0.4677041456650597,0.1227940748564161
H0,map-corridor-01,7013,H0_map-corridor-01_seed101,2004,1.0,center,,success,1,0,0,97,2.006183837756364,400.69185024007817,0.8370776606112762,2.1578801521077544,35.15691154716483,19.030804286966212,1.6147360033595686,0.03999999902912022,0.3417483865643324,0.48233665007445004,0.11447256519637032
H0,map-corridor-01,7013,H0_map-corridor-01_seed101,2005,1.0,center,,success,1,0,0,96,2.170002821212088,399.2708924035617,0.8400567209040467,1.9711397548427811,38.82607344354631,19.18474440614914,1.6279466499884923,0.03999999891190479,0.34202869190439644,0.46781675804716844,0.1267139460579735
H0,map-corridor-01,7013,H0_map-corridor-01_seed101,2006,1.0,center,,success,1,0,0,97,1.2496257066220546,403.5411012474126,0.8311673720177692,2.986850087538743,38.53165579393655,19.702617769639748,1.6411076415445387,0.03999999895231011,0.3424060504000151,0.4425940013577029,0.12306537078497126
H0,map-corridor-01,7013,H0_map-corridor-01_seed101,2007,1.0,center,,success,1,0,0,96,1.7958540209275362,400.3639029492511,0.8377633301958395,2.1608840159772593,34.12456630555216,19.184298507174805,1.6350976899266243,0.03999999902832011,0.34127871750029026,0.4644963040482253,0.1312504044310411
H0,map-corridor-01,7013,H0_map-corridor-01_seed101,2008,1.0,center,,success,1,0,0,95,2.671618426672149,399.1173595664919,0.8403798747047233,2.4970341205905937,34.29864268189828,19.338173558472754,1.6338958376332333,0.03999999910593033,0.33975505512351906,0.46732845191206585,0.1214128618994421
H0,map-corridor-01,7013,H0_map-corridor-01_seed101,2009,1.0,center,,success,1,0,0,96,2.6555794340951193,402.2398777108839,0.8338561520398277,2.9639345317473893,34.785277947640765,19.319177882753113,1.6478188286225002,0.0399999989507099,0.3425841473415098,0.47050061627912027,0.12357770849005505
H0,map-corridor-01,7013,H0_map-corridor-01_seed101,2010,1.0,center,,success,1,0,0,96,1.7941364332356784,402.3153759706654,0.8336996710993833,2.925801630083683,33.8209522686206,19.41774663856299,1.6561501895387967,0.0399999989507099,0.34467871261283656,0.46818602981511503,0.12357940041724809
H0,map-corridor-01,7013,H0_map-corridor-01_seed101,2011,1.0,center,,success,1,0,0,96,2.381088471864343,400.38702640713404,0.837714947047026,2.7784775842734373,30.779792391339193,19.132290194032525,1.6208606604486704,0.03999999914473543,0.3393876480908677,0.48244127227614325,0.1141242005402167
H0,map-corridor-01,7013,H0_map-corridor-01_seed101,2012,1.0,center,,success,1,0,0,96,2.4017209064566543,401.82898448403455,0.834708817870989,3.1060252791893888,35.76900826161305,19.512262290197015,1.6584144967297714,0.03999999883429458,0.34444221238122036,0.47636838963565725,0.1243546041366106
H0,map-corridor-01,7013,H0_map-corridor-01_seed101,2013,1.0,center,,success,1,0,0,97,2.191548565021797,402.4181897961745,0.8334866691658603,3.386841293973063,35.681108409748695,19.15149906625093,1.643137719213348,0.03999999910593033,0.34242078130760667,0.47339035985396083,0.12617483880870597
H0,map-corridor-01,7013,H0_map-corridor-01_seed101,2014,1.0,center,,success,1,0,0,95,2.496982492816609,400.3513500042547,0.8377895981152653,2.832455580287922,32.9396583499548,19.42078802394154,1.6608771750801488,0.039999998909862416,0.34416618703889046,0.4658029176686939,0.1240741433521014
H0,map-corridor-01,7013,H0_map-corridor-01_seed101,2015,1.0,center,,success,1,0,0,98,1.0596803095526832,401.97917708246297,0.8343969432928154,2.323763481643809,35.45819427821873,18.933171857718406,1.637773300920214,0.03999999887785133,0.3433538071980097,0.47982644700274174,0.12058079270902033
H0,map-corridor-01,7013,H0_map-corridor-01_seed101,2016,1.0,center,,success,1,0,0,95,1.9940339339403126,399.7870405637503,0.8389721591575297,2.54682601541964,37.12887600730063,19.649177033161536,1.6496037395376908,0.039999998949076,0.3415165316133527,0.4553480003225176,0.12422328733933109
H0,map-corridor-01,7013,H0_map-corridor-01_seed101,2017,1.0,center,,success,1,0,0,96,2.0235790781071485,403.31384980598284,0.8316357020378052,2.9646800439081997,39.014865220665186,19.847131936771596,1.6550361601014931,0.0399999989507099,0.339868567285214,0.45595408624891814,0.12401554271371222
H0,map-corridor-01,7013,H0_map-corridor-01_seed101,2018,1.0,center,,success,1,0,0,97,2.733072077861566,401.27521061781056,0.8358607453188172,2.3691573883923907,34.14954877008523,18.894409881375328,1.622268698264643,0.039999999182740435,0.3408366059014039,0.4831557973988892,0.11621000362765017
H0,map-corridor-01,7013,H0_map-corridor-01_seed101,2019,1.0,center,,success,1,0,0,96,2.161074962229804,404.0596285170235,0.8301007399724352,3.2595722727165017,38.15315288976154,19.6457965654539,1.665436154852311,0.03999999906712522,0.3422147212205047,0.4690382652916014,0.1239775856748423
H0,map-corridor-01,7013,H0_map-corridor-01_seed101,2020,1.0,center,,success,1,0,0,97,2.4033137418112256,400.89905859186973,0.8366450093524131,2.50448938356416,36.52337048667949,19.041853923205803,1.61898868047085,0.03999999902912022,0.34112647137888824,0.4901772298917328,0.11077357690942319
H0,map-corridor-01,7013,H0_map-corridor-01_seed101,2021,1.0,center,,success,1,0,0,97,1.1505630268896616,402.07807959488815,0.834191699689049,2.9122817548438276,36.304989081402496,19.192010262248342,1.6290680108611117,0.03999999891390506,0.34006265906059724,0.4667998073027306,0.12226719312648963
H0,map-corridor-01,7013,H0_map-corridor-01_seed101,2022,1.0,center,,success,1,0,0,97,1.8893407699054146,402.14783898755775,0.8340469949295087,2.393396069587226,38.78117286199735,19.304057222166346,1.6587580380980502,0.03999999891390506,0.34612711625740716,0.47650351606011776,0.12300448094822904
H0,map-corridor-01,7013,H0_map-corridor-01_seed101,2023,1.0,center,,success,1,0,0,96,2.7615231493356722,404.1802910571041,0.8298529246632178,2.8431451870124627,36.93801644524957,19.73582824597868,1.6665060967206955,0.03999999883429458,0.34407350486206384,0.4569866293265174,0.12983645575522487
H0,map-corridor-01,7013,H0_map-corridor-01_seed101,2024,1.0,center,,success,1,0,0,96,1.4831758660876788,400.50457266637807,0.8374690815437119,2.3809736636955274,36.52950062511878,19.17182559721359,1.614146097873648,0.03999999891190479,0.34093971869569134,0.4768552685660931,0.1136274265714875
H0,map-corridor-01,7013,H0_map-corridor-01_seed101,2025,1.0,center,,success,1,0,0,96,1.704020954616471,402.3639978674306,0.8335989263519501,2.930141350225985,39.65296503621085,19.634858555487533,1.6447238487501938,0.03999999898951501,0.3409376181756545,0.4579566585986565,0.12362389329119731
H0,map-corridor-01,7013,H0_map-corridor-01_seed101,2026,1.0,center,,success,1,0,0,97,2.865191421927512,404.5789256587984,0.8290352644513092,2.911454783500105,36.76145642940876,19.08283929519374,1.6587824551100583,0.03999999895231011,0.34840720615865867,0.4888632792653036,0.12208708855370842
H0,map-corridor-01,7013,H0_map-corridor-01_seed101,2027,1.0,center,,success,1,0,0,96,2.5628578920560527,403.11990283369033,0.8320358143253078,2.423734885688296,35.8714990766933,19.52491641351118,1.6571726116041343,0.039999999183540545,0.34314345980631905,0.4667212109391888,0.12409213630737254
H0,map-corridor-01,7013,H0_map-corridor-01_seed101,2028,1.0,center,,success,1,0,0,97,1.427465109376341,401.5796120331679,0.8352271544036098,2.633564475484299,33.50262663005753,18.863317102647574,1.6295913384132779,0.03999999906752527,0.3439857958406066,0.48534300270461544,0.12581442579895843
H0,map-corridor-01,7013,H0_map-corridor-01_seed101,2029,1.0,center,,success,1,0,0,95,2.372827405822807,398.26314713166676,0.8421823586757352,1.9083163940521217,35.988001524795024,19.121196863889327,1.6140393439092133,0.03999999902750316,0.33975334395239837,0.4794811811886336,0.1167802402055354
H0,map-corridor-01,7013,H0_map-corridor-01_seed101,2030,1.0,center,,success,1,0,0,97,2.986243667993163,400.325338697749,0.8378440338452013,2.851702259812137,36.659510469106884,19.080448282299844,1.6207625958108411,0.03999999910593033,0.3428837026672438,0.49427026725306955,0.10947538287765554
H0,map-corridor-01,7013,H0_map-corridor-01_seed101,2031,1.0,center,,success,1,0,0,97,2.5486080423483988,401.51790695052193,0.8353555117189337,2.724282937105656,34.916305671663494,19.035158009059955,1.6199901355910546,0.0399999988755,0.34089430886627586,0.4925085694826755,0.11763525466975286
H0,map-corridor-01,7013,H0_map-corridor-01_seed101,2032,1.0,center,,success,1,0,0,97,1.421718351489762,401.56773336539237,0.8352518610347954,1.922531307529572,37.26684337632439,19.164337406405277,1.6328614003879507,0.03999999902912022,0.34402836011086774,0.4739393863788585,0.12329879203361097
H0,map-corridor-01,7013,H0_map-corridor-01_seed101,2033,1.0,center,,success,1,0,0,95,2.7643676835562196,399.6708095064622,0.8392161465060543,2.6293523299455983,35.581188405178786,19.378968126486875,1.654240729934291,0.039999998949076,0.3416904146940122,0.4719390689738487,0.12472215703638649
H0,map-corridor-01,7013,H0_map-corridor-01_seed101,2034,1.0,center,,success,1,0,0,95,2.642321056296258,400.4045102528122,0.8376783678415439,2.79608914423329,35.318556230487424,19.642731121123166,1.655267397980941,0.03999999910593033,0.3418185703947709,0.46373048344332923,0.12451921807165257
H0,map-corridor-01,7013,H0_map-corridor-01_seed101,2035,1.0,center,,success,1,0,0,97,1.2244128858780712,404.12831869457455,0.8299596467488815,3.080091439414458,34.97367671454689,19.464987353719934,1.6476515556119151,0.03999999891390506,0.34192770438219655,0.4688292346971551,0.1229163080621675
H0,map-corridor-01,7013,H0_map-corridor-01_seed101,2036,1.0,center,,success,1,0,0,96,1.6863706129383869,403.19401169614605,0.8318828824217245,3.3080128613554636,37.48045442808412,19.71139321543098,1.656122208883365,0.03999999883429458,0.3416850701730154,0.4592230990141009,0.12429668425889584
H0,map-corridor-01,7013,H0_map-corridor-01_seed101,2037,1.0,center,,success,1,0,0,97,1.384471309685777,403.92555628396525,0.8303762696044181,3.3132910038888874,36.95576842343943,19.557970269262196,1.6434774878098792,0.0399999988755,0.3427796686342943,0.4438604745514614,0.12276022595420784
H0,map-corridor-01,7013,H0_map-corridor-01_seed101,2038,1.0,center,,success,1,0,0,96,2.615513863365792,398.8181670699927,0.841010325806206,2.152791237722532,35.29023109396246,18.995142682463204,1.6106204005579154,0.03999999906712522,0.3407706942067665,0.4809225633895646,0.1106670099027204
H0,map-corridor-01,7013,H0_map-corridor-01_seed101,2039,1.0,center,,success,1,0,0,97,1.3630429762818468,401.11714126995133,0.8361901352882793,2.7620859747617894,36.191830491123,19.18399462189112,1.6099060792283915,0.03999999895231011,0.3412495581699913,0.4791790684205048,0.11967359935282779
H0,map-corridor-01,7013,H0_map-corridor-01_seed101,2040,1.0,center,,success,1,0,0,96,2.959093884490682,399.4755719741727,0.8396263004703921,2.9471838925429203,32.306117022035416,18.951651944595856,1.6235405690968037,0.0399999989507099,0.34002113795453354,0.47493387125935743,0.1213125997644718
H0,map-corridor-01,7013,H0_map-corridor-01_seed101,2041,1.0,center,,success,1,0,0,97,1.7074798910807714,401.2088372984721,0.8359990245564958,2.1433746114648047,35.66345219302744,19.08683187178672,1.6087068488302918,0.03999999910593033,0.3410581510483027,0.48195864978371206,0.11271870104916129
H0,map-corridor-01,7013,H0_map-corridor-01_seed101,2042,1.0,center,,success,1,0,0,97,0.9663983615046509,400.9039542350952,0.836634792652306,1.6820766703538257,35.218781276041845,18.915862691932873,1.619181625621835,0.039999998837094944,0.3423511520193933,0.4779256028459244,0.1181639023044489
H0,map-corridor-01,7013,H0_map-corridor-01_seed101,2043,1.0,center,,success,1,0,0,96,2.1253152189436313,400.0608575137028,0.8383979345279489,2.945837457505365,35.556074461335044,19.366026599870597,1.626782525330782,0.0399999989507099,0.34015741622589274,0.46321158041246235,0.12114860854166572
H0,map-corridor-01,7013,H0_map-corridor-01_seed101,2044,1.0,center,,success,1,0,0,97,2.8745571429068915,398.39716836811857,0.8418990476233752,1.374710152487846,34.3889710420777,18.608872686415527,1.6168561571652127,0.03999999895231011,0.34312893764451174,0.5060270027708762,0.10804529148760336
H0,map-corridor-01,7013,H0_map-corridor-01_seed101,2045,1.0,center,,success,1,0,0,95,2.5106312761421035,401.17818866214975,0.8360628920118899,2.9784848070944006,37.37506823699738,19.789766683946766,1.6461181703366732,0.03999999902750316,0.3388771713072925,0.4579364355849592,0.12443331285256654
H0,map-corridor-01,7013,H0_map-corridor-01_seed101,2046,1.0,center,,success,1,0,0,97,1.4457653724631296,403.4321638667132,0.831391809245487,2.9061043428021804,35.37640948894311,19.331316524252443,1.6507513879500713,0.039999998837094944,0.3475467648276148,0.4662686314472218,0.12470025202452217
H0,map-corridor-01,7013,H0_map-corridor-01_seed101,2047,1.0,center,,success,1,0,0,97,1.4548112978840648,401.1153696638111,0.8361938284890144,2.7469259279351768,32.460181081188566,18.93195613759412,1.6280075446846558,0.03999999902912022,0.3438852095443302,0.48288451680510314,0.12066798910261715
H0,map-corridor-01,7013,H0_map-corridor-01_seed101,2048,1.0,center,,success,1,0,0,97,2.2032101312733543,401.4583227465811,0.8354794946839221,3.19792112722709,37.38249948908434,19.270773787512926,1.6351814601839203,0.03999999906752527,0.3409141637030126,0.46222719903459253,0.12253739709245609
H0,map-corridor-01,7013,H0_map-corridor-01_seed101,2049,1.0,center,,success,1,0,0,97,1.73122221933214,401.5081941722319,0.8353757195826746,3.0486677650332012,38.08249482430094,19.413297566703587,1.6469505791811598,0.03999999895231011,0.3444778853817579,0.4764087134876202,0.12623216353621955
H0,map-corridor-01,7013,H0_map-corridor-01_seed101,2050,1.0,center,,success,1,0,0,96,1.3796421270296855,401.3646458721364,0.8356744921968559,2.860797336594622,38.98011446481277,19.61431944435752,1.6420858663817246,0.039999998873099685,0.3395865326118175,0.4629657535503308,0.12507805863731403
H0,map-corridor-01,7013,H0_map-corridor-01_seed211,2001,1.0,center,,success,1,0,0,162,2.604152045749272,455.9507755125949,0.73562808671153,5.147290112777446,31.009664364025035,16.75087043603139,1.4795843671869349,0.03999999807112747,0.42263746014509235,0.6090332239314362,0.12937716017918643
H0,map-corridor-01,7013,H0_map-corridor-01_seed211,2002,1.0,center,,success,1,0,0,196,2.3841578970860877,495.0964095567955,0.6774644092556109,3.2955467573666692,30.784364034658708,16.01334899586746,1.4246450613956063,0.03999999779447609,0.446144656086345,0.6311822112184018,0.13773966165505602
H0,map-corridor-01,7013,H0_map-corridor-01_seed211,2003,1.0,center,,success,1,0,0,93,2.398424384855559,366.5010790117386,0.9151683742088673,5.501406448209627,46.25805725611772,18.958021806586732,1.5722619948848602,0.03999999910593033,0.3311426172182044,0.48647050248109736,0.13223467335998976
H0,map-corridor-01,7013,H0_map-corridor-01_seed211,2004,1.0,center,,success,1,0,0,131,2.6012561314728404,421.3529240934417,0.7960314915260585,3.9569112806303135,36.63758523394866,17.562805023832404,1.507944111605637,0.03999999879311969,0.3936331597891787,0.5981973858393785,0.12415651326589887
H0,map-corridor-01,7013,H0_map-corridor-01_seed211,2005,1.0,center,,success,1,0,0,131,2.628138512762115,422.92818934832695,0.7930665419625695,4.401362734720897,36.96124306667378,17.749435826896146,1.5023389272107424,0.03999999859405838,0.3924305819274987,0.5896875772568333,0.12346893643474356
H0,map-corridor-01,7013,H0_map-corridor-01_seed211,2006,1.0,center,,success,1,0,0,90,2.5885264353828097,360.8026348867333,0.9296223591334463,2.682107378482717,49.30259866954016,18.196208931323238,1.5504044771194458,0.0399999990231461,0.32569863154036915,0.4942207572567794,0.1535921752114829
H0,map-corridor-01,7013,H0_map-corridor-01_seed211,2007,1.0,center,,success,1,0,0,93,2.939659254348123,366.45892399813295,0.915273649132576,4.140781179392045,44.643641422074836,18.528298995625907,1.567700679584216,0.03999999898575967,0.3294681186441005,0.47880970019476626,0.13634735969745115
H0,map-corridor-01,7013,H0_map-corridor-01_seed211,2008,1.0,center,,success,1,0,0,92,2.6543004519430493,364.9802549219646,0.9189817588808512,3.7762272652876763,44.72719699047852,18.199948020976404,1.563170464142509,0.03999999898445347,0.3288667186661365,0.47821050676841126,0.13935222259555524
H0,map-corridor-01,7013,H0_map-corridor-01_seed211,2009,1.0,center,,success,1,0,0,133,2.424536263932655,428.403891988379,0.7829298540407913,5.624436067183263,35.14513900779789,17.600410255728843,1.4987909242622834,0.0399999986017557,0.39511703309225227,0.6019230477960038,0.11993725212924558
H0,map-corridor-01,7013,H0_map-corridor-01_seed211,2010,1.0,center,,success,1,0,0,92,2.6971614487829214,365.38306987769715,0.917968631489244,5.596483414988925,42.34211012671911,18.912421293667634,1.572646932757419,0.03999999910593033,0.3287283292065697,0.4854454984078589,0.1350411511346832
H0,map-corridor-01,7013,H0_map-corridor-01_seed211,2011,1.0,center,,success,1,0,0,93,2.3470855177476335,364.47995381941087,0.920243193377802,3.8625869291706576,42.66506167243423,18.301395775174562,1.5733112032695482,0.03999999906587344,0.33062988994652115,0.4902736181092839,0.1350875835915853
H0,map-corridor-01,7013,H0_map-corridor-01_seed211,2012,1.0,center,,success,1,0,0,163,2.6814134255832824,459.10750164229694,0.7305700634930936,5.313223409668748,32.02789883037682,16.918077658648116,1.4692261694399125,0.03999999803176687,0.4254380267106101,0.5918491081980292,0.12552321353064647
H0,map-corridor-01,7013,H0_map-corridor-01_seed211,2013,1.0,center,,success,1,0,0,92,2.771591904001905,365.41413990288123,0.9178905794781583,4.430010433199058,50.41523814139134,18.306353282599176,1.5342390135578488,0.03999999878199204,0.3283838712407714,0.4793651367983092,0.14712281935623134
H0,map-corridor-01,7013,H0_map-corridor-01_seed211,2014,1.0,center,,success,1,0,0,90,2.8025779235119104,362.6835647944299,0.9248012018826383,3.7469390047597875,45.46989339828096,18.707371037519,1.568679059876336,0.039999999064538216,0.32629106012711273,0.4809579724394199,0.14494743142864716
H0,map-corridor-01,7013,H0_map-corridor-01_seed211,2015,1.0,center,,success,1,0,0,93,2.5547237885233054,364.1829445359351,0.9209936974186678,3.6897269954146226,49.716253197619714,17.843778404005057,1.5451492353152203,0.0399999991860441,0.3274320352225297,0.49514484850149,0.1463197548258753
H0,map-corridor-01,7013,H0_map-corridor-01_seed211,2016,1.0,center,,success,1,0,0,91,2.7526603740135807,361.9558652065596,0.9266604823037136,3.141281401178768,44.614147677087175,18.599487225804413,1.5757550931238866,0.03999999894218131,0.32784772481438684,0.4845087292545301,0.1351252731360435
H0,map-corridor-01,7013,H0_map-corridor-01_seed211,2017,1.0,center,,success,1,0,0,91,2.697510698457985,365.1364026527512,0.9185887635091463,3.1333060391169925,47.939721856803054,18.779433853351822,1.5645064115524292,0.03999999886030679,0.3275487942199937,0.4710355746344878,0.13874026531035155
H0,map-corridor-01,7013,H0_map-corridor-01_seed211,2018,1.0,center,,success,1,0,0,165,2.903254200992919,462.91974738314156,0.7245536586439072,4.844314600538073,31.586242608136477,16.801920532132442,1.4867963693358681,0.039999998022209514,0.42547726026061355,0.6013293898015312,0.13214381294834582
H0,map-corridor-01,7013,H0_map-corridor-01_seed211,2019,1.0,center,,success,1,0,0,91,2.4989302041297785,365.30463861360374,0.9181657202544977,4.28483208076461,46.28141640132057,18.9729458232207,1.5624631538495912,0.03999999898311856,0.32639132768849244,0.4735347943400944,0.14259713633425286
H0,map-corridor-01,7013,H0_map-corridor-01_seed211,2020,1.0,center,,success,1,0,0,134,2.4209481623445237,424.65402608390195,0.7898434396538585,4.801004508250492,37.4668985318509,17.338590147502696,1.4759209729842286,0.03999999854991685,0.3972466274634772,0.6021523791810136,0.12258032325454747
H0,map-corridor-01,7013,H0_map-corridor-01_seed211,2021,1.0,center,,success,1,0,0,92,2.771237250582469,363.0281866387921,0.9239232901733244,3.597362567473531,46.392689313187695,18.04139939074,1.5548919011717257,0.03999999910593033,0.3254558097905856,0.4959376769990701,0.14384736057496755
H0,map-corridor-01,7013,H0_map-corridor-01_seed211,2022,1.0,center,,success,1,0,0,182,2.913472436491904,483.17559820498707,0.6941786751463198,4.787559280350757,32.23346152253646,16.816126792444862,1.4802490462968638,0.03999999795968716,0.43837026669947227,0.6768491287807842,0.1360653632007258
H0,map-corridor-01,7013,H0_map-corridor-01_seed211,2023,1.0,center,,success,1,0,0,90,2.188008126162395,363.3474093054097,0.9231115677036278,3.3554115595909155,45.142190719352435,18.657996363662537,1.5567749579747518,0.039999998898969755,0.3260544694822643,0.4716376544493768,0.15083566863949513
H0,map-corridor-01,7013,H0_map-corridor-01_seed211,2024,1.0,center,,success,1,0,0,93,2.6129511859847843,364.4337594297551,0.9203598402897661,3.9958205724663025,49.05794521810566,18.529274463467203,1.5754812827674292,0.03999999898575967,0.3301048126577549,0.49126003516878014,0.13525633081918886
H0,map-corridor-01,7013,H0_map-corridor-01_seed211,2025,1.0,center,,success,1,0,0,91,2.6719568666349587,364.128104642567,0.9211324046360322,4.148059123753879,46.94661234118911,18.32682164826006,1.547145589367374,0.03999999910593033,0.32592780693636797,0.4808713721602664,0.14782978040315148
H0,map-corridor-01,7013,H0_map-corridor-01_seed211,2026,1.0,center,,success,1,0,0,91,2.932466161929055,364.90655962704585,0.9191673533295093,4.837307703058907,49.462687385860896,18.73732915426632,1.5508201882079407,0.039999999024055814,0.32754106574982844,0.48229003962702477,0.146030727733567
H0,map-corridor-01,7013,H0_map-corridor-01_seed211,2027,1.0,center,,success,1,0,0,91,2.59437141082699,365.74883113733694,0.9170506316642842,4.994334574898833,49.122072938444624,18.884509904649615,1.5585401359495226,0.03999999890124405,0.32449781782667975,0.4786220016469667,0.14120158083491927
H0,map-corridor-01,7013,H0_map-corridor-01_seed211,2028,1.0,center,,success,1,0,0,137,2.1312168091773502,425.06299344656463,0.7890835047891165,5.473963975999816,35.204618789091164,16.927189503637017,1.4485130140381137,0.03999999837174903,0.40048033227929314,0.6022894896131797,0.1214848206685035
H0,map-corridor-01,7013,H0_map-corridor-01_seed211,2029,1.0,center,,success,1,0,0,93,2.5034976619310485,365.75321243868717,0.9170396464561327,4.831293427466873,48.280321518830206,18.382485303029977,1.5689236220493112,0.0399999989056459,0.32794129502178865,0.48294842408679584,0.13848534521185615
H0,map-corridor-01,7013,H0_map-corridor-01_seed211,2030,1.0,center,,success,1,0,0,158,2.6400244746453385,451.3921672498225,0.7430571927477334,3.6765660785572214,34.58691135930071,16.969356352803,1.492810202927529,0.039999998209974436,0.4200038013096606,0.6269076040981314,0.12598074161582737
H0,map-corridor-01,7013,H0_map-corridor-01_seed211,2031,1.0,center,,success,1,0,0,136,2.047177041857047,424.7089940851123,0.7897412140929415,4.4697076639072515,35.10165768242619,16.877954811198578,1.4547402275835766,0.03999999842113432,0.40033154971691093,0.6031997734132934,0.12265064910368755
H0,map-corridor-01,7013,H0_map-corridor-01_seed211,2032,1.0,center,,success,1,0,0,93,2.663069131875703,365.93325064560025,0.9165884653368305,5.177487938103512,45.576729304506095,18.52571483190185,1.5720504060868294,0.03999999898575967,0.32949144588829765,0.5019120915282157,0.1344701018350833
H0,map-corridor-01,7013,H0_map-corridor-01_seed211,2033,1.0,center,,success,1,0,0,91,2.9639937128857508,364.74614363754614,0.9195716047330462,3.968226149848613,43.90247256230233,18.482990771666316,1.5571888449427846,0.03999999898311856,0.3261086437307981,0.47840915508772974,0.14236616622853177
H0,map-corridor-01,7013,H0_map-corridor-01_seed211,2034,1.0,center,,success,1,0,0,91,2.416488412327606,364.2918446748987,0.9207183787611145,4.317671742542679,42.70604234491325,18.489552367772852,1.5664038068645603,0.03999999898311856,0.3263353375064177,0.482183544210844,0.14007886617824306
H0,map-corridor-01,7013,H0_map-corridor-01_seed211,2035,1.0,center,,success,1,0,0,194,2.822395320500759,488.7247596729476,0.6862967140224765,3.8770413938745136,31.44763285827698,15.918691996825912,1.4113114981614436,0.03999999774255089,0.44567201931951794,0.6415641343067449,0.13980357705794896
H0,map-corridor-01,7013,H0_map-corridor-01_seed211,2036,1.0,center,,success,1,0,0,90,2.0955660557970806,362.7393102088323,0.9246590793588646,2.6331212085666618,45.86183290162558,18.769385585351312,1.5699242207739088,0.039999999064538216,0.32706245929045435,0.48267080903493076,0.14259535251826783
H0,map-corridor-01,7013,H0_map-corridor-01_seed211,2037,1.0,center,,success,1,0,0,90,2.998980086826657,360.39512697363506,0.9306735067189341,3.3603623273374392,49.04265429627417,17.96478279495255,1.5444385925928752,0.03999999918871456,0.32374769650412333,0.4981003362271521,0.1553146546735582
H0,map-corridor-01,7013,H0_map-corridor-01_seed211,2038,1.0,center,,success,1,0,0,93,2.5717561312444435,364.16302043062655,0.921044086871705,4.3803767092061054,47.299844281873206,18.351597748203407,1.574764552936759,0.03999999902581656,0.3289335024229051,0.4995834172092458,0.13352385600323755
H0,map-corridor-01,7013,H0_map-corridor-01_seed211,2039,1.0,center,,success,1,0,0,161,2.8396316283689336,457.00341896758584,0.7339336703053382,3.5234685090597186,33.548626061898815,16.70998126392363,1.4937693158291883,0.03999999818039236,0.4236619707084406,0.624516317030843,0.13334352508033034
H0,map-corridor-01,7013,H0_map-corridor-01_seed211,2040,1.0,center,,success,1,0,0,91,2.7029409328406633,360.2435793353219,0.9310650234039619,2.5812361224992078,46.76320154768496,17.524444518800525,1.5434890448392093,0.039999999024055814,0.3263238983707168,0.5065647497118174,0.15381144839012148
H0,map-corridor-01,7013,H0_map-corridor-01_seed211,2041,1.0,center,,success,1,0,0,131,2.1012197408655324,421.03351732761365,0.7966353813204373,4.716387807511075,36.98238699220637,17.642442255066676,1.4996114819104436,0.03999999865093304,0.3934534832487906,0.5961305540524252,0.12352669585664819
H0,map-corridor-01,7013,H0_map-corridor-01_seed211,2042,1.0,center,,success,1,0,0,132,2.4636114236855597,424.6853536213937,0.7897851756950067,4.5190410666472935,37.53959666577019,17.598001128419725,1.5031412171595024,0.039999998485048614,0.3943825832116137,0.5982260651477246,0.1229901304924046
H0,map-corridor-01,7013,H0_map-corridor-01_seed211,2043,1.0,center,,success,1,0,0,91,2.6883771061360884,360.67991995734894,0.9299386466111874,2.646883877405178,45.71848524541425,17.844671222432897,1.550819842370002,0.039999999064993075,0.3271459589197798,0.49690811223463044,0.14848962554368503
H0,map-corridor-01,7013,H0_map-corridor-01_seed211,2044,1.0,center,,success,1,0,0,132,2.142885359719056,420.16446654612366,0.7982831089505013,5.208383734421346,35.870860483526705,17.475224551961393,1.5018406799345305,0.03999999862615809,0.39286383698847605,0.597854412372478,0.1201962426233363
H0,map-corridor-01,7013,H0_map-corridor-01_seed211,2045,1.0,center,,success,1,0,0,91,1.7524371124341647,363.7777300833247,0.9220195984733356,3.523002470261102,47.54017195765183,18.58851853076004,1.5694635857592572,0.039999999024055814,0.32608957650684695,0.47889660761415304,0.14218890379847823
H0,map-corridor-01,7013,H0_map-corridor-01_seed211,2046,1.0,center,,success,1,0,0,191,2.134443633453919,487.68002614550585,0.6877669345533015,5.437553910295961,31.894576051102497,16.248289810052604,1.4263370926467536,0.039999997779648966,0.44372301438562617,0.6479614118104362,0.1366370398868227
H0,map-corridor-01,7013,H0_map-corridor-01_seed211,2047,1.0,center,,success,1,0,0,182,2.803202192079207,484.81900628646747,0.6918255932127854,4.009345392702988,31.802186745624315,16.645331277519528,1.4788677875812237,0.03999999818484207,0.4374396216528776,0.6756638136825391,0.13974407193172955
H0,map-corridor-01,7013,H0_map-corridor-01_seed211,2048,1.0,center,,success,1,0,0,191,2.1841057492970886,489.60641058299336,0.6850608761956007,2.7828910359663754,30.887767393264873,16.174581301562494,1.4286394737153778,0.039999997643120004,0.4430944972938159,0.6575182152982724,0.13833544076523907
H0,map-corridor-01,7013,H0_map-corridor-01_seed211,2049,1.0,center,,success,1,0,0,131,2.2759207361262725,423.47955345073933,0.7920339810785803,5.123060378229271,38.58960091812328,17.885218036411075,1.5006219153185838,0.03999999850874639,0.39527359024902725,0.5970962676450695,0.12195066240571503
H0,map-corridor-01,7013,H0_map-corridor-01_seed211,2050,1.0,center,,success,1,0,0,92,2.4371358692797185,364.37357407370007,0.9205118606025109,3.1908886392067006,46.14543181789896,18.68182207789135,1.5726073267667189,0.03999999898445347,0.3289230353804907,0.4806504402228672,0.13731591093892548
H0,map-corridor-01,7013,H0_map-corridor-01_seed307,2001,1.0,center,,success,1,0,0,107,2.921244132982101,424.2804190292545,0.790538949198694,6.692493696358166,21.05978184027114,16.742347765075582,1.5610424781514105,0.03999999910593033,0.3726373046250897,0.5448522753926499,0.10870904267344897
H0,map-corridor-01,7013,H0_map-corridor-01_seed307,2002,1.0,center,,success,1,0,0,106,2.576639486678081,423.79373038238907,0.7914468114531281,6.941155095785237,18.42356741324955,17.019472369561775,1.5819624392491467,0.039999998965353334,0.3693584551709936,0.5196653368689541,0.11076043991465749
H0,map-corridor-01,7013,H0_map-corridor-01_seed307,2003,1.0,center,,success,1,0,0,110,1.9032344689753344,434.05594267749757,0.7727349487625317,7.228806745410401,20.430578732399024,16.84713706815734,1.5820744590325788,0.0399999988688664,0.37761268239249995,0.5434404342985627,0.10967809692527268
H0,map-corridor-01,7013,H0_map-corridor-01_seed307,2004,1.0,center,,success,1,0,0,105,2.824934696285794,418.9256972310239,0.8006436435910511,6.485104815519854,19.903238317010477,16.745332168098773,1.5570858183361236,0.039999999034972415,0.3691542269762277,0.5349130440680754,0.1105619603981303
H0,map-corridor-01,7013,H0_map-corridor-01_seed307,2005,1.0,center,,success,1,0,0,106,0.8396120732374788,422.22236604966173,0.794392300348953,5.904314684983478,21.89822851159914,16.89791425354463,1.5633516812099602,0.03999999868419935,0.3706939360301148,0.5132450180057928,0.11452900444781237
H0,map-corridor-01,7013,H0_map-corridor-01_seed307,2006,1.0,center,,success,1,0,0,107,2.2828318542926547,425.32818119799623,0.7885915193304117,6.316977780720292,20.24424279022194,16.968959003281082,1.5762648816420652,0.03999999896666714,0.374661692875669,0.5240992538143541,0.11276090237985029
H0,map-corridor-01,7013,H0_map-corridor-01_seed307,2007,1.0,center,,success,1,0,0,106,1.696112279423141,422.58750856019117,0.7937058948281581,6.5148394772866824,20.951340701096633,17.020270868989588,1.5731763676652368,0.039999998859920595,0.3703214547819813,0.5211009461463446,0.10924152774976989
H0,map-corridor-01,7013,H0_map-corridor-01_seed307,2008,1.0,center,,success,1,0,0,105,2.04832205127612,421.6849124268768,0.7954047838577365,6.649767183218423,19.56089397632603,17.14699371970731,1.5755033158120655,0.03999999892853555,0.36934456068433735,0.5178509638289965,0.1083473003395377
H0,map-corridor-01,7013,H0_map-corridor-01_seed307,2009,1.0,center,,success,1,0,0,109,2.8160405717354133,431.9392762740211,0.7765216433158655,7.370895903388884,19.660054708636395,16.870879527071377,1.5857382449535056,0.0399999990033994,0.3761590970315436,0.5402051957939332,0.10521807641602256
H0,map-corridor-01,7013,H0_map-corridor-01_seed307,2010,1.0,center,,success,1,0,0,110,2.119299067805786,434.1337107825339,0.7725965256657574,6.7106969431003565,21.17403089104241,16.997812489951198,1.5839598035270517,0.0399999988688664,0.379242474580955,0.5372431492686949,0.10494849803453855
H0,map-corridor-01,7013,H0_map-corridor-01_seed307,2011,1.0,center,,success,1,0,0,105,1.043953107255916,420.06932127262155,0.7984639192617687,6.515408194620066,22.715851761271352,17.0030641515673,1.5643928601628259,0.039999998893056596,0.36895430233118326,0.513669055026202,0.11279621764268302
H0,map-corridor-01,7013,H0_map-corridor-01_seed307,2012,1.0,center,,success,1,0,0,110,2.1316529719085158,431.9551376301079,0.776493129506859,5.921400106491447,19.49369593477546,16.797864190402958,1.582230632007122,0.039999998835000126,0.3806791405686521,0.5345067454332655,0.11386959288502502
H0,map-corridor-01,7013,H0_map-corridor-01_seed307,2013,1.0,center,,success,1,0,0,110,2.3146090690608507,430.2976176276356,0.779484205546359,6.330410046289096,18.829513910927258,16.52893083307574,1.5760130765763196,0.0399999990043315,0.37912241691378623,0.5350206268189306,0.10641901111824884
H0,map-corridor-01,7013,H0_map-corridor-01_seed307,2014,1.0,center,,success,1,0,0,108,1.4655759588500183,427.41982622529264,0.7847324247616301,6.85171067037388,21.197173130228038,17.001914948604547,1.5838454404362925,0.039999998864476326,0.3760637524626198,0.5130270330787257,0.10759543378771236
H0,map-corridor-01,7013,H0_map-corridor-01_seed307,2015,1.0,center,,success,1,0,0,107,1.3230076988458588,420.6912090396916,0.7972835880992298,5.943241502954941,21.989281882306745,16.48599490533984,1.5547961486834232,0.03999999872295656,0.3718228267596062,0.5279107369987346,0.11477648057475535
H0,map-corridor-01,7013,H0_map-corridor-01_seed307,2016,1.0,center,,success,1,0,0,107,1.3448676095487868,426.55143088699157,0.7863300233866298,6.844547184776619,22.826731527557648,17.26539537552177,1.5730938209551517,0.03999999893185134,0.3737527171042702,0.5092917977414468,0.10945443016506237
H0,map-corridor-01,7013,H0_map-corridor-01_seed307,2017,1.0,center,,success,1,0,0,108,1.6318293643294923,429.22689046271245,0.7814286664644698,6.822372721448901,18.369196273063,17.064195795711953,1.5898132128296074,0.039999998898969755,0.37562989756297277,0.5190157043613942,0.103992854649254
H0,map-corridor-01,7013,H0_map-corridor-01_seed307,2018,1.0,center,,success,1,0,0,106,2.2238504430775015,421.68448647718105,0.7954055873077959,6.68239947441837,19.93840060572923,16.76236836154734,1.5629889571441795,0.039999998930209085,0.37107965584095715,0.535029777918749,0.10830732656783636
H0,map-corridor-01,7013,H0_map-corridor-01_seed307,2019,1.0,center,,success,1,0,0,109,2.5373332003840496,430.6314940947155,0.7788798571968739,6.847631716004912,19.286508832631387,16.845057915228573,1.5901008095216314,0.0399999990033994,0.3771900191958286,0.5306152971162367,0.1069556232532299
H0,map-corridor-01,7013,H0_map-corridor-01_seed307,2020,1.0,center,,success,1,0,0,107,2.213304209668113,422.61166810203366,0.7936605208543092,5.453828558882973,18.288342144190487,16.651606913036467,1.5585013739416533,0.03999999896666714,0.3746958819148583,0.5414688813268363,0.10846814466779323
H0,map-corridor-01,7013,H0_map-corridor-01_seed307,2021,1.0,center,,success,1,0,0,106,2.2932032296946008,420.83791798805544,0.7970056458517323,6.072196005644973,18.481653910298153,16.830416986278994,1.5691233744036477,0.039999998859920595,0.36989707060347665,0.5217332483054016,0.11117251115087176
H0,map-corridor-01,7013,H0_map-corridor-01_seed307,2022,1.0,center,,success,1,0,0,111,1.6589309643473709,433.1473372220077,0.7743559011031286,6.26723775562828,19.030118539656534,16.51492914155139,1.5787344075538017,0.03999999890456329,0.3810268144846669,0.5400992296782935,0.10634300947074524
H0,map-corridor-01,7013,H0_map-corridor-01_seed307,2023,1.0,center,,success,1,0,0,110,2.217147476188458,434.6369489019059,0.7717019859272661,7.420388015382688,21.250559648792702,17.118878074281888,1.5926450377160852,0.03999999880113385,0.3786838359924654,0.5225660906257954,0.10374473920751785
H0,map-corridor-01,7013,H0_map-corridor-01_seed307,2024,1.0,center,,success,1,0,0,104,2.2980080243699423,419.1656149669626,0.8001853793551376,6.735718238161095,19.22458204531883,17.029279488479535,1.5700973237936313,0.03999999881936954,0.3670081769950078,0.5272148732149687,0.11610119824760821
H0,map-corridor-01,7013,H0_map-corridor-01_seed307,2025,1.0,center,,success,1,0,0,108,2.591493137642591,429.1265126377296,0.7816114519778533,7.2034568633114215,19.37821612780646,17.028769200880294,1.5845418726956402,0.039999998898969755,0.37470699974399685,0.5267994250515821,0.10840904629252629
H0,map-corridor-01,7013,H0_map-corridor-01_seed307,2026,1.0,center,,success,1,0,0,112,2.18611179783267,437.1886669241842,0.7671978301375644,6.558530067323187,19.807522520793494,16.638789034966678,1.5843788832426071,0.0399999989063612,0.38203262251721176,0.5431557610115435,0.10329741931192211
H0,map-corridor-01,7013,H0_map-corridor-01_seed307,2027,1.0,center,,success,1,0,0,109,1.2088207393553438,428.97031168216193,0.781896060148528,7.013750092811858,22.577924425233483,17.017848276012376,1.5765688900553851,0.039999998832514524,0.3767947864824082,0.5145375307888613,0.10913716609789145
H0,map-corridor-01,7013,H0_map-corridor-01_seed307,2028,1.0,center,,success,1,0,0,107,1.991251536210607,423.42394567238114,0.7921379979876901,5.677478196943294,21.427256104592526,16.682222123203015,1.5604922055641068,0.03999999896666714,0.3743367829274799,0.538592359277411,0.11131483668884806
H0,map-corridor-01,7013,H0_map-corridor-01_seed307,2029,1.0,center,,success,1,0,0,104,2.3098944050593784,419.4411047106782,0.799659816021912,6.857677785717686,18.475169686921742,17.02165728854858,1.5706843665012946,0.03999999892682983,0.3657518941224384,0.5175306564129781,0.10998500047593575
H0,map-corridor-01,7013,H0_map-corridor-01_seed307,2030,1.0,center,,success,1,0,0,107,1.5026591343714997,425.1713498318662,0.788882404135665,6.969407326254425,20.236670283069646,16.623469450735417,1.5593799931980739,0.039999998897035545,0.3723470925365955,0.5476280599310298,0.11157063334287193
H0,map-corridor-01,7013,H0_map-corridor-01_seed307,2031,1.0,center,,success,1,0,0,108,1.4551640720054817,426.06079586972686,0.7872355304136551,5.462477474824526,23.410717258490507,16.773817599183364,1.5672877127373661,0.039999998864476326,0.3764595963656806,0.5381054441655848,0.10978729624690207
H0,map-corridor-01,7013,H0_map-corridor-01_seed307,2032,1.0,center,,success,1,0,0,106,2.987261075435374,421.9535847868994,0.7948983222748582,6.4582842531546065,19.51852680149522,16.729458475031127,1.5664411833826102,0.03999999900049758,0.37173947059876705,0.5435862579110589,0.11130068384234763
H0,map-corridor-01,7013,H0_map-corridor-01_seed307,2033,1.0,center,,success,1,0,0,109,2.050430775557196,430.1668913778887,0.7797210881353505,7.55080712873004,21.184999235939568,16.99157000960785,1.5771038056513584,0.039999998832514524,0.3756562417861374,0.5172909869141706,0.11269990384976873
H0,map-corridor-01,7013,H0_map-corridor-01_seed307,2034,1.0,center,,success,1,0,0,108,0.8674899862033146,429.9212664502916,0.7801665625762881,6.8494692285263,23.457079509813514,17.17698029365998,1.582122105139273,0.0399999988299829,0.3757005938038652,0.514850940529464,0.11287483513192412
H0,map-corridor-01,7013,H0_map-corridor-01_seed307,2035,1.0,center,,success,1,0,0,109,2.5654535045327713,429.02913978912096,0.7817888472326876,5.919761513212873,19.479116572591025,16.772570307137133,1.5811384484308575,0.03999999876416058,0.37805917396004074,0.5344529510603859,0.10598544573176415
H0,map-corridor-01,7013,H0_map-corridor-01_seed307,2036,1.0,center,,success,1,0,0,110,0.9405492854822888,432.66460464612953,0.7752198655105977,6.447217123591332,21.86162005208812,16.957296264952486,1.5848867362195795,0.0399999988688664,0.38029370577411475,0.5205098571192304,0.11077269480824795
H0,map-corridor-01,7013,H0_map-corridor-01_seed307,2037,1.0,center,,success,1,0,0,107,2.1782325558911713,426.92346944619396,0.7856447832677442,7.1831707278781485,20.674379184227345,17.093311649113584,1.5764843682262386,0.03999999896666714,0.3724968686589809,0.5196159023608768,0.11082435049420007
H0,map-corridor-01,7013,H0_map-corridor-01_seed307,2038,1.0,center,,success,1,0,0,105,2.604990930291263,420.7632572530921,0.7971470674855453,6.126318945393744,18.57904029538264,16.9247446629605,1.5699479455039616,0.039999999034972415,0.3691563203436021,0.5388555079997916,0.11329137894889524
H0,map-corridor-01,7013,H0_map-corridor-01_seed307,2039,1.0,center,,success,1,0,0,105,1.1586127999713596,420.08208917707634,0.7984396508835293,6.333265238135756,22.01812041586347,17.028618424185858,1.560020158972059,0.039999998751140776,0.37067460317642087,0.5245754317254371,0.1131690674782343
H0,map-corridor-01,7013,H0_map-corridor-01_seed307,2040,1.0,center,,success,1,0,0,105,2.8055887184584822,419.6197957713493,0.7993192885679145,6.117356624142816,19.997483406877365,16.942063367882064,1.5668819069862365,0.03999999899949346,0.3699527184213315,0.5251952710827547,0.11043235265267283
H0,map-corridor-01,7013,H0_map-corridor-01_seed307,2041,1.0,center,,success,1,0,0,104,2.4470469683354374,418.3610380868651,0.8017242670559743,6.763444581493943,20.176677188808846,16.87591681425,1.5592359808775096,0.03999999889100973,0.3670786001423704,0.5328115967612785,0.11208488091377235
H0,map-corridor-01,7013,H0_map-corridor-01_seed307,2042,1.0,center,,success,1,0,0,105,2.9857864983253144,417.97578921051604,0.8024632174473558,6.163122824879428,18.015028676122743,16.71907125908544,1.5629466630163646,0.039999999034972415,0.3697954041601363,0.534518870529497,0.10812963238284716
H0,map-corridor-01,7013,H0_map-corridor-01_seed307,2043,1.0,center,,success,1,0,0,105,2.9671792549831415,421.0513229504572,0.7966016928165177,6.7946652752112895,22.167686414304264,17.065758494909044,1.5687921575137547,0.03999999896401451,0.3683155792166532,0.52603556295369,0.11233878820606281
H0,map-corridor-01,7013,H0_map-corridor-01_seed307,2044,1.0,center,,success,1,0,0,106,2.1252291265575924,419.1945231421047,0.8001301975771907,5.942236238487233,19.555330667523876,16.41358990822721,1.5513434336995178,0.039999998930209085,0.3707511260401778,0.5441193742390855,0.11094594016442695
H0,map-corridor-01,7013,H0_map-corridor-01_seed307,2045,1.0,center,,success,1,0,0,106,2.172626623306275,424.35403603739564,0.7904018063714395,6.420165826950518,19.27415198683329,17.188169570156596,1.585355963909401,0.03999999889506484,0.3721820695821765,0.5083705001062591,0.11247433029224113
H0,map-corridor-01,7013,H0_map-corridor-01_seed307,2046,1.0,center,,success,1,0,0,110,2.6930105792783,435.9250035236074,0.7694217902479283,6.61696440700433,18.92008763736554,16.86551422528596,1.5829966485500335,0.0399999990043315,0.3793287802797418,0.5517096114937555,0.10861767145011655
H0,map-corridor-01,7013,H0_map-corridor-01_seed307,2047,1.0,center,,success,1,0,0,107,1.7746617218249443,424.75418057375254,0.7896571993050208,6.415845868292954,19.691760484784417,16.804042818505938,1.5681094176301331,0.03999999896666714,0.373248725440377,0.5407558894829354,0.10446411670925229
H0,map-corridor-01,7013,H0_map-corridor-01_seed307,2048,1.0,center,,success,1,0,0,107,2.7337452817523338,424.4055693177241,0.790305832141117,6.163416420886977,18.376620196326694,16.751005221411372,1.57848340384314,0.03999999900148294,0.3718639927340024,0.5337281289589852,0.10900377992082698
H0,map-corridor-01,7013,H0_map-corridor-01_seed307,2049,1.0,center,,success,1,0,0,110,1.064936333319567,429.32563735108783,0.7812489342458752,5.804694604149967,20.89456874269204,16.65293286748387,1.5691784208471125,0.039999998835000126,0.380725252466354,0.5407365836287764,0.10538978726593586
H0,map-corridor-01,7013,H0_map-corridor-01_seed307,2050,1.0,center,,success,1,0,0,107,1.76247138749237,424.05833651504463,0.7909529603436268,6.189345071480773,19.556472328128528,16.912132992045528,1.577490187693979,0.03999999893185134,0.37289702573592265,0.515367573563164,0.10921356816797116
H0,map-corridor-01,7013,H0_map-corridor-01_seed401,2001,1.0,center,,success,1,0,0,98,1.9958579137911168,373.9483993559219,0.8969424583784006,2.025377904606462,24.373745667690653,17.370101175227983,1.3217885889569108,0.03999999899189083,0.3566493057516191,0.5877051189065464,0.12226597222870955
H0,map-corridor-01,7013,H0_map-corridor-01_seed401,2002,1.0,center,,success,1,0,0,99,1.546419436257223,375.8920487233795,0.8923045799029343,3.9266911891167666,22.25786209991699,17.83701821380878,1.3495121243024113,0.03999999899304274,0.3554073458364682,0.5362070912043705,0.12346385648617277
H0,map-corridor-01,7013,H0_map-corridor-01_seed401,2003,1.0,center,,success,1,0,0,97,2.98747956751002,375.7526089322186,0.8926357093783281,2.682398334458994,22.80866814125558,17.91207412081296,1.3471254048888217,0.039999998990715165,0.3554171180604272,0.5705208215243232,0.12699556821516722
H0,map-corridor-01,7013,H0_map-corridor-01_seed401,2004,1.0,center,,success,1,0,0,99,1.2307041609343976,375.42152864984683,0.8934229153858764,2.876140678684457,22.38707180847138,17.306136269238422,1.3099523854978157,0.03999999899304274,0.35639632280875827,0.5796554817470035,0.12507171991842356
H0,map-corridor-01,7013,H0_map-corridor-01_seed401,2005,1.0,center,,success,1,0,0,99,1.4757754897227497,376.24176889221536,0.8914751746264934,3.984956758811531,21.304389605112036,17.654039879146815,1.3391072750091553,0.03999999895541355,0.3546500890131236,0.5607159421073667,0.11918814125158368
H0,map-corridor-01,7013,H0_map-corridor-01_seed401,2006,1.0,center,,success,1,0,0,97,2.3215910441180547,373.3532516796965,0.8983722389345098,2.569136327854382,22.825935945564215,18.04850361149948,1.3465151645473599,0.03999999891390506,0.3544942892169385,0.5468624317682511,0.1275045957954296
H0,map-corridor-01,7013,H0_map-corridor-01_seed401,2007,1.0,center,,success,1,0,0,98,2.1117136262573646,374.84227031104166,0.8948035565643312,3.973738957572081,24.014189802548117,17.862193979806367,1.3373447127488194,0.039999998801825,0.3531731264450395,0.5546989866665432,0.12001379510822206
H0,map-corridor-01,7013,H0_map-corridor-01_seed401,2008,1.0,center,,success,1,0,0,97,2.8224025279681895,374.42977257004765,0.8957893340658977,2.957796121612256,22.917401189837207,18.09536981029397,1.3646411735986925,0.039999998990715165,0.3538272041619396,0.5514215405972809,0.1208018900596414
H0,map-corridor-01,7013,H0_map-corridor-01_seed401,2009,1.0,center,,success,1,0,0,98,2.5347536381224343,377.5151681495651,0.8884681329998498,2.6344053427196177,24.88107183466063,17.97848336687342,1.3519190379551478,0.039999998801825,0.35808315130471535,0.5521800775503816,0.1263465369219637
H0,map-corridor-01,7013,H0_map-corridor-01_seed401,2010,1.0,center,,success,1,0,0,127,2.931268745907241,404.21943906637836,0.8297725547283478,2.587786340525483,23.116162341011968,17.231246877946614,1.3251465995480696,0.03999999802060953,0.403395723188369,0.5865630762794561,0.1264403088410406
H0,map-corridor-01,7013,H0_map-corridor-01_seed401,2011,1.0,center,,success,1,0,0,99,1.1849800901804595,375.1587147640375,0.8940487943507602,2.978872875321041,26.80758049108624,17.69476495985138,1.327683682393546,0.03999999884252596,0.3566361264128154,0.5590730906661713,0.13295314291072316
H0,map-corridor-01,7013,H0_map-corridor-01_seed401,2012,1.0,center,,success,1,0,0,97,1.8116968621382725,374.93461564334063,0.8945831689865359,2.764881834679798,24.84748793654128,17.807465881106666,1.3344401858516575,0.03999999895231011,0.35581053207425456,0.5585199919248423,0.1378149661340298
H0,map-corridor-01,7013,H0_map-corridor-01_seed401,2013,1.0,center,,success,1,0,0,97,2.170199834127826,374.575978165537,0.8954396869431389,2.8275646237744,23.445635306367695,17.72864452779414,1.3386195234416687,0.039999998837094944,0.355577822766735,0.5650962795390143,0.1290168431729921
H0,map-corridor-01,7013,H0_map-corridor-01_seed401,2014,1.0,center,,success,1,0,0,125,2.835218734694225,402.37325714167986,0.8335797438617224,2.906056599289057,22.65476065456747,17.175620271426045,1.3176493260860442,0.03999999791383743,0.3993232084577497,0.5736426027147099,0.12273767936676518
H0,map-corridor-01,7013,H0_map-corridor-01_seed401,2015,1.0,center,,success,1,0,0,98,1.8062557630982323,374.41071662270093,0.8958349260151284,3.227853185276352,23.720940269858144,17.38401370053093,1.3200111997370818,0.039999998953877666,0.35308557789598377,0.5877777637001507,0.12688413585371464
H0,map-corridor-01,7013,H0_map-corridor-01_seed401,2016,1.0,center,,success,1,0,0,97,2.9495114975277437,374.5309719628891,0.8955472890989721,2.5858218320774498,25.252854036998443,18.20352877896597,1.3583103252440383,0.03999999891390506,0.3548190914509885,0.5499672286750115,0.1182534704692627
H0,map-corridor-01,7013,H0_map-corridor-01_seed401,2017,1.0,center,,success,1,0,0,97,2.7719138823383696,375.91440008872456,0.8922515246710524,2.7598880431227277,22.079782328837126,18.248932637174775,1.3683414459228516,0.0399999988755,0.355076456538656,0.5372587921885178,0.12098869817793623
H0,map-corridor-01,7013,H0_map-corridor-01_seed401,2018,1.0,center,,success,1,0,0,99,1.547815976748617,375.94028250390943,0.8921900957008525,2.2891281375692736,26.361502165000477,17.47608753941054,1.3213506322918516,0.03999999884252596,0.3569282028002934,0.5758739203224053,0.1281866073746326
H0,map-corridor-01,7013,H0_map-corridor-01_seed401,2019,1.0,center,,success,1,0,0,128,2.743505472702852,405.9547472816208,0.8262255802425341,3.0345559031959843,21.356108063756164,17.134944011689576,1.320906919427216,0.0399999977380503,0.402487820910491,0.574433257781493,0.1257378670385905
H0,map-corridor-01,7013,H0_map-corridor-01_seed401,2020,1.0,center,,success,1,0,0,98,2.5707616236010504,374.2212163818433,0.8962885639352064,2.2417809720237902,23.1507160339611,17.40633528102936,1.324292825801032,0.0399999989158645,0.3556978534997876,0.5922061223109082,0.12655362716741875
H0,map-corridor-01,7013,H0_map-corridor-01_seed401,2021,1.0,center,,success,1,0,0,99,1.5876339612171388,375.7097433407432,0.8927375522459481,3.1496937738617685,21.398936684209126,17.661475877908586,1.338057000829716,0.03999999903067194,0.3541347753464311,0.5532107074942553,0.11981124790933612
H0,map-corridor-01,7013,H0_map-corridor-01_seed401,2022,1.0,center,,success,1,0,0,97,2.2948216397281573,374.60454570064303,0.8953714002525857,2.672837898200605,23.015957529468363,17.73216099388722,1.3404416534089552,0.03999999895231011,0.35631771748738045,0.5684780003382949,0.12804522647830113
H0,map-corridor-01,7013,H0_map-corridor-01_seed401,2023,1.0,center,,success,1,0,0,124,2.650148041966166,404.1874734578712,0.8298381781985843,2.772132122281862,21.824920981853708,17.256199734310954,1.324802078306675,0.03999999811452243,0.39841619872757794,0.5719127520212843,0.11884743973237077
H0,map-corridor-01,7013,H0_map-corridor-01_seed401,2024,1.0,center,,success,1,0,0,99,2.262989873891571,374.57333988032997,0.8954459939197128,3.2485159418160023,21.166756450818554,17.58440894595198,1.3304007724680083,0.03999999891778435,0.3565511140583639,0.5610419310055522,0.11752208191813325
H0,map-corridor-01,7013,H0_map-corridor-01_seed401,2025,1.0,center,,success,1,0,0,97,2.8668458051629653,375.78499232855313,0.89255878620005,2.6885735339163825,22.468720312505933,18.277434779498332,1.363393387843653,0.03999999891390506,0.3546784690125465,0.5479932813857173,0.12250689276758839
H0,map-corridor-01,7013,H0_map-corridor-01_seed401,2026,1.0,center,,success,1,0,0,96,2.886791463448013,374.4972856694491,0.8956278442055761,3.0850787788286382,27.10090543120461,18.0727045864739,1.3540061476329963,0.03999999891190479,0.35472760412676424,0.5610706388415565,0.12631106392342276
H0,map-corridor-01,7013,H0_map-corridor-01_seed401,2027,1.0,center,,success,1,0,0,125,2.679132901545613,404.5348556025971,0.8291255796125153,2.682592979040766,20.395632016345104,17.327831066714968,1.324912519454956,0.039999998152256015,0.3984827791614232,0.5767516100481153,0.12124668279559911
H0,map-corridor-01,7013,H0_map-corridor-01_seed401,2028,1.0,center,,success,1,0,0,98,2.2226629730601206,373.58294646255007,0.8978198812364465,2.1803737948442503,24.94603929987616,17.35525518763427,1.3152560904926183,0.03999999910593033,0.35786166812979225,0.587322532926325,0.12212254454149983
H0,map-corridor-01,7013,H0_map-corridor-01_seed401,2029,1.0,center,,success,1,0,0,100,2.51841066828001,375.822768339817,0.8924690702126177,3.9668715855039167,21.97275472781042,17.450227162331025,1.329785946905613,0.039999999031424524,0.3564493799695195,0.5539729843474924,0.12201939748888087
H0,map-corridor-01,7013,H0_map-corridor-01_seed401,2030,1.0,center,,success,1,0,0,99,1.4787823306513792,375.63691014440815,0.892910647401569,2.6223491859488393,23.184260988261265,17.243869348146646,1.3089869850211673,0.03999999895541355,0.3588162550249493,0.5936100868969177,0.13136802826315544
H0,map-corridor-01,7013,H0_map-corridor-01_seed401,2031,1.0,center,,success,1,0,0,97,2.1698334730497186,373.0313470412885,0.8991474826051121,2.592318697897504,25.175664488585387,17.64517025562884,1.3344102987309092,0.039999998990715165,0.3564404663156358,0.5849906041661335,0.12134329258696223
H0,map-corridor-01,7013,H0_map-corridor-01_seed401,2032,1.0,center,,success,1,0,0,99,1.759916882660223,376.6604581759063,0.8904842261629882,2.178770748109561,22.41061973933564,17.556443441942914,1.3290285847403787,0.03999999884252596,0.3576024652904391,0.5707114765872107,0.12643614752268223
H0,map-corridor-01,7013,H0_map-corridor-01_seed401,2033,1.0,center,,success,1,0,0,97,2.6231068258504564,377.02097302338876,0.8896327276842529,2.696902555369773,27.22682598614812,18.381734245586244,1.3579767954718207,0.0399999988755,0.3545127475440343,0.5456701362572765,0.13480042710152118
H0,map-corridor-01,7013,H0_map-corridor-01_seed401,2034,1.0,center,,success,1,0,0,97,2.9247001937345307,376.10285721319633,0.891804436451912,2.7977794479049334,26.087282275134633,18.289644915218528,1.3635712567063951,0.03999999895231011,0.3554136598870808,0.548021107489608,0.12674705697423894
H0,map-corridor-01,7013,H0_map-corridor-01_seed401,2035,1.0,center,,success,1,0,0,98,2.3172481082388106,376.80308199540747,0.8901471687778194,2.4635857489911106,23.28363638670361,17.969321149152673,1.3558661329502961,0.0399999989158645,0.3572790090180641,0.5537911835079062,0.12724365497094786
H0,map-corridor-01,7013,H0_map-corridor-01_seed401,2036,1.0,center,,success,1,0,0,125,2.876061604960477,403.12142618707895,0.8320326701496453,2.4022409404018528,21.245630273187075,17.306188555562517,1.323196837902069,0.03999999788403511,0.39966081574947565,0.5765954184569418,0.12471986316851318
H0,map-corridor-01,7013,H0_map-corridor-01_seed401,2037,1.0,center,,success,1,0,0,98,2.1969915143536847,376.75607974093356,0.8902582192053928,2.905642048541557,22.932887990131082,18.208768689165044,1.3575408531694997,0.039999998801825,0.3561868770222783,0.5450303324210761,0.1240416609371514
H0,map-corridor-01,7013,H0_map-corridor-01_seed401,2038,1.0,center,,success,1,0,0,99,1.3466638923253524,375.0429197477078,0.8943248331433631,3.672347509400076,21.655160241181626,17.51498905903479,1.3305642692127613,0.03999999891778435,0.35544609424982665,0.5647652612556938,0.12530641367490777
H0,map-corridor-01,7013,H0_map-corridor-01_seed401,2039,1.0,center,,success,1,0,0,99,1.4299648372245755,375.3296434387207,0.8936416360615284,2.7027624040264846,22.67290806167352,17.55466144177452,1.3257443682111876,0.03999999888015516,0.35739179887238004,0.5683441378947611,0.1278766949833175
H0,map-corridor-01,7013,H0_map-corridor-01_seed401,2040,1.0,center,,success,1,0,0,99,1.651636784283734,374.63002824416856,0.895310496590417,3.2490283237633557,24.80155101445774,17.61058377917533,1.330454297137983,0.03999999899304274,0.3560909117095212,0.5534672692766168,0.12848816044743672
H0,map-corridor-01,7013,H0_map-corridor-01_seed401,2041,1.0,center,,success,1,0,0,99,2.6605155240513696,373.6201292401275,0.897730529955999,2.584541912870109,21.463001385691015,17.437948581962097,1.3253538021535585,0.03999999903067194,0.35657849259291563,0.5779477451619871,0.11881442338716101
H0,map-corridor-01,7013,H0_map-corridor-01_seed401,2042,1.0,center,,success,1,0,0,98,2.467157814404434,373.9441579544163,0.8969526318040644,3.3651296457764106,21.40311542169529,17.52085781020107,1.3261471852964284,0.03999999899189083,0.35291079317616914,0.5821172896468517,0.12098378981274742
H0,map-corridor-01,7013,H0_map-corridor-01_seed401,2043,1.0,center,,success,1,0,0,98,1.6723386117910164,373.5047833764361,0.8980077673782452,3.5510738419407963,24.466736779366595,17.655831126200468,1.3284824423644008,0.03999999899189083,0.35415486366604226,0.5550812887388985,0.1215313485297648
H0,map-corridor-01,7013,H0_map-corridor-01_seed401,2044,1.0,center,,success,1,0,0,98,2.6514795762674077,372.50549614833653,0.9004167726196549,1.6120075098468274,21.302350852064396,17.247117866568917,1.3179124910004285,0.039999999029904,0.35537668177505394,0.6065341369534025,0.11680313499003116
H0,map-corridor-01,7013,H0_map-corridor-01_seed401,2045,1.0,center,,success,1,0,0,97,2.74730611686884,375.68700014276226,0.8927915964553246,3.1649882664722186,22.404543486489878,18.17998731239741,1.3595554312479865,0.039999998837094944,0.3535294125387588,0.5452791870374847,0.12275253036900924
H0,map-corridor-01,7013,H0_map-corridor-01_seed401,2046,1.0,center,,success,1,0,0,98,2.404905440061608,376.4393302304615,0.8910073142984969,2.329334858468833,24.712559390426776,17.81768263268068,1.3483035029197226,0.03999999899189083,0.35917445004182696,0.5656608492801232,0.13669925651087184
H0,map-corridor-01,7013,H0_map-corridor-01_seed401,2047,1.0,center,,success,1,0,0,98,1.733413509584685,374.6836422800956,0.8951823852887386,2.5758325940189164,27.09452010438672,17.637056103598102,1.3315004809778563,0.03999999887785133,0.35716324209178907,0.5799309489250716,0.1295739748769504
H0,map-corridor-01,7013,H0_map-corridor-01_seed401,2048,1.0,center,,success,1,0,0,99,2.1598141015593435,374.94982903794283,0.8945468717390103,3.7442841070491277,21.505247695559344,17.595074019438083,1.34282159985918,0.03999999891778435,0.35483983120104784,0.5483156747956093,0.11831807918428348
H0,map-corridor-01,7013,H0_map-corridor-01_seed401,2049,1.0,center,,success,1,0,0,96,2.6661001965457514,373.14978891290633,0.8988620832457543,2.332545405223591,23.55328518639436,17.82455894029465,1.3337900197754304,0.03999999891190479,0.35479640271366125,0.5868764672704856,0.13219943378962176
H0,map-corridor-01,7013,H0_map-corridor-01_seed401,2050,1.0,center,,success,1,0,0,97,2.492865952448603,374.1493630420314,0.8964606912541744,3.615954243059619,21.763816434874354,18.078298760464538,1.3528272595602213,0.03999999902912022,0.35226441310403594,0.5522641648451999,0.11955234515729106
H0,map-corridor-01,7013,H0_map-corridor-01_seed503,2001,1.0,center,,success,1,0,0,104,1.5721938710349352,418.5046816161914,0.8014490909150008,2.7417894786707824,26.42737479428153,17.39421805202883,1.6015893114873996,0.039999998855189636,0.36650500241239076,0.5304701241592948,0.10279646038861343
H0,map-corridor-01,7013,H0_map-corridor-01_seed503,2002,1.0,center,,success,1,0,0,118,2.897006907075797,421.8373813241444,0.7951172927636673,3.4697015428198057,23.862003861290553,17.143228653124165,1.5635032704321004,0.039999998032541596,0.38645480654700576,0.5183613225620366,0.11135266017965335
H0,map-corridor-01,7013,H0_map-corridor-01_seed503,2003,1.0,center,,success,1,0,0,103,2.7818394538195164,417.3942514912437,0.8035812554356774,3.2312214442159153,23.58541377642529,17.581539695168864,1.6080912768262103,0.03999999896125886,0.36544983646982165,0.5378134705723056,0.09889625997790047
H0,map-corridor-01,7013,H0_map-corridor-01_seed503,2004,1.0,center,,success,1,0,0,101,2.438548612849645,409.692646268445,0.8186873737665185,2.8751844940309623,30.876837242037098,17.541405713857998,1.602612565059473,0.03999999884774189,0.35970382023215935,0.49528119694625977,0.10498925358539134
H0,map-corridor-01,7013,H0_map-corridor-01_seed503,2005,1.0,center,,success,1,0,0,100,2.3711013207453058,408.94887303813977,0.8201763563576006,3.3789127727748323,26.594649970988353,17.67236155735046,1.6088203966617585,0.03999999891966581,0.3573391612526843,0.4893214225675911,0.112374222906263
H0,map-corridor-01,7013,H0_map-corridor-01_seed503,2006,1.0,center,,success,1,0,0,102,2.9075180012030573,415.76660068494454,0.8067271302514564,3.100028179989643,31.396317208391018,17.802490120371026,1.6029682732095905,0.039999998813750694,0.36234829164549537,0.5147289085731495,0.11012796181981276
H0,map-corridor-01,7013,H0_map-corridor-01_seed503,2007,1.0,center,,success,1,0,0,101,2.438239806508688,411.76252295799867,0.8145719387365945,2.975801157165937,28.48409506638673,17.722601340893206,1.6037015265757495,0.03999999884774189,0.3597944160888294,0.4939566394198907,0.11222558189704895
H0,map-corridor-01,7013,H0_map-corridor-01_seed503,2008,1.0,center,,success,1,0,0,119,2.774384704948306,423.9349717710991,0.7911831270340939,3.0429462078420175,26.231737300698814,17.18597756838559,1.5537686778717683,0.03999999785373191,0.3885098366231426,0.5291701277811863,0.1143886740786861
H0,map-corridor-01,7013,H0_map-corridor-01_seed503,2009,1.0,center,,success,1,0,0,103,2.9639281530102903,417.42722993784133,0.803517769252653,3.2554874277304675,31.058638220340608,17.736541427381525,1.59911653254796,0.039999998888923124,0.3653355466915982,0.5207867764097015,0.10774281723803603
H0,map-corridor-01,7013,H0_map-corridor-01_seed503,2010,1.0,center,,success,1,0,0,104,2.7491293370885406,419.6952447747964,0.7991755941979893,3.976953097079531,28.851337949843117,17.743646811888777,1.6059232950210571,0.03999999892682983,0.36829593159877405,0.5278406669654382,0.1048185977937768
H0,map-corridor-01,7013,H0_map-corridor-01_seed503,2011,1.0,center,,success,1,0,0,100,1.9577084187258809,408.0192330338352,0.8220450642265543,3.0465986328320693,28.580830501124534,17.69618891157011,1.6002343595027924,0.039999999031424524,0.3576647667619249,0.4735930453799665,0.11124445003434098
H0,map-corridor-01,7013,H0_map-corridor-01_seed503,2012,1.0,center,,success,1,0,0,104,1.9919016250151602,418.6629561446009,0.8011461050046234,3.915538926458219,25.38865015815383,17.568501732107386,1.6064565250506768,0.03999999881936954,0.3681280302612874,0.5244635436773444,0.10386982848818388
H0,map-corridor-01,7013,H0_map-corridor-01_seed503,2013,1.0,center,,success,1,0,0,104,2.580048805493637,416.25719044957776,0.8057763428968262,3.8515910208239226,29.43828522723386,17.45195264309186,1.5950032564309926,0.039999998783549436,0.367280784431871,0.5115450447483454,0.1072160678663867
H0,map-corridor-01,7013,H0_map-corridor-01_seed503,2014,1.0,center,,success,1,0,0,117,2.8093335407257216,422.31835091202163,0.7942117502131513,3.09048020558434,26.354364740758093,17.335302814649825,1.5612981772830343,0.0399999981188876,0.3874586972708602,0.5115425875131837,0.11879508648591619
H0,map-corridor-01,7013,H0_map-corridor-01_seed503,2015,1.0,center,,success,1,0,0,102,2.2067789051717273,410.3690249875531,0.8173379962952657,3.5339945812731557,29.017221944492093,17.265729755365072,1.6013652857612162,0.039999998886795604,0.3606887239662802,0.5035193042427886,0.10261862690150582
H0,map-corridor-01,7013,H0_map-corridor-01_seed503,2016,1.0,center,,success,1,0,0,121,2.2198202497782438,427.49371904904154,0.7845967827810135,2.8301256010573876,23.88549824129545,17.284982771244504,1.5422220028136386,0.03999999808994206,0.3923252689742775,0.5528121800238867,0.11610522525822675
H0,map-corridor-01,7013,H0_map-corridor-01_seed503,2017,1.0,center,,success,1,0,0,124,2.811430783265276,432.9539143552123,0.7747018458638645,2.922554117821076,25.51651892384856,16.887001553215317,1.5382591860909616,0.03999999799435177,0.3959364723361168,0.5752629122279975,0.11485314735173474
H0,map-corridor-01,7013,H0_map-corridor-01_seed503,2018,1.0,center,,success,1,0,0,101,2.326672005411473,410.7019133744288,0.8166755150205051,2.9431018407830782,25.597455899696733,17.38498293376694,1.6037036333933916,0.03999999888462595,0.3597391437652903,0.5085520090738146,0.1033146793088682
H0,map-corridor-01,7013,H0_map-corridor-01_seed503,2019,1.0,center,,success,1,0,0,121,2.193710468952908,429.3377751844429,0.7812268475115584,3.3024702738651115,24.413208951100575,17.088067047125005,1.543559940393306,0.03999999812072959,0.39318108589485307,0.5635420364281547,0.11054818443708175
H0,map-corridor-01,7013,H0_map-corridor-01_seed503,2020,1.0,center,,success,1,0,0,101,2.619702260479568,409.3267581134025,0.819419180341111,2.936626576495123,26.107628086047104,17.429912319019046,1.6049295888088717,0.039999999032162205,0.36101942994516556,0.5078558237983448,0.09959314983231397
H0,map-corridor-01,7013,H0_map-corridor-01_seed503,2021,1.0,center,,success,1,0,0,104,2.6549172413087447,418.85409368684134,0.800780514456998,2.854676454607437,27.952080482569084,17.457614339032624,1.6037247031927109,0.03999999892682983,0.36353722848360986,0.524738684314518,0.10461843866049711
H0,map-corridor-01,7013,H0_map-corridor-01_seed503,2022,1.0,center,,success,1,0,0,105,1.5932473879531384,418.9265180602566,0.8006420748393027,3.675159405309252,23.72959223158708,17.20557019917093,1.6013666465168908,0.03999999885757764,0.369815588779336,0.521445348832224,0.1005489918009649
H0,map-corridor-01,7013,H0_map-corridor-01_seed503,2023,1.0,center,,success,1,0,0,124,2.2202847754040973,434.741534467206,0.7715163379455514,2.810764168580308,28.704195541553148,17.118889398201585,1.533858996245169,0.03999999802439443,0.39643744974952616,0.5754110499425048,0.11508183938181875
H0,map-corridor-01,7013,H0_map-corridor-01_seed503,2024,1.0,center,,success,1,0,0,100,1.804015540559645,409.03320622338947,0.8200072549654746,2.9281470408343204,26.44068667006315,17.647706565519137,1.6041483068466187,0.039999999031424524,0.3577619239458089,0.4802881858323235,0.11089040322709122
H0,map-corridor-01,7013,H0_map-corridor-01_seed503,2025,1.0,center,,success,1,0,0,118,2.557178801465909,423.71997312352266,0.7915845792031848,2.8027532036676965,26.16147724663237,17.396502119418393,1.5603182396646273,0.03999999796940108,0.38779431379642987,0.5263849948138252,0.11411689548749769
H0,map-corridor-01,7013,H0_map-corridor-01_seed503,2026,1.0,center,,success,1,0,0,105,2.7896557149336196,420.24027165466975,0.7981391105243479,3.851539632248109,25.998259092042947,17.50859104979684,1.6034123534247988,0.03999999885757764,0.36948152172684734,0.5313517002921019,0.0988358944817896
H0,map-corridor-01,7013,H0_map-corridor-01_seed503,2027,1.0,center,,success,1,0,0,126,2.412402703555404,434.6402171477966,0.7716961831696177,2.763611037523179,24.809468797618667,16.74153526767869,1.518620289980419,0.03999999786416689,0.3983944949864616,0.5843992258998609,0.11456907238354577
H0,map-corridor-01,7013,H0_map-corridor-01_seed503,2028,1.0,center,,success,1,0,0,101,1.7664868322784393,409.1116812335995,0.8198499627622511,3.4227764415163797,27.79997793236489,17.494727847874643,1.5977906744078834,0.03999999899527814,0.3614683332930903,0.48346378596149164,0.10580581901604269
H0,map-corridor-01,7013,H0_map-corridor-01_seed503,2029,1.0,center,,success,1,0,0,122,2.2475617650857767,428.31584575464893,0.7830907960783235,2.949873763394365,22.778093800438274,17.00240763331766,1.5443446875595657,0.03999999764024234,0.3925150248242932,0.5534669285311867,0.11643032095718847
H0,map-corridor-01,7013,H0_map-corridor-01_seed503,2030,1.0,center,,success,1,0,0,102,2.2304893208033825,411.6486390285993,0.8147972927020071,3.2386788175923793,27.488298044209706,17.286902818498113,1.5853907647086125,0.039999998813750694,0.36252433703768777,0.4907653678936756,0.10734003581951944
H0,map-corridor-01,7013,H0_map-corridor-01_seed503,2031,1.0,center,,success,1,0,0,103,1.5791951573636862,415.98429359487284,0.8063049537914153,3.352940951492378,29.572975031543848,17.441114593335943,1.6047107120162074,0.03999999892509099,0.3654042694744475,0.5287052080333594,0.09754579717110887
H0,map-corridor-01,7013,H0_map-corridor-01_seed503,2032,1.0,center,,success,1,0,0,102,2.4148024099781007,414.22400432399417,0.809731433049979,2.8839060362047535,25.32872976014166,17.440654085145912,1.6083093028442532,0.039999998886795604,0.3627692008647071,0.5290858602498238,0.09946680899564826
H0,map-corridor-01,7013,H0_map-corridor-01_seed503,2033,1.0,center,,success,1,0,0,122,2.649163285633285,428.9000015961799,0.7820242372970788,2.7721165330298083,29.730622169933614,17.19122836323804,1.5355106983028475,0.03999999773184784,0.39324178593403153,0.5655511979922102,0.11396823329661425
H0,map-corridor-01,7013,H0_map-corridor-01_seed503,2034,1.0,center,,success,1,0,0,121,2.9468554448784308,429.4650086797876,0.7809954008966837,3.140936110994167,28.924134846743037,17.347894340503842,1.5495664117750056,0.039999997966791975,0.3926008542709384,0.5586111649085791,0.11410166510830519
H0,map-corridor-01,7013,H0_map-corridor-01_seed503,2035,1.0,center,,success,1,0,0,124,2.724605384844576,432.95624871013945,0.7746976689312614,3.0379190622975365,23.6177277408307,16.81193556733969,1.5298763431849018,0.03999999796430911,0.3964101049740588,0.5853312437651649,0.10960985157892991
H0,map-corridor-01,7013,H0_map-corridor-01_seed503,2036,1.0,center,,success,1,0,0,123,2.3028914258964504,429.942655881169,0.7801277496822084,2.925185418225382,25.538680322490034,17.032379158648904,1.530457384702636,0.039999997712732334,0.39519106071361665,0.5667682156246913,0.11429467500139852
H0,map-corridor-01,7013,H0_map-corridor-01_seed503,2037,1.0,center,,success,1,0,0,101,2.5585759919062845,412.61647910420606,0.8128860906213609,2.8325405702016795,27.26894410408326,17.700889634788176,1.6003351093518852,0.03999999884774189,0.3599000755035934,0.4905727779501957,0.11512774923991717
H0,map-corridor-01,7013,H0_map-corridor-01_seed503,2038,1.0,center,,success,1,0,0,100,1.9430189445485093,408.5550620778817,0.8209669338548795,3.1354564903620172,30.788794383183,17.624081438125717,1.6050054013729096,0.03999999895691872,0.35761012763248273,0.49580443842336536,0.10955328732165674
H0,map-corridor-01,7013,H0_map-corridor-01_seed503,2039,1.0,center,,success,1,0,0,100,1.8424245263790295,408.19290701113295,0.8216953084288174,3.038661787017699,28.016255974362153,17.636732961008978,1.6000189280509949,0.039999998807907104,0.3582250010164772,0.48011584308813327,0.1095412707547943
H0,map-corridor-01,7013,H0_map-corridor-01_seed503,2040,1.0,center,,success,1,0,0,99,2.877257768019017,404.8862128892092,0.8284060705143058,2.980236630246188,29.05814421614791,17.515583349623697,1.5946352734710232,0.03999999895541355,0.3554258101481333,0.47508947455883965,0.11365873266269896
H0,map-corridor-01,7013,H0_map-corridor-01_seed503,2041,1.0,center,,success,1,0,0,100,2.343003381260047,408.9024850698199,0.8202694013163001,2.6952160489172283,28.509675834485947,17.536842489663456,1.6014946329593658,0.03999999895691872,0.3580293485045537,0.49866648845374584,0.10634480714007621
H0,map-corridor-01,7013,H0_map-corridor-01_seed503,2042,1.0,center,,success,1,0,0,102,2.60549677669563,413.21649581957473,0.811705728155201,2.672455203429454,25.096849807643345,17.40817890467421,1.6093318742864273,0.039999998996362966,0.36244643308938024,0.525736358354562,0.09981714797923169
H0,map-corridor-01,7013,H0_map-corridor-01_seed503,2043,1.0,center,,success,1,0,0,100,2.221460138160461,409.45808752875706,0.819156360176698,3.0085883476711612,31.04727275126296,17.858418527580362,1.5990746557712554,0.03999999888241291,0.35776377195124254,0.4882598204631358,0.11213158228779595
H0,map-corridor-01,7013,H0_map-corridor-01_seed503,2044,1.0,center,,success,1,0,0,104,1.039360998448618,416.20676010861484,0.8058739760436342,2.3456308394255636,27.68729886068263,17.175101992485494,1.5992558661561747,0.03999999881936954,0.36601928031484093,0.5249585781174784,0.10097375285669957
H0,map-corridor-01,7013,H0_map-corridor-01_seed503,2045,1.0,center,,success,1,0,0,121,2.7061326947475504,425.2557907261281,0.7887257597415723,2.834701518652964,24.936381602404122,16.935547363585624,1.5252593184305616,0.03999999802836702,0.39160467700044754,0.4747029617469669,0.11811261603724929
H0,map-corridor-01,7013,H0_map-corridor-01_seed503,2046,1.0,center,,success,1,0,0,105,1.9965084016488834,423.74329142546355,0.7915410188481229,4.014562582292696,25.651255865000373,17.52719956633271,1.602836485136123,0.03999999878661973,0.3695661564355652,0.539316486088293,0.10230371850456371
H0,map-corridor-01,7013,H0_map-corridor-01_seed503,2047,1.0,center,,success,1,0,0,102,1.074887911911776,413.1781591651745,0.8117810421118676,3.280556607865174,30.852074193176914,17.53480019110269,1.6038394570350647,0.039999998923318056,0.3630121650551601,0.5116769975010196,0.1020151688860667
H0,map-corridor-01,7013,H0_map-corridor-01_seed503,2048,1.0,center,,success,1,0,0,101,2.415370273574053,410.1300562933787,0.817814231066838,3.4120687212125347,31.29675445645659,17.51278262876052,1.6027666460169423,0.03999999884774189,0.3586531726415784,0.4933081186367291,0.1085580064542564
H0,map-corridor-01,7013,H0_map-corridor-01_seed503,2049,1.0,center,,success,1,0,0,103,2.835076301064783,414.6768133293666,0.8088472416193697,4.0063621870028925,25.42406729238627,17.455069799258435,1.6055455612904816,0.03999999885275526,0.36635310397764675,0.5268165125642695,0.09692479132096081
H0,map-corridor-01,7013,H0_map-corridor-01_seed503,2050,1.0,center,,success,1,0,0,118,2.756479836436962,422.07947458055787,0.7946612352052487,3.0402531934724237,24.34282023440979,17.216025346045583,1.5583826293379575,0.0399999978115498,0.3872111614334558,0.5232817391130947,0.11408341671179405
H0,map-barrier-01,7019,H0_map-barrier-01_seed101,2001,1.0,center,,success,1,0,0,89,2.27110526168404,353.2809790776506,0.9494148184843143,14.492496385733363,20.435845596125557,15.911439139008326,1.5865499169638988,0.03999999877107277,0.370868059635979,0.49845331321794834,0.10683014967745502
H0,map-barrier-01,7019,H0_map-barrier-01_seed101,2002,1.0,center,,success,1,0,0,87,1.1021628078040846,352.0261384401636,0.9527991248353864,12.254804495105567,17.70995534641027,16.417048585529873,1.5988433813226635,0.03999999872055547,0.37126481507267334,0.4710669595207591,0.10799534244167076
H0,map-barrier-01,7019,H0_map-barrier-01_seed101,2003,1.0,center,,success,1,0,0,86,2.7311936655845606,351.21132155973237,0.9550096367492057,13.735093887306377,17.647359128893804,16.8216633600108,1.6054577564084254,0.03999999897597834,0.36732701157552244,0.47457370982535163,0.10629226090328897
H0,map-barrier-01,7019,H0_map-barrier-01_seed101,2004,1.0,center,,success,1,0,0,89,2.553078759851803,353.1453900846659,0.9497793431327379,15.528236600228364,18.477378940608702,15.895733683913251,1.5873311449972431,0.03999999902221594,0.3715142570796361,0.5083474811124667,0.10968149932038503
H0,map-barrier-01,7019,H0_map-barrier-01_seed101,2005,1.0,center,,success,1,0,0,87,2.242946058512585,350.98027454172956,0.955638310622753,13.465353935570633,17.4327499338988,16.041770691064187,1.589593899661097,0.03999999884901376,0.3695411832784283,0.4989943242934265,0.1076704053603869
H0,map-barrier-01,7019,H0_map-barrier-01_seed101,2006,1.0,center,,success,1,0,0,86,1.5578331676940318,351.96194872379476,0.9529728933515611,12.578592478060896,17.920630720543834,16.86849487829618,1.6050714642502542,0.039999998889343684,0.36945290185636726,0.47114409681756136,0.1062809797650358
H0,map-barrier-01,7019,H0_map-barrier-01_seed101,2007,1.0,center,,success,1,0,0,88,2.133294373489289,352.898919316537,0.9504426856125286,13.820252389408566,19.752669887467757,16.456962498057536,1.5978288745338267,0.03999999885193326,0.3715669600805811,0.4846859687769955,0.1033888307101663
H0,map-barrier-01,7019,H0_map-barrier-01_seed101,2008,1.0,center,,success,1,0,0,88,1.3175718066379085,353.3843387497843,0.94913712874655,13.088911428326416,18.248838185773298,16.503700839885354,1.5988124439662152,0.039999998809600416,0.37274262114768747,0.4703659213370305,0.1015055966193546
H0,map-barrier-01,7019,H0_map-barrier-01_seed101,2009,1.0,center,,success,1,0,0,87,1.1917878767404768,354.14934425278665,0.9470868775223753,14.352569405847305,19.701703255787294,16.873440622462017,1.6016516959530183,0.0399999987633749,0.3696529750431967,0.4659216091914595,0.1041760366400606
H0,map-barrier-01,7019,H0_map-barrier-01_seed101,2010,1.0,center,,success,1,0,0,87,1.7068411450540801,353.7795036408491,0.9480769608560228,13.476872674069355,20.350878547189485,17.165435182585842,1.603816251645143,0.0399999987633749,0.37055423632205536,0.4532391674249251,0.10579330574417146
H0,map-barrier-01,7019,H0_map-barrier-01_seed101,2011,1.0,center,,success,1,0,0,88,2.138811170087724,351.97897832876686,0.9529267861891392,13.960720077287533,19.83956137642582,16.202172104153096,1.5911682187156244,0.03999999889426611,0.3716627247257616,0.4897232066670602,0.10953388342522045
H0,map-barrier-01,7019,H0_map-barrier-01_seed101,2012,1.0,center,,success,1,0,0,87,1.9211786950383947,353.5948895473588,0.9485719577404844,13.907913117483387,17.38305104098336,17.078015717086206,1.604062435270726,0.03999999897747204,0.37102186043327035,0.45881596573189587,0.10193935076403708
H0,map-barrier-01,7019,H0_map-barrier-01_seed101,2013,1.0,center,,success,1,0,0,87,2.081054127756933,352.59403134332916,0.9512645331717814,13.823998125874496,18.352404808324682,16.60955822874666,1.5970919221297077,0.03999999880619433,0.36977652688830503,0.4680280626735425,0.10693446527393799
H0,map-barrier-01,7019,H0_map-barrier-01_seed101,2014,1.0,center,,success,1,0,0,85,2.2602926553221017,350.5784668106631,0.956733594268679,12.325957134174743,19.70499699841027,17.248069959457954,1.6083850313635433,0.039999998930622546,0.3695295294875733,0.4583054276636925,0.1043033053832093
H0,map-barrier-01,7019,H0_map-barrier-01_seed101,2015,1.0,center,,success,1,0,0,90,2.3028741418180423,355.09954553788043,0.9445525933211548,14.909308075917437,18.843514848861734,15.900721352454953,1.5824363105826909,0.039999998898969755,0.37164691765973784,0.4851887247990817,0.106470710425188
H0,map-barrier-01,7019,H0_map-barrier-01_seed101,2016,1.0,center,,success,1,0,0,87,1.5895274138449984,353.4693624199807,0.9489088228994655,13.370432489031685,19.052499141840055,17.150372179159405,1.6104205072611228,0.03999999880619433,0.3718897855865962,0.465887185464474,0.10195704009253957
H0,map-barrier-01,7019,H0_map-barrier-01_seed101,2017,1.0,center,,success,1,0,0,86,1.2766890963117274,353.6541126023287,0.9484131095122458,13.70674736671037,17.331304795500685,17.271826879256718,1.616131449854651,0.03999999893266101,0.3687654342761977,0.46709946706501204,0.10384035804093825
H0,map-barrier-01,7019,H0_map-barrier-01_seed101,2018,1.0,center,,success,1,0,0,89,1.9218687785677648,354.61117270960506,0.9458534373355448,14.850855733234454,19.15763537781354,16.24666125291765,1.5902122239048562,0.03999999877107277,0.3707841544693467,0.49429584732750076,0.1061643196657755
H0,map-barrier-01,7019,H0_map-barrier-01_seed101,2019,1.0,center,,success,1,0,0,86,2.06992299690694,353.5662671671491,0.9486487478354453,13.45801292947566,16.974313266433814,17.27751448454461,1.6137375291003737,0.039999998889343684,0.36882417259426203,0.4694931685550918,0.10165942004490724
H0,map-barrier-01,7019,H0_map-barrier-01_seed101,2020,1.0,center,,success,1,0,0,90,1.902352466539469,355.33332989415663,0.9439311441031364,15.557616662511167,17.79772187618698,16.145982594772708,1.5897954563299814,0.03999999885757764,0.3725560021444036,0.4927205614797357,0.10947774602380307
H0,map-barrier-01,7019,H0_map-barrier-01_seed101,2021,1.0,center,,success,1,0,0,87,2.662237191494421,350.24535435601774,0.9576435274685482,13.604894499578961,17.424670704932158,15.997154430871367,1.5930997859472515,0.039999998934652614,0.36832642605429905,0.48899950124537467,0.1103747322747932
H0,map-barrier-01,7019,H0_map-barrier-01_seed101,2022,1.0,center,,success,1,0,0,88,2.272654882167818,354.724559261106,0.9455510983610228,14.575522535387435,17.999598879564687,16.746875870811294,1.5953171070326457,0.039999998809600416,0.370599838644544,0.4680709579419768,0.10805072617669659
H0,map-barrier-01,7019,H0_map-barrier-01_seed101,2023,1.0,center,,success,1,0,0,84,1.8655088125669723,351.68619906198194,0.9537200991098745,11.313149815227519,20.563046759707575,17.492126229306777,1.614808316741671,0.03999999897288425,0.3669336317831969,0.4741528370206998,0.10727410537279118
H0,map-barrier-01,7019,H0_map-barrier-01_seed101,2024,1.0,center,,success,1,0,0,89,1.8782003519989392,352.91648719142006,0.9503953734047107,14.333371323294514,17.36154961210978,16.07319384328544,1.5891155747885115,0.03999999877107277,0.3733803426371777,0.4880661620455009,0.10753303984312328
H0,map-barrier-01,7019,H0_map-barrier-01_seed101,2025,1.0,center,,success,1,0,0,86,1.7191379384213528,351.9426808195896,0.9530250660246125,13.431752565952081,17.802661750038062,16.89112312074752,1.6059724598429923,0.03999999901929567,0.36986290506315356,0.464703296573811,0.10677839965289135
H0,map-barrier-01,7019,H0_map-barrier-01_seed101,2026,1.0,center,,success,1,0,0,86,1.45852250834739,353.7001026001847,0.9482897917168807,13.12317743000712,20.298023584005,17.474515107937588,1.6108574742494628,0.0399999987593917,0.3690742991337516,0.45013732376486754,0.10917921136683968
H0,map-barrier-01,7019,H0_map-barrier-01_seed101,2027,1.0,center,,success,1,0,0,85,2.779964684356261,351.56911961927386,0.9540377066910642,13.865369667227263,17.128630643126435,17.22057534664945,1.6135399846469656,0.039999998974449495,0.36710842814478195,0.47887605446774295,0.1061213356961413
H0,map-barrier-01,7019,H0_map-barrier-01_seed101,2028,1.0,center,,success,1,0,0,90,2.3607775698791076,354.75661504141766,0.945465658436868,14.926812780033977,20.689664177910007,16.072248826540264,1.5848549789852566,0.039999998940361874,0.3728731179151481,0.493110264522127,0.10887231008535088
H0,map-barrier-01,7019,H0_map-barrier-01_seed101,2029,1.0,center,,success,1,0,0,87,2.46313728662583,350.09959824272084,0.9580422208666223,12.356742192086614,17.32668549945547,15.867180375415488,1.591024871530204,0.03999999897747204,0.37067591964367685,0.490978268917179,0.10570927569552112
H0,map-barrier-01,7019,H0_map-barrier-01_seed101,2030,1.0,center,,success,1,0,0,89,2.2651585940667376,353.2928296273358,0.9493829721332572,14.257018061114124,17.936241566658463,15.877173770855388,1.5858010080423248,0.03999999885478716,0.37251456147025314,0.5012709549732841,0.10889529432702735
H0,map-barrier-01,7019,H0_map-barrier-01_seed101,2031,1.0,center,,success,1,0,0,89,2.5257812961054102,353.56004234810337,0.9486654498551474,15.135405842433073,20.27884186906824,16.115153271453515,1.5906534924935758,0.03999999885478716,0.36998562569615157,0.49056696667848676,0.10768322501139137
H0,map-barrier-01,7019,H0_map-barrier-01_seed101,2032,1.0,center,,success,1,0,0,89,2.0132364055521803,354.7866729596669,0.945385557543473,14.98877199857537,17.571853901679614,16.27855122537684,1.593432500791014,0.03999999885478716,0.3707202428868056,0.4934583519810413,0.10590483356480535
H0,map-barrier-01,7019,H0_map-barrier-01_seed101,2033,1.0,center,,success,1,0,0,85,2.0731049834564907,350.4120580818622,0.9571879417077906,11.747661620808955,19.39749704140558,17.023311148695598,1.608813513727749,0.039999998930622546,0.36901054649039594,0.45743230776039556,0.10483718624472224
H0,map-barrier-01,7019,H0_map-barrier-01_seed101,2034,1.0,center,,success,1,0,0,86,2.03936888971332,352.58026773748344,0.9513016674963243,13.472281106983537,20.199198033765636,17.094759775393293,1.611420703488727,0.039999998802709026,0.3695589732486533,0.46780592747923355,0.10170317649704735
H0,map-barrier-01,7019,H0_map-barrier-01_seed101,2035,1.0,center,,success,1,0,0,88,1.5975072700640172,353.9537762420795,0.9476101658979659,14.308420794439584,17.81179199629871,16.651352530660013,1.6000620594078845,0.03999999885193326,0.370943850237519,0.4602961907935837,0.10686892810883726
H0,map-barrier-01,7019,H0_map-barrier-01_seed101,2036,1.0,center,,success,1,0,0,85,1.7894840764241675,351.7229504007502,0.9536204454182045,12.593036926828802,17.98853000614356,17.31439349032387,1.6144017752479105,0.039999998974449495,0.3684970376898872,0.4659262697048047,0.11017948197113556
H0,map-barrier-01,7019,H0_map-barrier-01_seed101,2037,1.0,center,,success,1,0,0,85,1.3720318117085488,350.48599867183833,0.9569860077035904,10.568782087243648,20.105508078286324,16.939782628467416,1.6068202046787037,0.03999999879914171,0.36964768342437176,0.4659500509199193,0.11883813351965888
H0,map-barrier-01,7019,H0_map-barrier-01_seed101,2038,1.0,center,,success,1,0,0,89,1.6164816875197576,352.95823623764403,0.9502829575540472,14.799661114461315,17.476116714338918,15.91445132454205,1.585619019658378,0.03999999877107277,0.3719275218379261,0.4957359668673173,0.10679278303644903
H0,map-barrier-01,7019,H0_map-barrier-01_seed101,2039,1.0,center,,success,1,0,0,89,1.3102892266662356,354.2407258928175,0.9468425624400211,14.339892547722982,17.442276038222655,16.089039566101874,1.5906661842646224,0.03999999877107277,0.3731125641853745,0.498021671522325,0.10784151190331494
H0,map-barrier-01,7019,H0_map-barrier-01_seed101,2040,1.0,center,,success,1,0,0,87,2.2976036636456403,350.7653402511763,0.9562238857031532,13.669679109666289,19.43711823608545,16.21217447633691,1.5922140006361336,0.03999999884901376,0.3704759344898184,0.49558280718288034,0.10799500583641365
H0,map-barrier-01,7019,H0_map-barrier-01_seed101,2041,1.0,center,,success,1,0,0,89,2.3863472912507406,352.4980225261648,0.9515236262072139,15.421859146701223,17.51381138847688,15.808421133113262,1.586782413921999,0.03999999906407314,0.3719011202550959,0.5075011450765926,0.10510012834369342
H0,map-barrier-01,7019,H0_map-barrier-01_seed101,2042,1.0,center,,success,1,0,0,89,2.2181489266597314,353.64804174723486,0.9484293903278513,15.210231501188993,17.36535347189375,16.105961098159636,1.5920263428366586,0.03999999893850155,0.37051165007916775,0.49381854531899344,0.1091361271936037
H0,map-barrier-01,7019,H0_map-barrier-01_seed101,2043,1.0,center,,success,1,0,0,87,2.5452589743507215,350.93041296999417,0.9557740914682344,13.20871690377675,20.836223798683587,16.384814328924726,1.5989190525022046,0.039999998891833186,0.37095247889788585,0.49155307313876934,0.1064288077420236
H0,map-barrier-01,7019,H0_map-barrier-01_seed101,2044,1.0,center,,success,1,0,0,91,2.672662315763272,353.81998630523185,0.9479684856909646,15.463804881122755,18.484911715602273,15.3260502151229,1.5768460480721442,0.03999999890124405,0.37261814219989325,0.5044964157290511,0.10782800738549127
H0,map-barrier-01,7019,H0_map-barrier-01_seed101,2045,1.0,center,,success,1,0,0,87,0.9341748285820919,353.2062541254137,0.9496156783958691,11.803553940537356,16.717366542939324,16.870832087761507,1.607617570065904,0.039999998891833186,0.3721629770883867,0.4638614630821394,0.09916450207808208
H0,map-barrier-01,7019,H0_map-barrier-01_seed101,2046,1.0,center,,success,1,0,0,86,2.7328180652349325,351.17934559313017,0.955096593333164,12.910890436499272,18.30295771315751,16.782349193545976,1.6032941334469373,0.03999999901929567,0.36844886745521604,0.4780047753904296,0.11376527212283659
H0,map-barrier-01,7019,H0_map-barrier-01_seed101,2047,1.0,center,,success,1,0,0,89,2.6819729462722695,353.2484110440569,0.9495023505799615,14.835566762402983,19.692523637473567,16.048554032718943,1.5882825757680314,0.03999999906407314,0.371735606511558,0.4924917433023704,0.10783729627782394
H0,map-barrier-01,7019,H0_map-barrier-01_seed101,2048,1.0,center,,success,1,0,0,87,1.2839141791365285,351.60473208049746,0.9539410765045638,12.961676160669498,17.570025774270082,16.082872102168494,1.5869284559940469,0.039999998891833186,0.3694582317168004,0.49148841973008783,0.10551277711376347
H0,map-barrier-01,7019,H0_map-barrier-01_seed101,2049,1.0,center,,success,1,0,0,88,2.8016920105007226,353.6419134941612,0.9484458256402525,14.658232735551692,17.891463103586567,16.72697929366174,1.5978712669827722,0.03999999885193326,0.3709029749150552,0.47445637781956146,0.1076472670368705
H0,map-barrier-01,7019,H0_map-barrier-01_seed101,2050,1.0,center,,success,1,0,0,87,2.37855026069612,351.9330228671121,0.9530512194975732,12.74006172195141,17.203742901679686,16.69424790767835,1.604055901368459,0.0399999987633749,0.3706988801852991,0.4732149814137782,0.10564805500267076
H0,map-barrier-01,7019,H0_map-barrier-01_seed211,2001,1.0,center,,success,1,0,0,135,2.89070689551167,408.9419770070888,0.8201901870767214,10.933355865367602,24.1602568499159,15.925668248748073,1.5254895395702786,0.03999999847125124,0.4324497770846823,0.527650493417901,0.10562506856960428
H0,map-barrier-01,7019,H0_map-barrier-01_seed211,2002,1.0,center,,success,1,0,0,132,1.7042151564200083,407.0807660250467,0.8239401726101976,12.330076341666114,28.56282165524023,16.490960558270608,1.528791665127783,0.03999999831571723,0.4321554227696777,0.5281901750325536,0.1048888161059669
H0,map-barrier-01,7019,H0_map-barrier-01_seed211,2003,1.0,center,,success,1,0,0,135,1.7833715364496,410.3219595041743,0.8174317480601627,10.070064393381202,28.042880120467384,16.223671593010035,1.5219053551002786,0.03999999849884598,0.4341898840989822,0.5193510416826165,0.10501985344402302
H0,map-barrier-01,7019,H0_map-barrier-01_seed211,2004,1.0,center,,success,1,0,0,138,1.0273549818598224,420.5768303684356,0.7975004146831887,11.731793206517807,30.388846519261406,16.315575393381135,1.5258494537809622,0.03999999840406404,0.43542928187228436,0.554034253474379,0.10716643644587276
H0,map-barrier-01,7019,H0_map-barrier-01_seed211,2005,1.0,center,,success,1,0,0,134,1.3224851528723367,412.1754979811426,0.8137557867166423,12.514176361819196,29.69996120570775,16.502305414088035,1.5292092348212627,0.039999998355312136,0.43296558473837915,0.5406011810192644,0.10732667808181255
H0,map-barrier-01,7019,H0_map-barrier-01_seed211,2006,1.0,center,,success,1,0,0,132,1.8633800556886972,408.9126703408049,0.8202489698972243,12.03251065761448,29.0980642623236,16.720774527508315,1.5327129124691992,0.039999998259273445,0.43241452441433786,0.5268400290233055,0.11064015142174496
H0,map-barrier-01,7019,H0_map-barrier-01_seed211,2007,1.0,center,,success,1,0,0,133,2.4202687867948685,411.11723991264114,0.8158504778253528,12.236611524477667,27.20008756348061,16.5404820935704,1.5333786463378964,0.03999999840568779,0.43216209587047494,0.5373563591506388,0.11215439994741767
H0,map-barrier-01,7019,H0_map-barrier-01_seed211,2008,1.0,center,,success,1,0,0,132,2.4141615715243225,408.555791138882,0.8209654688530682,12.799249675999747,28.24414057662394,16.647144387406044,1.533600106383815,0.03999999820282965,0.4318315033308865,0.5316624862078408,0.11064189338955943
H0,map-barrier-01,7019,H0_map-barrier-01_seed211,2009,1.0,center,,success,1,0,0,136,2.5363024772270317,412.15194636785304,0.813802287192425,10.116522459378288,27.14939493569109,16.18065104541361,1.5242253555094494,0.03999999822939143,0.43529080562989514,0.521980425936978,0.10515767353417062
H0,map-barrier-01,7019,H0_map-barrier-01_seed211,2010,1.0,center,,success,1,0,0,137,1.3088703087675007,416.94653115869016,0.8044441470537408,9.86386675138175,26.87555696211961,16.18897470765217,1.5210869703849736,0.039999998317365226,0.43657972049195026,0.53540786647367,0.1032217580538706
H0,map-barrier-01,7019,H0_map-barrier-01_seed211,2011,1.0,center,,success,1,0,0,136,1.1713866330947194,415.6473148872622,0.8069586512689086,12.235871357361475,28.721149691666707,16.408964995463652,1.528095682754236,0.039999998475918,0.4348287747096875,0.547482338747667,0.10292739287149555
H0,map-barrier-01,7019,H0_map-barrier-01_seed211,2012,1.0,center,,success,1,0,0,135,1.2884875046940276,413.0483843171756,0.8120360939783037,9.690285683486735,29.795794561938497,16.333144108539106,1.5199176134886565,0.03999999830568278,0.43529819193835134,0.5299512117963147,0.10197219740267081
H0,map-barrier-01,7019,H0_map-barrier-01_seed211,2013,1.0,center,,success,1,0,0,138,1.8474012218324258,413.5024729616256,0.8111443547668835,10.04545703170237,26.66257130319317,15.815688748419788,1.519953205101732,0.03999999853903833,0.43693962248102536,0.5242066784977805,0.10541649397859423
H0,map-barrier-01,7019,H0_map-barrier-01_seed211,2014,1.0,center,,success,1,0,0,133,1.7592385494240388,411.15992747786925,0.8157657743604452,11.615417173953091,27.473749983873795,16.721828049269934,1.5332316500799996,0.03999999804156167,0.4347294117902524,0.5280288879836637,0.10444937799790484
H0,map-barrier-01,7019,H0_map-barrier-01_seed211,2015,1.0,center,,success,1,0,0,138,1.532440131719559,419.115872575309,0.8002803486396238,11.573426779557309,25.994075528831864,16.09110935970763,1.5258869045022605,0.039999998485048614,0.43415191927035773,0.5478313886762961,0.10493174483594615
H0,map-barrier-01,7019,H0_map-barrier-01_seed211,2016,1.0,center,,success,1,0,0,132,2.712157825369692,409.13732140307513,0.8197985836997942,11.89364663598333,26.60054088712489,16.684005109845558,1.5385306522701725,0.03999999814638586,0.43280779254717133,0.5314535417692792,0.11609156626564862
H0,map-barrier-01,7019,H0_map-barrier-01_seed211,2017,1.0,center,,success,1,0,0,131,2.0852640071870465,407.4140052852687,0.8232662409092107,12.319507457208047,31.09136007818785,16.87081712968169,1.5303789413612308,0.03999999819593575,0.43119585256742865,0.5201124408609369,0.11067290668736421
H0,map-barrier-01,7019,H0_map-barrier-01_seed211,2018,1.0,center,,success,1,0,0,135,1.865842415679928,410.54179744591767,0.8169940276766908,12.21122285941564,26.99526880023624,16.105429275659507,1.5222732128920378,0.039999998443656495,0.4321705797080278,0.5281835141350274,0.10111851450003417
H0,map-barrier-01,7019,H0_map-barrier-01_seed211,2019,1.0,center,,success,1,0,0,136,1.5851243188109128,417.0310061789389,0.8042811964946589,10.79994062080911,29.256962713599425,16.520846282016322,1.5300757166217356,0.039999998174607754,0.43579731600431915,0.5376639558919979,0.10603709925300299
H0,map-barrier-01,7019,H0_map-barrier-01_seed211,2020,1.0,center,,success,1,0,0,138,2.5312881622116614,419.4461050900272,0.7996502829677682,11.689042269442046,28.28952316890247,16.29367747852593,1.5297364877617878,0.0399999984310589,0.434806444381811,0.5471367047478756,0.10655919858354355
H0,map-barrier-01,7019,H0_map-barrier-01_seed211,2021,1.0,center,,success,1,0,0,134,1.887572592130137,409.6009654232779,0.8188706202837159,12.498923036308256,29.19653362716606,16.2787000486198,1.5264437447732955,0.039999998299710786,0.43223341657321873,0.5331211776877476,0.10545996736131984
H0,map-barrier-01,7019,H0_map-barrier-01_seed211,2022,1.0,center,,success,1,0,0,137,1.8734584637098772,415.53165485335694,0.8071832619908014,10.120680698633734,29.033747820125097,16.119547524570713,1.5169177499130695,0.03999999845332473,0.43542345871151217,0.5338924920431127,0.10152264788909848
H0,map-barrier-01,7019,H0_map-barrier-01_seed211,2023,1.0,center,,success,1,0,0,92,2.4204902136948148,362.9973550144928,0.924001764727947,11.47385340733942,31.660989577969694,18.472352285650835,1.583979790625365,0.03999999874149975,0.382782148828814,0.46346838511121663,0.1090946841953621
H0,map-barrier-01,7019,H0_map-barrier-01_seed211,2024,1.0,center,,success,1,0,0,133,1.383283744204664,411.0271096786621,0.8160293779337077,11.73983520631576,28.833476448385383,16.68350956830156,1.5312040614006215,0.039999998349668386,0.43219932511179293,0.543168392552315,0.10616287405190541
H0,map-barrier-01,7019,H0_map-barrier-01_seed211,2025,1.0,center,,success,1,0,0,131,2.4413001752213512,405.57958707667046,0.8269898370441479,11.397891630100574,27.839343804879764,16.59476081163681,1.5311939898338027,0.039999998366559736,0.4320755633114801,0.5211326316183874,0.10763767418895415
H0,map-barrier-01,7019,H0_map-barrier-01_seed211,2026,1.0,center,,success,1,0,0,135,1.4837223468236724,412.3703471164273,0.8133712789253246,9.993756942851533,26.244341906073895,16.321756071302122,1.519726068885238,0.039999998416061756,0.4351942074848784,0.5225170314777643,0.10470322061820349
H0,map-barrier-01,7019,H0_map-barrier-01_seed211,2027,1.0,center,,success,1,0,0,133,2.286422104620707,409.927417040162,0.8182185008428142,11.400095975149284,30.58826602126603,16.57998267479519,1.5298879980144644,0.03999999829364898,0.4335055047476232,0.521439344256318,0.10525332583021486
H0,map-barrier-01,7019,H0_map-barrier-01_seed211,2028,1.0,center,,success,1,0,0,140,1.9088565254751524,421.60737998311413,0.7955510566214521,10.278869653645813,28.777539211234192,16.10121502192787,1.5288958268506185,0.03999999846730914,0.4367940195225782,0.5484841150630798,0.1148894035702579
H0,map-barrier-01,7019,H0_map-barrier-01_seed211,2029,1.0,center,,success,1,0,0,133,1.623171971302395,407.2096121115251,0.82367946789308,12.025735362984278,29.71457385779165,16.300177883603048,1.5310621418451007,0.03999999826563928,0.4327368164609193,0.5290686481175384,0.10926034552038749
H0,map-barrier-01,7019,H0_map-barrier-01_seed211,2030,1.0,center,,success,1,0,0,135,2.880337112572495,410.04986039638663,0.8179741758739644,10.646285846446048,29.412248286342162,16.26803467782187,1.5304209585543032,0.039999998416061756,0.4335190926644814,0.531219741422683,0.11211831392167619
H0,map-barrier-01,7019,H0_map-barrier-01_seed211,2031,1.0,center,,success,1,0,0,138,1.7182655106213602,415.57060943381737,0.8071075985906192,9.73246443310444,25.708848648557318,15.929117275891935,1.5241628928460937,0.03999999840406404,0.43472128647560243,0.5329163193810678,0.10614257827109848
H0,map-barrier-01,7019,H0_map-barrier-01_seed211,2032,1.0,center,,success,1,0,0,137,2.542808416105077,416.66214121343535,0.8049932150018748,11.597731065015545,29.871936843849817,16.31611238787519,1.5283426446636228,0.03999999850770853,0.4339777692180399,0.5404315754689657,0.10552159716202189
H0,map-barrier-01,7019,H0_map-barrier-01_seed211,2033,1.0,center,,success,1,0,0,133,2.1180988904579,409.6373014898673,0.8187979839850232,11.101761941853255,26.215513562722716,16.412517535499987,1.5261700238500322,0.039999998349668386,0.4344011504449276,0.5292110040668342,0.1048412862901703
H0,map-barrier-01,7019,H0_map-barrier-01_seed211,2034,1.0,center,,success,1,0,0,132,2.7995693076476678,407.22402862090354,0.823650308064732,11.081122148678531,25.501931663767355,16.416925364160686,1.5343993432594067,0.039999998259273445,0.43279419495429555,0.5201738012494223,0.11193631506855121
H0,map-barrier-01,7019,H0_map-barrier-01_seed211,2035,1.0,center,,success,1,0,0,137,1.4099672726876236,415.82164078322046,0.8066203480732915,10.546868501523221,28.749426947431225,16.16814361436934,1.5265559223446532,0.03999999820859763,0.4355453609317643,0.5344839362481976,0.10175159737348628
H0,map-barrier-01,7019,H0_map-barrier-01_seed211,2036,1.0,center,,success,1,0,0,134,2.984317543760707,415.1830311989062,0.8078610430113651,12.048236030859059,32.20738102582001,16.90215114603592,1.5352549566261804,0.039999998271910114,0.4349102289200033,0.5375995896965154,0.1128575518999366
H0,map-barrier-01,7019,H0_map-barrier-01_seed211,2037,1.0,center,,success,1,0,0,129,2.7466418651856,402.1130850279816,0.834119080212544,12.144563473147173,29.62276563615433,16.797883662758075,1.5282965436462284,0.03999999835509663,0.4308763488433897,0.5155151414345632,0.10674639573656108
H0,map-barrier-01,7019,H0_map-barrier-01_seed211,2038,1.0,center,,success,1,0,0,133,2.6883906191777416,408.0888842343878,0.8219047604156844,11.939210912562928,29.435540103501843,16.369275498897654,1.5273061623250632,0.039999998461707195,0.4312861519109695,0.5357083614663523,0.10571346093628216
H0,map-barrier-01,7019,H0_map-barrier-01_seed211,2039,1.0,center,,success,1,0,0,135,1.7335369711741977,413.7341262255659,0.810690188128461,11.897401235877581,28.97092924572848,16.467365554679834,1.5262428062933462,0.03999999847125124,0.4337052434546783,0.5437933784116198,0.10650900754936592
H0,map-barrier-01,7019,H0_map-barrier-01_seed211,2040,1.0,center,,success,1,0,0,132,2.7882315413649286,407.1050864209587,0.8238909505496682,11.982058979312725,27.839557289123466,16.453237987121092,1.5296841326988104,0.03999999845682672,0.43189287390439285,0.5315791532806488,0.1087394090029451
H0,map-barrier-01,7019,H0_map-barrier-01_seed211,2041,1.0,center,,success,1,0,0,134,2.7182931703851367,408.16810601853274,0.8217452360418853,11.84480106499764,30.33802888683854,16.298753679198057,1.5296213724719945,0.03999999854991685,0.43221763266756685,0.5333156771818871,0.10416069832024738
H0,map-barrier-01,7019,H0_map-barrier-01_seed211,2042,1.0,center,,success,1,0,0,136,2.517784126652048,413.698669069546,0.810759670509318,12.052786893258741,28.794896019823398,16.121225502019406,1.5259297069381266,0.03999999864026904,0.4329800890175118,0.5379986236186918,0.10403958249286402
H0,map-barrier-01,7019,H0_map-barrier-01_seed211,2043,1.0,center,,success,1,0,0,132,1.6161135613820492,408.9540598992849,0.8201659538667291,12.739389558009137,27.718193048552557,16.547237926160733,1.5373429868257407,0.03999999820282965,0.4320043703968688,0.5384782980580701,0.11367075074591342
H0,map-barrier-01,7019,H0_map-barrier-01_seed211,2044,1.0,center,,success,1,0,0,139,1.939861766493224,419.0213176940563,0.8004609370969151,10.84565104740257,28.56156134210856,16.02758693701945,1.5286949058230832,0.039999998435914084,0.43454614150337256,0.5511786279489668,0.10933645274849262
H0,map-barrier-01,7019,H0_map-barrier-01_seed211,2045,1.0,center,,success,1,0,0,135,1.599112304233455,415.2226813918693,0.8077838992336326,11.724760366311315,28.099249273035262,16.647867236194433,1.5379456837972005,0.039999998140114325,0.4353847294489302,0.5422180167847761,0.10608501092434323
H0,map-barrier-01,7019,H0_map-barrier-01_seed211,2046,1.0,center,,success,1,0,0,131,2.3948022988607676,402.5263135367199,0.8332627839356672,8.442342556089784,27.924547340643006,16.374285374328828,1.5251598194355274,0.03999999833812241,0.43152757437326894,0.5028941593673223,0.1055581595048723
H0,map-barrier-01,7019,H0_map-barrier-01_seed211,2047,1.0,center,,success,1,0,0,135,1.2945761123820836,412.66185651416544,0.8127967034759241,10.93026574758261,24.99764537225754,16.245355735781043,1.5268591015427202,0.039999998443656495,0.43302910954958757,0.5369453618716863,0.10141372481797324
H0,map-barrier-01,7019,H0_map-barrier-01_seed211,2048,1.0,center,,success,1,0,0,131,2.6585241345755546,403.2626128917594,0.8317413663016578,12.457005721030654,29.67980434667962,16.40721600742456,1.5278012948181794,0.039999998423434394,0.43015739321042046,0.5189351787655578,0.10572576427463
H0,map-barrier-01,7019,H0_map-barrier-01_seed211,2049,1.0,center,,success,1,0,0,137,2.8891868136346153,418.23003224371575,0.801975398145283,10.056531277985385,29.99167851262893,16.347491293677614,1.5251404682215113,0.03999999853490043,0.4356227616315537,0.5430012674760889,0.10499889427541909
H0,map-barrier-01,7019,H0_map-barrier-01_seed211,2050,1.0,center,,success,1,0,0,133,2.6760184681738073,410.9311163653132,0.816220002008299,12.923412207909422,29.25705587059592,16.54288762467549,1.5312496334090269,0.039999998237629585,0.4326416719941284,0.5339763562310543,0.10783209566377867
H0,map-barrier-01,7019,H0_map-barrier-01_seed307,2001,1.0,center,,success,1,0,0,85,2.5980574671821755,349.73811200900707,0.9590324448721517,11.41181021364727,29.037803520287593,17.13887281447142,1.586848899196176,0.039999999062103386,0.35763622679423546,0.484519429395304,0.107919306635595
H0,map-barrier-01,7019,H0_map-barrier-01_seed307,2002,1.0,center,,success,1,0,0,84,2.2835066627176803,350.93581310951816,0.955759384182017,10.517083056555528,34.09901791291972,17.333567472772607,1.5898718252068473,0.03999999897288425,0.35939278922790874,0.48719980629781884,0.11557743700219839
H0,map-barrier-01,7019,H0_map-barrier-01_seed307,2003,1.0,center,,success,1,0,0,83,0.9968901641264599,349.71269137119305,0.959102157001664,13.361103247203218,31.9542765923865,17.533131503395865,1.5862277602574912,0.039999998926398266,0.35637447643993964,0.46771966324872283,0.11083983787312911
H0,map-barrier-01,7019,H0_map-barrier-01_seed307,2004,1.0,center,,success,1,0,0,86,2.57629269926474,351.2184163382467,0.954990345101796,9.811452957839904,31.553548357840906,17.378791365929686,1.5865514618019725,0.039999998889343684,0.3602612188481261,0.4821361636872901,0.11130217916798493
H0,map-barrier-01,7019,H0_map-barrier-01_seed307,2005,1.0,center,,success,1,0,0,86,1.151460147424519,352.7519306615389,0.9508387267957731,9.171261714789523,34.22048461959396,17.49072231404328,1.5875475268031276,0.039999998802709026,0.36176014540228596,0.475111183082295,0.11323503780024627
H0,map-barrier-01,7019,H0_map-barrier-01_seed307,2006,1.0,center,,success,1,0,0,83,2.691358831821997,351.08642321276574,0.9553493796645701,11.593295798763247,35.21747929543799,17.493185189983638,1.5924566969814071,0.039999998926398266,0.35778644784788216,0.49482294019446316,0.1127395628359527
H0,map-barrier-01,7019,H0_map-barrier-01_seed307,2007,1.0,center,,success,1,0,0,86,2.0346814255683863,353.7279642523324,0.9482150989501725,9.24553784318045,28.44575387205835,17.335748436098296,1.5911407304364582,0.0399999987593917,0.36181449394837345,0.48008453551419944,0.11541915377540511
H0,map-barrier-01,7019,H0_map-barrier-01_seed307,2008,1.0,center,,success,1,0,0,128,2.763534033501906,398.2557443970836,0.8421980130700775,10.596764312592885,22.934785608387035,15.453842123124003,1.4405612414702773,0.03999999791267328,0.4246544609088809,0.5667280995403416,0.10413844701940952
H0,map-barrier-01,7019,H0_map-barrier-01_seed307,2009,1.0,center,,success,1,0,0,83,1.5310501134422603,350.0034695579635,0.958305347797193,13.220666865192635,29.490680908545617,17.43280916125532,1.58997341739126,0.03999999879174922,0.3567832975414743,0.47469237805849096,0.11115270402684563
H0,map-barrier-01,7019,H0_map-barrier-01_seed307,2010,1.0,center,,success,1,0,0,82,2.5242817015724768,348.2854841020415,0.9630323741161122,14.465117265460478,29.906768518727517,17.36829811067784,1.5870358420581352,0.03999999896963922,0.3555496667606069,0.48622171508102885,0.11166378210719648
H0,map-barrier-01,7019,H0_map-barrier-01_seed307,2011,1.0,center,,success,1,0,0,85,2.2411016852100065,350.3244705449382,0.9574272562325714,10.866247594180697,28.74091002279262,17.242152315615996,1.5893804108395295,0.03999999901827644,0.3603529833981445,0.4856266598491108,0.11272523155038415
H0,map-barrier-01,7019,H0_map-barrier-01_seed307,2012,1.0,center,,success,1,0,0,82,1.59102815558737,348.9887744100889,0.9610916488415052,14.514086501747578,32.672665481179955,17.509248351476817,1.5880926665736408,0.03999999901506959,0.35621391493195587,0.4772919583611372,0.11197993976660338
H0,map-barrier-01,7019,H0_map-barrier-01_seed307,2013,1.0,center,,success,1,0,0,83,1.6711523415892449,348.528641893524,0.9623604958339027,13.990648180795876,32.755703344827964,17.5470832781512,1.5867797509733452,0.0399999990161643,0.3569547461148803,0.4656451423932989,0.11028728754181055
H0,map-barrier-01,7019,H0_map-barrier-01_seed307,2014,1.0,center,,success,1,0,0,82,2.9522545881622024,350.3505149120437,0.9573560829764272,12.910016267103007,30.92374534291871,17.38246023383893,1.5861125246780674,0.03999999887877848,0.35815498342916713,0.48506162656334845,0.11228834589244158
H0,map-barrier-01,7019,H0_map-barrier-01_seed307,2015,1.0,center,,success,1,0,0,86,2.8224899527273393,350.6240216926831,0.9566092905036344,11.335840013313799,30.542265698393006,17.155333906617344,1.5777420096619184,0.039999998889343684,0.35866472388507586,0.47491408875861835,0.10616045804066064
H0,map-barrier-01,7019,H0_map-barrier-01_seed307,2016,1.0,center,,success,1,0,0,129,2.625116379926666,401.99472177223555,0.8343646780890001,11.355875981985491,23.060136073004855,15.346526935889614,1.4246310448461725,0.03999999809519265,0.4266504534536586,0.5776874734911808,0.09978736624183851
H0,map-barrier-01,7019,H0_map-barrier-01_seed307,2017,1.0,center,,success,1,0,0,83,2.7272238674824907,351.63769120980135,0.9538516632588431,11.50062152249936,36.233403643681854,17.652213847597885,1.592994333749794,0.03999999883663224,0.3573055623540968,0.48348241344273807,0.11755340127597268
H0,map-barrier-01,7019,H0_map-barrier-01_seed307,2018,1.0,center,,success,1,0,0,86,2.3367999719206023,351.6634177132845,0.9537818827047644,10.835701409182386,29.721548373689572,17.416603379997813,1.5841559435045995,0.03999999901929567,0.3596243258514612,0.47243866835569226,0.11041217586127514
H0,map-barrier-01,7019,H0_map-barrier-01_seed307,2019,1.0,center,,success,1,0,0,83,2.011239496877389,351.2801517946944,0.954822511068029,12.946476430327731,33.87955692738519,17.61237109454969,1.5868874019887074,0.03999999897128128,0.35773655719116243,0.4692526772977358,0.1147949839992104
H0,map-barrier-01,7019,H0_map-barrier-01_seed307,2020,1.0,center,,success,1,0,0,86,2.730220781323635,351.0481024486353,0.9554536665642427,11.079335068779738,33.528323927734924,17.51011279326853,1.5818909351215806,0.03999999910593033,0.35963456967550905,0.47462650180556054,0.10706600371145383
H0,map-barrier-01,7019,H0_map-barrier-01_seed307,2021,1.0,center,,success,1,0,0,85,1.3643550847801102,350.8316352606608,0.9560431925580642,10.60729973625918,35.26301723357628,17.188240591129595,1.5864650053136489,0.039999998886795604,0.35895466847804397,0.47819117684574686,0.11368123875165914
H0,map-barrier-01,7019,H0_map-barrier-01_seed307,2022,1.0,center,,success,1,0,0,83,1.9455590587588119,349.2079803410366,0.9604883493710733,14.00014566052792,32.722860472434085,17.615587240392788,1.5853393853428852,0.03999999897128128,0.355780034053571,0.47413853282131346,0.11092033960386946
H0,map-barrier-01,7019,H0_map-barrier-01_seed307,2023,1.0,center,,success,1,0,0,81,2.717895556348965,348.9825970861081,0.9611086610780457,12.679562329861056,29.1356234064841,17.36818404155623,1.590221126138428,0.03999999901394785,0.3550104125467755,0.48447590394888396,0.11755868052059072
H0,map-barrier-01,7019,H0_map-barrier-01_seed307,2024,1.0,center,,success,1,0,0,86,1.4828478948965316,352.0242946668071,0.952804115245614,10.195584806797498,34.089141291172545,17.374481397474305,1.5892699721247652,0.03999999893266101,0.3620717053475491,0.4796172699533663,0.11109124583078693
H0,map-barrier-01,7019,H0_map-barrier-01_seed307,2025,1.0,center,,success,1,0,0,82,2.668322527423653,348.67862393320036,0.9619465421809917,11.7870831250777,33.22049311555876,17.43819014687611,1.5920203168217728,0.03999999906049996,0.35623728352533723,0.49060756267934313,0.11394158790163103
H0,map-barrier-01,7019,H0_map-barrier-01_seed307,2026,1.0,center,,success,1,0,0,82,0.7691350974092636,349.63510103827207,0.9593149990631332,14.008938275919355,30.64695056430977,17.62585249775643,1.5879275420816934,0.03999999887877848,0.3559425938530814,0.4671017046926952,0.11270108425794968
H0,map-barrier-01,7019,H0_map-barrier-01_seed307,2027,1.0,center,,success,1,0,0,82,2.708198874591397,349.11808005634106,0.960735681666328,11.568492812996176,35.79661056113339,17.672071577673307,1.5929581530210448,0.03999999892420885,0.3555828308202024,0.4862421930017995,0.11979207769108771
H0,map-barrier-01,7019,H0_map-barrier-01_seed307,2028,1.0,center,,success,1,0,0,86,2.4637582054659237,350.4901786487246,0.9569745946037765,12.48876197347945,30.071960147408774,17.33555296176878,1.5798237739607346,0.03999999893266101,0.36026883625733175,0.46794119243358456,0.10575424998332998
H0,map-barrier-01,7019,H0_map-barrier-01_seed307,2029,1.0,center,,success,1,0,0,86,2.108353448137705,352.71136074272147,0.9509480951185664,8.969975351389849,33.48458368638064,17.323305276601314,1.5960489296635916,0.0399999987593917,0.36255846873692354,0.4849316236931224,0.11528854745071468
H0,map-barrier-01,7019,H0_map-barrier-01_seed307,2030,1.0,center,,success,1,0,0,86,0.8389018408630874,351.89857304889864,0.953144520362579,12.24735973971687,33.26648334281555,17.45255144334583,1.5786141177942588,0.03999999901929567,0.3617513306206069,0.47011695732904035,0.10641650308523755
H0,map-barrier-01,7019,H0_map-barrier-01_seed307,2031,1.0,center,,success,1,0,0,85,2.4486605391130145,349.93371127983505,0.9584963832099834,13.154730202693454,32.470142849117416,17.276488095731008,1.5912511418847477,0.039999998886795604,0.3573908742167913,0.48269939308657367,0.10895462836497491
H0,map-barrier-01,7019,H0_map-barrier-01_seed307,2032,1.0,center,,success,1,0,0,86,2.3911697513077153,352.073910698032,0.9526698412841055,10.583713520590974,34.12262171586775,17.65469198473269,1.5864704528520273,0.03999999897597834,0.35945585940961877,0.4733702601908251,0.11139425420988915
H0,map-barrier-01,7019,H0_map-barrier-01_seed307,2033,1.0,center,,success,1,0,0,82,2.2502350965680398,349.1957140703038,0.9605220886457964,12.25006752348105,28.676997118751636,17.22865063062788,1.588398056059349,0.039999998833348115,0.3572629779825928,0.4815817184280604,0.11216757450891048
H0,map-barrier-01,7019,H0_map-barrier-01_seed307,2034,1.0,center,,success,1,0,0,83,2.716154668893969,351.8281999958477,0.9533351693494923,12.812216080720432,30.272807451992982,17.313693353166155,1.5890713075557388,0.03999999879174922,0.35855094538925963,0.4818098404590624,0.11127693783662065
H0,map-barrier-01,7019,H0_map-barrier-01_seed307,2035,1.0,center,,success,1,0,0,83,2.1226872804560206,349.2787857500468,0.9602936402355595,12.93520860468189,32.484234750446234,17.361126786850544,1.59195426285985,0.03999999888151525,0.35579876843852887,0.48726920532174856,0.11136089410492112
H0,map-barrier-01,7019,H0_map-barrier-01_seed307,2036,1.0,center,,success,1,0,0,130,2.507466059468935,406.9993706577087,0.824104951521049,12.789228913438038,25.453157677534968,15.336805045765324,1.4143735977319571,0.0399999980456554,0.4283614015404594,0.5794877430567374,0.097360444342717
H0,map-barrier-01,7019,H0_map-barrier-01_seed307,2037,1.0,center,,success,1,0,0,82,2.164854658049966,349.6131908480466,0.9593751191463161,11.343386031475688,33.59897051617301,17.489695640966904,1.5928241377923547,0.03999999896963922,0.3573591337951303,0.49505088223916727,0.11313495857004369
H0,map-barrier-01,7019,H0_map-barrier-01_seed307,2038,1.0,center,,success,1,0,0,86,1.7474962753002354,351.0684203906202,0.955398370072052,9.807526693008889,33.09807717241435,17.34693157408541,1.5841625513032425,0.039999998846026355,0.3605619682887389,0.4743509899911492,0.11037573575494354
H0,map-barrier-01,7019,H0_map-barrier-01_seed307,2039,1.0,center,,success,1,0,0,86,0.7650097331370661,352.3603281834108,0.9518954598384316,11.143082873383463,32.902844936763664,17.47485742706459,1.5830811407676963,0.039999998846026355,0.36206428171967353,0.47208917860028354,0.11100012099945289
H0,map-barrier-01,7019,H0_map-barrier-01_seed307,2040,1.0,center,,success,1,0,0,85,0.7669032506127955,351.0336953714823,0.9554928801635975,10.105261248197566,29.362821567843596,17.455137450890987,1.5906400414074169,0.03999999879914171,0.360906791785845,0.47297754962654676,0.11535536093119571
H0,map-barrier-01,7019,H0_map-barrier-01_seed307,2041,1.0,center,,success,1,0,0,87,0.8144340050067047,352.687571928611,0.9510122366683799,10.062009990085897,32.314671590642135,17.452792279400924,1.5848611394564311,0.03999999884901376,0.36285614446717074,0.46825181924063586,0.11255873364008309
H0,map-barrier-01,7019,H0_map-barrier-01_seed307,2042,1.0,center,,success,1,0,0,87,2.2541922967966976,352.48539073841,0.9515577253353075,9.430560682030364,32.431282303913655,17.488015373243908,1.5818121152362605,0.03999999902029147,0.3610882829467028,0.4664881158320383,0.11222483193175263
H0,map-barrier-01,7019,H0_map-barrier-01_seed307,2043,1.0,center,,success,1,0,0,85,2.5462067546124225,352.6816700143614,0.9510281512824593,9.86871599092374,31.932874453114515,17.260752481663467,1.5926526301047381,0.039999998886795604,0.3612613108676877,0.491202013194561,0.11368284775809222
H0,map-barrier-01,7019,H0_map-barrier-01_seed307,2044,1.0,center,,success,1,0,0,88,2.845952271507376,351.5555870674816,0.9540744307971587,9.896513737294633,29.95120552852626,17.175914505637035,1.5839988487687977,0.03999999906359748,0.3614961744393943,0.4807692193002863,0.10670129649057855
H0,map-barrier-01,7019,H0_map-barrier-01_seed307,2045,1.0,center,,success,1,0,0,130,2.9444601404200634,402.93656905145986,0.8324143857544302,10.86110445914015,25.176204833742553,15.303186873463668,1.4254419184648073,0.03999999810296755,0.42743229065167143,0.5822939084699521,0.09938991779171642
H0,map-barrier-01,7019,H0_map-barrier-01_seed307,2046,1.0,center,,success,1,0,0,81,2.604450938043473,346.26545826974666,0.9686504634362872,15.443604392535951,33.16857268091722,17.52235950535377,1.5976728760165932,0.03999999905993909,0.353349127550252,0.48730731999248633,0.11448799097225959
H0,map-barrier-01,7019,H0_map-barrier-01_seed307,2047,1.0,center,,success,1,0,0,85,2.54699891074997,350.01577482572384,0.9582716573045097,12.13676529630115,28.954980867865796,17.26254466939031,1.5880757289774277,0.03999999884296866,0.3588129374958887,0.4842969181783059,0.1083847172842557
H0,map-barrier-01,7019,H0_map-barrier-01_seed307,2048,1.0,center,,success,1,0,0,84,1.6246099443737958,349.8520652083167,0.9587200705110919,10.491461289843741,32.58113295580157,17.450465412174157,1.5882440067472912,0.039999998706792085,0.35758883929821966,0.48185286431440283,0.10984249268427503
H0,map-barrier-01,7019,H0_map-barrier-01_seed307,2049,1.0,center,,success,1,0,0,83,2.1846732029720517,348.45749872009185,0.9625569771262005,14.959314298915245,34.28633491327209,17.517028893717583,1.5848417978688896,0.039999999061047314,0.35647917863149486,0.4758846144001168,0.11028812186350337
H0,map-barrier-01,7019,H0_map-barrier-01_seed307,2050,1.0,center,,success,1,0,0,85,2.436576286044963,352.6262584733047,0.951177595443762,9.509827369627883,33.57098082728951,17.450853018979682,1.5926932110505945,0.039999998886795604,0.3607600390309444,0.48222712804289425,0.11819578448076376
H0,map-barrier-01,7019,H0_map-barrier-01_seed401,2001,1.0,center,,success,1,0,0,81,2.66183106435472,343.2363315443297,0.977198990316238,12.298000491408583,27.045928344225022,15.892930402988355,1.361084567175971,0.03999999896795661,0.35312641688618374,0.5953067386591876,0.12745653380870506
H0,map-barrier-01,7019,H0_map-barrier-01_seed401,2002,1.0,center,,success,1,0,0,79,1.5352341228528492,342.57109687703866,0.9790966012096447,11.67726301476134,20.062520752898333,15.96439917734985,1.386388365226456,0.03999999891730804,0.35254858180494325,0.5868349526360442,0.1241037580621839
H0,map-barrier-01,7019,H0_map-barrier-01_seed401,2003,1.0,center,,success,1,0,0,80,1.0140481116732336,344.52388516570306,0.9735470052058909,12.380202076396825,19.832562119770056,16.304135110453522,1.3605877384543419,0.039999998873099685,0.3533347170546068,0.5598840031540021,0.12494696339225517
H0,map-barrier-01,7019,H0_map-barrier-01_seed401,2004,1.0,center,,success,1,0,0,81,1.3998687977499156,344.1903779396438,0.9744903347756718,11.722026053359302,21.00041898095579,15.860716134675576,1.3674763764864133,0.03999999896795661,0.3541339184188378,0.5828823800670144,0.12526664345526203
H0,map-barrier-01,7019,H0_map-barrier-01_seed401,2005,1.0,center,,success,1,0,0,79,2.556682115780557,341.3811237826085,0.9825094982069299,11.891840607481278,19.611058518688708,15.954542668225011,1.3780628246597098,0.03999999896446361,0.3509021650375715,0.57562814671782,0.11856245001092122
H0,map-barrier-01,7019,H0_map-barrier-01_seed401,2006,1.0,center,,success,1,0,0,79,0.47023928615833943,343.9781700274079,0.9750915199015195,11.494601468898395,21.246920114482467,16.103468611994924,1.3790554819227774,0.03999999891730804,0.3529318622382503,0.567418440339403,0.13154419677457954
H0,map-barrier-01,7019,H0_map-barrier-01_seed401,2007,1.0,center,,success,1,0,0,79,1.3692464767820651,342.42664381999356,0.9795096341898165,11.142527924168542,23.9828697538153,15.973495742135892,1.3794435089147543,0.03999999896446361,0.3510997436871705,0.577132763694736,0.12475588304006512
H0,map-barrier-01,7019,H0_map-barrier-01_seed401,2008,1.0,center,,success,1,0,0,79,1.5893731413216934,342.9624113822454,0.977979467992311,11.431768139862816,20.382428197037164,16.040752513765547,1.3991817583011676,0.03999999891730804,0.3522088651547363,0.5915409038197014,0.12028256787776828
H0,map-barrier-01,7019,H0_map-barrier-01_seed401,2009,1.0,center,,success,1,0,0,79,2.8970455679520155,342.31652601290995,0.9798247269321698,12.11654847969618,21.872529945613447,16.289663888187874,1.3619403884380679,0.03999999896446361,0.35135712886797166,0.5701243676763924,0.12360546446036631
H0,map-barrier-01,7019,H0_map-barrier-01_seed401,2010,1.0,center,,success,1,0,0,79,1.8103571942667604,342.68216367912385,0.9787792659644678,11.259377058394804,25.065668600777062,16.416458751699302,1.3616661082340191,0.03999999887015246,0.3522269089806103,0.5540677677792839,0.1263713597542079
H0,map-barrier-01,7019,H0_map-barrier-01_seed401,2011,1.0,center,,success,1,0,0,80,1.1855716107799268,343.3940429490086,0.9767501897951512,12.290862736923344,21.421615852767108,16.105771251152746,1.3822451539337635,0.039999998966231944,0.3536095571764716,0.572913202251948,0.11608231612646072
H0,map-barrier-01,7019,H0_map-barrier-01_seed401,2012,1.0,center,,success,1,0,0,79,1.424158885540239,343.03084319806385,0.9777843691778606,11.390828000621404,21.510431749817126,16.273483267065245,1.3551947776275346,0.03999999887015246,0.352834721291243,0.5739018533826817,0.13443491426261922
H0,map-barrier-01,7019,H0_map-barrier-01_seed401,2013,1.0,center,,success,1,0,0,80,0.8846783472842912,344.00394951826615,0.9750184470110528,12.324635447576311,21.16712715514618,16.326437422624583,1.341168862581253,0.03999999882653356,0.35380569099600007,0.5702606462873518,0.13278639569365963
H0,map-barrier-01,7019,H0_map-barrier-01_seed401,2014,1.0,center,,success,1,0,0,78,1.251100092675426,342.44131575814674,0.9794676669851833,11.686214209564335,21.761680874989427,16.33428354830672,1.3809780386778026,0.0399999989148898,0.35273691674749674,0.5693173685517067,0.12509849595652514
H0,map-barrier-01,7019,H0_map-barrier-01_seed401,2015,1.0,center,,success,1,0,0,81,2.143041283573251,343.61421956329116,0.9761243206152836,12.86002353229554,21.07421273753213,15.988853625275954,1.3614258133334878,0.03999999901394785,0.351777475671033,0.5886216797854429,0.12756555410243717
H0,map-barrier-01,7019,H0_map-barrier-01_seed401,2016,1.0,center,,success,1,0,0,78,1.7602797962777421,341.5946196959632,0.9818954318528226,10.467591443152159,24.761339460952872,16.133047907328006,1.382782404239361,0.0399999990581702,0.35119788024031245,0.5744170941149768,0.12262741637493303
H0,map-barrier-01,7019,H0_map-barrier-01_seed401,2017,1.0,center,,success,1,0,0,78,1.896280441461075,342.3533906411477,0.9797192193622611,11.384504150646912,20.716343731290987,16.399356919298874,1.372012231594477,0.039999998962649934,0.35003863852229866,0.5604468170935527,0.12808605986828964
H0,map-barrier-01,7019,H0_map-barrier-01_seed401,2018,1.0,center,,success,1,0,0,81,0.9348354244768987,344.6494144745532,0.9731924168109477,12.087024544499837,26.0787600161494,16.203662935908334,1.3431318549462308,0.039999998875974135,0.35301866445775526,0.5619486790656307,0.12784213788398086
H0,map-barrier-01,7019,H0_map-barrier-01_seed401,2019,1.0,center,,success,1,0,0,79,0.8618275094392386,344.3992679351453,0.973899272887335,11.702494041715996,20.748428279560105,16.559743572205683,1.3672656160366685,0.03999999896446361,0.3525218445545162,0.5470208575171006,0.1296072439954748
H0,map-barrier-01,7019,H0_map-barrier-01_seed401,2020,1.0,center,,success,1,0,0,81,1.101106934083447,344.32012130707506,0.9741231367824699,12.271623881298646,19.997555461215363,16.061755749994354,1.3647716192551602,0.03999999878399166,0.352956932638464,0.5739345687361043,0.12150526598856631
H0,map-barrier-01,7019,H0_map-barrier-01_seed401,2021,1.0,center,,success,1,0,0,80,1.4030789964064487,342.9291562274341,0.9780743064101585,11.900547085461154,19.17354136559094,15.79242472491802,1.3715915702283383,0.039999998873099685,0.35224991762347013,0.5752933908166596,0.11864613957522212
H0,map-barrier-01,7019,H0_map-barrier-01_seed401,2022,1.0,center,,success,1,0,0,80,1.2407767603275281,343.8039041137505,0.9755857702942056,11.396424107174807,21.79596157580898,16.19879756736847,1.3384062722325325,0.03999999891966581,0.3527455519783205,0.5769460421986878,0.14050154876111492
H0,map-barrier-01,7019,H0_map-barrier-01_seed401,2023,1.0,center,,success,1,0,0,78,0.5943483479150404,343.6422447576231,0.9760447143555915,11.189285446986108,26.796586120519297,16.4765877036837,1.3711488988154974,0.03999999886712967,0.3521582219256722,0.55733349863201,0.13335248202709313
H0,map-barrier-01,7019,H0_map-barrier-01_seed401,2024,1.0,center,,success,1,0,0,80,1.599487344976638,342.8811783429474,0.978211164129556,11.65119085576267,20.09213421760575,15.987420135964994,1.390332081913948,0.039999998966231944,0.35350996019571884,0.5851642527151852,0.12351026440531507
H0,map-barrier-01,7019,H0_map-barrier-01_seed401,2025,1.0,center,,success,1,0,0,78,2.3372997304329006,341.2033314719289,0.9830214587238372,10.665986546206664,21.064722106108224,15.973091162096276,1.3605725039274266,0.039999998962649934,0.35130198695839077,0.5715869232797279,0.13094923280020196
H0,map-barrier-01,7019,H0_map-barrier-01_seed401,2026,1.0,center,,success,1,0,0,79,0.9303251166365424,343.64367996012083,0.9760406379767909,11.716800997598849,25.540905023205063,16.302764779987157,1.327517058275923,0.03999999882299689,0.35263678582132485,0.5667735795620121,0.1384986451221333
H0,map-barrier-01,7019,H0_map-barrier-01_seed401,2027,1.0,center,,success,1,0,0,78,1.4955012315348575,342.4796950004932,0.9793579050707968,11.571354600643614,20.385891178784018,16.324420676949355,1.3758629988401363,0.0399999989148898,0.35058427097473627,0.5642297131260141,0.12665121720634717
H0,map-barrier-01,7019,H0_map-barrier-01_seed401,2028,1.0,center,,success,1,0,0,81,2.2339003834730957,343.27744738646373,0.9770819469167217,12.570796817865583,24.07033537161361,16.28539841924755,1.3610021876700131,0.03999999905993909,0.35314790438119825,0.579611561410589,0.12781047998729178
H0,map-barrier-01,7019,H0_map-barrier-01_seed401,2029,1.0,center,,success,1,0,0,80,1.2268096065755474,343.3397644179962,0.9769046040837439,12.426814438258193,19.54640405313147,15.822975021490377,1.3919532120227813,0.03999999891966581,0.35427722361123004,0.5837568721501156,0.11859403099481702
H0,map-barrier-01,7019,H0_map-barrier-01_seed401,2030,1.0,center,,success,1,0,0,81,2.265361626622003,343.6625171546895,0.975987138201614,12.776974605702467,19.910950880163675,16.10352608931033,1.3569438258806865,0.03999999896795661,0.35466006114024173,0.5865740607216678,0.12511762245326322
H0,map-barrier-01,7019,H0_map-barrier-01_seed401,2031,1.0,center,,success,1,0,0,81,2.4283347285992005,343.3422955775119,0.9768974022288708,12.555597907745067,23.88939112494106,16.10894581591619,1.3529514464331263,0.03999999901394785,0.3522828380612633,0.5798981891094167,0.13148574354145653
H0,map-barrier-01,7019,H0_map-barrier-01_seed401,2032,1.0,center,,success,1,0,0,81,1.1395679410120245,344.7673064680091,0.9728596370145993,11.744729313058151,21.297073212200267,16.09653562022705,1.359717224115207,0.039999998875974135,0.3530361430459896,0.5716889381960586,0.1333109386145791
H0,map-barrier-01,7019,H0_map-barrier-01_seed401,2033,1.0,center,,success,1,0,0,78,2.112817309088332,341.62439979456695,0.9818098380170288,11.5425653980349,26.78585863692342,16.240708948079643,1.3644557503553538,0.039999998962649934,0.3521048164803193,0.5686860893351527,0.13381128268355708
H0,map-barrier-01,7019,H0_map-barrier-01_seed401,2034,1.0,center,,success,1,0,0,79,0.4585153514913422,344.8103922175933,0.972738073431694,11.752017865337061,25.766574518407445,16.56341707374887,1.3932238590868213,0.03999999887015246,0.3533444934812296,0.562091191593982,0.12015815225883407
H0,map-barrier-01,7019,H0_map-barrier-01_seed401,2035,1.0,center,,success,1,0,0,80,1.5457545121263137,343.9544072959875,0.9751588859169165,12.054571593739201,20.35966847391496,16.292555632926362,1.3810979962348937,0.039999998966231944,0.3530316678332327,0.5706259652040899,0.12482236861456
H0,map-barrier-01,7019,H0_map-barrier-01_seed401,2036,1.0,center,,success,1,0,0,78,0.988254322935365,343.1214805506433,0.9775260822688813,11.180852986688787,20.760021578932587,16.44085574179722,1.3798215297552257,0.0399999989148898,0.35185047598964586,0.5617332234978676,0.12730775363151534
H0,map-barrier-01,7019,H0_map-barrier-01_seed401,2037,1.0,center,,success,1,0,0,78,2.138634409842947,341.8661319876422,0.9811156041543563,11.427892675985692,21.205807155048955,16.21084771244455,1.3760281724807544,0.039999998962649934,0.35252054730614096,0.5805461739946622,0.12523438094676737
H0,map-barrier-01,7019,H0_map-barrier-01_seed401,2038,1.0,center,,success,1,0,0,80,2.3971913292517377,342.04420773677725,0.9806048137587114,11.708252016211878,19.390750262582678,15.862942129296545,1.3777347587049007,0.0399999990593642,0.3520242481659185,0.5880512636853382,0.11848459245106664
H0,map-barrier-01,7019,H0_map-barrier-01_seed401,2039,1.0,center,,success,1,0,0,80,2.0502416780314916,342.8401411916925,0.9783282536843615,12.060682135476892,19.332222426932756,16.02299672990518,1.3734894692897797,0.039999998966231944,0.3530381454580991,0.57729003848508,0.11868446489735837
H0,map-barrier-01,7019,H0_map-barrier-01_seed401,2040,1.0,center,,success,1,0,0,80,0.9829846188061329,343.57755657405914,0.9762284823533572,12.586480506546778,21.131757225979033,16.272204786119204,1.3754687823355198,0.039999998873099685,0.35443770853671847,0.5722472953420947,0.12490033698463496
H0,map-barrier-01,7019,H0_map-barrier-01_seed401,2041,1.0,center,,success,1,0,0,81,1.12035900484516,343.7910095983543,0.9756223614364523,12.024217869256486,20.323295800876743,16.150917438509328,1.3792508722823342,0.03999999901394785,0.3544233184138066,0.5658382332573334,0.12422833218958629
H0,map-barrier-01,7019,H0_map-barrier-01_seed401,2042,1.0,center,,success,1,0,0,80,2.635649088333244,341.93293526041106,0.9809239240716167,12.089523427753864,20.673895669974065,15.964528531951592,1.36274503916502,0.03999999901279807,0.3503993965981458,0.57837152951397,0.1280722110962576
H0,map-barrier-01,7019,H0_map-barrier-01_seed401,2043,1.0,center,,success,1,0,0,79,2.439399481067359,341.7480332985213,0.9814546506314006,11.699302275338372,24.204031416895173,15.985223763943731,1.3915960486931136,0.03999999887015246,0.35246657814294113,0.5921849088354295,0.12270419588921307
H0,map-barrier-01,7019,H0_map-barrier-01_seed401,2044,1.0,center,,success,1,0,0,82,1.1057327564423338,343.70870050740564,0.9758559970399749,12.524442819483145,21.100402194853586,15.727581174148925,1.3532307751295043,0.03999999887877848,0.35318620151429275,0.5874145271301996,0.12738113378863508
H0,map-barrier-01,7019,H0_map-barrier-01_seed401,2045,1.0,center,,success,1,0,0,78,2.089290736883233,341.9441439450491,0.9808917700864892,10.742247297956721,19.811386972258266,16.172831356439925,1.3997346697709498,0.039999998962649934,0.3511057267015864,0.5869466550648212,0.11734948481498551
H0,map-barrier-01,7019,H0_map-barrier-01_seed401,2046,1.0,center,,success,1,0,0,80,1.3416857559450825,344.26892718850627,0.974267992653641,12.088889703874216,20.148757575958523,16.420566352921252,1.3491341955959797,0.039999998966231944,0.35446603426202267,0.5589987703133374,0.1278284389208021
H0,map-barrier-01,7019,H0_map-barrier-01_seed401,2047,1.0,center,,success,1,0,0,81,1.75381460539952,343.9638826329125,0.9751320227505609,12.395524978764602,24.761003424643587,16.062738925534717,1.3567173657593903,0.03999999896795661,0.35404480786818615,0.579607828784688,0.1252922502069658
H0,map-barrier-01,7019,H0_map-barrier-01_seed401,2048,1.0,center,,success,1,0,0,80,0.8932840867247582,343.47990456847447,0.9765060260114948,11.780075007003944,20.462638419266366,16.127976355058706,1.3573957666754723,0.03999999882653356,0.3533333250453815,0.560246687545441,0.1252779575290038
H0,map-barrier-01,7019,H0_map-barrier-01_seed401,2049,1.0,center,,success,1,0,0,80,1.8186710962030657,343.683102402995,0.9759286804612061,12.035409856385886,20.343683168737027,16.224380699764314,1.3591705866158008,0.03999999901279807,0.35300837876653357,0.5842816045507788,0.12840822937453986
H0,map-barrier-01,7019,H0_map-barrier-01_seed401,2050,1.0,center,,success,1,0,0,79,0.8206146239985869,342.9731053178112,0.9779489744951441,11.22281975521636,20.54444507309786,16.140434324968997,1.3851876198490964,0.03999999891730804,0.35215428616806643,0.5667409204606768,0.12622354383766682
H0,map-barrier-01,7019,H0_map-barrier-01_seed503,2001,1.0,center,,success,1,0,0,88,1.859651788909537,354.9080830861176,0.9450621516094971,2.920790610746171,32.414598942935044,17.316320113837012,1.530157908797264,0.03999999889426611,0.3610578303310134,0.505530503874814,0.12754733444885868
H0,map-barrier-01,7019,H0_map-barrier-01_seed503,2002,1.0,center,,success,1,0,0,87,2.1828966702804653,353.39762638961724,0.9491014414884106,2.6692937052920342,39.92753413060324,17.698382264590766,1.5160335158479625,0.039999998891833186,0.36302657798982035,0.4736508809394021,0.12826614804780978
H0,map-barrier-01,7019,H0_map-barrier-01_seed503,2003,1.0,center,,success,1,0,0,86,2.169917050353106,352.9397537068886,0.9503327213842899,2.8234588654118653,39.314663015556185,18.0096718271916,1.5307210503622544,0.03999999893266101,0.35915116155983573,0.4806366799166426,0.13247561061290905
H0,map-barrier-01,7019,H0_map-barrier-01_seed503,2004,1.0,center,,success,1,0,0,87,2.8161778572379403,352.2647123688485,0.9521538344543803,2.5848092272152314,35.46372658059513,17.506684642959875,1.5272961180100495,0.03999999902029147,0.3597682864964697,0.5130288149925998,0.12272777900251015
H0,map-barrier-01,7019,H0_map-barrier-01_seed503,2005,1.0,center,,success,1,0,0,87,1.6561170098451674,353.12095446318534,0.9498450669257485,2.866970704194358,36.55431261301983,17.53551852049053,1.5245537583170266,0.039999998891833186,0.361598884402342,0.4924313671801282,0.12358579282412654
H0,map-barrier-01,7019,H0_map-barrier-01_seed503,2006,1.0,center,,success,1,0,0,86,2.0341220394340604,353.34357381488206,0.9492466298557648,2.028028785638618,35.712250076083315,18.1368586303566,1.528235798311788,0.039999998889343684,0.36097204171940744,0.46568693312529347,0.12316617115255028
H0,map-barrier-01,7019,H0_map-barrier-01_seed503,2007,1.0,center,,success,1,0,0,87,2.1722551147701417,352.87503750760123,0.9505070094898493,2.7973101885132223,33.6731741698269,17.527418853908472,1.5218634475236652,0.039999998891833186,0.36156569751246953,0.4877464215206946,0.1259215786252744
H0,map-barrier-01,7019,H0_map-barrier-01_seed503,2008,1.0,center,,success,1,0,0,87,1.9583521876220475,353.2450809480368,0.949511301685495,2.2886828406076867,36.52548157448023,17.56483143679347,1.5192229939603257,0.039999998891833186,0.3624910606189455,0.4693787519167038,0.1276220962800577
H0,map-barrier-01,7019,H0_map-barrier-01_seed503,2009,1.0,center,,success,1,0,0,87,2.1482426463979776,355.02710007859775,0.9447453350764311,3.39012718873429,33.44863997262849,18.07263431536369,1.5312062474502914,0.0399999987633749,0.36200699718534673,0.4724911177509475,0.12987760623293854
H0,map-barrier-01,7019,H0_map-barrier-01_seed503,2010,1.0,center,,success,1,0,0,86,2.8697350088911833,352.6984070967528,0.9509830208361508,2.93668754013531,35.23262374090457,17.96313656960755,1.5291248594605646,0.03999999910593033,0.3602037157336567,0.47632049723679937,0.13013978789517539
H0,map-barrier-01,7019,H0_map-barrier-01_seed503,2011,1.0,center,,success,1,0,0,87,1.8469900486431403,352.40605200148184,0.9517719537448752,2.9535697715489846,32.71743616891289,17.382080753420027,1.5266042084529483,0.039999998891833186,0.3617623233191989,0.4933277676099424,0.13357248068046818
H0,map-barrier-01,7019,H0_map-barrier-01_seed503,2012,1.0,center,,success,1,0,0,86,2.8951718290115904,352.9014103916407,0.9504359765883029,2.8042409937220865,40.043268566072626,18.22642030724863,1.5301423564899799,0.03999999897597834,0.36081571866210405,0.4813021138786923,0.12479679870601718
H0,map-barrier-01,7019,H0_map-barrier-01_seed503,2013,1.0,center,,success,1,0,0,86,2.7634183586226904,352.2589120560846,0.9521695126667694,3.145567246163722,37.83555052294642,17.715334203149503,1.5244749656250312,0.03999999897597834,0.35952539731344646,0.4783480260954347,0.12693890568247532
H0,map-barrier-01,7019,H0_map-barrier-01_seed503,2014,1.0,center,,success,1,0,0,85,2.8603149965043806,351.33423563512457,0.9546755271903138,2.439947636523584,37.00746602453873,18.303688758436106,1.5390651205006767,0.039999998886795604,0.36101609323436606,0.46070295619942686,0.13217574456595282
H0,map-barrier-01,7019,H0_map-barrier-01_seed503,2015,1.0,center,,success,1,0,0,87,2.37802335522801,352.47834663053993,0.9515767417524177,3.0643660408064526,34.23671040193261,17.228150365663936,1.532672221975765,0.03999999902029147,0.357811935721989,0.5073392417545474,0.12797356939288634
H0,map-barrier-01,7019,H0_map-barrier-01_seed503,2016,1.0,center,,success,1,0,0,87,1.7032674234017897,353.9684637529627,0.9475708459131371,2.395506593041837,37.787171924236056,17.77147446928493,1.51849681687081,0.039999998891833186,0.36371990201381826,0.46728764970026826,0.12441913228078713
H0,map-barrier-01,7019,H0_map-barrier-01_seed503,2017,1.0,center,,success,1,0,0,86,1.936722800387859,354.12168404002676,0.9471608538579543,2.094099557380803,37.54778007590679,18.089331751903963,1.5316420585610147,0.039999998802709026,0.3604942782391307,0.45545681755445616,0.13270584107845051
H0,map-barrier-01,7019,H0_map-barrier-01_seed503,2018,1.0,center,,success,1,0,0,86,2.693808118048994,351.66964149249065,0.9537650028631506,2.634790582283397,34.94305477344346,17.448560745178376,1.5357821659986364,0.03999999914924766,0.35660857193976986,0.495114978500317,0.12503837378394617
H0,map-barrier-01,7019,H0_map-barrier-01_seed503,2019,1.0,center,,success,1,0,0,86,2.290757375409861,354.3386228544268,0.9465809680102677,2.636769202558917,40.49601810068383,18.22877182418725,1.5334680156652318,0.039999998889343684,0.3606064763006898,0.4567913030285042,0.1333104817863033
H0,map-barrier-01,7019,H0_map-barrier-01_seed503,2020,1.0,center,,success,1,0,0,87,2.344531849280748,352.6430575360008,0.9511322836427226,2.557530313756471,40.61961852575817,17.66180061598014,1.5350402826550362,0.03999999902029147,0.3587037479254284,0.4992727519992482,0.1271918022095184
H0,map-barrier-01,7019,H0_map-barrier-01_seed503,2021,1.0,center,,success,1,0,0,88,2.00551426226621,354.21367994590094,0.9469148585006533,2.8077668944948044,36.97152265486546,17.697739254297215,1.5276260128752752,0.0399999989789318,0.3626258139276932,0.4824954553253271,0.12941792037097463
H0,map-barrier-01,7019,H0_map-barrier-01_seed503,2022,1.0,center,,success,1,0,0,86,2.7041451589622265,352.786131563147,0.9507465476004169,2.66725348078171,38.949517025732305,17.845160516517986,1.5271087167567985,0.039999999062613,0.3581715810228365,0.484565629905393,0.13307161852732652
H0,map-barrier-01,7019,H0_map-barrier-01_seed503,2023,1.0,center,,success,1,0,0,85,2.054186606887229,353.1104303221779,0.9498733762096472,2.108193362611061,33.645403454721574,18.21183297240264,1.53671096423093,0.039999998886795604,0.36020655805056845,0.44783666414373063,0.12918111716731082
H0,map-barrier-01,7019,H0_map-barrier-01_seed503,2024,1.0,center,,success,1,0,0,87,2.927794494001573,351.4244711213185,0.9544303945446599,2.7220468341591015,36.098590374917485,17.570449181921404,1.526550210070336,0.039999998934652614,0.3614843117510466,0.5056354437885142,0.12299043861938264
H0,map-barrier-01,7019,H0_map-barrier-01_seed503,2025,1.0,center,,success,1,0,0,87,2.045399782278782,354.9356398388539,0.944988778183137,2.9770024667753106,39.94566897447744,18.337285463809476,1.5266230537973602,0.03999999884901376,0.3641133533652931,0.4654689473688774,0.12476612183072226
H0,map-barrier-01,7019,H0_map-barrier-01_seed503,2026,1.0,center,,success,1,0,0,85,2.1047796128077,352.7230948519061,0.9509164597395965,2.8709609682021315,36.18839360189928,17.947343993555098,1.5305302563835592,0.039999998974449495,0.3584749870895407,0.4698981876101564,0.13272136772617024
H0,map-barrier-01,7019,H0_map-barrier-01_seed503,2027,1.0,center,,success,1,0,0,86,1.9485451730107919,354.2923310138377,0.9467046482918882,2.5327036591950858,39.26967787291573,18.315177789984013,1.5316144713135653,0.03999999893266101,0.361240573906939,0.4564991650045687,0.13242757332510366
H0,map-barrier-01,7019,H0_map-barrier-01_seed503,2028,1.0,center,,success,1,0,0,87,2.789705066037374,352.0095437274957,0.9528440424462541,2.9987247914004684,34.11746635909937,17.5351267130869,1.5387791415740704,0.0399999990631109,0.35900429906338344,0.5053284190509512,0.1277490137218781
H0,map-barrier-01,7019,H0_map-barrier-01_seed503,2029,1.0,center,,success,1,0,0,87,2.8666170126320623,351.4741766185165,0.9542954189462871,2.860521614007259,36.84495720875173,17.468225488839046,1.5206576448747482,0.03999999902029147,0.36242501100070046,0.4822896168923177,0.1297368642698135
H0,map-barrier-01,7019,H0_map-barrier-01_seed503,2030,1.0,center,,success,1,0,0,87,1.5081065845233281,353.5397377192808,0.9487199339704562,3.052838030454801,38.46248910268313,17.229824675211184,1.5272790656007569,0.039999998891833186,0.3604584124343554,0.5034358411834672,0.13898731549155505
H0,map-barrier-01,7019,H0_map-barrier-01_seed503,2031,1.0,center,,success,1,0,0,87,2.4709672396613422,352.7527551009623,0.9508365045340889,3.060149886902128,37.72445912776726,17.381735909396795,1.5349434771757016,0.039999998934652614,0.3580544606555723,0.4964999406994588,0.1301884574670059
H0,map-barrier-01,7019,H0_map-barrier-01_seed503,2032,1.0,center,,success,1,0,0,87,1.8262177715443948,354.12765609541964,0.9471448808126758,2.376924766969474,40.17111542396145,17.753828529584705,1.5285617503626594,0.039999998891833186,0.3586619042397747,0.4966415106292129,0.12638318787134978
H0,map-barrier-01,7019,H0_map-barrier-01_seed503,2033,1.0,center,,success,1,0,0,86,2.4142018714048152,352.8270466469655,0.9506362956368701,3.2378980922533174,35.780516693286074,17.899032181737436,1.5269290194954983,0.03999999893266101,0.36281897785599465,0.4672139859650024,0.12810102861054173
H0,map-barrier-01,7019,H0_map-barrier-01_seed503,2034,1.0,center,,success,1,0,0,86,2.3501638780896252,353.0397662982687,0.9500635017461297,2.578173999011497,33.85597593208118,17.76616458692615,1.5281016431575598,0.039999999062613,0.3613728187325972,0.4691024299949234,0.13170470111472113
H0,map-barrier-01,7019,H0_map-barrier-01_seed503,2035,1.0,center,,success,1,0,0,87,2.2187038219007094,354.1799926278,0.9470049229388395,2.7597428533660135,38.235100200697396,17.677035299039435,1.520242439946909,0.039999998891833186,0.3609170914457378,0.4727879615685228,0.13257277932093686
H0,map-barrier-01,7019,H0_map-barrier-01_seed503,2036,1.0,center,,success,1,0,0,86,1.601975977321109,354.4612733238885,0.9462534326521134,2.1610317544775697,36.833727448027936,18.225850479012994,1.523824184439903,0.0399999987593917,0.362182848987168,0.46271486067061507,0.1257392217715884
H0,map-barrier-01,7019,H0_map-barrier-01_seed503,2037,1.0,center,,success,1,0,0,85,2.8043672105956587,351.21253596111336,0.9550063345748725,2.83764384724126,38.950695269367735,18.175043675411104,1.531554069589166,0.039999998974449495,0.3609659300886555,0.47796822334913647,0.13023035353606682
H0,map-barrier-01,7019,H0_map-barrier-01_seed503,2038,1.0,center,,success,1,0,0,88,1.6237185772104614,353.9695302510199,0.9475679909146701,2.45170493969907,39.20640005316579,17.459666281244587,1.5193244455890222,0.039999998809600416,0.3621781338562678,0.49845665132372896,0.12230251076555207
H0,map-barrier-01,7019,H0_map-barrier-01_seed503,2039,1.0,center,,success,1,0,0,87,1.4936734820007058,353.06464625354505,0.9499965521444522,2.4491326531495545,39.90367261264115,17.391652956433276,1.5181522732493522,0.039999998891833186,0.36098644738568664,0.4960164926817705,0.12741142239458536
H0,map-barrier-01,7019,H0_map-barrier-01_seed503,2040,1.0,center,,success,1,0,0,86,2.3613854383924346,351.0739323114204,0.9553833701541892,2.9351673166509173,35.800783867215465,17.553583977623102,1.5305062338363293,0.039999998846026355,0.3604063858113081,0.4901811554134542,0.1351343730387988
H0,map-barrier-01,7019,H0_map-barrier-01_seed503,2041,1.0,center,,success,1,0,0,87,1.8110132038756346,352.02428678967885,0.9528041365661891,3.042959171059074,38.914665386960266,17.236618938982584,1.5215676461143055,0.039999998891833186,0.3602398935720518,0.5045837944469832,0.12644608932458834
H0,map-barrier-01,7019,H0_map-barrier-01_seed503,2042,1.0,center,,success,1,0,0,87,2.1923970876374286,352.246137883818,0.9522040430024458,2.3977961530362104,37.697106943265304,17.163989809324146,1.521781891926952,0.03999999897747204,0.3584759209893482,0.5007994774944449,0.1338414619611013
H0,map-barrier-01,7019,H0_map-barrier-01_seed503,2043,1.0,center,,success,1,0,0,86,2.607667982626189,350.77907542905075,0.9561864436033306,2.392148477208353,36.2870343310257,17.45932196593089,1.5239636655463729,0.03999999897597834,0.36063187686622217,0.48373341299918327,0.1276955967494313
H0,map-barrier-01,7019,H0_map-barrier-01_seed503,2044,1.0,center,,success,1,0,0,88,2.22336072082556,352.25928391909474,0.9521685075076798,3.4162211051981757,36.43768791999182,17.014433980778676,1.5312576510689475,0.0399999989789318,0.3590886570260763,0.5184466044037518,0.1262431718192801
H0,map-barrier-01,7019,H0_map-barrier-01_seed503,2045,1.0,center,,success,1,0,0,87,2.670838905882542,353.3635652094086,0.9491929266284127,2.460049080224195,39.85107593462112,18.2452752329099,1.536382595012928,0.03999999897747204,0.363715821464854,0.465834797584805,0.12147151102585267
H0,map-barrier-01,7019,H0_map-barrier-01_seed503,2046,1.0,center,,success,1,0,0,86,2.9039327078117734,352.7975798106309,0.9507156959665218,3.2002903595186964,38.187665730162394,17.999621633718014,1.5312445239965307,0.03999999893266101,0.3600981921557075,0.4828467324895914,0.1309303428442399
H0,map-barrier-01,7019,H0_map-barrier-01_seed503,2047,1.0,center,,success,1,0,0,87,1.7635121702546583,353.17775853145514,0.949692296648674,2.89516537787253,36.10437387509169,17.230476089520053,1.5289840626305546,0.0399999990631109,0.3597666429435606,0.5025091489413004,0.13277021499231728
H0,map-barrier-01,7019,H0_map-barrier-01_seed503,2048,1.0,center,,success,1,0,0,86,2.3906859257976882,351.6117254540543,0.9539221031148379,2.93687439795751,39.73521655489541,17.90823703026173,1.5275691137757412,0.03999999901929567,0.35924506672501016,0.48151141382363993,0.12771532679309636
H0,map-barrier-01,7019,H0_map-barrier-01_seed503,2049,1.0,center,,success,1,0,0,87,1.9905658071676002,354.4122800979968,0.9463842407837162,2.6949448403135605,39.58166917400839,17.77910100016895,1.5247373844700298,0.03999999897747204,0.3608147254888768,0.49987340330991936,0.13327127937325237
H0,map-barrier-01,7019,H0_map-barrier-01_seed503,2050,1.0,center,,success,1,0,0,87,1.840422700845002,353.5055796927169,0.9488116055099393,2.565531287673251,38.84880923370408,17.65897290021824,1.5228032010725174,0.03999999884901376,0.3624794947015216,0.4776887125603255,0.1347696881296068
H0,map-mixed-01,7027,H0_map-mixed-01_seed101,2001,1.0,center,,success,1,0,0,80,2.5542938156026462,339.3197052586314,0.9884783919911663,2.947009833526333,24.220250683591612,13.240183220868555,1.4915800020098686,0.03999999891966581,0.3410560617045983,0.5513152441941201,0.13221922292135785
H0,map-mixed-01,7027,H0_map-mixed-01_seed101,2002,1.0,center,,success,1,0,0,79,0.4036082346596384,340.67608743644496,0.9845428223298506,2.9113876947684756,26.235685027823987,13.675372988733429,1.532178261612035,0.03999999891730804,0.34327946537398596,0.5454304354866566,0.16247670061570432
H0,map-mixed-01,7027,H0_map-mixed-01_seed101,2003,1.0,center,,success,1,0,0,79,1.55071614765578,340.6370477714859,0.984655658623416,2.9654539380246305,21.57898402013408,13.617622907158188,1.5057312023790577,0.03999999901161918,0.34137557903452737,0.5327276947165404,0.14102324847594136
H0,map-mixed-01,7027,H0_map-mixed-01_seed101,2004,1.0,center,,success,1,0,0,80,2.043274339331512,339.42129975639705,0.9881825238006355,3.5105437296718294,22.82831060998801,13.42662551121788,1.4962962567806244,0.03999999891966581,0.34220304519061295,0.5593575797625817,0.14074314254978024
H0,map-mixed-01,7027,H0_map-mixed-01_seed101,2005,1.0,center,,success,1,0,0,79,1.4099045736862368,339.70784266626083,0.9873489937483884,2.979936358684107,25.34798784244752,13.476344761658503,1.5192875439607645,0.03999999891730804,0.34163158410550193,0.5527014930296359,0.1579087521519399
H0,map-mixed-01,7027,H0_map-mixed-01_seed101,2006,1.0,center,,success,1,0,0,78,1.4476963479113807,339.5190133647767,0.9878981247645364,3.013664015980023,22.59105968505753,13.583564195698813,1.5274650011307154,0.03999999901041006,0.3410794465559334,0.5531540488404855,0.14130289234818774
H0,map-mixed-01,7027,H0_map-mixed-01_seed101,2007,1.0,center,,success,1,0,0,79,2.2353872183316223,339.22769604425923,0.9887464984026756,2.8906436192218194,24.566640968279632,13.392810612525082,1.5286197556725032,0.03999999887015246,0.34163189130815425,0.5600477806351418,0.13832282101325277
H0,map-mixed-01,7027,H0_map-mixed-01_seed101,2008,1.0,center,,success,1,0,0,79,1.5431757411697538,340.29926727544455,0.9856330262194812,2.7033744753570246,25.598680242518647,13.60726386573993,1.5364908945711353,0.03999999896446361,0.34285644489170936,0.5519445249987648,0.1499935141821565
H0,map-mixed-01,7027,H0_map-mixed-01_seed101,2009,1.0,center,,success,1,0,0,78,2.6578930123868,338.49882311236655,0.9908755177964894,2.914492360268633,26.864966419524965,13.696276440542654,1.5092109594589624,0.039999998962649934,0.33916697701161386,0.5475004382247929,0.15671038491565106
H0,map-mixed-01,7027,H0_map-mixed-01_seed101,2010,1.0,center,,success,1,0,0,78,2.1266224546736923,338.4881726011786,0.9909066956385602,2.708445679048512,26.264779716387277,13.64541048223508,1.506050413999802,0.039999998962649934,0.3398811214695865,0.5445164754339016,0.14610632943281798
H0,map-mixed-01,7027,H0_map-mixed-01_seed101,2011,1.0,center,,success,1,0,0,80,0.36179695418489555,341.0732790634062,0.9833962881701298,2.870500469848969,24.792808364202536,13.613731423697303,1.5186170428991317,0.03999999891966581,0.34436295430951225,0.5441633184731473,0.13989522302880575
H0,map-mixed-01,7027,H0_map-mixed-01_seed101,2012,1.0,center,,success,1,0,0,78,1.687640617880877,338.8148935075446,0.9899511593267659,2.76754004475541,23.260923815979453,13.631063794706161,1.5004373987515767,0.0399999990581702,0.34059083642993027,0.5440859330149416,0.14894773502670217
H0,map-mixed-01,7027,H0_map-mixed-01_seed101,2013,1.0,center,,success,1,0,0,79,1.7938202115681998,340.01314831218014,0.9864624303205313,3.0537524970747043,21.27427855357997,13.392236026144296,1.4919913765750354,0.03999999891730804,0.34164885172238163,0.5407375368655105,0.13238706378623993
H0,map-mixed-01,7027,H0_map-mixed-01_seed101,2014,1.0,center,,success,1,0,0,77,2.0476167951166486,338.27421903995673,0.9915334298217685,2.940943426482967,27.176994540271096,13.899715367462841,1.5336239214067335,0.039999998912408755,0.34077458780513,0.5499381222610978,0.15961310808648552
H0,map-mixed-01,7027,H0_map-mixed-01_seed101,2015,1.0,center,,success,1,0,0,80,2.8172438033981937,338.6753830333647,0.9903589496846467,3.073944495017933,23.266363901949887,12.94609856525492,1.4904657751321793,0.03999999901279807,0.3398064349330241,0.5651819694234291,0.13873891725781767
H0,map-mixed-01,7027,H0_map-mixed-01_seed101,2016,1.0,center,,success,1,0,0,78,0.6874365412144051,340.2366542403249,0.9858144101900693,3.2943252817741984,24.56400006334041,13.815505612112773,1.5352879777932777,0.03999999886712967,0.3417552569155015,0.5435874632840307,0.14107541760839773
H0,map-mixed-01,7027,H0_map-mixed-01_seed101,2017,1.0,center,,success,1,0,0,77,2.397399769648995,338.32057795475004,0.9913975633779781,2.755940604615003,24.500488698378952,13.69327434103374,1.5206528731754847,0.03999999900916954,0.3378742664110985,0.5536360725996314,0.15372443030486635
H0,map-mixed-01,7027,H0_map-mixed-01_seed101,2018,1.0,center,,success,1,0,0,80,2.172750087401555,339.7713461153654,0.9871644576852688,3.0802229154587515,24.43629271149005,13.200417794564226,1.4942141830921174,0.03999999910593033,0.34101681047832494,0.5561564321396872,0.14692105717212484
H0,map-mixed-01,7027,H0_map-mixed-01_seed101,2019,1.0,center,,success,1,0,0,78,0.7777016759782837,340.40723077555583,0.9853204230145096,2.7377195909013863,21.1631683267972,13.579296615780397,1.52442460335218,0.0399999989148898,0.340345440655432,0.5425561194021541,0.13553818461411338
H0,map-mixed-01,7027,H0_map-mixed-01_seed101,2020,1.0,center,,success,1,0,0,80,1.7703348107028025,339.3625370170825,0.9883536337662543,2.86051768222721,21.225720258420218,13.174268386069597,1.491903318464756,0.039999998966231944,0.3409857392544007,0.552284727190272,0.13625148400833653
H0,map-mixed-01,7027,H0_map-mixed-01_seed101,2021,1.0,center,,success,1,0,0,79,2.130388639740565,338.7307078005589,0.9901971947062281,3.4684948825369375,21.619493619242377,13.447940172364707,1.5181037353563913,0.03999999887015246,0.34032505803288643,0.5569179088604501,0.13685675344083098
H0,map-mixed-01,7027,H0_map-mixed-01_seed101,2022,1.0,center,,success,1,0,0,79,2.1874542003302566,339.8650686508487,0.9868922333102235,3.354664707977747,20.51112933672029,13.336276151432218,1.4849239753771433,0.03999999896446361,0.34042513116909306,0.5423688402847399,0.12941021274593542
H0,map-mixed-01,7027,H0_map-mixed-01_seed101,2023,1.0,center,,success,1,0,0,77,0.6208410077504682,340.0798360379919,0.9862689906363582,3.112202088553282,27.85070056142567,14.118693226948052,1.5345973596944438,0.039999998912408755,0.34010258538624233,0.5387218525306648,0.1496139562619311
H0,map-mixed-01,7027,H0_map-mixed-01_seed101,2024,1.0,center,,success,1,0,0,80,0.8201743581781393,340.18594109818173,0.9859613702500571,2.8488407123589425,25.549188165084615,13.59358894949855,1.5203245341777802,0.039999998966231944,0.34414027150918497,0.5528767543728463,0.15652793531697423
H0,map-mixed-01,7027,H0_map-mixed-01_seed101,2025,1.0,center,,success,1,0,0,78,0.6887600284666907,340.06880255379883,0.9863009899942428,3.4166756028594816,27.157028631912066,13.97326317694052,1.5320935127062676,0.03999999886712967,0.3418512802085251,0.5417727571315109,0.16687826611232992
H0,map-mixed-01,7027,H0_map-mixed-01_seed101,2026,1.0,center,,success,1,0,0,78,1.9291855282017523,340.2745291995005,0.9857046820813318,2.778585612915234,23.79514080578537,13.845556678787784,1.4955849464123065,0.0399999990581702,0.3404577937855865,0.5316584311568966,0.1411321969006267
H0,map-mixed-01,7027,H0_map-mixed-01_seed101,2027,1.0,center,,success,1,0,0,78,0.6190460694420348,341.08789637408194,0.9833541447542702,2.9512877298135822,24.60979673905012,13.86928135159264,1.5394859741895626,0.03999999886712967,0.34118698042416074,0.5353549594978969,0.15313688499547284
H0,map-mixed-01,7027,H0_map-mixed-01_seed101,2028,1.0,center,,success,1,0,0,80,2.781954495830926,338.30926186975927,0.9914307245720431,3.021940568264672,25.373029000135674,13.121380355521659,1.4875067993998528,0.03999999901279807,0.3410238980888347,0.5611161138007447,0.139777501936124
H0,map-mixed-01,7027,H0_map-mixed-01_seed101,2029,1.0,center,,success,1,0,0,79,2.774787408075977,338.558420697304,0.9907010906246215,3.0142944346881637,23.267583231017696,13.39735428459865,1.5407191997841945,0.03999999891730804,0.34240537543960725,0.5608058196751848,0.1461759652505359
H0,map-mixed-01,7027,H0_map-mixed-01_seed101,2030,1.0,center,,success,1,0,0,80,2.661120012857387,339.4338360498939,0.9881460273031414,3.7395381604110156,20.87953011634302,13.096807616801764,1.487218052148819,0.03999999901279807,0.3427411899047022,0.5527154917479493,0.1329573481272751
H0,map-mixed-01,7027,H0_map-mixed-01_seed101,2031,1.0,center,,success,1,0,0,80,2.8979455900715116,338.6933943330087,0.9903062836093811,2.8445675024008983,25.766869601405823,13.174949450583515,1.4876095697283744,0.039999998966231944,0.340176242865256,0.5523235208122059,0.14423728194374325
H0,map-mixed-01,7027,H0_map-mixed-01_seed101,2032,1.0,center,,success,1,0,0,80,1.6503322622117211,340.5233595402656,0.9849843989493106,2.89490267122237,21.91816927579977,13.266002476437844,1.498715054988861,0.03999999891966581,0.34098613893009977,0.5460628596469178,0.14151421348683083
H0,map-mixed-01,7027,H0_map-mixed-01_seed101,2033,1.0,center,,success,1,0,0,78,0.4247717386297228,340.975560251854,0.9836781157488976,3.4870459644489458,26.03454742569673,13.989727730210737,1.5320980548858643,0.03999999886712967,0.3426583488862565,0.5402689705161043,0.1495630116829259
H0,map-mixed-01,7027,H0_map-mixed-01_seed101,2034,1.0,center,,success,1,0,0,78,0.2826450223964798,340.9878907467129,0.9836425448729863,3.2690428120566946,29.191627796315263,13.889869996040908,1.5315023278578734,0.03999999886712967,0.34131763927567293,0.542024322569024,0.1615905429044106
H0,map-mixed-01,7027,H0_map-mixed-01_seed101,2035,1.0,center,,success,1,0,0,79,1.3787427704775237,339.79879827529226,0.9870847052061429,3.1615759668525527,22.277215813819176,13.371176812366611,1.507615756384934,0.03999999887015246,0.34090895210843175,0.5405725914059514,0.13849284777882057
H0,map-mixed-01,7027,H0_map-mixed-01_seed101,2036,1.0,center,,success,1,0,0,77,0.9418194488007248,339.49302636773484,0.9879737448911723,3.162605445581768,23.21057369665006,13.952176213646785,1.5234340228043592,0.039999998960789145,0.3398505305938883,0.5391063001369695,0.14370174955506135
H0,map-mixed-01,7027,H0_map-mixed-01_seed101,2037,1.0,center,,success,1,0,0,78,0.15006631915950303,341.0014007756622,0.9836035742434617,3.057544716813247,27.317798722429487,14.025056543263858,1.532951180751507,0.03999999881936954,0.3432404148979586,0.5417402432857414,0.16196327255729492
H0,map-mixed-01,7027,H0_map-mixed-01_seed101,2038,1.0,center,,success,1,0,0,80,0.9373682852314061,339.97906906813097,0.9865613125664306,3.5198192644200574,22.98317230294219,13.400458503470505,1.504704062640667,0.039999998873099685,0.342631513755564,0.5473337465882651,0.1447898257976609
H0,map-mixed-01,7027,H0_map-mixed-01_seed101,2039,1.0,center,,success,1,0,0,80,0.805794941701342,340.5457617905812,0.9849196033490182,3.203889621613989,23.094579361212812,13.390851482202448,1.5036489814519882,0.039999998966231944,0.34369701733864505,0.5498660668348748,0.14628452706374395
H0,map-mixed-01,7027,H0_map-mixed-01_seed101,2040,1.0,center,,success,1,0,0,79,1.3361333725719275,339.2603200126702,0.9886514185108416,2.8750903106401915,26.373241881363278,13.561241699425423,1.5109142215946052,0.03999999891730804,0.34261827578104836,0.550696586582904,0.1576468850663989
H0,map-mixed-01,7027,H0_map-mixed-01_seed101,2041,1.0,center,,success,1,0,0,80,2.118584191502026,338.74810266557023,0.9901463476419907,3.79786288529494,21.967242138613067,13.172642591904555,1.5076546743512154,0.039999998966231944,0.3424292265687412,0.555332625059964,0.1402977015517727
H0,map-mixed-01,7027,H0_map-mixed-01_seed101,2042,1.0,center,,success,1,0,0,80,1.9718989082783414,339.158047743059,0.9889495438983956,2.9515879767156674,20.548610684606604,13.101752024760803,1.5012229338288308,0.039999998873099685,0.3408267222190862,0.5564164687340962,0.13668899207214044
H0,map-mixed-01,7027,H0_map-mixed-01_seed101,2043,1.0,center,,success,1,0,0,79,1.3181751205071583,339.71968939243595,0.9873145628527605,2.774563758581813,27.26574484962683,13.587497010788766,1.5309417972081825,0.03999999905877476,0.34317035725201184,0.5528407531651915,0.14898356974957702
H0,map-mixed-01,7027,H0_map-mixed-01_seed101,2044,1.0,center,,success,1,0,0,81,2.717627724865683,338.1627459011217,0.9918602823358962,3.525020000287938,23.102729261719503,12.715787082792385,1.4834323547504566,0.03999999896795661,0.3412026125181705,0.5677818810095849,0.13607790525898517
H0,map-mixed-01,7027,H0_map-mixed-01_seed101,2045,1.0,center,,success,1,0,0,78,1.2030896088248781,340.08268431640374,0.9862607303843552,3.2718404610807337,24.29146093172989,13.771672348097939,1.5496788636232033,0.0399999989148898,0.3417138964942116,0.5479389969826652,0.14707130366324006
H0,map-mixed-01,7027,H0_map-mixed-01_seed101,2046,1.0,center,,success,1,0,0,79,2.39392414376065,341.1958007507331,0.9830431555340524,2.7118470790969766,21.86474587375858,13.667659005177073,1.4921413071547882,0.03999999887015246,0.34234313560762797,0.5332317440240066,0.13987456968450449
H0,map-mixed-01,7027,H0_map-mixed-01_seed101,2047,1.0,center,,success,1,0,0,80,2.136224819189073,339.5898269695842,0.9876921214574839,3.5533324270454556,22.298851614343082,13.198525436060853,1.4878489971160889,0.03999999891966581,0.34202157031481567,0.5542066941299708,0.12574499572314352
H0,map-mixed-01,7027,H0_map-mixed-01_seed101,2048,1.0,center,,success,1,0,0,79,1.2367315228591138,339.6053065147159,0.9876471014755311,3.06611246218219,24.08001706564416,13.492955527346071,1.506589577167849,0.03999999896446361,0.3413954361445927,0.5452483973813632,0.15284843709698992
H0,map-mixed-01,7027,H0_map-mixed-01_seed101,2049,1.0,center,,success,1,0,0,79,1.8810626356264066,339.1014457481879,0.9891146169693404,3.1556387033690214,23.131572737145728,13.385739129277958,1.4848950392083278,0.03999999896446361,0.3408422550757394,0.5514824242107098,0.14332877210481862
H0,map-mixed-01,7027,H0_map-mixed-01_seed101,2050,1.0,center,,success,1,0,0,78,2.556203073304871,338.34660376756966,0.9913213045146498,2.65601402768502,23.875702107723843,13.373648256766831,1.531498433687748,0.0399999989148898,0.34015113624465926,0.5629662533875746,0.15101333342403697
H0,map-mixed-01,7027,H0_map-mixed-01_seed211,2001,1.0,center,,success,1,0,0,143,2.8895734382644713,382.80915082891954,0.8761812404397459,2.0578538862850624,27.50174763732663,12.330566143272582,1.2442926450834408,0.039999997073953804,0.4313430315388175,0.5005511056592727,0.16502810266036422
H0,map-mixed-01,7027,H0_map-mixed-01_seed211,2002,1.0,center,,success,1,0,0,115,2.895017216322975,378.1060085687223,0.887079784567894,2.4697901200595824,30.978052689878098,13.833831698817173,1.3970297458379164,0.039999998231296956,0.40587198493532484,0.5500136993825435,0.14217711871193275
H0,map-mixed-01,7027,H0_map-mixed-01_seed211,2003,1.0,center,,success,1,0,0,138,2.790729770593199,385.7333748100767,0.8695389575509617,2.2697289605128432,27.56471301397965,12.604484557685725,1.2517344177417133,0.03999999724328518,0.4287840857141987,0.5395941946291082,0.1559401654055037
H0,map-mixed-01,7027,H0_map-mixed-01_seed211,2004,1.0,center,,success,1,0,0,123,2.6208246528468946,371.5289602046478,0.9027834504212426,1.4809810031087014,27.3789555397201,12.942998082995208,1.3211389633455897,0.03999999759158468,0.41276671181334124,0.544064801776918,0.1372684416903538
H0,map-mixed-01,7027,H0_map-mixed-01_seed211,2005,1.0,center,,success,1,0,0,116,2.5091593845069617,374.0578762023016,0.8966799470453302,2.2339612834067353,28.12013185862804,13.666388617561868,1.3723712273198982,0.039999998078264036,0.4059143219803682,0.5141523699115577,0.13293692208117927
H0,map-mixed-01,7027,H0_map-mixed-01_seed211,2006,1.0,center,,success,1,0,0,118,2.4356111529937214,382.2264394558703,0.8775169951677114,2.2674109814310524,28.037744696332908,13.896591966647666,1.3835431600021104,0.039999998032541596,0.4098080358975139,0.5767841043751845,0.13196570019749115
H0,map-mixed-01,7027,H0_map-mixed-01_seed211,2007,1.0,center,,success,1,0,0,126,2.723898058456837,384.32655987140225,0.8727218767737482,2.011260183632075,23.174894587303925,13.214786031993404,1.346120800290789,0.03999999813025906,0.417311010165913,0.5704836146462531,0.13054745686155353
H0,map-mixed-01,7027,H0_map-mixed-01_seed211,2008,1.0,center,,success,1,0,0,120,2.2493344952499745,382.90253553763773,0.8759675517792413,2.5379906743603726,25.669499237253703,13.60921280915478,1.3877653293311596,0.0399999982987841,0.41158754456539637,0.5766887673933525,0.13220615769441352
H0,map-mixed-01,7027,H0_map-mixed-01_seed211,2009,1.0,center,,success,1,0,0,137,2.9950494802103806,388.21751671826826,0.8639749165887783,2.34480028367944,23.76660809731041,12.648745499020752,1.265827573781466,0.03999999722968923,0.4281704588851135,0.5653644371369895,0.13948767924660363
H0,map-mixed-01,7027,H0_map-mixed-01_seed211,2010,1.0,center,,success,1,0,0,127,2.9407900866325316,385.2737909285422,0.8705762097561885,2.253361357207055,26.18883605172645,13.198920646894324,1.3270010091657714,0.03999999802060953,0.41895107992772956,0.5720921691477768,0.14110725208742667
H0,map-mixed-01,7027,H0_map-mixed-01_seed211,2011,1.0,center,,success,1,0,0,118,2.4567404400240975,374.3424543821686,0.895998283653251,2.380554531451992,24.526880271377543,13.43116083880717,1.3653416817976256,0.03999999790626057,0.40849683370293915,0.5570157836743835,0.13463840614250255
H0,map-mixed-01,7027,H0_map-mixed-01_seed211,2012,1.0,center,,success,1,0,0,127,2.6844977951685554,383.9127003863594,0.8736626745804988,2.543351798988039,28.70867477790388,13.305902051225289,1.3205439082280856,0.039999997844611564,0.41941947522965156,0.572834069070619,0.1424348323851786
H0,map-mixed-01,7027,H0_map-mixed-01_seed211,2013,1.0,center,,success,1,0,0,145,2.802290444399347,390.2825564266106,0.8594035042097496,2.311647729263804,25.9399222222677,12.41868948450095,1.2497446368480551,0.03999999720474769,0.43478413078747835,0.5648341389035741,0.14438761665334057
H0,map-mixed-01,7027,H0_map-mixed-01_seed211,2014,1.0,center,,success,1,0,0,122,2.667266068923155,388.75762228627605,0.8627745860066424,2.1496446725119256,24.655414905364843,13.631582146529102,1.3754198939585296,0.03999999825094567,0.4159470020098614,0.600294961456637,0.13057146835803016
H0,map-mixed-01,7027,H0_map-mixed-01_seed211,2015,1.0,center,,success,1,0,0,134,2.75217729963673,380.9864219949948,0.880373097992912,2.447716950641876,25.306242595190152,12.332339562516369,1.2637428009687965,0.039999997660295286,0.4226632248346786,0.5464190101779219,0.1465365817373062
H0,map-mixed-01,7027,H0_map-mixed-01_seed211,2016,1.0,center,,success,1,0,0,122,2.1947358341358787,388.5871049816374,0.8631531832246935,1.875250432763947,27.361540061893216,13.686552584645447,1.3732691585529047,0.039999998281480834,0.4147598762021802,0.5899353695376852,0.13862295742647843
H0,map-mixed-01,7027,H0_map-mixed-01_seed211,2017,1.0,center,,success,1,0,0,117,2.8253429376503543,386.2697612033043,0.8683314882845125,2.639896180414347,29.39225951363324,13.998276074217104,1.4040861723259983,0.03999999840544839,0.4082588272435418,0.575713990892992,0.13410073404023773
H0,map-mixed-01,7027,H0_map-mixed-01_seed211,2018,1.0,center,,success,1,0,0,130,2.9001138571326988,377.16443806353175,0.8892943310007134,2.1445450665270385,27.721644994853932,12.568368137218203,1.2726225659251214,0.03999999755850205,0.41944533901341946,0.5340923550610359,0.15474393171270062
H0,map-mixed-01,7027,H0_map-mixed-01_seed211,2019,1.0,center,,success,1,0,0,123,2.8265480999077934,389.3958496292695,0.8613604817419115,2.70517183989449,27.652459791486166,13.661326918545411,1.3755506187435087,0.03999999822760985,0.4150414974885132,0.5956113544572902,0.12961229481481598
H0,map-mixed-01,7027,H0_map-mixed-01_seed211,2020,1.0,center,,success,1,0,0,141,2.9161538549937904,380.30194122199714,0.8819576243739876,2.2969969522186866,28.64845494189432,12.572569161477281,1.2625220071339438,0.03999999704513144,0.42961767294333886,0.5041125654375035,0.15524874880456635
H0,map-mixed-01,7027,H0_map-mixed-01_seed211,2021,1.0,center,,success,1,0,0,123,2.7207401811021277,378.7933371802673,0.885470159326871,1.7689891630515646,28.027702804653813,13.10391612449683,1.3332781521527748,0.03999999783387998,0.41330792859789456,0.545621385691854,0.1396498304744031
H0,map-mixed-01,7027,H0_map-mixed-01_seed211,2022,1.0,center,,success,1,0,0,130,2.9653136135885596,383.8276601708436,0.8738562418239366,1.712920108950641,28.045310052929207,13.05413170016063,1.3055279876177128,0.03999999778775069,0.4206666332467502,0.5766027531371667,0.13611040834988936
H0,map-mixed-01,7027,H0_map-mixed-01_seed211,2023,1.0,center,,success,1,0,0,124,2.4919246921266915,392.85178109897305,0.8537830621174325,1.9364465491676555,24.394206875796222,13.74053432362404,1.376515151271897,0.03999999823469308,0.4176664119248439,0.5920825825643635,0.12788784698143385
H0,map-mixed-01,7027,H0_map-mixed-01_seed211,2024,1.0,center,,success,1,0,0,120,2.920006585847251,372.4478821067121,0.9005560582805737,1.8670043134291205,28.100419195589296,13.102595533541608,1.3378801353275775,0.03999999783312281,0.41063060056865014,0.514690106579413,0.13616784516228375
H0,map-mixed-01,7027,H0_map-mixed-01_seed211,2025,1.0,center,,success,1,0,0,120,2.2598308885538008,384.3140041451911,0.8727503890236924,1.7978924706015769,27.182345674216965,13.72973991315993,1.3757498522599538,0.03999999832982818,0.41258545016996123,0.5845796724781394,0.12893133545924731
H0,map-mixed-01,7027,H0_map-mixed-01_seed211,2026,1.0,center,,success,1,0,0,127,2.959863426417371,385.7807523048467,0.8694321700112321,2.6416317034597956,25.7488795503453,13.473484137090574,1.3513169863561945,0.03999999810860851,0.4194248208382552,0.5772094852841041,0.13535567769879864
H0,map-mixed-01,7027,H0_map-mixed-01_seed211,2027,1.0,center,,success,1,0,0,126,2.6122995215271554,391.1439259752687,0.8575109425224101,2.2547919486185375,25.809158001586756,13.535699244759215,1.3517875695039356,0.039999998218956445,0.418771214555051,0.5963947760562102,0.1268854598838943
H0,map-mixed-01,7027,H0_map-mixed-01_seed211,2028,1.0,center,,success,1,0,0,144,2.9605639866666293,379.95563702831083,0.8827614698606953,2.1306451773488844,28.25219977736098,11.761041599256336,1.2023709519869752,0.03999999708806475,0.43213168478409636,0.4678684886958864,0.16525023534066022
H0,map-mixed-01,7027,H0_map-mixed-01_seed211,2029,1.0,center,,success,1,0,0,119,2.9328899847490577,379.656167198184,0.8834577852382977,2.4611210701563735,27.385190400534636,13.242585473341173,1.3594111732575072,0.0399999982606964,0.41017278142337527,0.5539270102539483,0.13537670853604877
H0,map-mixed-01,7027,H0_map-mixed-01_seed211,2030,1.0,center,,success,1,0,0,179,2.990382691997522,389.5538393264351,0.8610111434273511,2.0876124617057457,27.059212000733364,10.561618466485738,1.0718472731513018,0.03999999575525023,0.45603773609762793,0.36435960125511085,0.16707384646063633
H0,map-mixed-01,7027,H0_map-mixed-01_seed211,2031,1.0,center,,success,1,0,0,143,2.885086006816097,381.63366782338096,0.878879996458267,2.344487284634944,27.472100788974746,12.230303615073487,1.2331771642178089,0.039999997100004785,0.43078268802569214,0.4884939515552894,0.1594327278829635
H0,map-mixed-01,7027,H0_map-mixed-01_seed211,2032,1.0,center,,success,1,0,0,130,2.9590397408123574,378.97725568757227,0.8850404386839501,2.167748395112488,29.23992870253514,12.673582491381522,1.2743529562766736,0.039999997357909496,0.4194112170189048,0.5368611346930265,0.14660318479524218
H0,map-mixed-01,7027,H0_map-mixed-01_seed211,2033,1.0,center,,success,1,0,0,127,2.7615156221755073,390.2524690751178,0.8594697617669832,2.0631431007334413,23.878509500008207,13.293027605740356,1.349742797885354,0.03999999810860851,0.42077570844245404,0.601075213551008,0.1330571683463688
H0,map-mixed-01,7027,H0_map-mixed-01_seed211,2034,1.0,center,,success,1,0,0,119,2.315956262648741,384.5811220597272,0.8721442041371905,2.1268317041553026,23.699756486875692,13.687910742713251,1.3822381874593366,0.039999998166781514,0.41122001051801355,0.571904238689096,0.1288468343598429
H0,map-mixed-01,7027,H0_map-mixed-01_seed211,2035,1.0,center,,success,1,0,0,126,2.782694163689572,383.49404444803275,0.8746164418478208,2.032754932300257,26.482471488015285,13.1784591952275,1.3467203735832185,0.03999999801199588,0.4169616969300084,0.5901623732218194,0.13142374369201412
H0,map-mixed-01,7027,H0_map-mixed-01_seed211,2036,1.0,center,,success,1,0,0,120,2.7083606964876115,386.1217323552023,0.8686643835846486,1.8573217660324395,28.05004554309014,13.823701195276115,1.3736223426957925,0.03999999820565184,0.4130608479068092,0.5702004524297081,0.13811256682470224
H0,map-mixed-01,7027,H0_map-mixed-01_seed211,2037,1.0,center,,success,1,0,0,117,2.6786833417905846,379.5611825197752,0.8836788693677694,2.0516328295109716,28.118205433851255,13.893918550650898,1.3800817060674357,0.03999999815072769,0.4100654540295053,0.5692210174683068,0.13273381787329222
H0,map-mixed-01,7027,H0_map-mixed-01_seed211,2038,1.0,center,,success,1,0,0,119,2.8323192335156206,370.5903362749274,0.9050700026245152,1.5679232108888004,28.427326851352156,13.235841400514174,1.3316276912428753,0.039999997759817024,0.408414382911224,0.4865756513347395,0.13630495977755394
H0,map-mixed-01,7027,H0_map-mixed-01_seed211,2039,1.0,center,,success,1,0,0,119,2.7977856239010928,370.6287569594092,0.9049761798750607,2.129049135458949,28.840260155977493,13.319656675766208,1.3362905529617262,0.03999999788503687,0.4092560319653393,0.5356103858652235,0.14160323566266128
H0,map-mixed-01,7027,H0_map-mixed-01_seed211,2040,1.0,center,,success,1,0,0,118,2.732085650669493,372.67508782565375,0.900007023764039,2.6987912459404484,27.05686902842249,13.529245177102789,1.3631684586910877,0.03999999800097134,0.40912106087341366,0.5302091635471621,0.13583043887236695
H0,map-mixed-01,7027,H0_map-mixed-01_seed211,2041,1.0,center,,success,1,0,0,128,2.846124094654178,374.69612926500156,0.8951525527709726,1.6549920582839897,29.137698852514408,12.756012767433695,1.287720003630966,0.039999997534323484,0.4183158966356888,0.5048911621997831,0.14606535056666983
H0,map-mixed-01,7027,H0_map-mixed-01_seed211,2042,1.0,center,,success,1,0,0,129,2.900700030117035,374.9884908619904,0.8944546427383869,2.2705141427103217,31.24444750244694,12.648078827806547,1.278058350317238,0.03999999728660251,0.41830957931207374,0.47379728801645044,0.16407199644754816
H0,map-mixed-01,7027,H0_map-mixed-01_seed211,2043,1.0,center,,success,1,0,0,118,2.8502139336328227,378.1624925015981,0.8869472866179373,2.60114295898335,28.306806042164354,13.709576377053985,1.3740354304091404,0.03999999796940108,0.4094329126006792,0.5651299429078729,0.14418120734388237
H0,map-mixed-01,7027,H0_map-mixed-01_seed211,2044,1.0,center,,success,1,0,0,141,2.9352354908853133,378.95429845779125,0.8850940548503297,1.7114126224117854,28.179939981926108,12.103471167229252,1.24533060784881,0.03999999709797244,0.42813535426677,0.5035349597348601,0.16007957204764786
H0,map-mixed-01,7027,H0_map-mixed-01_seed211,2045,1.0,center,,success,1,0,0,124,2.763436102047029,392.69718921167504,0.8541191682535134,1.823528035778724,27.74043479055816,13.451662143998899,1.3614519433148446,0.03999999823469308,0.41684387952715735,0.5971327213149878,0.13448305452452297
H0,map-mixed-01,7027,H0_map-mixed-01_seed211,2046,1.0,center,,success,1,0,0,126,2.891277290120878,378.3516366261402,0.8865038872724545,2.589902647563349,29.28986043906472,13.1212604438059,1.29739558294652,0.0399999978346011,0.41787879042672676,0.5424261721412814,0.1419500273761896
H0,map-mixed-01,7027,H0_map-mixed-01_seed211,2047,1.0,center,,success,1,0,0,124,2.933554854386691,373.2237714627131,0.8986839056645608,1.8062600037364427,26.71779265343997,12.928122366145347,1.3146185519233826,0.039999997814095786,0.41384583595217694,0.539972486627859,0.1483042102201722
H0,map-mixed-01,7027,H0_map-mixed-01_seed211,2048,1.0,center,,success,1,0,0,118,2.8187483331553147,374.46056204259764,0.8957156790968367,2.1072091749815414,28.871723549027465,13.513071701376335,1.3564859807996426,0.039999998032541596,0.40819966673537683,0.5420040401069731,0.14263487641366526
H0,map-mixed-01,7027,H0_map-mixed-01_seed211,2049,1.0,center,,success,1,0,0,146,2.8818265584630063,390.14715236438275,0.8597017678901523,2.0624102105821365,26.662335073893377,12.588799869450852,1.2478573132459432,0.03999999706467537,0.43513656030692577,0.5645841789266018,0.1481409585418133
H0,map-mixed-01,7027,H0_map-mixed-01_seed211,2050,1.0,center,,success,1,0,0,125,2.3968020334528233,386.5444466384103,0.8677144363135169,2.403401083795039,26.864053545071148,13.3623331143644,1.3476248877048493,0.03999999806284905,0.4169736203791952,0.5678390250355005,0.13634340165344544
H0,map-mixed-01,7027,H0_map-mixed-01_seed307,2001,1.0,center,,success,1,0,0,96,2.862363781602974,400.1169109606335,0.8382804811216006,17.596223922551225,17.374457310436647,17.096928732403313,1.2778339125216007,0.03999999891190479,0.33653233853665226,0.6182087842995921,0.07249566086472178
H0,map-mixed-01,7027,H0_map-mixed-01_seed307,2002,1.0,center,,success,1,0,0,120,2.9610910652698372,429.3083983498033,0.7812803055198423,20.55918117689407,12.715288065175152,16.740971851990743,1.268369014064471,0.03999999826774001,0.3812298234662814,0.678781845701936,0.0786762158925156
H0,map-mixed-01,7027,H0_map-mixed-01_seed307,2003,1.0,center,,success,1,0,0,126,2.8208523719861662,430.02327403849074,0.7799814960595515,17.01341979544122,12.514937970971125,16.15582804848098,1.237036107078431,0.03999999810069326,0.3897766198503995,0.6930846017859285,0.07413168284312942
H0,map-mixed-01,7027,H0_map-mixed-01_seed307,2004,1.0,center,,success,1,0,0,100,2.0335444385688852,412.25487209589085,0.8135991090165983,22.370456865031016,13.641164086747887,16.967074565433606,1.277623314857483,0.03999999888241291,0.34244047464010324,0.6356308926269412,0.07093015424114808
H0,map-mixed-01,7027,H0_map-mixed-01_seed307,2005,1.0,center,,success,1,0,0,121,2.570750861005358,432.3484656025511,0.775786716757552,22.813506610137278,12.902949342047162,16.74392036976031,1.2667667875605182,0.03999999784364188,0.380016034388949,0.6754124907946045,0.078330315355023
H0,map-mixed-01,7027,H0_map-mixed-01_seed307,2006,1.0,center,,success,1,0,0,121,2.422729763139391,433.0281982599241,0.7745689494882255,21.150645487866278,12.82976896079503,16.75381172153618,1.2645787611480588,0.039999997997579494,0.38251822535534397,0.678426093899083,0.07845965320712563
H0,map-mixed-01,7027,H0_map-mixed-01_seed307,2007,1.0,center,,success,1,0,0,123,2.0611674206369246,436.68382089824206,0.768084780276591,23.486322639834018,14.214181271677836,16.63826240605323,1.2647037729015196,0.03999999807617528,0.38236758376676255,0.6808182686809602,0.07882664320485636
H0,map-mixed-01,7027,H0_map-mixed-01_seed307,2008,1.0,center,,success,1,0,0,120,2.478504859214974,432.691745272643,0.7751712397786176,22.163012173771314,13.620175607685107,16.807550938483338,1.2720961223045986,0.039999998081475495,0.3800115446040795,0.6697121412027627,0.07675254160423677
H0,map-mixed-01,7027,H0_map-mixed-01_seed307,2009,1.0,center,,success,1,0,0,127,2.0896410070398233,432.1425255409542,0.7761564224791425,17.139382559968684,12.807131834025459,15.9280387686709,1.235227273205134,0.03999999813794151,0.39121373810332316,0.6960862422083306,0.07436526496421679
H0,map-mixed-01,7027,H0_map-mixed-01_seed307,2010,1.0,center,,success,1,0,0,126,2.6077213247267688,431.99065993115767,0.776429278999735,17.259798496676073,14.863572090532184,16.161417409202187,1.2377007158975752,0.03999999815982486,0.3901964373502142,0.6918837957912021,0.07541937593028243
H0,map-mixed-01,7027,H0_map-mixed-01_seed307,2011,1.0,center,,success,1,0,0,101,2.906700784107438,412.3242240287056,0.813462263622953,20.14928329969316,13.664828059677276,16.898393164434548,1.2734262081656125,0.039999998700205645,0.3482755548454249,0.6358489979353577,0.07012409765424035
H0,map-mixed-01,7027,H0_map-mixed-01_seed307,2012,1.0,center,,success,1,0,0,126,2.943588035351483,433.0055465123826,0.7746094693855771,18.05318027250776,12.352919616021236,16.218728116301854,1.2363324373487443,0.03999999801199588,0.3902823080115861,0.6911665979950201,0.07413338496080742
H0,map-mixed-01,7027,H0_map-mixed-01_seed307,2013,1.0,center,,success,1,0,0,97,2.2517018300643183,403.7531306592624,0.8307308876523107,17.57488355123944,13.72623872862821,17.020265654412125,1.2748849060117584,0.03999999868347473,0.3413915923465022,0.6135796134926609,0.0725942299002831
H0,map-mixed-01,7027,H0_map-mixed-01_seed307,2014,1.0,center,,success,1,0,0,123,2.3361821438029113,438.2698277585436,0.7653052420705454,21.882751091727407,13.157578769937077,16.70268029920934,1.2656565497561199,0.039999998136749114,0.38621745989502865,0.6881548832511393,0.07688388182961886
H0,map-mixed-01,7027,H0_map-mixed-01_seed307,2015,1.0,center,,success,1,0,0,96,2.903299337034158,400.97670695962006,0.8364829946562098,17.71525259599631,13.492364983663464,16.72256066844681,1.2716967575252056,0.03999999883429458,0.3356541864599702,0.6267588531288008,0.07115229778976387
H0,map-mixed-01,7027,H0_map-mixed-01_seed307,2016,1.0,center,,success,1,0,0,120,2.866735393876672,433.3870840321888,0.7739275326443662,20.54777689040848,16.285089583393145,17.04867258733612,1.2750642200311024,0.03999999823669593,0.38197685592460145,0.6779252562798016,0.07689753215159471
H0,map-mixed-01,7027,H0_map-mixed-01_seed307,2017,1.0,center,,success,1,0,0,121,2.9265350297333836,436.6678667840131,0.7681128430521104,22.017755474528105,12.60831698316269,17.048781304373996,1.2771277664121516,0.03999999815151711,0.3819035413259444,0.6818330854038931,0.07519792100645592
H0,map-mixed-01,7027,H0_map-mixed-01_seed307,2018,1.0,center,,success,1,0,0,99,1.8388280475528869,408.1870501194755,0.8217070985637458,20.63473236818518,15.852940542945657,16.753030652261362,1.2681609416248822,0.03999999876726757,0.3406221097092546,0.6310942017971867,0.07158413833198864
H0,map-mixed-01,7027,H0_map-mixed-01_seed307,2019,1.0,center,,success,1,0,0,125,2.8801071939451632,437.0936635095252,0.7673645825287952,20.216551875510042,12.77578625930672,16.393674170824834,1.2503515224456787,0.039999998182058336,0.387704337638423,0.6895894237011672,0.07777337130163096
H0,map-mixed-01,7027,H0_map-mixed-01_seed307,2020,1.0,center,,success,1,0,0,98,1.993412984328522,406.00936640903166,0.8261144307864601,18.866223832693095,12.818057462611897,16.97026964287199,1.2738912227202435,0.03999999887785133,0.33997410481158374,0.6293195549170582,0.07068192241575597
H0,map-mixed-01,7027,H0_map-mixed-01_seed307,2021,1.0,center,,success,1,0,0,123,2.818569073554159,429.4343162707071,0.7810512199810608,18.64547946132364,11.794843216739316,16.228165708793217,1.245013242814599,0.039999997894453805,0.3845348182198962,0.691347305413063,0.07322233447537596
H0,map-mixed-01,7027,H0_map-mixed-01_seed307,2022,1.0,center,,success,1,0,0,98,2.6888618980257526,408.0252879928276,0.8220328653523662,20.04438371030412,13.1564533766023,17.25886500293094,1.2762543352282778,0.03999999876381183,0.34076220812023383,0.619187582702357,0.07147233792699148
H0,map-mixed-01,7027,H0_map-mixed-01_seed307,2023,1.0,center,,success,1,0,0,124,2.9769269383710304,442.46621327639036,0.758047024972394,23.15175776599491,15.281850311211622,16.913579517422107,1.2699440102423392,0.03999999829477841,0.38669585887789437,0.6866610596940342,0.07562809739735353
H0,map-mixed-01,7027,H0_map-mixed-01_seed307,2024,1.0,center,,success,1,0,0,103,2.7831390089282295,415.80864852794184,0.8066455515352979,21.553172677748087,12.476271864985,16.868380380098824,1.2706419831340752,0.03999999863574806,0.3508729189859245,0.6382627285908438,0.07172008938724571
H0,map-mixed-01,7027,H0_map-mixed-01_seed307,2025,1.0,center,,success,1,0,0,122,2.3363560517171176,430.2752310200426,0.7795247609996513,18.471126060627167,12.761977298507876,16.60665668866485,1.2544412808340104,0.03999999800666434,0.3859808855923283,0.684355102693204,0.07822694124587451
H0,map-mixed-01,7027,H0_map-mixed-01_seed307,2026,1.0,center,,success,1,0,0,129,2.133739086503568,437.65987113129995,0.7663718306135129,18.01455830089826,15.618118031631537,16.068289754865653,1.2267057655393616,0.03999999809519265,0.39398827648595336,0.7000576072885084,0.07345685593046504
H0,map-mixed-01,7027,H0_map-mixed-01_seed307,2027,1.0,center,,success,1,0,0,124,1.8733916076244626,437.9397003940093,0.7658821438732405,20.217363173187866,12.765721951607993,16.61384705174389,1.2611409964100007,0.03999999811452243,0.38730068258565653,0.6896597058577989,0.07778039655345327
H0,map-mixed-01,7027,H0_map-mixed-01_seed307,2028,1.0,center,,success,1,0,0,99,2.362803424678008,404.822355070819,0.828536745620909,19.074690911236928,18.173956749556872,16.492202585674836,1.2634006594166611,0.03999999888015516,0.3410546128932329,0.6348476975102617,0.07128540507810202
H0,map-mixed-01,7027,H0_map-mixed-01_seed307,2029,1.0,center,,success,1,0,0,121,2.88370500577948,432.14741116772706,0.7761476476710572,24.308819468083303,13.048947005446074,16.56854238806145,1.2738507956512704,0.03999999784364188,0.3794044834837827,0.6644605100154877,0.0793634643945084
H0,map-mixed-01,7027,H0_map-mixed-01_seed307,2030,1.0,center,,success,1,0,0,97,2.988408567712921,401.27565648556634,0.8358598165723342,17.789288824854577,14.035784115669362,16.72492618230541,1.2638818627780246,0.039999998837094944,0.3397455879209062,0.6101089338051904,0.08315495064588557
H0,map-mixed-01,7027,H0_map-mixed-01_seed307,2031,1.0,center,,success,1,0,0,96,1.1097625251209111,397.69775607761403,0.8433796557793763,14.752304694575756,19.300774323176203,16.951388972785285,1.2732074459393818,0.03999999879548947,0.33768790897011813,0.6042572249813626,0.07521077385147493
H0,map-mixed-01,7027,H0_map-mixed-01_seed307,2032,1.0,center,,success,1,0,0,100,2.1849996989283342,411.4251848866521,0.8152398271811537,21.53004993964077,12.817443316174034,16.95816412956249,1.2741886150836945,0.0399999987706542,0.34221110871777355,0.6296269457787276,0.07122631359797495
H0,map-mixed-01,7027,H0_map-mixed-01_seed307,2033,1.0,center,,success,1,0,0,124,2.5964559596428516,433.0235078028255,0.7745773395233206,18.118531386383562,15.12597498549412,16.475580415239705,1.2481552112487055,0.03999999820465042,0.38929168376093704,0.6887967324094667,0.0769194805648067
H0,map-mixed-01,7027,H0_map-mixed-01_seed307,2034,1.0,center,,success,1,0,0,121,2.7100305953033645,430.634706014355,0.7788740478659603,18.7927932077401,16.127680794769987,16.783177268638102,1.263778920016013,0.03999999818230463,0.38409297842132323,0.679386294423795,0.0791649714517868
H0,map-mixed-01,7027,H0_map-mixed-01_seed307,2035,1.0,center,,success,1,0,0,127,2.5034127375553736,432.31676328607824,0.7758436061453775,16.306528766249606,12.70227394941385,15.95328813461726,1.2345229377896767,0.0399999981672745,0.39142078108415385,0.6997957088229224,0.07665604124916475
H0,map-mixed-01,7027,H0_map-mixed-01_seed307,2036,1.0,center,,success,1,0,0,123,2.263186932412756,437.42398799569315,0.7667851005653373,19.648487343721854,12.76826097703994,16.744982679659994,1.2622442507162326,0.03999999822760985,0.38732394496361366,0.6938766346207055,0.07678946381463608
H0,map-mixed-01,7027,H0_map-mixed-01_seed307,2037,1.0,center,,success,1,0,0,120,2.410636547854171,429.2994458424019,0.7812965981514436,20.23110290603628,13.97975228258636,16.811789315068772,1.262312592069308,0.03999999795729915,0.3832328389428728,0.6741182097544273,0.08146960410841182
H0,map-mixed-01,7027,H0_map-mixed-01_seed307,2038,1.0,center,,success,1,0,0,102,2.3142841465780615,415.5236230690674,0.8071988642850694,22.457154733361087,13.200262168169099,17.110170141887426,1.273413146243376,0.039999998813750694,0.3472104179596981,0.6318839995336591,0.07314515183785843
H0,map-mixed-01,7027,H0_map-mixed-01_seed307,2039,1.0,center,,success,1,0,0,100,2.4374143291588193,411.63974782245987,0.8148148919030793,21.229477522741508,12.303775567844486,17.000689995167598,1.275487048625946,0.03999999888241291,0.3447977255666729,0.6340518011152745,0.06842497790190243
H0,map-mixed-01,7027,H0_map-mixed-01_seed307,2040,1.0,center,,success,1,0,0,101,2.978243408888439,413.3825662301516,0.8113796372298587,21.039516668453683,13.829666441385333,17.069107229680416,1.2745800065522146,0.039999998737089704,0.3484132134441554,0.6296715934548786,0.07423789172197964
H0,map-mixed-01,7027,H0_map-mixed-01_seed307,2041,1.0,center,,success,1,0,0,100,2.553985519203715,409.98342157649984,0.8181067305971138,20.899488721027836,13.12301796384291,16.888937098637232,1.2753428852558135,0.039999998807907104,0.34375476930733223,0.6346798609942198,0.07108927793940875
H0,map-mixed-01,7027,H0_map-mixed-01_seed307,2042,1.0,center,,success,1,0,0,100,2.934386377005648,412.9429470747867,0.812243432176173,22.087205223577275,12.719265461770759,17.136429030258046,1.2807930791378022,0.039999998845160006,0.3419373813219107,0.6325384899158962,0.06947206553961552
H0,map-mixed-01,7027,H0_map-mixed-01_seed307,2043,1.0,center,,success,1,0,0,120,2.425111605749878,431.3533438523151,0.7775764379835312,21.79014327228709,16.890642519947303,16.99669255432666,1.2731339444716772,0.03999999792625507,0.38039598083425663,0.6732973103256276,0.08013591912462517
H0,map-mixed-01,7027,H0_map-mixed-01_seed307,2044,1.0,center,,success,1,0,0,97,2.227684301444223,398.8876206418155,0.8408638906499254,16.80046858547211,14.487567047207925,16.484816608446053,1.2647850992753333,0.039999998837094944,0.3367861768089696,0.6105644219007689,0.07670171858842173
H0,map-mixed-01,7027,H0_map-mixed-01_seed307,2045,1.0,center,,success,1,0,0,124,2.7491611986022697,441.8838446074771,0.7590460722159043,22.95245680271286,12.389709390938672,16.483423943768532,1.2683848959784354,0.03999999814456509,0.3856982138025222,0.6939305862254133,0.07374439816990085
H0,map-mixed-01,7027,H0_map-mixed-01_seed307,2046,1.0,center,,success,1,0,0,96,1.7749198487657947,399.5621408327746,0.8394443876136526,15.481710641736427,13.25057867925653,17.20049402740836,1.2743640939394634,0.039999998873099685,0.3413615258297151,0.6072416073875502,0.07274231829880388
H0,map-mixed-01,7027,H0_map-mixed-01_seed307,2047,1.0,center,,success,1,0,0,98,1.2155943075949416,404.7261893595839,0.8287336116195071,18.613107462981432,17.234321737182658,17.060851747426938,1.2736872410287663,0.039999998839838166,0.340790706250944,0.6160048561132684,0.07390858051549416
H0,map-mixed-01,7027,H0_map-mixed-01_seed307,2048,1.0,center,,success,1,0,0,124,1.902745988445119,432.15051116795155,0.7761420800324224,21.5946863999481,11.938422287513955,16.32680861127612,1.2428416802037148,0.03999999787418112,0.3849312446302241,0.6896243310803848,0.07287711205883872
H0,map-mixed-01,7027,H0_map-mixed-01_seed307,2049,1.0,center,,success,1,0,0,98,1.9990903662340633,405.83527135681464,0.8264688170242165,17.41063544951474,13.145122124112262,17.044376842666054,1.271089947953516,0.039999998801825,0.34299282619961285,0.6233296867612065,0.07188822797810039
H0,map-mixed-01,7027,H0_map-mixed-01_seed307,2050,1.0,center,,success,1,0,0,123,2.12709662323453,438.48983967373084,0.764921250796914,23.305260495482173,12.742723078692379,16.62330035184495,1.2670471464715354,0.039999998136749114,0.38338103375860755,0.6844775039211438,0.07755710785025292
H0,map-mixed-01,7027,H0_map-mixed-01_seed401,2001,1.0,center,,success,1,0,0,89,2.2429612452667462,347.73089122923733,0.9645683057932676,2.617773787266964,34.982691229169006,15.356497009046176,1.237882766161072,0.03999999881292997,0.3595990699333658,0.5905037629051825,0.1854762681424147
H0,map-mixed-01,7027,H0_map-mixed-01_seed401,2002,1.0,center,,success,1,0,0,88,1.0136688030725023,349.57055559180924,0.9594921290127888,2.6942964724215903,30.12403776551246,15.916953255685739,1.276214860379696,0.03999999876726757,0.3618183063510789,0.5590324000751768,0.17965257026876189
H0,map-mixed-01,7027,H0_map-mixed-01_seed401,2003,1.0,center,,success,1,0,0,88,1.3663783454803575,348.68728534721345,0.9619226473686185,2.5128118754137816,30.890991278186448,15.441948640588212,1.2472158115018497,0.03999999872493473,0.3599872321204232,0.565705879019912,0.18823963263944074
H0,map-mixed-01,7027,H0_map-mixed-01_seed401,2004,1.0,center,,success,1,0,0,89,2.1184708858770915,348.53364038554326,0.9623466941496441,2.273593835699926,32.07906208816715,15.68600756509047,1.251371121138669,0.03999999872921558,0.3608041975545743,0.590049010858442,0.18861253157039617
H0,map-mixed-01,7027,H0_map-mixed-01_seed401,2005,1.0,center,,success,1,0,0,89,1.7980702684061556,349.4977104278229,0.9596921141897904,2.6845316660602236,29.440668101335344,16.006939607015166,1.2705089707722825,0.03999999898035875,0.36261194408012765,0.5569224193943351,0.17793368330472314
H0,map-mixed-01,7027,H0_map-mixed-01_seed401,2006,1.0,center,,success,1,0,0,87,2.481660524012339,348.61043917801544,0.9621346894138578,2.3298974885026738,29.106565186607103,16.01416356310529,1.2805269682544402,0.0399999987633749,0.3600475750370264,0.5727463183046757,0.16938801645821944
H0,map-mixed-01,7027,H0_map-mixed-01_seed401,2007,1.0,center,,success,1,0,0,88,2.015331873672987,348.6434456032965,0.962043603156144,2.5554172212543804,33.10379941326498,15.907083591090487,1.279185255820101,0.03999999889426611,0.3604642439947022,0.5693603202764114,0.18342829140760958
H0,map-mixed-01,7027,H0_map-mixed-01_seed401,2008,1.0,center,,success,1,0,0,87,2.8232438246207052,347.6848146972173,0.9646961341037048,2.6813330082327695,31.543932045241192,15.863485741871788,1.2792911296603324,0.039999998934652614,0.3592831100036235,0.5744663495356324,0.17989811989234233
H0,map-mixed-01,7027,H0_map-mixed-01_seed401,2009,1.0,center,,success,1,0,0,88,1.051255332713987,349.8452793755672,0.958738666486043,2.603599556344534,33.06500442651578,16.294064405925923,1.277422919869423,0.03999999889426611,0.3605121420149207,0.5479617091530765,0.19687423597342357
H0,map-mixed-01,7027,H0_map-mixed-01_seed401,2010,1.0,center,,success,1,0,0,87,2.3370443263453415,347.89928938562497,0.964101413421362,2.569045017394167,34.18533256018428,15.755670933068506,1.2523186186264301,0.039999998934652614,0.3588573853800044,0.5675745397035418,0.18493038131002296
H0,map-mixed-01,7027,H0_map-mixed-01_seed401,2011,1.0,center,,success,1,0,0,88,2.402131820455678,347.6698295363823,0.9647377141474657,2.707712859099132,31.417016274057957,15.571202933501796,1.2630444433201442,0.03999999885193326,0.36060151458169787,0.5870262349807572,0.18132920663602453
H0,map-mixed-01,7027,H0_map-mixed-01_seed401,2012,1.0,center,,success,1,0,0,87,1.5368404149592985,348.08557441594667,0.9635854550644731,2.722149601458014,30.89789710082528,15.8418762100971,1.2642216264516457,0.03999999884901376,0.35951960662514126,0.5697551235856338,0.18721645681132423
H0,map-mixed-01,7027,H0_map-mixed-01_seed401,2013,1.0,center,,success,1,0,0,88,1.198407047349332,348.518805806725,0.9623876560938692,2.6383581149388533,30.892901382869482,15.56147039544936,1.2539804889397188,0.039999998809600416,0.360299398644019,0.5711784044344147,0.18420587480860628
H0,map-mixed-01,7027,H0_map-mixed-01_seed401,2014,1.0,center,,success,1,0,0,86,2.724617859843359,347.68557525090927,0.9646940238545065,2.1209224986325026,32.23391899581476,15.691085612881373,1.2629440426826477,0.039999998846026355,0.3599628343001564,0.5814782863127157,0.18806704511797886
H0,map-mixed-01,7027,H0_map-mixed-01_seed401,2015,1.0,center,,success,1,0,0,89,2.132973601407563,348.1644026385658,0.9633672887953522,3.024707903858392,31.433251001640116,15.10544764992366,1.2454836335075035,0.03999999889664436,0.35860337313411483,0.5989318911530329,0.19337542482986148
H0,map-mixed-01,7027,H0_map-mixed-01_seed401,2016,1.0,center,,success,1,0,0,86,2.6436371891110704,348.0360937286277,0.9637224491046497,2.0420223176105172,34.47063749337263,16.278244813969284,1.2941671013832092,0.039999998846026355,0.3583297151054749,0.5807736426981729,0.17551180540571445
H0,map-mixed-01,7027,H0_map-mixed-01_seed401,2017,1.0,center,,success,1,0,0,87,1.8260593088215058,350.53896212838276,0.9568414152550795,2.6195701627181904,28.92776143948932,16.012363820011014,1.2850294894185559,0.0399999987633749,0.35950568589106197,0.5791650628778099,0.17011867317391638
H0,map-mixed-01,7027,H0_map-mixed-01_seed401,2018,1.0,center,,success,1,0,0,89,1.7249586899290774,348.56082348542475,0.9622716439301556,2.740493189997347,36.02431977576656,15.363700247896343,1.245445607083567,0.03999999885478716,0.3597234005478279,0.5847449262490433,0.19592252319668088
H0,map-mixed-01,7027,H0_map-mixed-01_seed401,2019,1.0,center,,success,1,0,0,87,0.9485249567923257,350.17532115289896,0.9578350510843581,2.795229526492683,29.88354874726935,15.971586738478448,1.2731959806091484,0.0399999987633749,0.3593357483512823,0.5531714334388146,0.18069164534194412
H0,map-mixed-01,7027,H0_map-mixed-01_seed401,2020,1.0,center,,success,1,0,0,89,2.261455019416187,347.9570184000922,0.9639414608367032,2.7791013112825156,30.07893826348374,15.479783678020924,1.2444882218757372,0.03999999872921558,0.3595808984253934,0.58179220226541,0.18797842919539318
H0,map-mixed-01,7027,H0_map-mixed-01_seed401,2021,1.0,center,,success,1,0,0,89,1.094659725182357,349.5029088414822,0.9596778399835707,2.2877478015667094,29.452656780801593,15.797578141300328,1.27555321374636,0.03999999868735839,0.36141683670790153,0.5649673137656842,0.1758376819907424
H0,map-mixed-01,7027,H0_map-mixed-01_seed401,2022,1.0,center,,success,1,0,0,88,1.2992811288338375,348.2982019288403,0.962997209768815,2.1570265709278047,31.18115979205531,15.266470613366621,1.235490570691499,0.03999999872493473,0.35910596103922965,0.5836167932403359,0.19676999720575597
H0,map-mixed-01,7027,H0_map-mixed-01_seed401,2023,1.0,center,,success,1,0,0,86,1.7329950543864594,350.71045988703247,0.9563735188651278,1.7382625604371436,31.634419780149333,16.191767882488254,1.2927409701569135,0.0399999987593917,0.35923498101435725,0.5848554581732673,0.15741756014265007
H0,map-mixed-01,7027,H0_map-mixed-01_seed401,2024,1.0,center,,success,1,0,0,89,2.7505516763475493,347.823636423038,0.9643111091421868,2.5507350368554427,30.554787616505443,15.65594201135982,1.2739963866351696,0.03999999893850155,0.3625458434592898,0.5881018852919675,0.18598749399826783
H0,map-mixed-01,7027,H0_map-mixed-01_seed401,2025,1.0,center,,success,1,0,0,86,2.2523369580380974,348.3182310854702,0.9629418350561894,2.0181026271076408,29.815967600670454,16.175155298439275,1.2853789509728897,0.0399999987593917,0.35838773543006713,0.5734286192523013,0.17421136095839548
H0,map-mixed-01,7027,H0_map-mixed-01_seed401,2026,1.0,center,,success,1,0,0,87,1.8642818640189642,348.6504173133126,0.96202436586661,2.7296144951793835,36.70292400156684,15.495213349853218,1.245404118093951,0.0399999987633749,0.35936997792090647,0.56589339027481,0.19497331237660914
H0,map-mixed-01,7027,H0_map-mixed-01_seed401,2027,1.0,center,,success,1,0,0,87,1.3644632547521567,350.6284500584183,0.9565972087236095,2.396584194870894,29.186637909872296,16.23946158810864,1.2887904959163448,0.03999999884901376,0.3600314989911536,0.5597191286733609,0.17301675717554074
H0,map-mixed-01,7027,H0_map-mixed-01_seed401,2028,1.0,center,,success,1,0,0,89,1.7220624111115637,347.51540262573064,0.965166418785186,2.7926024353666308,37.51607862247936,14.979928804250875,1.2349595260084345,0.03999999877107277,0.35964992574735327,0.6017616952277636,0.19798169361464227
H0,map-mixed-01,7027,H0_map-mixed-01_seed401,2029,1.0,center,,success,1,0,0,88,2.5651633072134246,347.59390736398086,0.9649484341327816,2.901729657521088,29.026289393430257,15.528812668915226,1.2757133211601863,0.03999999872493473,0.36125066927689276,0.5755879012550312,0.17423099470340755
H0,map-mixed-01,7027,H0_map-mixed-01_seed401,2030,1.0,center,,success,1,0,0,89,1.5005347581923205,348.87273423545406,0.9614113219825321,2.508767607812004,30.63128677702067,15.159476614837672,1.2361398647340496,0.03999999872921558,0.36121739209133863,0.5955545080176899,0.18826888940857972
H0,map-mixed-01,7027,H0_map-mixed-01_seed401,2031,1.0,center,,success,1,0,0,89,1.5193499959040913,347.5678284217282,0.9650208367904292,2.94786429600002,36.23753456999751,14.772426719837085,1.2178880525438973,0.03999999877107277,0.3586814013065507,0.5969777253320377,0.20113593013104694
H0,map-mixed-01,7027,H0_map-mixed-01_seed401,2032,1.0,center,,success,1,0,0,89,1.301938199152738,348.76746485647425,0.9617015072291718,2.7459175770137407,30.006291570214508,15.386454032634061,1.2401675461383348,0.03999999885478716,0.3596029382838641,0.5772774888600192,0.18197720854324617
H0,map-mixed-01,7027,H0_map-mixed-01_seed401,2033,1.0,center,,success,1,0,0,86,2.7247021489981487,348.19829609002585,0.9632735150956884,2.1012588254197766,33.84177183626471,16.05284945151283,1.2785871472469597,0.03999999901929567,0.359281062514926,0.5716395700393722,0.17693881650339113
H0,map-mixed-01,7027,H0_map-mixed-01_seed401,2034,1.0,center,,success,1,0,0,87,1.1304172702877773,349.9645602645474,0.9584118928254424,2.173190986029289,34.497211034075136,16.049790324212523,1.278725095178889,0.03999999884901376,0.3601995526762437,0.5604762940335719,0.17286768732209049
H0,map-mixed-01,7027,H0_map-mixed-01_seed401,2035,1.0,center,,success,1,0,0,88,1.6014133853640242,348.11846311274485,0.9634944197611818,2.294868065025234,31.02968332967272,15.511090101848167,1.2559043670242482,0.03999999872493473,0.3595560842789615,0.5633804658322003,0.18369687178930025
H0,map-mixed-01,7027,H0_map-mixed-01_seed401,2036,1.0,center,,success,1,0,0,86,2.6501524918253514,348.4895682538976,0.9624683984244834,1.6778812635055953,30.50353908602162,16.240103217470974,1.2762644803801249,0.039999998802709026,0.3590148335789057,0.5685781586609326,0.17824758293706466
H0,map-mixed-01,7027,H0_map-mixed-01_seed401,2037,1.0,center,,success,1,0,0,87,1.4885693974403713,349.5908001415186,0.9594365655194311,2.0955005419176445,31.988800643980994,16.001872112576997,1.2750445933177554,0.03999999880619433,0.3619722411535068,0.5675089113714024,0.18605996798540045
H0,map-mixed-01,7027,H0_map-mixed-01_seed401,2038,1.0,center,,success,1,0,0,89,2.0498192002098334,347.7467909979522,0.9645242035517263,2.1806712429772634,30.6889666593708,15.524305009189654,1.2497792562072196,0.03999999889664436,0.3611304511434773,0.5833180461371883,0.18894572672150534
H0,map-mixed-01,7027,H0_map-mixed-01_seed401,2039,1.0,center,,success,1,0,0,89,1.041085255948229,348.8953206192818,0.9613490832425683,2.427316238582563,29.789069674850726,15.422991530520743,1.2462411475985238,0.03999999881292997,0.36208816430962343,0.5753413861345374,0.18083819682641336
H0,map-mixed-01,7027,H0_map-mixed-01_seed401,2040,1.0,center,,success,1,0,0,88,1.772110672655527,347.89661133005126,0.9641088349284412,2.904569295435657,31.254747656855354,15.591866492152443,1.2568091174418277,0.03999999889426611,0.36129818471152164,0.5789878409017216,0.18878885541988294
H0,map-mixed-01,7027,H0_map-mixed-01_seed401,2041,1.0,center,,success,1,0,0,89,2.506921611838696,346.79052008593055,0.967183868064957,2.400169143731089,29.533279044749033,14.661452574355446,1.223898859171385,0.03999999893850155,0.36101713482608894,0.6111617363319638,0.17783059767179232
H0,map-mixed-01,7027,H0_map-mixed-01_seed401,2042,1.0,center,,success,1,0,0,89,1.9753683722543867,348.10377419666594,0.9635350762829533,2.789467945421272,31.029244614103938,15.201803643883347,1.2365641496824415,0.03999999910593033,0.3595278694988729,0.585013530248504,0.1926855535885561
H0,map-mixed-01,7027,H0_map-mixed-01_seed401,2043,1.0,center,,success,1,0,0,88,1.7892754542627445,348.56510639989585,0.9622598202361793,2.7726664324146557,35.77157863146374,15.440777948606206,1.2618026232177562,0.03999999885193326,0.36176078525915245,0.5810181381900541,0.17793172371100005
H0,map-mixed-01,7027,H0_map-mixed-01_seed401,2044,1.0,center,,success,1,0,0,90,1.812541050179907,347.00918570282414,0.9665744033421958,2.816736998393992,32.79098478876434,14.412431113834542,1.218177002006107,0.03999999881618553,0.3595580844343042,0.6222391876081625,0.19978767203345932
H0,map-mixed-01,7027,H0_map-mixed-01_seed401,2045,1.0,center,,success,1,0,0,87,1.8380835103185544,349.5406475245233,0.959574226918592,2.113150046630606,29.748390461236802,16.10220877752872,1.299796115392926,0.03999999880619433,0.36059922090806856,0.5858920250494761,0.17231202184666083
H0,map-mixed-01,7027,H0_map-mixed-01_seed401,2046,1.0,center,,success,1,0,0,87,2.6570921287806732,347.0313195937707,0.9665127545767174,2.5636218666708572,30.745115917291482,15.355330222887531,1.2396679993333488,0.03999999902029147,0.35864622587952294,0.5884855528115883,0.18441479819150397
H0,map-mixed-01,7027,H0_map-mixed-01_seed401,2047,1.0,center,,success,1,0,0,88,2.9700354139137595,346.63322669045505,0.9676227516541316,2.342078584557152,34.33276898280881,15.283300254820638,1.242471812123602,0.03999999902126464,0.3583807284511384,0.6124175257388164,0.1902825572777007
H0,map-mixed-01,7027,H0_map-mixed-01_seed401,2048,1.0,center,,success,1,0,0,88,2.376415713330419,347.9883939125582,0.9638545494400875,2.5573843489409285,29.64538836824668,15.871093302680098,1.2733896293423392,0.0399999989789318,0.360141979775047,0.5743571317289025,0.17650946445628277
H0,map-mixed-01,7027,H0_map-mixed-01_seed401,2049,1.0,center,,success,1,0,0,87,2.809791090402924,346.17007315217245,0.9689173693461536,2.3073435551502683,32.56784313968424,15.40051308228724,1.236741785002851,0.0399999990631109,0.3573539973119416,0.6027079967503575,0.20127260186403664
H0,map-mixed-01,7027,H0_map-mixed-01_seed401,2050,1.0,center,,success,1,0,0,88,0.9772347188820915,349.47507735931066,0.959754266768839,2.745011983395038,31.64404038884891,15.736067040314342,1.2709714689038016,0.03999999876726757,0.3614565950689728,0.5597179183612091,0.18906776345711948
H0,map-mixed-01,7027,H0_map-mixed-01_seed503,2001,1.0,center,,success,1,0,0,81,2.4521843711886495,342.0142624673447,0.9806906712172369,4.230307232609981,51.32668331726846,14.716595141341752,1.5297587668454204,0.03999999905993909,0.3423271105872927,0.5680165516076405,0.21621935841142875
H0,map-mixed-01,7027,H0_map-mixed-01_seed503,2002,1.0,center,,success,1,0,0,80,0.7630509238712525,344.1436788272815,0.9746225697590215,3.57131318991106,53.0174304343479,15.488917799497985,1.536879661679268,0.039999998966231944,0.34463035625763555,0.5343064338725526,0.20168919618324024
H0,map-mixed-01,7027,H0_map-mixed-01_seed503,2003,1.0,center,,success,1,0,0,79,2.813220573221498,340.9689240148418,0.9836972609573319,4.083935089697156,54.84576714732811,15.487039838821929,1.5374163517469093,0.0399999991530859,0.3402523012102552,0.5533647684857862,0.2210505593389974
H0,map-mixed-01,7027,H0_map-mixed-01_seed503,2004,1.0,center,,success,1,0,0,81,1.1123148620813976,343.40676888518374,0.9767139934772547,4.16853241509106,53.02056344840021,15.106311454739748,1.5298764771885343,0.039999998921965374,0.34350897991883705,0.5642434248390297,0.22040159721673896
H0,map-mixed-01,7027,H0_map-mixed-01_seed503,2005,1.0,center,,success,1,0,0,80,1.0736029994476244,343.45093381551305,0.9765883961903458,4.107448721222376,53.78332268793219,15.586947906883232,1.5447091855108739,0.03999999901279807,0.3428168834316231,0.5548983737338858,0.21612751529916516
H0,map-mixed-01,7027,H0_map-mixed-01_seed503,2006,1.0,center,,success,1,0,0,80,0.2940117719402319,344.7447997475423,0.9729231503146398,3.617763360995857,54.78766099323137,15.957655007724414,1.5478662542998791,0.0399999990593642,0.34512481508452125,0.5232845373044256,0.2163599713206268
H0,map-mixed-01,7027,H0_map-mixed-01_seed503,2007,1.0,center,,success,1,0,0,80,2.261028514042817,342.0430738431686,0.9806080645233548,4.133710643974809,53.04379716073538,15.132861160591819,1.5412701055407525,0.0399999990593642,0.34295761505057304,0.5525056429527467,0.23036147602917073
H0,map-mixed-01,7027,H0_map-mixed-01_seed503,2008,1.0,center,,success,1,0,0,80,2.2265402094997095,342.4288137571343,0.9795034271352417,3.5176796746018093,51.87964928121852,15.383229389054952,1.539777210354805,0.0399999990593642,0.3442958348453925,0.5440853131818585,0.22047079725185909
H0,map-mixed-01,7027,H0_map-mixed-01_seed503,2009,1.0,center,,success,1,0,0,79,2.0497421332052648,342.35675493728365,0.9797095917865336,4.053856207730058,47.679879665931956,15.5022614141861,1.5401212056226368,0.03999999877584132,0.3406600987038301,0.5510306948194681,0.20818439305815822
H0,map-mixed-01,7027,H0_map-mixed-01_seed503,2010,1.0,center,,success,1,0,0,79,1.6799521385158687,341.99664479997233,0.9807411906661946,3.8019520819922796,55.85721137494832,15.749121125450511,1.540883431329003,0.03999999920024148,0.3415465233133974,0.53099967642758,0.23417222571448013
H0,map-mixed-01,7027,H0_map-mixed-01_seed503,2011,1.0,center,,success,1,0,0,80,2.415549743287077,341.790525338626,0.9813326343457406,3.8183322053828896,45.57463976334226,14.856321269978716,1.5308853007853032,0.03999999910593033,0.34303862761881676,0.5627902099746279,0.20107398331575893
H0,map-mixed-01,7027,H0_map-mixed-01_seed503,2012,1.0,center,,success,1,0,0,79,1.9596167370720108,341.9164378305162,0.9809712535412738,3.7283009614678844,62.814965453976605,15.843943931306548,1.5411725519578667,0.0399999991530859,0.3422227277169365,0.5456092847581906,0.244295287997424
H0,map-mixed-01,7027,H0_map-mixed-01_seed503,2013,1.0,center,,success,1,0,0,80,1.9607911218739429,344.3035259490813,0.974170089314078,3.7074347488000914,58.761245309898676,15.613475912671442,1.539917840063572,0.039999998966231944,0.342931008972349,0.5433911224390613,0.2377671817782064
H0,map-mixed-01,7027,H0_map-mixed-01_seed503,2014,1.0,center,,success,1,0,0,78,2.5165231627974887,341.1030022667759,0.9833105964943836,3.6399519358858328,49.86754885019891,15.849316020386679,1.5468702912330627,0.0399999990581702,0.34231803035657565,0.5420356796239503,0.1977358799879465
H0,map-mixed-01,7027,H0_map-mixed-01_seed503,2015,1.0,center,,success,1,0,0,81,1.6492623211545003,343.3085386453966,0.976993458853098,3.8501783625415342,56.10815932016375,14.954511982315063,1.5320011193369643,0.039999998921965374,0.34095002631087123,0.5557349860742918,0.23167169797632597
H0,map-mixed-01,7027,H0_map-mixed-01_seed503,2016,1.0,center,,success,1,0,0,79,1.2638761175828304,342.47671418906174,0.9793664290991994,3.542307563065523,50.79595665071045,15.468950309011555,1.5478176602834388,0.03999999905877476,0.34340047193656786,0.541267227858918,0.20854968031033272
H0,map-mixed-01,7027,H0_map-mixed-01_seed503,2017,1.0,center,,success,1,0,0,78,2.9256231027622985,341.0854910521601,0.9833610793303321,3.5603249850504213,53.47919541065946,15.715222381564997,1.5487700593777192,0.03999999915369046,0.3394915532709364,0.5429560156264461,0.20012667111398905
H0,map-mixed-01,7027,H0_map-mixed-01_seed503,2018,1.0,center,,success,1,0,0,80,2.9410192424194306,341.5477201110572,0.982030260708246,3.493391432596058,54.747052323121665,14.884775743197752,1.5422073572874069,0.0399999990593642,0.339597177852203,0.5729589067050256,0.22830769982859925
H0,map-mixed-01,7027,H0_map-mixed-01_seed503,2019,1.0,center,,success,1,0,0,79,1.129954630081761,344.0665685259928,0.9748409967928332,3.6864249202655204,61.59083626858483,16.024378055884853,1.5535534061963046,0.03999999905877476,0.3418253342903542,0.5249702688542348,0.24584755602230743
H0,map-mixed-01,7027,H0_map-mixed-01_seed503,2020,1.0,center,,success,1,0,0,81,0.9278114197330662,343.5768129318062,0.976230595315352,4.065699470983837,49.34541508677123,14.984929789966213,1.5257407235510556,0.0399999988299829,0.3423594587565751,0.5521908167082771,0.2031600686173656
H0,map-mixed-01,7027,H0_map-mixed-01_seed503,2021,1.0,center,,success,1,0,0,81,0.833996537007393,344.5534545618077,0.9734634559143592,4.259018956808501,53.6768732949457,15.359479771085551,1.5398012701375985,0.039999998921965374,0.3442555128029426,0.5389314173853001,0.21793058935009055
H0,map-mixed-01,7027,H0_map-mixed-01_seed503,2022,1.0,center,,success,1,0,0,80,1.4997395585095297,343.8611219094057,0.9754234347939348,4.13100798136317,55.270438431181624,15.209645708686432,1.5261349983513355,0.0399999990593642,0.3419231528833813,0.5460228256590198,0.2261716501345675
H0,map-mixed-01,7027,H0_map-mixed-01_seed503,2023,1.0,center,,success,1,0,0,78,1.7513095967802106,342.0566059903061,0.9805692705565641,3.7440129692205217,54.66203027293402,15.896987618124335,1.5445919227905762,0.03999999901041006,0.3418975086054149,0.5288266921595025,0.23159323672080362
H0,map-mixed-01,7027,H0_map-mixed-01_seed503,2024,1.0,center,,success,1,0,0,81,0.25378270425191013,344.3296075486827,0.9740962998006114,4.077946454281592,54.169469302897554,15.282845989047999,1.5314290825231576,0.03999999901394785,0.3454462014474069,0.5526792533626711,0.22099362560933908
H0,map-mixed-01,7027,H0_map-mixed-01_seed503,2025,1.0,center,,success,1,0,0,79,1.4892998181421038,342.4972360884877,0.9793077469924802,4.126811928679042,55.251509582116846,15.738511927910228,1.5432501178753526,0.03999999896446361,0.34344931433265946,0.54044279611752,0.21691313811389643
H0,map-mixed-01,7027,H0_map-mixed-01_seed503,2026,1.0,center,,success,1,0,0,79,1.4058130781415155,343.6364408195676,0.9760611995195281,3.4256777796037334,57.642722586222966,15.738367878525596,1.5445115279547776,0.03999999896446361,0.34202842957885327,0.5330464213414565,0.23539934595291892
H0,map-mixed-01,7027,H0_map-mixed-01_seed503,2027,1.0,center,,success,1,0,0,79,0.8588869091801711,343.8321023700202,0.9755057608437377,3.9327528426162197,57.61299589332262,15.90911516470453,1.5506274322920208,0.03999999887015246,0.3427349276003551,0.5212243144412206,0.2221223090066631
H0,map-mixed-01,7027,H0_map-mixed-01_seed503,2028,1.0,center,,success,1,0,0,81,1.030160865645763,343.05569714412604,0.9777135299521188,3.6894008836602397,54.80172939643818,14.955635208262212,1.52575245094888,0.03999999905993909,0.34222549097454424,0.5581874065101147,0.22460233991242112
H0,map-mixed-01,7027,H0_map-mixed-01_seed503,2029,1.0,center,,success,1,0,0,80,2.7814196530700963,341.7638301119752,0.9814092863925213,3.9824642050093737,49.51562694174652,15.4039282732684,1.54303675070405,0.03999999901279807,0.34361431081398386,0.5485654172720388,0.1975618323209259
H0,map-mixed-01,7027,H0_map-mixed-01_seed503,2030,1.0,center,,success,1,0,0,81,1.00787276554656,344.8494858510682,0.9726277996245112,3.1693369209019124,57.915278331353726,15.198498183461883,1.5333203827893291,0.039999998921965374,0.3438079824320881,0.5580566376620145,0.24013002987396975
H0,map-mixed-01,7027,H0_map-mixed-01_seed503,2031,1.0,center,,success,1,0,0,81,1.4184409254564403,342.94476557757264,0.9780297887331367,4.345726135243878,51.63199159492972,14.814155949683627,1.5252424272490137,0.03999999901394785,0.34137910699648005,0.5520290174998665,0.20871387759763826
H0,map-mixed-01,7027,H0_map-mixed-01_seed503,2032,1.0,center,,success,1,0,0,80,2.816849800936722,341.6143640989933,0.9818386809044511,3.96826060592479,56.81054729096271,15.128901151926495,1.5380206868052482,0.039999999152496454,0.33973578543011684,0.567176537256455,0.2239358941855246
H0,map-mixed-01,7027,H0_map-mixed-01_seed503,2033,1.0,center,,success,1,0,0,79,1.4604377745806016,343.0330560308586,0.9777780617002568,3.619009003601313,53.3032364111696,16.00159692622304,1.5492611904687519,0.03999999896446361,0.3440969902102342,0.5181327616336131,0.21325185808601546
H0,map-mixed-01,7027,H0_map-mixed-01_seed503,2034,1.0,center,,success,1,0,0,79,1.6074207317678497,342.8516455087095,0.9782954260794061,3.593947956129596,60.121492911643514,15.629574038012574,1.545327776595007,0.03999999901161918,0.34287503335341124,0.5372153376995386,0.265665726106099
H0,map-mixed-01,7027,H0_map-mixed-01_seed503,2035,1.0,center,,success,1,0,0,80,1.4958345690920858,342.60500299843,0.978999704293593,3.843672491037684,60.92115306309755,15.458684411867798,1.530094315856695,0.0399999990593642,0.3424438231181668,0.5380139618238899,0.2459562423553753
H0,map-mixed-01,7027,H0_map-mixed-01_seed503,2036,1.0,center,,success,1,0,0,78,2.063197138882957,341.6699257215038,0.9816790164269897,3.531391204888946,52.47051716914507,15.82061099507606,1.5394069674687507,0.039999998962649934,0.3416388693142071,0.5429641940654852,0.1860105924470088
H0,map-mixed-01,7027,H0_map-mixed-01_seed503,2037,1.0,center,,success,1,0,0,79,0.7916050415011265,343.8953434157987,0.9753263690442852,3.7915279446311416,59.14665671537593,16.1391707839403,1.5513376171075846,0.03999999901161918,0.34468395237079946,0.5274060703224585,0.22794893944273195
H0,map-mixed-01,7027,H0_map-mixed-01_seed503,2038,1.0,center,,success,1,0,0,81,0.3271800744887941,344.29409270998394,0.9741967803888555,4.361818952189246,51.78495110279672,15.403193329531172,1.5247976897675315,0.0399999988299829,0.3439651939539219,0.5540950417139188,0.19400753162490947
H0,map-mixed-01,7027,H0_map-mixed-01_seed503,2039,1.0,center,,success,1,0,0,80,2.805472786021488,341.6080687087684,0.981856774908078,3.85057585805838,59.06338336175699,15.320255220865029,1.5322125896811485,0.039999999152496454,0.342420809713449,0.5642452514934121,0.2329721030510837
H0,map-mixed-01,7027,H0_map-mixed-01_seed503,2040,1.0,center,,success,1,0,0,80,1.060583443200237,343.26612061597194,0.9771141877418417,3.604123243386254,47.08437182579702,15.127145090318876,1.5282966539263725,0.039999998873099685,0.34388270984756414,0.5465353538573254,0.1952351480314445
H0,map-mixed-01,7027,H0_map-mixed-01_seed503,2041,1.0,center,,success,1,0,0,81,0.658438824380673,343.53576583871865,0.9763472394383387,3.346601479186541,56.48545399060852,14.992796415478882,1.5264596556439811,0.03999999896795661,0.3436215541103703,0.5544778528647716,0.2378809383276372
H0,map-mixed-01,7027,H0_map-mixed-01_seed503,2042,1.0,center,,success,1,0,0,81,1.390694020829161,343.1205834980656,0.9775286379077266,3.8647332093255162,50.259591503509846,15.083820051224668,1.5277005735738778,0.03999999901394785,0.34211144006877653,0.5469900714995247,0.20694562350664975
H0,map-mixed-01,7027,H0_map-mixed-01_seed503,2043,1.0,center,,success,1,0,0,80,1.4318731347604805,342.6386919315902,0.9789034470512603,3.5557699268532716,54.28757657317374,15.118093782606282,1.5326512649655342,0.03999999910593033,0.34452736388125577,0.5527850327465785,0.22475693564822058
H0,map-mixed-01,7027,H0_map-mixed-01_seed503,2044,1.0,center,,success,1,0,0,82,1.181394387807955,343.81371442613334,0.9755579331231992,3.419633033715982,59.040038640088866,14.80142065865519,1.5340459811978224,0.03999999901506959,0.3422125660987935,0.5677529481160114,0.2533718091310229
H0,map-mixed-01,7027,H0_map-mixed-01_seed503,2045,1.0,center,,success,1,0,0,79,2.052121114833195,341.96432659318856,0.9808338781020949,3.8777821876963516,56.62841279526792,15.755483140487298,1.5474312743054162,0.03999999901161918,0.3431799287554087,0.542179936649207,0.21013129401111677
H0,map-mixed-01,7027,H0_map-mixed-01_seed503,2046,1.0,center,,success,1,0,0,79,2.6801205813058346,341.3729526532702,0.9825330156300986,3.6507413903294648,55.658959764250454,15.509847302283974,1.5328809935835344,0.03999999910593033,0.3412934804363284,0.5536713964700746,0.22363241621088967
H0,map-mixed-01,7027,H0_map-mixed-01_seed503,2047,1.0,center,,success,1,0,0,81,1.2786772375269684,343.43388548959655,0.9766368747999646,3.749334599651177,51.44473761136808,14.990511232871336,1.5309682216173337,0.03999999896795661,0.34329188096228846,0.5505438811622883,0.21882667238951176
H0,map-mixed-01,7027,H0_map-mixed-01_seed503,2048,1.0,center,,success,1,0,0,79,1.9512815779494563,341.5367055897607,0.9820619310764475,3.8422723361757254,52.69505426908901,15.187152804900206,1.532208515118949,0.03999999910593033,0.34010271301033657,0.5707573184059768,0.2041107578981803
H0,map-mixed-01,7027,H0_map-mixed-01_seed503,2049,1.0,center,,success,1,0,0,80,1.3292949469989952,342.9399323881001,0.9780435724976748,3.700096014316664,58.23453953163931,15.67511679410774,1.5356145843863487,0.03999999901279807,0.34239600877810467,0.541991481007426,0.22449823403715657
H0,map-mixed-01,7027,H0_map-mixed-01_seed503,2050,1.0,center,,success,1,0,0,80,0.8554917845163801,344.18333933908076,0.9745102632481893,3.820274588462799,52.26881385489159,15.38121876971659,1.538504009693861,0.03999999891966581,0.3441329004787271,0.5327696984866634,0.20114418975553772
