config,map_id,map_seed,unit,eval_seed,wind_scale,apf_basis,apf_d0,status,success,collision,timeout,steps,final_dist_m,path_length_m,path_efficiency,min_obstacle_distance_m,jitter_index,acceleration_index
H0,map-random-01,7001,H0_map-random-01_seed101,2001,1.0,center,,success,1,0,0,117,2.98201095650489,368.9911949396696,0.9089924128943195,5.5431027806847855,38.421599309325416,16.692733487492454
H0,map-random-01,7001,H0_map-random-01_seed101,2002,1.0,center,,success,1,0,0,116,2.972152968330337,372.7765543498814,0.8997620497080899,6.992385332648137,33.520077248054704,17.118625285764637
H0,map-random-01,7001,H0_map-random-01_seed101,2003,1.0,center,,success,1,0,0,148,2.9671964386582643,372.85474323521686,0.8995733666002304,7.752027735054461,38.06244715166666,14.03742352797968
H0,map-random-01,7001,H0_map-random-01_seed101,2004,1.0,center,,success,1,0,0,121,2.950428735190392,369.7665728265998,0.9070863114018081,6.27664038061826,37.029914428951834,16.080960311993984
H0,map-random-01,7001,H0_map-random-01_seed101,2005,1.0,center,,success,1,0,0,113,2.9674269362085934,373.6726995763688,0.8976042322739168,7.089220137343352,37.062577435825794,17.515791790449285
H0,map-random-01,7001,H0_map-random-01_seed101,2006,1.0,center,,success,1,0,0,118,2.9921689189630776,373.0237851146701,0.8991657100950307,7.744000573001692,38.19863700823217,17.030612678619804
H0,map-random-01,7001,H0_map-random-01_seed101,2007,1.0,center,,success,1,0,0,118,2.940905322648915,373.432066470503,0.8981826327746875,7.448053429052888,37.57538869717136,16.93880885074851
H0,map-random-01,7001,H0_map-random-01_seed101,2008,1.0,center,,success,1,0,0,117,2.9640430922407197,373.22879290134637,0.8986718147268603,7.830898425887807,36.68088328110824,17.112695174564593
H0,map-random-01,7001,H0_map-random-01_seed101,2009,1.0,center,,success,1,0,0,217,2.9646243278975484,375.4663199648231,0.8933163343556157,8.072410411870559,29.76480050620774,9.892152161644393
H0,map-random-01,7001,H0_map-random-01_seed101,2010,1.0,center,,success,1,0,0,147,2.9950708584903,372.44276598690834,0.9005684289133392,7.729065845744478,36.064713795871185,13.894222560206831
H0,map-random-01,7001,H0_map-random-01_seed101,2011,1.0,center,,success,1,0,0,119,2.9909452567242236,372.289361928499,0.9009395135211695,7.348042371399089,35.95427402807518,16.784528816849292
H0,map-random-01,7001,H0_map-random-01_seed101,2012,1.0,center,,success,1,0,0,161,2.990389351174007,370.8440919557399,0.9044506947814597,6.560967096176773,40.20612926673319,12.991339587957276
H0,map-random-01,7001,H0_map-random-01_seed101,2013,1.0,center,,success,1,0,0,268,2.98651798126994,373.1851094453187,0.898777009413648,6.42151066424429,33.96587723492806,8.455820154991981
H0,map-random-01,7001,H0_map-random-01_seed101,2014,1.0,center,,success,1,0,0,143,2.989370602066374,374.93599708024,0.8945798729301188,8.418464323249555,32.90786576174402,14.350192881977652
H0,map-random-01,7001,H0_map-random-01_seed101,2015,1.0,center,,success,1,0,0,124,2.9838800357694133,370.295361801774,0.9057909745154189,6.018276914604654,34.75871987016616,15.971612632860666
H0,map-random-01,7001,H0_map-random-01_seed101,2016,1.0,center,,success,1,0,0,117,2.993976536186299,373.3941530686271,0.8982738317365204,7.7054043885423,40.5291226858598,17.29723269131543
H0,map-random-01,7001,H0_map-random-01_seed101,2017,1.0,center,,success,1,0,0,117,2.9711361865644257,374.9774504535627,0.8944809780408536,7.861265126519535,34.00125550310655,17.20151416554776
H0,map-random-01,7001,H0_map-random-01_seed101,2018,1.0,center,,success,1,0,0,121,2.9864595806954313,370.7303207041736,0.9047282563451587,6.633201904162554,42.367968891929365,16.43218172501748
H0,map-random-01,7001,H0_map-random-01_seed101,2019,1.0,center,,success,1,0,0,230,2.9866660968586385,376.8527001615778,0.8900299678923872,8.21871414430383,27.54339021469386,9.442823494378748
H0,map-random-01,7001,H0_map-random-01_seed101,2020,1.0,center,,success,1,0,0,122,2.987902456546264,370.3766592992358,0.9055921538348961,6.870601469790691,35.503111201724444,16.076476853924188
H0,map-random-01,7001,H0_map-random-01_seed101,2021,1.0,center,,success,1,0,0,117,2.9967644156180633,371.7611181134059,0.9022196789354701,6.357500030020664,37.34917677293397,16.94836829793554
H0,map-random-01,7001,H0_map-random-01_seed101,2022,1.0,center,,success,1,0,0,202,2.9916070214050596,370.45403124289004,0.9054030145107399,6.100080808401321,33.95560313248351,10.536538627791256
H0,map-random-01,7001,H0_map-random-01_seed101,2023,1.0,center,,success,1,0,0,240,2.9806667282082153,378.0256896616013,0.8872682619142073,8.27180873122861,33.104614920078376,9.288847289713784
H0,map-random-01,7001,H0_map-random-01_seed101,2024,1.0,center,,success,1,0,0,114,2.963752065369515,371.72439783818095,0.9023088034457701,7.281653088047129,35.467217366438526,17.329961056746487
H0,map-random-01,7001,H0_map-random-01_seed101,2025,1.0,center,,success,1,0,0,146,2.995768516909951,373.1771328490981,0.8987962206156896,7.612326604167796,31.568440404232433,13.867182445239644
H0,map-random-01,7001,H0_map-random-01_seed101,2026,1.0,center,,success,1,0,0,280,2.989063718586331,375.06307158481457,0.8942767817895417,7.17671034400259,31.18253150482612,8.098718894572249
H0,map-random-01,7001,H0_map-random-01_seed101,2027,1.0,center,,success,1,0,0,189,2.99847126425599,376.493045592702,0.8908801916830682,8.218539776689001,32.33052551817992,11.407259075070229
H0,map-random-01,7001,H0_map-random-01_seed101,2028,1.0,center,,success,1,0,0,160,2.995986525081276,370.2989375548911,0.9057822278392281,6.633605585785742,34.671130353023806,12.628755819723775
H0,map-random-01,7001,H0_map-random-01_seed101,2029,1.0,center,,success,1,0,0,118,2.989802381298799,370.8719683556228,0.9043827122122893,6.904283042082843,41.74435211348687,16.890417486813238
H0,map-random-01,7001,H0_map-random-01_seed101,2030,1.0,center,,success,1,0,0,121,2.9976462157956676,368.17522060921357,0.9110069821373928,4.74374906981219,33.42013644194021,15.938511323446091
H0,map-random-01,7001,H0_map-random-01_seed101,2031,1.0,center,,success,1,0,0,131,2.9899732972720314,368.7057269351888,0.9096961943418008,5.3332213034347395,38.175849541062945,14.97933924421427
H0,map-random-01,7001,H0_map-random-01_seed101,2032,1.0,center,,success,1,0,0,125,2.9726156120974077,371.1795846294279,0.9036332021326813,6.785195504538747,37.864817805573736,15.815980507560132
H0,map-random-01,7001,H0_map-random-01_seed101,2033,1.0,center,,success,1,0,0,146,2.983288261925939,373.6407585630688,0.8976809647718152,7.951865541863046,34.438607883372164,14.00831783594962
H0,map-random-01,7001,H0_map-random-01_seed101,2034,1.0,center,,success,1,0,0,136,2.9483508717822313,374.0902275969986,0.8966024019913733,7.842440079232473,36.85722016356196,15.079398290108088
H0,map-random-01,7001,H0_map-random-01_seed101,2035,1.0,center,,success,1,0,0,398,2.96820315264916,379.64084140245393,0.8834934497192389,6.752849337033716,30.374687527958873,6.357095863032659
H0,map-random-01,7001,H0_map-random-01_seed101,2036,1.0,center,,success,1,0,0,148,2.9888592375702268,376.3958793039914,0.8911101716766634,8.022930502695695,32.57182477236403,14.00932278765466
H0,map-random-01,7001,H0_map-random-01_seed101,2037,1.0,center,,success,1,0,0,115,2.9761686429050727,372.95573017444576,0.8993297849803359,8.150916079157202,38.951862483953384,17.42358976749142
H0,map-random-01,7001,H0_map-random-01_seed101,2038,1.0,center,,success,1,0,0,113,2.9523442754526052,370.1730812712948,0.9060901875227143,6.350311382391305,38.09941372609824,17.440741180259618
H0,map-random-01,7001,H0_map-random-01_seed101,2039,1.0,center,,success,1,0,0,115,2.9759426371385875,370.2051327636454,0.9060117403588472,6.474782345583361,35.781464704611565,16.995438491904913
H0,map-random-01,7001,H0_map-random-01_seed101,2040,1.0,center,,success,1,0,0,113,2.957732576974251,371.44870451453016,0.9029785069874918,7.441839057326657,35.73584978154026,17.373932786920417
H0,map-random-01,7001,H0_map-random-01_seed101,2041,1.0,center,,success,1,0,0,117,2.9586807104038533,370.34078189607146,0.905679884639587,6.43415212631173,33.73472883248465,16.573799849514433
H0,map-random-01,7001,H0_map-random-01_seed101,2042,1.0,center,,success,1,0,0,122,2.959041701587995,372.31197878052933,0.900884784109206,7.305082077963938,35.752535253932244,16.189183813946034
H0,map-random-01,7001,H0_map-random-01_seed101,2043,1.0,center,,success,1,0,0,111,2.963954983602801,370.982352059104,0.9041136182443841,6.947455888673119,38.40038398126558,17.69646374378074
H0,map-random-01,7001,H0_map-random-01_seed101,2044,1.0,center,,success,1,0,0,122,2.998222193162389,367.73407064456677,0.9120998661806321,4.958164300774084,36.09104188060203,15.783604830758955
H0,map-random-01,7001,H0_map-random-01_seed101,2045,1.0,center,,success,1,0,0,149,2.940682107114694,374.3560790306325,0.895965673893926,7.736797248933469,31.92209467948132,13.793036773710384
H0,map-random-01,7001,H0_map-random-01_seed101,2046,1.0,center,,success,1,0,0,121,2.9813995220473926,370.05888120141947,0.9063698067076195,6.200650986474868,38.0942767447224,16.392878806072034
H0,map-random-01,7001,H0_map-random-01_seed101,2047,1.0,center,,success,1,0,0,116,2.964749699019749,368.7930528361901,0.9094807888747037,5.034996563365563,42.470922218841146,16.771609766160193
H0,map-random-01,7001,H0_map-random-01_seed101,2048,1.0,center,,success,1,0,0,119,2.9656863805529237,371.2279947624977,0.903515363488563,6.819616946634072,35.399339669944325,16.71907849224267
H0,map-random-01,7001,H0_map-random-01_seed101,2049,1.0,center,,success,1,0,0,142,2.9999306895063844,369.7661168078677,0.9070874300774542,6.197477379201562,35.35033379846996,14.155127881996416
H0,map-random-01,7001,H0_map-random-01_seed101,2050,1.0,center,,success,1,0,0,117,2.9793069926030276,374.7691313432215,0.8949781840964718,7.455573030189197,33.308090659351684,17.077888419608346
H0,map-random-01,7001,H0_map-random-01_seed211,2001,1.0,center,,success,1,0,0,107,2.1499106811877597,431.2328065433876,0.7777937845534066,16.64225430364568,38.315499497680705,21.056150356770054
H0,map-random-01,7001,H0_map-random-01_seed211,2002,1.0,center,,success,1,0,0,107,2.273294236404181,433.9342422620678,0.7729516686134272,15.471298795162118,42.041458732417304,21.12056196148141
H0,map-random-01,7001,H0_map-random-01_seed211,2003,1.0,center,,success,1,0,0,107,1.961905254377722,434.35548571427785,0.7722020502939008,16.631086942873882,40.91935492568264,21.39411299251331
H0,map-random-01,7001,H0_map-random-01_seed211,2004,1.0,center,,success,1,0,0,107,2.211575076179253,431.52412566639293,0.7772687010419222,16.63856659758254,40.486028256209664,21.257556052702846
H0,map-random-01,7001,H0_map-random-01_seed211,2005,1.0,center,,success,1,0,0,107,2.256592149461897,434.2371651492099,0.772412459236917,14.820947783305394,41.67489604360995,21.406372647282733
H0,map-random-01,7001,H0_map-random-01_seed211,2006,1.0,center,,success,1,0,0,107,2.2178999368144052,435.99514218523717,0.7692980131472793,15.179999180224566,44.507308180003,21.535096817485567
H0,map-random-01,7001,H0_map-random-01_seed211,2007,1.0,center,,success,1,0,0,108,1.9443020867843654,436.68949410777645,0.7680748017770909,15.53673300943552,37.916919052356775,21.097389260963716
H0,map-random-01,7001,H0_map-random-01_seed211,2008,1.0,center,,success,1,0,0,108,1.824415266948663,437.76231140516114,0.7661924927898534,15.302304431512843,40.32291147364057,20.96785728197336
H0,map-random-01,7001,H0_map-random-01_seed211,2009,1.0,center,,success,1,0,0,107,2.8872768111889187,434.08039886315385,0.7726914127046505,16.17655745566967,36.26889467762427,21.2915626864892
H0,map-random-01,7001,H0_map-random-01_seed211,2010,1.0,center,,success,1,0,0,107,2.1717069893038445,434.5246523626097,0.7719014210155091,16.211062636147492,40.278024919765905,21.36832606707245
H0,map-random-01,7001,H0_map-random-01_seed211,2011,1.0,center,,success,1,0,0,106,2.8477816681790094,430.41547033059953,0.7792707738115034,15.674913732414012,37.535294561088406,21.226237934902574
H0,map-random-01,7001,H0_map-random-01_seed211,2012,1.0,center,,success,1,0,0,107,2.0235418092654425,434.435644142618,0.772059570035784,15.563430196279562,47.05834716635543,21.585685746569336
H0,map-random-01,7001,H0_map-random-01_seed211,2013,1.0,center,,success,1,0,0,106,2.698996897451284,429.5584869884797,0.7808254446942492,16.309313922922783,41.54642447445936,21.127309958917518
H0,map-random-01,7001,H0_map-random-01_seed211,2014,1.0,center,,success,1,0,0,108,2.0443520409798204,438.8186049640915,0.7643481676270656,14.791025795921477,40.84589887680682,21.276663735475385
H0,map-random-01,7001,H0_map-random-01_seed211,2015,1.0,center,,success,1,0,0,107,2.172189766883015,429.9107081211077,0.7801857229629228,16.997348307833168,40.78886858951096,21.04392451231667
H0,map-random-01,7001,H0_map-random-01_seed211,2016,1.0,center,,success,1,0,0,108,1.6827337912745395,439.520470432636,0.7631275883346503,15.134168253380889,40.68837249142338,21.219159903972702
H0,map-random-01,7001,H0_map-random-01_seed211,2017,1.0,center,,success,1,0,0,109,1.5508065114083773,441.13855810886133,0.76032845113983,15.197928841597681,45.731477685237216,21.2812359696906
H0,map-random-01,7001,H0_map-random-01_seed211,2018,1.0,center,,success,1,0,0,107,2.2079245902937403,430.8646977442741,0.7784582918511472,16.751405728080197,39.72345961115518,21.10130971828382
H0,map-random-01,7001,H0_map-random-01_seed211,2019,1.0,center,,success,1,0,0,109,1.8984703116793094,440.42997447127686,0.7615517018968078,15.852344316483022,43.69608748831923,21.19546784622847
H0,map-random-01,7001,H0_map-random-01_seed211,2020,1.0,center,,success,1,0,0,106,2.2859640491123088,429.199996748917,0.7814776308611769,16.574026788938674,41.31092100847661,21.217259856764834
H0,map-random-01,7001,H0_map-random-01_seed211,2021,1.0,center,,success,1,0,0,107,2.6783319614577374,432.2407136029347,0.7759801103166863,15.848840783553792,43.42262359831817,21.312726918607556
H0,map-random-01,7001,H0_map-random-01_seed211,2022,1.0,center,,success,1,0,0,107,2.3352690399227143,431.92406324420864,0.7765489936024438,16.709932087797828,46.63891252017308,21.3012462182588
H0,map-random-01,7001,H0_map-random-01_seed211,2023,1.0,center,,success,1,0,0,108,2.3667120989781667,439.71808676618394,0.762784626603999,15.380600351982448,41.698491840162745,21.287378339511328
H0,map-random-01,7001,H0_map-random-01_seed211,2024,1.0,center,,success,1,0,0,107,2.5828265308587954,432.4521839139827,0.775600653901851,16.110431669663722,41.90531333371968,21.151450671385234
H0,map-random-01,7001,H0_map-random-01_seed211,2025,1.0,center,,success,1,0,0,107,2.532726584167313,435.6560645741801,0.7698967692617933,15.43242720160212,42.24428163736791,21.53775875452543
H0,map-random-01,7001,H0_map-random-01_seed211,2026,1.0,center,,success,1,0,0,107,2.090519390342645,434.9608993112511,0.7711272373127825,15.78166753627511,43.81667820892076,21.407420834861618
H0,map-random-01,7001,H0_map-random-01_seed211,2027,1.0,center,,success,1,0,0,108,2.078425570109701,439.67942758107347,0.7628516950866924,14.785263140927059,43.08384033786271,21.559287048592953
H0,map-random-01,7001,H0_map-random-01_seed211,2028,1.0,center,,success,1,0,0,107,2.1754899005195614,429.89968871432603,0.7802057210789305,17.17198029305444,40.57589661724867,21.015037210652032
H0,map-random-01,7001,H0_map-random-01_seed211,2029,1.0,center,,success,1,0,0,107,2.235281024868031,433.00424434779296,0.774611798852401,15.183597107371682,39.97187416588919,21.175302161025417
H0,map-random-01,7001,H0_map-random-01_seed211,2030,1.0,center,,success,1,0,0,105,2.214280808723585,426.7682529453782,0.7859305239087159,16.033276275760635,41.16400772064534,21.3665020744934
H0,map-random-01,7001,H0_map-random-01_seed211,2031,1.0,center,,success,1,0,0,107,2.0797327948744475,429.6533392475279,0.7806530660564355,17.323574724841844,42.829569518012576,21.002540248857215
H0,map-random-01,7001,H0_map-random-01_seed211,2032,1.0,center,,success,1,0,0,106,2.7345874546054363,428.76751210352745,0.7822658833908631,16.66343788935551,39.55868664228271,21.264249060849355
H0,map-random-01,7001,H0_map-random-01_seed211,2033,1.0,center,,success,1,0,0,107,2.3697638011263997,436.10426164406744,0.7691055238958389,15.183549976622983,38.798820079085054,21.305793341103563
H0,map-random-01,7001,H0_map-random-01_seed211,2034,1.0,center,,success,1,0,0,107,2.354154059695459,436.1508732894933,0.7690233292330046,15.321137263321706,42.45464417815227,21.31471591146814
H0,map-random-01,7001,H0_map-random-01_seed211,2035,1.0,center,,success,1,0,0,107,2.3159019197144666,432.7590982034701,0.7750505951633831,16.577935258990852,43.04359626463127,21.06645029187356
H0,map-random-01,7001,H0_map-random-01_seed211,2036,1.0,center,,success,1,0,0,107,2.758455917300886,436.9520707398156,0.7676132443017748,14.872885043888354,44.09934334417264,21.53234020152618
H0,map-random-01,7001,H0_map-random-01_seed211,2037,1.0,center,,success,1,0,0,107,1.7995799301362525,437.33494659042015,0.7669412180296037,14.850032664787076,41.6471734995954,21.430084879323122
H0,map-random-01,7001,H0_map-random-01_seed211,2038,1.0,center,,success,1,0,0,107,1.5928874706367464,432.61504016759517,0.7753086820445042,16.16033682696159,40.55486299730547,21.095692608880434
H0,map-random-01,7001,H0_map-random-01_seed211,2039,1.0,center,,success,1,0,0,106,1.9985935432212494,431.3401528691633,0.7776002173549261,15.92448595119647,44.07252155221597,21.477516071848488
H0,map-random-01,7001,H0_map-random-01_seed211,2040,1.0,center,,success,1,0,0,106,2.6113774194000103,430.008830332598,0.7800076951106782,15.679252666277929,39.14032712549741,21.140084509544213
H0,map-random-01,7001,H0_map-random-01_seed211,2041,1.0,center,,success,1,0,0,106,2.2400444893450127,428.7564085392316,0.7822861418391561,15.951746372843637,40.20760060484244,21.320996751852537
H0,map-random-01,7001,H0_map-random-01_seed211,2042,1.0,center,,success,1,0,0,107,2.0909855166622813,431.30446000691273,0.7776645681326659,16.385238186454085,39.30201554020799,21.111643959096597
H0,map-random-01,7001,H0_map-random-01_seed211,2043,1.0,center,,success,1,0,0,107,1.7288402140195067,434.49314883027915,0.7719573888056535,15.066635346607631,42.69422312743937,21.161274439875292
H0,map-random-01,7001,H0_map-random-01_seed211,2044,1.0,center,,success,1,0,0,107,2.0384045910123625,427.0206761331635,0.7854659396407614,16.785771087467054,38.512956837941594,20.831585317081313
H0,map-random-01,7001,H0_map-random-01_seed211,2045,1.0,center,,success,1,0,0,109,1.7935878437560118,440.29007591693465,0.7617936786934237,15.250967222679003,42.09655600280083,21.09132628903594
H0,map-random-01,7001,H0_map-random-01_seed211,2046,1.0,center,,success,1,0,0,106,1.9703513837983009,431.70232526988787,0.7769478573349812,16.516868144826603,41.920072564859815,21.41559873456855
H0,map-random-01,7001,H0_map-random-01_seed211,2047,1.0,center,,success,1,0,0,106,1.9565448951218718,427.9607315068101,0.7837405909743641,16.856197054542115,37.58868057715392,20.854206783669756
H0,map-random-01,7001,H0_map-random-01_seed211,2048,1.0,center,,success,1,0,0,107,2.2354777930459044,432.6087929166434,0.7753198781828656,15.925639217554615,42.90482990980014,21.26573318152398
H0,map-random-01,7001,H0_map-random-01_seed211,2049,1.0,center,,success,1,0,0,105,2.7968766058375802,427.55501329794856,0.7844843030555989,16.621979243492298,42.8981908885877,21.424207439851692
H0,map-random-01,7001,H0_map-random-01_seed211,2050,1.0,center,,success,1,0,0,108,2.0038728914163446,437.27326685465886,0.7670493991951544,14.92597897467051,45.615738470525116,21.41454155786404
H0,map-random-01,7001,H0_map-random-01_seed307,2001,1.0,center,,collision,0,1,0,66,80.36442455758026,279.49134516660115,nan,-0.03504949503047783,44.98801098981349,18.18331097321513
H0,map-random-01,7001,H0_map-random-01_seed307,2002,1.0,center,,success,1,0,0,105,2.8478288871272053,373.9944063233386,0.8968321208927068,2.53725212833452,38.23372506981252,19.71253267884524
H0,map-random-01,7001,H0_map-random-01_seed307,2003,1.0,center,,success,1,0,0,107,2.99335446664072,374.8270780001568,0.8948398243118075,1.4685613709085745,36.56418179559081,19.838154898795004
H0,map-random-01,7001,H0_map-random-01_seed307,2004,1.0,center,,success,1,0,0,111,2.9835238767232104,377.28718977156956,0.8890049959767897,1.9480920566982718,38.73655301349399,18.530776936683313
H0,map-random-01,7001,H0_map-random-01_seed307,2005,1.0,center,,success,1,0,0,106,2.9717425915407296,375.2447577214941,0.8938437905477928,2.0689009473295235,37.94283845560895,19.300693248951998
H0,map-random-01,7001,H0_map-random-01_seed307,2006,1.0,center,,success,1,0,0,105,2.770158757338319,373.4992797245755,0.8980209998592379,2.6151562805924384,38.614332935889756,19.70419049726855
H0,map-random-01,7001,H0_map-random-01_seed307,2007,1.0,center,,success,1,0,0,110,2.9464019712136156,377.74890173025665,0.8879183899374473,2.082826971762872,39.694310353575126,18.979924091608456
H0,map-random-01,7001,H0_map-random-01_seed307,2008,1.0,center,,success,1,0,0,105,2.8474342184874333,373.5708088451632,0.8978490521297358,2.420795732884926,38.68972702353944,19.794904477098328
H0,map-random-01,7001,H0_map-random-01_seed307,2009,1.0,center,,success,1,0,0,111,2.9633326968551987,377.16820485224173,0.8892854495950097,1.6739495599810226,38.45187003228999,18.975081985093993
H0,map-random-01,7001,H0_map-random-01_seed307,2010,1.0,center,,success,1,0,0,107,2.999685964956295,374.16494455268025,0.8964233595585934,2.425433692867273,42.85690537429174,19.529485628775547
H0,map-random-01,7001,H0_map-random-01_seed307,2011,1.0,center,,success,1,0,0,108,2.9311695695199003,374.981972417478,0.8944701913604178,1.0249682357547933,38.81887356102806,19.376255620893524
H0,map-random-01,7001,H0_map-random-01_seed307,2012,1.0,center,,success,1,0,0,109,2.910834979782222,375.6855557879288,0.8927950288679839,1.9487796278726535,40.47477199035648,19.277774098139936
H0,map-random-01,7001,H0_map-random-01_seed307,2013,1.0,center,,success,1,0,0,118,2.974791353891887,378.5766396534021,0.8859770030502839,1.3050011134160127,36.134791003782695,17.71360192866584
H0,map-random-01,7001,H0_map-random-01_seed307,2014,1.0,center,,success,1,0,0,106,2.9686867608921195,375.08586588835993,0.8942224357896748,2.238415406347275,39.62786830802691,19.912594126370237
H0,map-random-01,7001,H0_map-random-01_seed307,2015,1.0,center,,success,1,0,0,112,2.9338071113743256,377.5244503687402,0.8884462881738193,0.6843820025357985,37.59188417388757,18.85779482928843
H0,map-random-01,7001,H0_map-random-01_seed307,2016,1.0,center,,success,1,0,0,103,2.8547421776022035,371.74975290432855,0.9022472617790489,1.370839511101864,43.05824502487616,20.096216201294336
H0,map-random-01,7001,H0_map-random-01_seed307,2017,1.0,center,,success,1,0,0,102,2.6923703434703827,372.00923620607034,0.9016179276773971,2.4412597989221996,38.93221294462407,19.75329887945841
H0,map-random-01,7001,H0_map-random-01_seed307,2018,1.0,center,,success,1,0,0,111,2.9048293883557488,376.34099495282237,0.8912401282964538,0.5289163995224726,41.283740572682206,19.13234066431623
H0,map-random-01,7001,H0_map-random-01_seed307,2019,1.0,center,,success,1,0,0,107,2.906464345901703,376.03736345977046,0.8919597604317625,2.7784246098573533,36.50065464690934,19.694471754650653
H0,map-random-01,7001,H0_map-random-01_seed307,2020,1.0,center,,success,1,0,0,113,2.9731052275143264,375.3680178928784,0.8935502776922434,0.9144900363965007,37.306723689336486,18.28806189743047
H0,map-random-01,7001,H0_map-random-01_seed307,2021,1.0,center,,success,1,0,0,108,2.848587277284921,375.38814177368516,0.893502376074472,1.6232149881044364,36.613846012341334,19.35109429160179
H0,map-random-01,7001,H0_map-random-01_seed307,2022,1.0,center,,success,1,0,0,111,2.9832657799031326,376.1503695659159,0.8916917907379373,0.22930505106947408,36.902471541276135,19.53552094116034
H0,map-random-01,7001,H0_map-random-01_seed307,2023,1.0,center,,success,1,0,0,103,2.8429979976347304,371.37405380258986,0.9031600166748898,2.578988883510755,45.91566589538878,20.160180463643588
H0,map-random-01,7001,H0_map-random-01_seed307,2024,1.0,center,,success,1,0,0,109,2.9214307340948635,377.48905672567497,0.8885295895311592,2.6757160579947765,37.41903306687777,19.219877625460207
H0,map-random-01,7001,H0_map-random-01_seed307,2025,1.0,center,,success,1,0,0,106,2.808611218404535,373.49408242407173,0.8980334961348541,1.5017635022253264,40.88704004901426,19.63104860945721
H0,map-random-01,7001,H0_map-random-01_seed307,2026,1.0,center,,success,1,0,0,111,2.9626856448691976,377.2800333718135,0.8890218589819148,2.240027348042105,41.13134568015953,19.96618803652423
H0,map-random-01,7001,H0_map-random-01_seed307,2027,1.0,center,,success,1,0,0,107,2.9730675776987967,375.261582876495,0.8938037143422637,2.9541736650612127,37.61607599773442,19.299370973890472
H0,map-random-01,7001,H0_map-random-01_seed307,2028,1.0,center,,collision,0,1,0,66,80.45286333953116,279.1629963246286,nan,0.13204730668894626,38.97768455890947,17.59637548283976
H0,map-random-01,7001,H0_map-random-01_seed307,2029,1.0,center,,success,1,0,0,107,2.7759665835003,373.62252117801444,0.8977247826695128,1.074183343087997,41.19446680985336,19.303061511845346
H0,map-random-01,7001,H0_map-random-01_seed307,2030,1.0,center,,collision,0,1,0,66,78.43794018430401,281.3767651135464,nan,0.838644022117137,37.42667037793915,18.517883928130004
H0,map-random-01,7001,H0_map-random-01_seed307,2031,1.0,center,,collision,0,1,0,66,80.32016510515066,279.36601405658365,nan,-0.08030169245625984,44.72581928653344,17.38746503276824
H0,map-random-01,7001,H0_map-random-01_seed307,2032,1.0,center,,success,1,0,0,109,2.94693071365451,374.5084322685344,0.8956011873838631,1.1675873790470632,39.90120392792374,18.857209508357446
H0,map-random-01,7001,H0_map-random-01_seed307,2033,1.0,center,,success,1,0,0,109,2.924017021372121,376.0868733938279,0.8918423384422037,1.5828892793038447,41.58093796731207,19.46540148124036
H0,map-random-01,7001,H0_map-random-01_seed307,2034,1.0,center,,success,1,0,0,102,2.831204052348721,371.64316981542544,0.9025060161647748,1.3014409641913536,42.60760780208454,20.215283292485683
H0,map-random-01,7001,H0_map-random-01_seed307,2035,1.0,center,,success,1,0,0,113,2.889654650466339,376.8023925927475,0.8901487974028971,1.1938848266753055,37.47612910792003,18.40872695721065
H0,map-random-01,7001,H0_map-random-01_seed307,2036,1.0,center,,success,1,0,0,104,2.8953584003932087,373.08692693846706,0.8990135338628132,2.7350632891521633,39.30826264902341,20.121210385709468
H0,map-random-01,7001,H0_map-random-01_seed307,2037,1.0,center,,success,1,0,0,105,2.924447480041111,373.59567694682585,0.8977892875155182,1.3022149936513325,39.164857139659766,19.302408048343793
H0,map-random-01,7001,H0_map-random-01_seed307,2038,1.0,center,,success,1,0,0,106,2.7898090825322357,373.3563731127371,0.8983647281244866,1.5658706080572102,37.62495997194641,19.398538436222285
H0,map-random-01,7001,H0_map-random-01_seed307,2039,1.0,center,,success,1,0,0,106,2.8548230938195824,373.4192653247958,0.8982134232770035,0.9446121792594653,37.37332021733017,19.331630976313914
H0,map-random-01,7001,H0_map-random-01_seed307,2040,1.0,center,,success,1,0,0,106,2.859566246515277,373.64939257407684,0.8976602218307438,1.5022820757873774,39.42795945576491,19.544038201315004
H0,map-random-01,7001,H0_map-random-01_seed307,2041,1.0,center,,success,1,0,0,108,2.864610737347559,373.77640159311,0.8973551973730363,1.8264870522571073,38.890800343190925,18.808102038902085
H0,map-random-01,7001,H0_map-random-01_seed307,2042,1.0,center,,success,1,0,0,111,2.8816182798484085,376.9753270632388,0.8897404486333992,1.235952637879365,37.11728488677318,18.845224770150583
H0,map-random-01,7001,H0_map-random-01_seed307,2043,1.0,center,,success,1,0,0,104,2.8724491735676967,371.54996243862263,0.902732419681985,1.9104067954097133,43.147010132391955,19.441581999385793
H0,map-random-01,7001,H0_map-random-01_seed307,2044,1.0,center,,collision,0,1,0,67,78.92580660772306,280.12633185438716,nan,0.7672651827174377,36.59793034582373,17.26619646013006
H0,map-random-01,7001,H0_map-random-01_seed307,2045,1.0,center,,success,1,0,0,105,2.788448297533525,372.7426615060914,0.8998438635108774,2.3096887315812893,39.88475995319358,19.2420485036993
H0,map-random-01,7001,H0_map-random-01_seed307,2046,1.0,center,,success,1,0,0,108,2.989511526950498,375.2652924489893,0.8937948789137262,1.105081958088931,38.76691128677524,19.584517305864555
H0,map-random-01,7001,H0_map-random-01_seed307,2047,1.0,center,,collision,0,1,0,66,78.39948061643666,281.2018909851685,nan,0.9275324677618073,43.60431661704884,18.46932404314241
H0,map-random-01,7001,H0_map-random-01_seed307,2048,1.0,center,,success,1,0,0,106,2.818509118647661,372.9139384378994,0.8994305711123846,0.8980965001020991,38.5286506220867,19.611575173976256
H0,map-random-01,7001,H0_map-random-01_seed307,2049,1.0,center,,success,1,0,0,114,2.86841664962522,377.6942158361138,0.8880469505800086,0.48781679787238375,36.89308151551979,18.413644969573582
H0,map-random-01,7001,H0_map-random-01_seed307,2050,1.0,center,,success,1,0,0,106,2.8743131861519706,374.20947005169637,0.8963166981814548,2.9390312025215892,39.137337175982516,19.615072837466062
H0,map-random-01,7001,H0_map-random-01_seed401,2001,1.0,center,,success,1,0,0,87,2.3199441738737057,365.3285809836595,0.9181055468528229,4.611728721537783,38.643624458970834,20.43327015871499
H0,map-random-01,7001,H0_map-random-01_seed401,2002,1.0,center,,success,1,0,0,108,2.928988826394382,371.3730675513057,0.9031624151868015,4.9328437234528915,52.05817724758191,19.477180736649874
H0,map-random-01,7001,H0_map-random-01_seed401,2003,1.0,center,,success,1,0,0,87,2.6203224398875062,367.34471992439705,0.9130666059226303,4.373755268479275,43.654939745231005,21.259239915081505
H0,map-random-01,7001,H0_map-random-01_seed401,2004,1.0,center,,success,1,0,0,87,2.5646082013382263,365.50952002642094,0.9176510548910553,4.948624384052395,43.26727052078629,20.832287667639047
H0,map-random-01,7001,H0_map-random-01_seed401,2005,1.0,center,,success,1,0,0,87,2.8671379511510233,366.41625354642383,0.9153802359437995,4.575617386681348,42.41572547821096,21.315733348188232
H0,map-random-01,7001,H0_map-random-01_seed401,2006,1.0,center,,success,1,0,0,89,2.5782504953681618,369.6792451751759,0.9073005882871009,6.03544230893259,47.46685136092998,21.5670187698154
H0,map-random-01,7001,H0_map-random-01_seed401,2007,1.0,center,,success,1,0,0,99,2.9986006486592065,372.32505409251763,0.9008531468355704,5.207874812385535,40.94492769139149,20.586550287723423
H0,map-random-01,7001,H0_map-random-01_seed401,2008,1.0,center,,success,1,0,0,101,2.812413410712084,372.55189515874224,0.9003046313374734,5.220262118669603,43.502973888210214,20.132985174371687
H0,map-random-01,7001,H0_map-random-01_seed401,2009,1.0,center,,success,1,0,0,87,2.8665008402808767,367.0500360641381,0.9137996558222898,4.404415751181134,41.27108862413607,21.272605390167698
H0,map-random-01,7001,H0_map-random-01_seed401,2010,1.0,center,,success,1,0,0,86,2.0548894169572676,366.0212056118472,0.916368208951968,4.392943515911666,41.866196471540626,21.02386043957057
H0,map-random-01,7001,H0_map-random-01_seed401,2011,1.0,center,,success,1,0,0,99,2.8630052854017216,370.6287145434187,0.9049762834435635,4.932880395982207,42.10841238470816,20.327864151871704
H0,map-random-01,7001,H0_map-random-01_seed401,2012,1.0,center,,success,1,0,0,86,2.760756022211973,365.54520742970334,0.9175614665648981,4.879316341596765,44.763846244284416,21.34091703899108
H0,map-random-01,7001,H0_map-random-01_seed401,2013,1.0,center,,success,1,0,0,86,2.312381333855652,366.5256926683467,0.9151069170162286,5.05444838443846,48.01094644036268,21.02557344400376
H0,map-random-01,7001,H0_map-random-01_seed401,2014,1.0,center,,success,1,0,0,86,2.9071799506045344,365.8663399565378,0.9167560936729319,4.429845623211315,39.11870096484091,21.360262530481847
H0,map-random-01,7001,H0_map-random-01_seed401,2015,1.0,center,,success,1,0,0,87,2.4522099657107863,364.7935403796737,0.9194521270192358,4.530434315558782,41.10997008639428,20.46551203848802
H0,map-random-01,7001,H0_map-random-01_seed401,2016,1.0,center,,success,1,0,0,90,2.908675190186164,370.1130020919097,0.9062372700478014,5.55203076796483,39.64600877541011,21.13402709829592
H0,map-random-01,7001,H0_map-random-01_seed401,2017,1.0,center,,success,1,0,0,89,2.8123202505337375,370.154684364656,0.9061352207406912,5.0982181140858245,39.93145274555758,21.891656350325956
H0,map-random-01,7001,H0_map-random-01_seed401,2018,1.0,center,,success,1,0,0,87,2.6328178348457434,365.83438714266265,0.9168361652513825,4.488214892581902,36.69202610140153,20.73516214990373
H0,map-random-01,7001,H0_map-random-01_seed401,2019,1.0,center,,success,1,0,0,87,2.009330643806706,367.89146484906945,0.9117096444805354,4.921035395128725,41.45048089573178,21.325058095577607
H0,map-random-01,7001,H0_map-random-01_seed401,2020,1.0,center,,success,1,0,0,87,2.2042705946731678,365.7701735647398,0.9169971224173702,4.4393859989325035,40.60758686634062,20.654131313891597
H0,map-random-01,7001,H0_map-random-01_seed401,2021,1.0,center,,success,1,0,0,100,2.9973993366546634,372.6583136210326,0.9000475351424928,5.890253965824461,48.452931212580644,20.633924808656445
H0,map-random-01,7001,H0_map-random-01_seed401,2022,1.0,center,,success,1,0,0,85,2.586380187539543,364.7721826240784,0.919505961809129,4.606031883811611,45.697599904417544,20.992611387471463
H0,map-random-01,7001,H0_map-random-01_seed401,2023,1.0,center,,success,1,0,0,89,2.6790371246746885,369.06767304215964,0.9088040517345816,4.6117525036909965,40.63090639377814,21.742013643638522
H0,map-random-01,7001,H0_map-random-01_seed401,2024,1.0,center,,success,1,0,0,100,2.8504616996457504,371.505522281488,0.9028404061537199,5.102395116264597,46.888519050564874,20.352564572771175
H0,map-random-01,7001,H0_map-random-01_seed401,2025,1.0,center,,success,1,0,0,88,2.8512064665925445,368.1019859299498,0.91118822892957,5.626418608125695,40.94059581611098,21.587875089153172
H0,map-random-01,7001,H0_map-random-01_seed401,2026,1.0,center,,success,1,0,0,88,2.192272554846809,369.6339443138566,0.9074117834269336,5.127983246926344,43.337137547607355,21.235515793901627
H0,map-random-01,7001,H0_map-random-01_seed401,2027,1.0,center,,success,1,0,0,88,2.765125405363402,370.0742789490226,0.9063320952147851,5.2332353347399305,41.41396463536387,21.651741907450845
H0,map-random-01,7001,H0_map-random-01_seed401,2028,1.0,center,,success,1,0,0,87,2.035618934569164,364.6087415489165,0.9199181434874328,4.443220641356673,39.29318505320808,20.302753198532034
H0,map-random-01,7001,H0_map-random-01_seed401,2029,1.0,center,,success,1,0,0,101,2.870717824858979,372.51881673860936,0.9003845753658145,5.3002426722951785,51.7622156263085,20.429320528330507
H0,map-random-01,7001,H0_map-random-01_seed401,2030,1.0,center,,success,1,0,0,86,2.8334099875418333,364.34053738906846,0.920595328284302,4.267445161400294,45.06015793993355,20.629322913489897
H0,map-random-01,7001,H0_map-random-01_seed401,2031,1.0,center,,success,1,0,0,86,2.9020646790335083,364.3369165560089,0.9206044772940446,4.497862635085424,40.8351212712282,20.487071545342914
H0,map-random-01,7001,H0_map-random-01_seed401,2032,1.0,center,,success,1,0,0,87,2.9818031609648674,365.5701595655517,0.9174988380440413,4.45723305073707,40.92555275068756,20.93214999097947
H0,map-random-01,7001,H0_map-random-01_seed401,2033,1.0,center,,success,1,0,0,87,2.831197783065205,367.94362679392344,0.9115803949305088,5.620169800072527,39.66466520347636,21.252411487111434
H0,map-random-01,7001,H0_map-random-01_seed401,2034,1.0,center,,success,1,0,0,89,2.5507210821713406,370.0644921184414,0.906356064330588,5.985362189524826,38.6426598793978,21.502611134373073
H0,map-random-01,7001,H0_map-random-01_seed401,2035,1.0,center,,success,1,0,0,87,2.1610115240956493,366.93630080422594,0.9140828963769442,5.039404542226779,46.52244196499481,21.07304082955609
H0,map-random-01,7001,H0_map-random-01_seed401,2036,1.0,center,,success,1,0,0,88,2.7598699192587977,369.60107752118097,0.9074924750611608,4.882970576479846,45.44532800280983,21.931474522112474
H0,map-random-01,7001,H0_map-random-01_seed401,2037,1.0,center,,success,1,0,0,87,2.606979418934072,366.5278842811585,0.9151014452359645,4.6202867981541775,39.89704864754499,21.45222120166146
H0,map-random-01,7001,H0_map-random-01_seed401,2038,1.0,center,,success,1,0,0,99,2.789719152041181,370.1858349568423,0.9060589707979287,5.523407847571271,46.776256178347914,20.367348916495455
H0,map-random-01,7001,H0_map-random-01_seed401,2039,1.0,center,,success,1,0,0,98,2.961307449110436,372.2521386784281,0.9010296027196617,5.589477819233045,43.26797760455914,20.914952410940145
H0,map-random-01,7001,H0_map-random-01_seed401,2040,1.0,center,,success,1,0,0,86,2.9817858546980194,364.4382210673097,0.9203485727777715,4.6360805342291345,36.96545334549048,21.037661723536534
H0,map-random-01,7001,H0_map-random-01_seed401,2041,1.0,center,,success,1,0,0,98,2.762472351704514,369.0406057495272,0.9088707079909139,4.367334611272638,46.484384474647705,20.442390772370995
H0,map-random-01,7001,H0_map-random-01_seed401,2042,1.0,center,,success,1,0,0,87,2.42099103474547,366.02247611060943,0.9163650281509211,4.768519528080344,41.06919974707817,20.847296704832853
H0,map-random-01,7001,H0_map-random-01_seed401,2043,1.0,center,,success,1,0,0,103,2.664538667836073,375.789745981022,0.8925474955399854,4.874380843855605,47.447791556269436,20.48977761370917
H0,map-random-01,7001,H0_map-random-01_seed401,2044,1.0,center,,success,1,0,0,87,2.8492653074610486,363.0736649279087,0.9238075603516079,3.8685540264333875,42.6119876531504,20.153194023532556
H0,map-random-01,7001,H0_map-random-01_seed401,2045,1.0,center,,success,1,0,0,104,2.869304131277855,376.1516675725833,0.8916887137294075,5.433817615866287,49.191386323069906,20.902240168411584
H0,map-random-01,7001,H0_map-random-01_seed401,2046,1.0,center,,success,1,0,0,86,2.081213594873883,366.3431162099531,0.9155629839452017,4.534720247583248,47.989747654468154,21.355923348132944
H0,map-random-01,7001,H0_map-random-01_seed401,2047,1.0,center,,success,1,0,0,87,2.0154246762180654,365.56710480317844,0.9175065048742652,4.550689450990776,41.281318408989144,20.502361890199815
H0,map-random-01,7001,H0_map-random-01_seed401,2048,1.0,center,,success,1,0,0,87,2.313370114831937,365.78287113322534,0.9169652903260346,4.638138577935677,45.38976997052471,21.359099262854343
H0,map-random-01,7001,H0_map-random-01_seed401,2049,1.0,center,,success,1,0,0,85,2.3159553273506823,365.4404308800903,0.917824543434343,4.8610138754528505,49.32584469180853,21.028160658151617
H0,map-random-01,7001,H0_map-random-01_seed401,2050,1.0,center,,success,1,0,0,88,2.7694759842308274,366.8091107281658,0.9143998521714298,4.918644066354197,46.5531698332286,21.404866982312146
H0,map-random-01,7001,H0_map-random-01_seed503,2001,1.0,center,,success,1,0,0,119,2.7691567649800772,399.50139588935644,0.8395720267216831,3.7120496746310567,50.273437043406425,22.020343306361642
H0,map-random-01,7001,H0_map-random-01_seed503,2002,1.0,center,,success,1,0,0,88,2.8296714805118004,365.63107636736464,0.9173459760514667,4.253232151925006,53.36738389864767,21.486730271486316
H0,map-random-01,7001,H0_map-random-01_seed503,2003,1.0,center,,success,1,0,0,124,2.521206639799352,402.6774591906829,0.8329500173639944,2.665995420249196,53.34345645308909,21.461857623836234
H0,map-random-01,7001,H0_map-random-01_seed503,2004,1.0,center,,success,1,0,0,121,2.458669461822491,399.15796854472876,0.840294377305869,3.904659210147266,50.423982424443224,21.346426568297208
H0,map-random-01,7001,H0_map-random-01_seed503,2005,1.0,center,,success,1,0,0,119,2.5072823434528404,395.1500820193152,0.8488172263838057,2.1326629572344014,52.94899697298031,21.24737278520247
H0,map-random-01,7001,H0_map-random-01_seed503,2006,1.0,center,,success,1,0,0,124,2.520768120779026,403.0716200008899,0.8321354815906612,3.6316090782262727,50.695585360350634,20.815263832739966
H0,map-random-01,7001,H0_map-random-01_seed503,2007,1.0,center,,success,1,0,0,119,2.940463022697075,395.31302840303647,0.8484673474586454,2.922454792013354,48.64676747059265,21.16191007079845
H0,map-random-01,7001,H0_map-random-01_seed503,2008,1.0,center,,success,1,0,0,88,2.5398616059998265,366.1439517241647,0.916061005638707,4.632089945135844,51.329799722576745,21.121612953325563
H0,map-random-01,7001,H0_map-random-01_seed503,2009,1.0,center,,success,1,0,0,121,2.697401895606845,397.2321848179905,0.8443681288782063,2.8996881007823587,54.64005244619035,21.362442230555263
H0,map-random-01,7001,H0_map-random-01_seed503,2010,1.0,center,,success,1,0,0,121,2.8207683871088,398.0456379442644,0.8426425631925495,3.4413870543792267,52.187970785475585,21.112864211498625
H0,map-random-01,7001,H0_map-random-01_seed503,2011,1.0,center,,success,1,0,0,119,2.968181359672093,397.27866655399254,0.8442693375265451,2.534920973171923,54.729958212320795,22.177247522227514
H0,map-random-01,7001,H0_map-random-01_seed503,2012,1.0,center,,success,1,0,0,122,2.4201367435325496,399.796437165835,0.8389524404036667,4.305708797582691,52.82277708297809,20.887021751166174
H0,map-random-01,7001,H0_map-random-01_seed503,2013,1.0,center,,success,1,0,0,120,2.7937056829606366,396.25194711005054,0.8464569046819483,3.653079005599632,53.11200048202804,21.321313496196566
H0,map-random-01,7001,H0_map-random-01_seed503,2014,1.0,center,,success,1,0,0,87,2.5455376549656483,363.4864031382615,0.9227585783927837,3.336349875967025,51.976978641123914,20.436181049842883
H0,map-random-01,7001,H0_map-random-01_seed503,2015,1.0,center,,success,1,0,0,120,2.752210038705484,400.6532798736755,0.837158244981102,3.9604648606962836,50.941384291783585,22.488039690734595
H0,map-random-01,7001,H0_map-random-01_seed503,2016,1.0,center,,success,1,0,0,120,2.4439622603093247,395.78096682046305,0.8474641904069117,3.129000502484528,51.83927013761732,21.083681796293458
H0,map-random-01,7001,H0_map-random-01_seed503,2017,1.0,center,,success,1,0,0,89,2.861539348667885,365.5945903956026,0.9174375262555932,2.932743662456881,48.921559775971566,20.556435367174117
H0,map-random-01,7001,H0_map-random-01_seed503,2018,1.0,center,,success,1,0,0,120,2.8788501329126315,399.252416374521,0.84009559584064,3.2574912664714066,52.73840406762167,22.367236617227242
H0,map-random-01,7001,H0_map-random-01_seed503,2019,1.0,center,,success,1,0,0,89,2.45150735225979,365.9098533710938,0.9166470745044585,3.6785999506216456,51.130766773608755,20.6473821842162
H0,map-random-01,7001,H0_map-random-01_seed503,2020,1.0,center,,success,1,0,0,119,2.5913621656833126,398.56288735440114,0.8415489933128735,3.260991508024806,55.544187627697376,22.1646140410011
H0,map-random-01,7001,H0_map-random-01_seed503,2021,1.0,center,,success,1,0,0,118,2.9247324367356753,393.67993608058606,0.8519870226668351,2.7632552880779264,53.28872339640094,22.080871434209747
H0,map-random-01,7001,H0_map-random-01_seed503,2022,1.0,center,,success,1,0,0,121,2.652374790662682,397.491492358123,0.8438172969065161,3.508302821961967,54.9446953490805,21.70475132366894
H0,map-random-01,7001,H0_map-random-01_seed503,2023,1.0,center,,success,1,0,0,88,2.979623749133945,364.2845335454051,0.9207368574245612,3.607018491275876,54.52167957108231,20.668982810332526
H0,map-random-01,7001,H0_map-random-01_seed503,2024,1.0,center,,success,1,0,0,118,2.6682816749183798,394.86042216485276,0.8494398977391965,2.3940149567849907,54.60218018024546,21.93508996750216
H0,map-random-01,7001,H0_map-random-01_seed503,2025,1.0,center,,success,1,0,0,119,2.93722237604882,394.71912492588734,0.8497439709513576,3.2891881884805936,54.642718829640025,21.05442337102628
H0,map-random-01,7001,H0_map-random-01_seed503,2026,1.0,center,,success,1,0,0,88,2.7192882776009704,365.0645296215739,0.9187696130671881,4.182489222629215,56.990317775418845,21.439409345281135
H0,map-random-01,7001,H0_map-random-01_seed503,2027,1.0,center,,success,1,0,0,89,2.829954328340643,365.5809618378829,0.9174717275723628,3.0395006280361634,56.44518898769603,20.645432512201513
H0,map-random-01,7001,H0_map-random-01_seed503,2028,1.0,center,,success,1,0,0,109,2.9347592789763173,391.49783497331015,0.8567357636801098,2.9250900204775188,53.996585491189805,21.65503922216401
H0,map-random-01,7001,H0_map-random-01_seed503,2029,1.0,center,,success,1,0,0,119,2.4281017177373436,394.4335518150747,0.8503591925217899,2.7495605286267866,55.14479721865235,21.179476660166348
H0,map-random-01,7001,H0_map-random-01_seed503,2030,1.0,center,,success,1,0,0,121,2.632727159249739,404.12226905586573,0.8299720710976248,4.105977613248676,58.63374601130478,22.218329178160996
H0,map-random-01,7001,H0_map-random-01_seed503,2031,1.0,center,,success,1,0,0,119,2.9830536857342067,395.6740861316943,0.8476931100141143,3.28843389546113,50.662089111228326,21.730442944877648
H0,map-random-01,7001,H0_map-random-01_seed503,2032,1.0,center,,success,1,0,0,120,2.468069669385486,398.9992668433249,0.8406286038532348,3.2000736533528196,55.19231605965751,22.024578171074456
H0,map-random-01,7001,H0_map-random-01_seed503,2033,1.0,center,,success,1,0,0,87,2.937924611070508,362.80633591589833,0.9244882556370776,2.3633450802594442,57.62575934431458,20.994440933712706
H0,map-random-01,7001,H0_map-random-01_seed503,2034,1.0,center,,success,1,0,0,87,2.9466968206016904,363.26391599757795,0.9233237375198169,3.19957741671219,52.120896138100065,20.51492087857652
H0,map-random-01,7001,H0_map-random-01_seed503,2035,1.0,center,,success,1,0,0,118,2.808804504834717,394.1269555922939,0.8510206974321615,3.8260759682197936,54.77042351471374,21.85168288974889
H0,map-random-01,7001,H0_map-random-01_seed503,2036,1.0,center,,success,1,0,0,88,2.873324357987342,364.5887230131556,0.919968653591257,3.187847545429424,55.540857009271896,20.682916821251414
H0,map-random-01,7001,H0_map-random-01_seed503,2037,1.0,center,,success,1,0,0,119,2.986695986282335,395.34530907091494,0.8483980685472213,3.2144626769179685,52.70851170045784,20.95752527052432
H0,map-random-01,7001,H0_map-random-01_seed503,2038,1.0,center,,success,1,0,0,119,2.8533740746873897,396.7711323724068,0.8453492939858201,3.569243976554662,51.76078462852844,22.232036983090563
H0,map-random-01,7001,H0_map-random-01_seed503,2039,1.0,center,,success,1,0,0,119,2.7562364164020723,397.05212698379177,0.8447510385422526,3.149412486962363,54.07706145473402,22.031952539698604
H0,map-random-01,7001,H0_map-random-01_seed503,2040,1.0,center,,success,1,0,0,117,2.7263141465361334,392.84406085302464,0.8537998408240057,2.983659377739281,54.78585720821674,21.81400283786597
H0,map-random-01,7001,H0_map-random-01_seed503,2041,1.0,center,,success,1,0,0,119,2.795612214388741,396.46902583049956,0.8459934440587668,3.821943473911066,53.27900783542098,21.6389799739567
H0,map-random-01,7001,H0_map-random-01_seed503,2042,1.0,center,,success,1,0,0,120,2.778327304576174,398.43566926134827,0.8418176948032252,2.800225174044618,56.74618216192082,22.383947020178677
H0,map-random-01,7001,H0_map-random-01_seed503,2043,1.0,center,,success,1,0,0,124,2.6115334215244865,402.857777747171,0.8325771901454219,3.990728258295684,47.7168197894851,20.7158794412837
H0,map-random-01,7001,H0_map-random-01_seed503,2044,1.0,center,,success,1,0,0,110,2.8305617795310356,393.921675000379,0.8514641816159157,3.028888629831665,57.073674479275454,22.03707223255981
H0,map-random-01,7001,H0_map-random-01_seed503,2045,1.0,center,,success,1,0,0,108,2.94585562718786,385.97866921975475,0.8689863543573301,3.0278280174449135,54.8076746215887,20.659074097035475
H0,map-random-01,7001,H0_map-random-01_seed503,2046,1.0,center,,success,1,0,0,120,2.444177025722957,397.71919487816706,0.8433341939347795,3.5986604285869865,53.73179364508984,21.98884977404556
H0,map-random-01,7001,H0_map-random-01_seed503,2047,1.0,center,,success,1,0,0,120,2.767409277891647,400.5670779992719,0.8373384010993988,3.684226292370197,53.93520455552781,22.313312959567067
H0,map-random-01,7001,H0_map-random-01_seed503,2048,1.0,center,,success,1,0,0,119,2.546318104606276,395.1264943280365,0.8488678978497171,2.791847669707551,55.13002362843957,22.185061035634686
H0,map-random-01,7001,H0_map-random-01_seed503,2049,1.0,center,,success,1,0,0,119,2.5777285051474323,396.2471221495898,0.8464672116870179,3.02743130647293,51.02611463756362,21.811375360592393
H0,map-random-01,7001,H0_map-random-01_seed503,2050,1.0,center,,success,1,0,0,88,2.7216214939763366,364.6829829254136,0.9197308685323764,4.161914644353132,50.804306934271416,20.638837404958867
H0,map-corridor-01,7013,H0_map-corridor-01_seed101,2001,1.0,center,,success,1,0,0,87,2.9347763799213995,395.3713784703604,0.8483421281596715,1.949993158146574,36.2401189137162,23.365624247209826
H0,map-corridor-01,7013,H0_map-corridor-01_seed101,2002,1.0,center,,success,1,0,0,86,1.1763716450365247,395.0483342948368,0.8490358457622086,2.9304293581356475,40.61535802025578,23.510361389721847
H0,map-corridor-01,7013,H0_map-corridor-01_seed101,2003,1.0,center,,success,1,0,0,85,2.332195197961223,394.6082574160536,0.8499827115156643,2.615913278958482,46.106313841911664,23.926704585595566
H0,map-corridor-01,7013,H0_map-corridor-01_seed101,2004,1.0,center,,success,1,0,0,88,2.0774185253227,397.9990329861764,0.842741235093951,2.1578801521077544,42.64315389030778,23.535452277078456
H0,map-corridor-01,7013,H0_map-corridor-01_seed101,2005,1.0,center,,success,1,0,0,86,2.2894671107620184,392.962753844556,0.853541953641862,1.9711397548427811,47.88604848411889,23.440530032685604
H0,map-corridor-01,7013,H0_map-corridor-01_seed101,2006,1.0,center,,success,1,0,0,86,1.5711861710158517,396.7594218275182,0.8453742448762317,2.986850087538743,42.79134102830277,23.822987128833187
H0,map-corridor-01,7013,H0_map-corridor-01_seed101,2007,1.0,center,,success,1,0,0,86,1.7636971217455932,394.7775731091599,0.8496181634214166,2.1608840159772593,39.795990949082956,23.30915976688641
H0,map-corridor-01,7013,H0_map-corridor-01_seed101,2008,1.0,center,,success,1,0,0,86,0.7125853422198544,395.44060100062023,0.8481936244691334,2.4970341205905937,49.455874585378425,23.713943351648656
H0,map-corridor-01,7013,H0_map-corridor-01_seed101,2009,1.0,center,,success,1,0,0,86,0.8893252151629335,397.6884047745726,0.8433994871313732,2.9639345317473893,38.52057501992036,23.52442690956708
H0,map-corridor-01,7013,H0_map-corridor-01_seed101,2010,1.0,center,,success,1,0,0,85,2.264399305835899,395.3151505213372,0.8484627927430387,2.925801630083683,38.14046395627678,23.577723208645345
H0,map-corridor-01,7013,H0_map-corridor-01_seed101,2011,1.0,center,,success,1,0,0,87,2.821177296859825,396.0760995552278,0.8468327096778021,2.7784775842734373,47.155485696038134,23.77418608512621
H0,map-corridor-01,7013,H0_map-corridor-01_seed101,2012,1.0,center,,success,1,0,0,85,2.83576963227822,394.82810398321556,0.8495094276248051,3.1060252791893888,43.80222302788292,23.97250781992431
H0,map-corridor-01,7013,H0_map-corridor-01_seed101,2013,1.0,center,,success,1,0,0,115,2.6986109803417464,435.35557845490973,0.7704281585534049,2.919884892543166,38.53839023187391,23.097924730166596
H0,map-corridor-01,7013,H0_map-corridor-01_seed101,2014,1.0,center,,success,1,0,0,84,2.161217515463401,392.21149153471674,0.8551768723361832,2.832455580287922,40.3869156481991,23.610557837153728
H0,map-corridor-01,7013,H0_map-corridor-01_seed101,2015,1.0,center,,success,1,0,0,114,1.9245197667208407,432.7774366119402,0.7750177533532593,2.323763481643809,37.848687695423806,22.826359958504128
H0,map-corridor-01,7013,H0_map-corridor-01_seed101,2016,1.0,center,,success,1,0,0,85,1.165300829986371,393.88288461481125,0.8515480355359315,2.54682601541964,43.454179540108406,23.569028968092486
H0,map-corridor-01,7013,H0_map-corridor-01_seed101,2017,1.0,center,,success,1,0,0,86,0.7959373415631457,397.87594474818593,0.8430019483516357,2.9646800439081997,41.7204338101099,23.81921267244863
H0,map-corridor-01,7013,H0_map-corridor-01_seed101,2018,1.0,center,,success,1,0,0,88,2.222971887766091,399.48148384942823,0.8396138749484334,2.3691573883923907,38.12618995456305,23.310620156964728
H0,map-corridor-01,7013,H0_map-corridor-01_seed101,2019,1.0,center,,success,1,0,0,85,2.8448507981989817,395.9393598886651,0.8471251676501247,3.2595722727165017,44.730533588985004,23.99583632391111
H0,map-corridor-01,7013,H0_map-corridor-01_seed101,2020,1.0,center,,success,1,0,0,88,2.958311302714296,398.46890209593363,0.8417474860916915,2.50448938356416,45.93112485436357,23.63480146588682
H0,map-corridor-01,7013,H0_map-corridor-01_seed101,2021,1.0,center,,success,1,0,0,87,2.516921001073573,395.5527048957251,0.8479532372642697,2.9122817548438276,48.75651295157251,23.49509774737181
H0,map-corridor-01,7013,H0_map-corridor-01_seed101,2022,1.0,center,,success,1,0,0,86,2.7855172806198087,396.56746108790765,0.8457834530973222,2.393396069587226,43.36961448947763,23.877402744687664
H0,map-corridor-01,7013,H0_map-corridor-01_seed101,2023,1.0,center,,success,1,0,0,84,2.8047899914711496,393.02350161725315,0.8534100257231143,2.8431451870124627,43.6249703099474,23.82168894817994
H0,map-corridor-01,7013,H0_map-corridor-01_seed101,2024,1.0,center,,success,1,0,0,87,1.4301276799958222,396.9525039172134,0.8449630454905006,2.3809736636955274,53.03617849450737,23.84837022030392
H0,map-corridor-01,7013,H0_map-corridor-01_seed101,2025,1.0,center,,success,1,0,0,86,1.1229148790594312,396.7852258281027,0.8453192679363435,2.930141350225985,41.35767638998761,23.590639147602488
H0,map-corridor-01,7013,H0_map-corridor-01_seed101,2026,1.0,center,,success,1,0,0,85,1.2390776390113256,395.71471467694397,0.8476060762582274,2.911454783500105,44.50947189553973,23.556330050307935
H0,map-corridor-01,7013,H0_map-corridor-01_seed101,2027,1.0,center,,success,1,0,0,85,1.2795105653221446,395.59975852805417,0.8478523795690909,2.423734885688296,44.809490386126,23.90771610145598
H0,map-corridor-01,7013,H0_map-corridor-01_seed101,2028,1.0,center,,success,1,0,0,113,1.9114934037457565,430.64983179188664,0.7788466913579497,2.633564475484299,37.70931053741087,22.901845484270147
H0,map-corridor-01,7013,H0_map-corridor-01_seed101,2029,1.0,center,,success,1,0,0,86,1.7540178915153328,393.75471161910497,0.8518252270449642,1.9083163940521217,51.502940163198794,23.55697293049861
H0,map-corridor-01,7013,H0_map-corridor-01_seed101,2030,1.0,center,,success,1,0,0,111,2.808083160149675,427.04019074547097,0.785430045915475,2.578405235713973,46.25844913780744,23.511506393982454
H0,map-corridor-01,7013,H0_map-corridor-01_seed101,2031,1.0,center,,success,1,0,0,113,2.4318473839779844,430.3248055080028,0.7794349578082382,1.6893777424944496,44.677144513541755,23.324486788802528
H0,map-corridor-01,7013,H0_map-corridor-01_seed101,2032,1.0,center,,success,1,0,0,87,1.4847224833496606,396.9801028837786,0.8449043017230625,1.922531307529572,41.741294586320464,23.602730327521137
H0,map-corridor-01,7013,H0_map-corridor-01_seed101,2033,1.0,center,,success,1,0,0,85,1.4853886235927618,394.77235794499165,0.8496293873536738,2.6293523299455983,39.472692117735235,23.368996857049144
H0,map-corridor-01,7013,H0_map-corridor-01_seed101,2034,1.0,center,,success,1,0,0,85,1.3405478788712957,395.14480132522283,0.8488285699320388,2.79608914423329,38.867228660696234,23.78620694338507
H0,map-corridor-01,7013,H0_map-corridor-01_seed101,2035,1.0,center,,success,1,0,0,87,1.7649837057684945,399.55659044963085,0.8394560486351211,3.080091439414458,39.77305197587337,23.802585994310732
H0,map-corridor-01,7013,H0_map-corridor-01_seed101,2036,1.0,center,,success,1,0,0,86,0.6914803115243772,397.7529335818271,0.8432626595724824,3.3080128613554636,43.06627407721857,24.11709324397112
H0,map-corridor-01,7013,H0_map-corridor-01_seed101,2037,1.0,center,,success,1,0,0,86,1.5281894958182096,397.10180669069035,0.8446453553565054,3.3132910038888874,40.140717150435385,23.68496172952051
H0,map-corridor-01,7013,H0_map-corridor-01_seed101,2038,1.0,center,,success,1,0,0,87,1.804854058387414,395.37228015873706,0.848340193425562,2.152791237722532,52.24612855059111,23.68838381551062
H0,map-corridor-01,7013,H0_map-corridor-01_seed101,2039,1.0,center,,success,1,0,0,88,2.936706256290724,398.60073100067035,0.8414690956108768,2.0881309973865427,53.122316555963494,24.0592932587757
H0,map-corridor-01,7013,H0_map-corridor-01_seed101,2040,1.0,center,,success,1,0,0,87,1.7161716683048889,396.0819981058615,0.846820098436594,2.9471838925429203,37.724224146862916,23.334856624924786
H0,map-corridor-01,7013,H0_map-corridor-01_seed101,2041,1.0,center,,success,1,0,0,88,2.0265774125032743,398.20363331350495,0.8423082276622541,2.1433746114648047,53.918004791714665,23.927471737939072
H0,map-corridor-01,7013,H0_map-corridor-01_seed101,2042,1.0,center,,success,1,0,0,88,2.3699081968355755,397.5293631481024,0.8437369103222924,1.6820766703538257,47.70862861021262,23.62034419213041
H0,map-corridor-01,7013,H0_map-corridor-01_seed101,2043,1.0,center,,success,1,0,0,86,2.7917277795387943,394.1370470126129,0.8509989080377793,2.945837457505365,46.54148366867398,23.633109355810873
H0,map-corridor-01,7013,H0_map-corridor-01_seed101,2044,1.0,center,,success,1,0,0,112,2.789691973664168,427.1124284721475,0.7852972057609908,1.374710152487846,41.19020282063484,22.973273389354713
H0,map-corridor-01,7013,H0_map-corridor-01_seed101,2045,1.0,center,,success,1,0,0,85,2.988778351287145,394.4945227402001,0.8502277656358174,2.9784848070944006,49.094479663164606,23.982919266708883
H0,map-corridor-01,7013,H0_map-corridor-01_seed101,2046,1.0,center,,success,1,0,0,86,1.4492531276163034,397.4605528488159,0.8438829821498038,2.9061043428021804,46.01175230398984,24.008856279723812
H0,map-corridor-01,7013,H0_map-corridor-01_seed101,2047,1.0,center,,success,1,0,0,112,2.4365501057628554,428.3483652314445,0.7830313451616424,2.7469259279351768,36.28803847031633,22.966637224459937
H0,map-corridor-01,7013,H0_map-corridor-01_seed101,2048,1.0,center,,success,1,0,0,87,1.586850883542195,396.2872568594839,0.8463814841866054,3.19792112722709,40.04993442912827,23.47963032246073
H0,map-corridor-01,7013,H0_map-corridor-01_seed101,2049,1.0,center,,success,1,0,0,113,1.7630188759145797,432.5981782896649,0.7753389021448446,2.9657137782642717,40.54415845935398,23.494777607530903
H0,map-corridor-01,7013,H0_map-corridor-01_seed101,2050,1.0,center,,success,1,0,0,86,2.5909402516379267,395.08057118316,0.8489665680610545,2.860797336594622,47.86945491601311,23.80980808632572
H0,map-corridor-01,7013,H0_map-corridor-01_seed211,2001,1.0,center,,success,1,0,0,120,2.4815273990200084,429.36543045827585,0.78117652896968,5.650287879385534,53.218610781430726,23.29755270231797
H0,map-corridor-01,7013,H0_map-corridor-01_seed211,2002,1.0,center,,success,1,0,0,166,2.686513313436447,503.76931911799545,0.6658011591738221,3.2955467573666692,60.97744828477081,23.88942574198842
H0,map-corridor-01,7013,H0_map-corridor-01_seed211,2003,1.0,center,,success,1,0,0,120,2.514657696638707,439.9940909913165,0.7623061388603692,5.501406448209627,53.33875842004114,23.49714865475234
H0,map-corridor-01,7013,H0_map-corridor-01_seed211,2004,1.0,center,,success,1,0,0,120,2.497645057006272,431.3052934070048,0.7776630654714823,3.9569112806303135,54.280552828685096,23.316749600381883
H0,map-corridor-01,7013,H0_map-corridor-01_seed211,2005,1.0,center,,success,1,0,0,120,2.9272471088123075,436.5928144202846,0.7682448852721772,4.401362734720897,56.526988292822146,23.65006721401253
H0,map-corridor-01,7013,H0_map-corridor-01_seed211,2006,1.0,center,,success,1,0,0,118,2.5931857361330133,423.99943273531915,0.79106284284665,2.682107378482717,59.62882046328984,23.501369705584764
H0,map-corridor-01,7013,H0_map-corridor-01_seed211,2007,1.0,center,,success,1,0,0,120,2.6486973707909183,435.2718015551654,0.7705764431019759,4.140781179392045,56.3433990587481,23.647992101539295
H0,map-corridor-01,7013,H0_map-corridor-01_seed211,2008,1.0,center,,success,1,0,0,120,2.6112897516607134,439.00270017572404,0.7640276392165936,3.7762272652876763,52.88777585868148,23.407620921967858
H0,map-corridor-01,7013,H0_map-corridor-01_seed211,2009,1.0,center,,success,1,0,0,121,2.3201339555078735,438.607462146492,0.764716119929906,5.624436067183263,51.895845700229906,23.300590125763588
H0,map-corridor-01,7013,H0_map-corridor-01_seed211,2010,1.0,center,,success,1,0,0,120,2.044979986435713,440.2408993980178,0.7618787738340667,5.596483414988925,47.97014503022839,23.508200493934346
H0,map-corridor-01,7013,H0_map-corridor-01_seed211,2011,1.0,center,,success,1,0,0,120,2.7808400950471426,436.9963180621403,0.7675355209223378,3.8625869291706576,55.38727761161059,23.48856847381672
H0,map-corridor-01,7013,H0_map-corridor-01_seed211,2012,1.0,center,,success,1,0,0,120,2.397064432795006,433.4155051067605,0.773876782609217,5.313223409668748,58.25320330909419,23.57400993819194
H0,map-corridor-01,7013,H0_map-corridor-01_seed211,2013,1.0,center,,success,1,0,0,87,2.4708695356538968,368.0481121781236,0.9113216058628787,5.096359428087372,61.283581311417265,23.358933336995005
H0,map-corridor-01,7013,H0_map-corridor-01_seed211,2014,1.0,center,,success,1,0,0,120,2.149664687354616,438.3585528412781,0.7651503419996338,3.7469390047597875,52.12169658768602,23.353301154505512
H0,map-corridor-01,7013,H0_map-corridor-01_seed211,2015,1.0,center,,success,1,0,0,121,2.421144272133225,428.50435000079364,0.7827463049659759,4.114186503554337,54.272834547384264,23.047492552127444
H0,map-corridor-01,7013,H0_map-corridor-01_seed211,2016,1.0,center,,success,1,0,0,120,2.765479787822421,443.52373272915486,0.7562395693260281,3.141281401178768,54.948936984964156,23.656319275815786
H0,map-corridor-01,7013,H0_map-corridor-01_seed211,2017,1.0,center,,success,1,0,0,120,2.736266769575146,442.5739289787846,0.7578625279598131,3.1333060391169925,55.958462331897266,23.764851310716757
H0,map-corridor-01,7013,H0_map-corridor-01_seed211,2018,1.0,center,,success,1,0,0,120,2.2890228435512925,432.3994331497813,0.7756952736540332,4.844314600538073,53.09354454436679,23.39065760698011
H0,map-corridor-01,7013,H0_map-corridor-01_seed211,2019,1.0,center,,success,1,0,0,120,2.433949465556531,438.9052635936317,0.7641972526798266,4.28483208076461,54.92437046176375,23.6727010093557
H0,map-corridor-01,7013,H0_map-corridor-01_seed211,2020,1.0,center,,success,1,0,0,120,2.293478669292447,431.2632933643016,0.7777388008342203,4.801004508250492,53.501593729244455,23.282744960528206
H0,map-corridor-01,7013,H0_map-corridor-01_seed211,2021,1.0,center,,success,1,0,0,121,2.7564602334851207,436.6377040681507,0.7681659039060389,3.597362567473531,52.58352671755929,23.172015486302545
H0,map-corridor-01,7013,H0_map-corridor-01_seed211,2022,1.0,center,,success,1,0,0,87,2.8146269376315454,368.68675680994176,0.9097430011511713,4.787559280350757,65.65990888629106,23.888248313674087
H0,map-corridor-01,7013,H0_map-corridor-01_seed211,2023,1.0,center,,success,1,0,0,120,2.9823276982773286,437.38915594967875,0.7668461644795719,3.3554115595909155,52.85399752499638,23.36019830595467
H0,map-corridor-01,7013,H0_map-corridor-01_seed211,2024,1.0,center,,success,1,0,0,166,2.526841088127207,502.7816260043212,0.6671090972248174,3.9958205724663025,62.202389884846816,23.798847825243563
H0,map-corridor-01,7013,H0_map-corridor-01_seed211,2025,1.0,center,,success,1,0,0,120,2.9730708444786016,436.62155941784715,0.7681943078398945,4.148059123753879,55.24026315931664,23.460416171823958
H0,map-corridor-01,7013,H0_map-corridor-01_seed211,2026,1.0,center,,success,1,0,0,121,2.4522667399237608,438.15173567739976,0.76551150962899,4.837307703058907,54.1667091970199,23.392174098321092
H0,map-corridor-01,7013,H0_map-corridor-01_seed211,2027,1.0,center,,success,1,0,0,121,2.563964765857816,439.6886117585534,0.7628357607068353,4.994334574898833,55.02595000370935,23.398161176384654
H0,map-corridor-01,7013,H0_map-corridor-01_seed211,2028,1.0,center,,success,1,0,0,120,2.1986156151652243,434.4418241966108,0.7720485872768442,5.473963975999816,52.68978621269318,23.32723843420863
H0,map-corridor-01,7013,H0_map-corridor-01_seed211,2029,1.0,center,,success,1,0,0,120,2.9199253687959144,436.71196105146885,0.7680352876468125,4.831293427466873,57.20620581701844,23.557973996412375
H0,map-corridor-01,7013,H0_map-corridor-01_seed211,2030,1.0,center,,success,1,0,0,120,2.3702273799110767,428.4025886844258,0.7829322359021544,5.458804324586072,53.91887039095792,23.18515852879367
H0,map-corridor-01,7013,H0_map-corridor-01_seed211,2031,1.0,center,,success,1,0,0,120,2.5019935876894643,434.2366744496507,0.7724133320845495,4.4697076639072515,52.859134876220466,23.141169899182874
H0,map-corridor-01,7013,H0_map-corridor-01_seed211,2032,1.0,center,,success,1,0,0,120,2.7818294681729205,435.1308383213808,0.7708260759427944,5.177487938103512,55.436437169035976,23.529024635964834
H0,map-corridor-01,7013,H0_map-corridor-01_seed211,2033,1.0,center,,success,1,0,0,121,2.7070800824161823,436.224556629091,0.7688934323570371,3.968226149848613,52.32789750223091,23.0823120556853
H0,map-corridor-01,7013,H0_map-corridor-01_seed211,2034,1.0,center,,success,1,0,0,120,2.4726011450692735,439.35782630163806,0.7634100875096167,4.317671742542679,52.02611369548802,23.477986372846853
H0,map-corridor-01,7013,H0_map-corridor-01_seed211,2035,1.0,center,,success,1,0,0,120,2.7256530202297222,431.5278773838495,0.7772619434424555,3.8770413938745136,53.30041740051847,23.184559466111924
H0,map-corridor-01,7013,H0_map-corridor-01_seed211,2036,1.0,center,,success,1,0,0,119,2.5417850805681397,436.6101419658079,0.7682143962914068,2.6331212085666618,52.91065652958436,23.559505336076338
H0,map-corridor-01,7013,H0_map-corridor-01_seed211,2037,1.0,center,,success,1,0,0,118,2.978384152981575,425.94965709510285,0.7874409358899439,3.3603623273374392,57.1964116135746,23.57713039321507
H0,map-corridor-01,7013,H0_map-corridor-01_seed211,2038,1.0,center,,success,1,0,0,119,2.7811617047835253,432.64231964733153,0.7752597963564409,4.3803767092061054,56.76393050711554,23.630374116148424
H0,map-corridor-01,7013,H0_map-corridor-01_seed211,2039,1.0,center,,success,1,0,0,119,2.9533391174483627,428.2336493981213,0.7832411047015679,3.5234685090597186,55.54563347398671,23.258705722411513
H0,map-corridor-01,7013,H0_map-corridor-01_seed211,2040,1.0,center,,success,1,0,0,119,2.983108238028687,425.12892847245723,0.7889611225237961,2.5812361224992078,53.24311798503578,23.137528573909123
H0,map-corridor-01,7013,H0_map-corridor-01_seed211,2041,1.0,center,,success,1,0,0,119,2.5714636825611983,430.15309445929535,0.7797460972507494,4.716387807511075,54.62395510019213,23.573625682086448
H0,map-corridor-01,7013,H0_map-corridor-01_seed211,2042,1.0,center,,success,1,0,0,120,2.5718853594459596,432.5129526876874,0.7754916807478002,4.5190410666472935,54.78381038325715,23.269140643849926
H0,map-corridor-01,7013,H0_map-corridor-01_seed211,2043,1.0,center,,success,1,0,0,166,2.232751634039239,498.43307309310364,0.6729292551626411,2.646883877405178,55.28774277355929,23.304029620955824
H0,map-corridor-01,7013,H0_map-corridor-01_seed211,2044,1.0,center,,success,1,0,0,121,2.5416920703963504,430.460150530732,0.7791898883356043,5.208383734421346,51.00765520584757,23.00339377997365
H0,map-corridor-01,7013,H0_map-corridor-01_seed211,2045,1.0,center,,success,1,0,0,121,2.6853039084392023,446.2507352543077,0.7516182498474231,3.523002470261102,55.206168006901954,23.54418301340566
H0,map-corridor-01,7013,H0_map-corridor-01_seed211,2046,1.0,center,,success,1,0,0,119,2.6808317236080756,433.86020160363904,0.7730835771182087,5.437553910295961,55.686308603864056,23.655092767500324
H0,map-corridor-01,7013,H0_map-corridor-01_seed211,2047,1.0,center,,success,1,0,0,119,2.5324285662403945,425.9354158145773,0.7874672642177817,5.236524616479771,55.91483750880202,23.465688465482653
H0,map-corridor-01,7013,H0_map-corridor-01_seed211,2048,1.0,center,,success,1,0,0,119,2.6233313857206935,429.7868971431101,0.7804104751785484,2.7828910359663754,55.77590173862614,23.47603224599567
H0,map-corridor-01,7013,H0_map-corridor-01_seed211,2049,1.0,center,,success,1,0,0,119,2.9453213931029087,430.3143790641232,0.7794538433840887,5.123060378229271,58.63242817884246,23.584968820531905
H0,map-corridor-01,7013,H0_map-corridor-01_seed211,2050,1.0,center,,success,1,0,0,121,2.7974320218060753,442.2835191704366,0.7583601515473068,3.1908886392067006,51.32505700125571,23.405093496177706
H0,map-corridor-01,7013,H0_map-corridor-01_seed307,2001,1.0,center,,timeout,0,0,1,1507,3.2055214033155828,486.12029642386125,nan,6.692493696358166,10.373614116006438,2.722605678683088
H0,map-corridor-01,7013,H0_map-corridor-01_seed307,2002,1.0,center,,success,1,0,0,111,2.9218797422725142,434.83121893509804,0.7713572117622748,6.941155095785237,36.22149432521005,22.298938589258647
H0,map-corridor-01,7013,H0_map-corridor-01_seed307,2003,1.0,center,,success,1,0,0,112,2.9994562671391085,435.9711046928016,0.7693404287912811,7.228806745410401,40.70945177267962,22.626971665530718
H0,map-corridor-01,7013,H0_map-corridor-01_seed307,2004,1.0,center,,success,1,0,0,110,2.839235774217909,427.7419478521556,0.784141462648642,6.485104815519854,40.34712739514153,22.350815649122993
H0,map-corridor-01,7013,H0_map-corridor-01_seed307,2005,1.0,center,,success,1,0,0,111,2.683989848641107,430.3247463880109,0.7794350648905959,5.904314684983478,39.23171464439684,22.11356969013531
H0,map-corridor-01,7013,H0_map-corridor-01_seed307,2006,1.0,center,,success,1,0,0,111,2.9508569783642176,433.4994185165424,0.7737269816249343,6.316977780720292,38.91755339402794,22.27966647748114
H0,map-corridor-01,7013,H0_map-corridor-01_seed307,2007,1.0,center,,success,1,0,0,111,2.9328315451660973,430.92150170176546,0.778355675686615,6.5148394772866824,43.31279914117454,22.530019549058284
H0,map-corridor-01,7013,H0_map-corridor-01_seed307,2008,1.0,center,,success,1,0,0,112,2.9359704540205613,434.6464188157756,0.7716851723725618,6.649767183218423,41.2630908887531,22.5207097503298
H0,map-corridor-01,7013,H0_map-corridor-01_seed307,2009,1.0,center,,success,1,0,0,113,2.804681541576899,438.7642400094239,0.7644428739629384,7.370895903388884,39.66413224415865,22.67608600028189
H0,map-corridor-01,7013,H0_map-corridor-01_seed307,2010,1.0,center,,success,1,0,0,113,2.7969738823109163,438.0859504015611,0.7656264628379948,6.7106969431003565,41.846110633193305,22.756300402871396
H0,map-corridor-01,7013,H0_map-corridor-01_seed307,2011,1.0,center,,success,1,0,0,109,2.820742821159839,428.3956642722764,0.7829448908983146,6.515408194620066,42.126581027134506,22.539597825154594
H0,map-corridor-01,7013,H0_map-corridor-01_seed307,2012,1.0,center,,success,1,0,0,111,2.841093550295678,434.015740101827,0.7728065266625489,5.921400106491447,39.970108328026406,22.577273035139797
H0,map-corridor-01,7013,H0_map-corridor-01_seed307,2013,1.0,center,,success,1,0,0,112,2.7231727802814105,435.97964938414947,0.7693253506184472,6.330410046289096,37.27540680160838,22.60455316712008
H0,map-corridor-01,7013,H0_map-corridor-01_seed307,2014,1.0,center,,success,1,0,0,112,2.483663088191605,435.8633716570092,0.769530587876309,6.85171067037388,43.441767897526965,22.46144131289729
H0,map-corridor-01,7013,H0_map-corridor-01_seed307,2015,1.0,center,,success,1,0,0,109,2.8018527360061265,424.2223764317302,0.7906471116545306,5.943241502954941,44.98243938099359,22.235522174404302
H0,map-corridor-01,7013,H0_map-corridor-01_seed307,2016,1.0,center,,success,1,0,0,112,2.954726674225912,435.59372837762965,0.7700069463217594,6.844547184776619,41.481507872673504,22.59413221444096
H0,map-corridor-01,7013,H0_map-corridor-01_seed307,2017,1.0,center,,success,1,0,0,113,2.891478038552899,438.8320408856014,0.7643247652292695,6.822372721448901,37.86927338228102,22.04275339930886
H0,map-corridor-01,7013,H0_map-corridor-01_seed307,2018,1.0,center,,success,1,0,0,111,2.9378424878383944,429.33196878095083,0.781237413038063,6.68239947441837,41.374481499458696,22.422936875344416
H0,map-corridor-01,7013,H0_map-corridor-01_seed307,2019,1.0,center,,success,1,0,0,112,2.5537038836534847,437.0100014985572,0.7675114882378175,6.847631716004912,38.7122138387524,22.235264064056103
H0,map-corridor-01,7013,H0_map-corridor-01_seed307,2020,1.0,center,,timeout,0,0,1,1507,3.5546964193998436,487.72320400062455,nan,5.453828558882973,10.360963107088935,2.7582743447221243
H0,map-corridor-01,7013,H0_map-corridor-01_seed307,2021,1.0,center,,success,1,0,0,111,2.884200257817642,431.671148640107,0.777003970920018,6.072196005644973,37.30756838529599,22.4029253209433
H0,map-corridor-01,7013,H0_map-corridor-01_seed307,2022,1.0,center,,success,1,0,0,111,2.7238068051554705,434.18428616738646,0.7725065307767986,6.26723775562828,38.31955857641117,22.43056098718752
H0,map-corridor-01,7013,H0_map-corridor-01_seed307,2023,1.0,center,,success,1,0,0,114,2.4802511230306536,440.65057657202414,0.7611704476463923,7.420388015382688,42.832788875352485,22.68341781319214
H0,map-corridor-01,7013,H0_map-corridor-01_seed307,2024,1.0,center,,success,1,0,0,111,2.9602704073417647,432.1140945583733,0.7762074897551361,6.735718238161095,41.27261564272735,22.66695992709619
H0,map-corridor-01,7013,H0_map-corridor-01_seed307,2025,1.0,center,,success,1,0,0,112,2.6891351101051213,436.8503024611787,0.7677920668368431,7.2034568633114215,40.32942411233671,22.551311223926994
H0,map-corridor-01,7013,H0_map-corridor-01_seed307,2026,1.0,center,,success,1,0,0,113,2.713637510741977,437.1880982030932,0.7671988281555543,6.558530067323187,43.49929480978668,22.667810446737246
H0,map-corridor-01,7013,H0_map-corridor-01_seed307,2027,1.0,center,,success,1,0,0,111,2.882161668068116,433.27774357857817,0.7741228382854596,7.013750092811858,40.359211123920275,22.590005053093066
H0,map-corridor-01,7013,H0_map-corridor-01_seed307,2028,1.0,center,,success,1,0,0,111,2.997816338555433,430.05157983440756,0.7799301580385288,5.677478196943294,42.108821500187176,22.516273064161112
H0,map-corridor-01,7013,H0_map-corridor-01_seed307,2029,1.0,center,,success,1,0,0,111,2.958541526608919,433.379824693724,0.7739404963348441,6.857677785717686,39.27325848403682,22.701175108763245
H0,map-corridor-01,7013,H0_map-corridor-01_seed307,2030,1.0,center,,timeout,0,0,1,1507,3.6094321076224154,502.4879059743355,nan,6.969407326254425,10.587193101425763,2.8273144961304615
H0,map-corridor-01,7013,H0_map-corridor-01_seed307,2031,1.0,center,,timeout,0,0,1,1507,3.9240963178205233,493.153665584312,nan,5.462477474824526,10.427147827009454,2.7740251765210986
H0,map-corridor-01,7013,H0_map-corridor-01_seed307,2032,1.0,center,,success,1,0,0,110,2.98545688848241,428.55067695903415,0.7826616889396044,6.4582842531546065,37.695475504135366,22.435254192107262
H0,map-corridor-01,7013,H0_map-corridor-01_seed307,2033,1.0,center,,success,1,0,0,112,2.750282785500601,437.0738714980438,0.7673993310910365,7.55080712873004,38.658797588579176,22.53552463171264
H0,map-corridor-01,7013,H0_map-corridor-01_seed307,2034,1.0,center,,success,1,0,0,112,2.9691619868869004,436.76337584657006,0.7679448762727629,6.8494692285263,45.90990767938526,22.627687548546575
H0,map-corridor-01,7013,H0_map-corridor-01_seed307,2035,1.0,center,,success,1,0,0,112,2.6920819411594965,435.68156830905275,0.7698517013853652,5.919761513212873,41.20958361531682,22.709547962009047
H0,map-corridor-01,7013,H0_map-corridor-01_seed307,2036,1.0,center,,success,1,0,0,113,2.4835422305381,437.81919368239244,0.7660929476478946,6.447217123591332,43.15592761000207,22.54613838202322
H0,map-corridor-01,7013,H0_map-corridor-01_seed307,2037,1.0,center,,success,1,0,0,112,2.8301829853309486,436.131548849555,0.7690574036886961,7.1831707278781485,42.22199154474599,22.52919471963549
H0,map-corridor-01,7013,H0_map-corridor-01_seed307,2038,1.0,center,,success,1,0,0,111,2.7635268255780536,430.66239081897174,0.778823978539509,6.126318945393744,38.76858937506741,22.361978151636603
H0,map-corridor-01,7013,H0_map-corridor-01_seed307,2039,1.0,center,,success,1,0,0,109,2.85797383677336,428.22221562589925,0.7832620176763258,6.333265238135756,38.767321657177455,22.41071753816554
H0,map-corridor-01,7013,H0_map-corridor-01_seed307,2040,1.0,center,,success,1,0,0,111,2.9961852392880735,430.0068270608816,0.7800113289305524,6.117356624142816,39.89617135557198,22.294086205732572
H0,map-corridor-01,7013,H0_map-corridor-01_seed307,2041,1.0,center,,success,1,0,0,1417,2.971026903902959,487.32401900412253,0.6882693722144057,6.763444581493943,10.484639403324287,2.854974223718772
H0,map-corridor-01,7013,H0_map-corridor-01_seed307,2042,1.0,center,,success,1,0,0,109,2.9963886120181304,424.1345346654216,0.7908108612036431,6.163122824879428,40.29639746707037,22.374625054514336
H0,map-corridor-01,7013,H0_map-corridor-01_seed307,2043,1.0,center,,success,1,0,0,110,2.9228486493115047,430.2667539694666,0.7795401190787111,6.7946652752112895,41.44728003973122,22.431838502570358
H0,map-corridor-01,7013,H0_map-corridor-01_seed307,2044,1.0,center,,success,1,0,0,110,2.8860241960342607,425.0806159780025,0.7890507918204522,5.942236238487233,41.35555164859133,22.156734742689668
H0,map-corridor-01,7013,H0_map-corridor-01_seed307,2045,1.0,center,,success,1,0,0,113,2.6069293136405296,438.2611294047116,0.7653204314070811,6.420165826950518,43.32780230100607,22.587992379586638
H0,map-corridor-01,7013,H0_map-corridor-01_seed307,2046,1.0,center,,success,1,0,0,114,2.719791908939371,440.4223809975802,0.7615648320715366,6.61696440700433,45.22194351364216,22.63521265596894
H0,map-corridor-01,7013,H0_map-corridor-01_seed307,2047,1.0,center,,success,1,0,0,111,2.7796773635038834,430.39228719319283,0.7793127493346804,6.415845868292954,40.42822015984186,22.450599896704112
H0,map-corridor-01,7013,H0_map-corridor-01_seed307,2048,1.0,center,,success,1,0,0,112,2.884308766408692,432.84999203348247,0.7748878428973688,6.163416420886977,41.6921645356332,22.384577477501225
H0,map-corridor-01,7013,H0_map-corridor-01_seed307,2049,1.0,center,,success,1,0,0,701,2.9834725087222562,464.3506969655635,0.7223208639866491,5.804694604149967,13.092481180395328,4.72353567759628
H0,map-corridor-01,7013,H0_map-corridor-01_seed307,2050,1.0,center,,success,1,0,0,112,2.85745374162597,433.0700862079972,0.7744940306587602,6.189345071480773,37.87168576832632,22.395643712798897
H0,map-corridor-01,7013,H0_map-corridor-01_seed401,2001,1.0,center,,success,1,0,0,85,0.8277993052881771,372.3412085420154,0.9008140622907185,2.025377904606462,36.93344889647849,22.900200766484314
H0,map-corridor-01,7013,H0_map-corridor-01_seed401,2002,1.0,center,,success,1,0,0,84,2.540586787065243,369.861917758227,0.9068524779677938,3.9266911891167666,34.52688826023518,23.12247882049943
H0,map-corridor-01,7013,H0_map-corridor-01_seed401,2003,1.0,center,,success,1,0,0,85,1.4207108636197403,372.1246786636865,0.9013382230639444,2.682398334458994,36.640540654387095,22.924803546437694
H0,map-corridor-01,7013,H0_map-corridor-01_seed401,2004,1.0,center,,success,1,0,0,85,0.8377040323312873,372.81402318742914,0.8996716211405594,2.876140678684457,34.41264981649062,23.1493193571321
H0,map-corridor-01,7013,H0_map-corridor-01_seed401,2005,1.0,center,,success,1,0,0,85,0.6767049839180131,373.2311295803721,0.8986661884341584,3.984956758811531,32.62231973487534,23.252478497473493
H0,map-corridor-01,7013,H0_map-corridor-01_seed401,2006,1.0,center,,success,1,0,0,83,0.6136759736182091,369.72292035395174,0.9071934093343896,2.569136327854382,33.51569436123181,23.421914264892916
H0,map-corridor-01,7013,H0_map-corridor-01_seed401,2007,1.0,center,,success,1,0,0,84,1.2543728144391488,370.9773141112377,0.9041258962923958,3.973738957572081,35.42204685726986,23.005748098181275
H0,map-corridor-01,7013,H0_map-corridor-01_seed401,2008,1.0,center,,success,1,0,0,83,2.201879788112708,368.9492696424796,0.9090957056236723,2.957796121612256,34.49914700553035,23.190901413733386
H0,map-corridor-01,7013,H0_map-corridor-01_seed401,2009,1.0,center,,success,1,0,0,85,2.778216304710782,371.7126444907465,0.9023373339491502,2.6344053427196177,37.999942606106025,23.03471192773648
H0,map-corridor-01,7013,H0_map-corridor-01_seed401,2010,1.0,center,,success,1,0,0,84,0.7652324838593128,371.47938787037674,0.9029039230085246,2.587786340525483,39.61508961082288,23.459102870156887
H0,map-corridor-01,7013,H0_map-corridor-01_seed401,2011,1.0,center,,success,1,0,0,83,1.4107253453956972,369.36574993573157,0.9080706499812956,2.978872875321041,37.62630495309897,23.342302719377518
H0,map-corridor-01,7013,H0_map-corridor-01_seed401,2012,1.0,center,,success,1,0,0,85,2.135602206581787,371.38873327931077,0.9031243184556063,2.764881834679798,38.42308750409757,22.82116868924143
H0,map-corridor-01,7013,H0_map-corridor-01_seed401,2013,1.0,center,,success,1,0,0,84,2.1037526181701875,370.0585117348323,0.9063707116276486,2.8275646237744,35.98740379070464,22.922356839204028
H0,map-corridor-01,7013,H0_map-corridor-01_seed401,2014,1.0,center,,success,1,0,0,84,1.3810293007265197,370.7186017845073,0.9047568560369597,2.906056599289057,38.53559388684487,23.243945407146796
H0,map-corridor-01,7013,H0_map-corridor-01_seed401,2015,1.0,center,,success,1,0,0,85,1.6375358699811249,371.36881465516507,0.9031727581552964,3.227853185276352,35.86359420080831,22.612433019339644
H0,map-corridor-01,7013,H0_map-corridor-01_seed401,2016,1.0,center,,success,1,0,0,84,0.5002286045673727,371.8780190516987,0.9019360635519024,2.5858218320774498,38.345370918887674,23.410213118551127
H0,map-corridor-01,7013,H0_map-corridor-01_seed401,2017,1.0,center,,success,1,0,0,84,0.6855127171946281,371.53655143714633,0.902765004755422,2.7598880431227277,35.05367345042581,23.455920013561357
H0,map-corridor-01,7013,H0_map-corridor-01_seed401,2018,1.0,center,,success,1,0,0,85,1.521876119159111,372.02045671934036,0.9015907339687199,2.2891281375692736,40.00479539789826,22.92441235675664
H0,map-corridor-01,7013,H0_map-corridor-01_seed401,2019,1.0,center,,success,1,0,0,84,0.6887994384356887,372.8223448389014,0.8996515398504376,3.0345559031959843,37.061872153239655,23.490117929159112
H0,map-corridor-01,7013,H0_map-corridor-01_seed401,2020,1.0,center,,success,1,0,0,86,0.6437169743660627,373.44720143729154,0.8981462314728039,2.2417809720237902,37.44345038973214,22.55950440553711
H0,map-corridor-01,7013,H0_map-corridor-01_seed401,2021,1.0,center,,success,1,0,0,85,0.443841539380811,372.7342448496728,0.8998641827510175,3.1496937738617685,32.34502479301945,23.08456173252502
H0,map-corridor-01,7013,H0_map-corridor-01_seed401,2022,1.0,center,,success,1,0,0,85,1.991436714482929,371.628399147739,0.9025418869875653,2.672837898200605,36.63219246552243,22.942972892149175
H0,map-corridor-01,7013,H0_map-corridor-01_seed401,2023,1.0,center,,success,1,0,0,83,1.942274622829654,369.4898606473759,0.907765631341826,2.772132122281862,39.25569222712236,23.49941134073329
H0,map-corridor-01,7013,H0_map-corridor-01_seed401,2024,1.0,center,,success,1,0,0,85,1.0873228067906424,371.9889568218592,0.9016670803633351,3.2485159418160023,33.910530113802274,23.063646235293223
H0,map-corridor-01,7013,H0_map-corridor-01_seed401,2025,1.0,center,,success,1,0,0,83,2.850373564692811,369.08112213205067,0.9087709354719169,2.6885735339163825,35.51382381329342,23.45881349585155
H0,map-corridor-01,7013,H0_map-corridor-01_seed401,2026,1.0,center,,success,1,0,0,85,0.8431136858668964,372.58925075237863,0.9002143672896263,3.0850787788286382,41.86800636835046,23.09003155158961
H0,map-corridor-01,7013,H0_map-corridor-01_seed401,2027,1.0,center,,success,1,0,0,83,2.695919963373807,368.93172598995847,0.9091389354628114,2.682592979040766,35.780191703200096,23.39047767775398
H0,map-corridor-01,7013,H0_map-corridor-01_seed401,2028,1.0,center,,success,1,0,0,84,1.8872200036605862,370.1292748738048,0.9061974272079026,2.1803737948442503,38.04950341361957,23.07575689666995
H0,map-corridor-01,7013,H0_map-corridor-01_seed401,2029,1.0,center,,success,1,0,0,84,2.971113881240616,370.0865397281801,0.9063020688926416,3.9668715855039167,32.47549683061671,23.13559704941778
H0,map-corridor-01,7013,H0_map-corridor-01_seed401,2030,1.0,center,,success,1,0,0,84,1.7007479201372364,370.5176980564315,0.9052474372597553,2.6223491859488393,34.94958648772185,23.124620882764283
H0,map-corridor-01,7013,H0_map-corridor-01_seed401,2031,1.0,center,,success,1,0,0,84,2.1518470344302347,369.2406029592046,0.908378423003567,2.592318697897504,38.39087176931555,22.955899100956106
H0,map-corridor-01,7013,H0_map-corridor-01_seed401,2032,1.0,center,,success,1,0,0,85,0.7521845098219477,372.6328842159684,0.9001089566496053,2.178770748109561,34.548033428166605,22.874795982376376
H0,map-corridor-01,7013,H0_map-corridor-01_seed401,2033,1.0,center,,success,1,0,0,84,1.4478052763575917,371.3280365656751,0.9032719417771353,2.696902555369773,40.58907375395331,23.430649696237708
H0,map-corridor-01,7013,H0_map-corridor-01_seed401,2034,1.0,center,,success,1,0,0,84,0.6678357317377525,371.8121272940949,0.9020959027505486,2.7977794479049334,39.577502807885175,23.44706222092487
H0,map-corridor-01,7013,H0_map-corridor-01_seed401,2035,1.0,center,,success,1,0,0,85,0.8486307369410899,372.1126836710704,0.9013672775568566,2.4635857489911106,36.71113671383212,22.932130230386072
H0,map-corridor-01,7013,H0_map-corridor-01_seed401,2036,1.0,center,,success,1,0,0,84,1.2058483914854898,370.9842135455161,0.9041090816761046,2.4022409404018528,36.83550167317277,23.404840892309597
H0,map-corridor-01,7013,H0_map-corridor-01_seed401,2037,1.0,center,,success,1,0,0,84,2.068085509270534,370.5746347088813,0.9051083512190802,2.905642048541557,36.25331397061837,23.362232382750452
H0,map-corridor-01,7013,H0_map-corridor-01_seed401,2038,1.0,center,,success,1,0,0,85,0.9188793546526272,371.6728508604189,0.9024339438527652,3.672347509400076,33.575635150210246,23.04891625900724
H0,map-corridor-01,7013,H0_map-corridor-01_seed401,2039,1.0,center,,success,1,0,0,84,2.4643203841542367,369.7599636359156,0.90710252491054,2.7027624040264846,35.24028221468409,23.084379253241565
H0,map-corridor-01,7013,H0_map-corridor-01_seed401,2040,1.0,center,,success,1,0,0,85,1.0160170277976683,372.69203349069227,0.8999661019943564,3.2490283237633557,37.35099313044169,23.329485109017796
H0,map-corridor-01,7013,H0_map-corridor-01_seed401,2041,1.0,center,,success,1,0,0,85,1.1380297778769473,371.6219755482911,0.9025574876999786,2.584541912870109,33.99465088480466,23.237556968250136
H0,map-corridor-01,7013,H0_map-corridor-01_seed401,2042,1.0,center,,success,1,0,0,85,0.7242240545516605,372.57363321244014,0.9002521024715637,3.3651296457764106,33.46370559660259,23.10903529250914
H0,map-corridor-01,7013,H0_map-corridor-01_seed401,2043,1.0,center,,success,1,0,0,84,0.9526516098943864,370.4844303529212,0.9053287240855405,3.5510738419407963,36.11296832071814,23.221575771347922
H0,map-corridor-01,7013,H0_map-corridor-01_seed401,2044,1.0,center,,success,1,0,0,85,0.7219669849218512,371.4989873328818,0.9028562878003865,1.6120075098468274,33.53877881048179,22.816872383017035
H0,map-corridor-01,7013,H0_map-corridor-01_seed401,2045,1.0,center,,success,1,0,0,83,0.33828526283741134,371.31493300365656,0.903303817898607,3.1649882664722186,33.132596662494564,23.62251019099684
H0,map-corridor-01,7013,H0_map-corridor-01_seed401,2046,1.0,center,,success,1,0,0,85,0.9507872950058092,372.71589220523185,0.8999084923383911,2.329334858468833,37.909781793845966,23.10978127930677
H0,map-corridor-01,7013,H0_map-corridor-01_seed401,2047,1.0,center,,success,1,0,0,84,2.3406707071846395,369.59951404993643,0.9074963139146642,2.5758325940189164,40.61811987646976,23.01699803591114
H0,map-corridor-01,7013,H0_map-corridor-01_seed401,2048,1.0,center,,success,1,0,0,85,2.1432122149426602,371.2027549439091,0.903576797741307,3.7442841070491277,34.13921773625719,22.9251730348853
H0,map-corridor-01,7013,H0_map-corridor-01_seed401,2049,1.0,center,,success,1,0,0,84,0.5903402589615111,371.18218716469454,0.903626866329515,2.332545405223591,37.146878877442795,23.142769465267346
H0,map-corridor-01,7013,H0_map-corridor-01_seed401,2050,1.0,center,,success,1,0,0,84,1.5432188084350624,370.5144774806028,0.9052553058268227,3.615954243059619,33.72546183533322,23.114272307111445
H0,map-corridor-01,7013,H0_map-corridor-01_seed503,2001,1.0,center,,success,1,0,0,96,2.7729328604264185,404.95544290926705,0.8282644485905066,2.7417894786707824,43.67463275783917,24.02611410080464
H0,map-corridor-01,7013,H0_map-corridor-01_seed503,2002,1.0,center,,success,1,0,0,89,2.991003667136874,398.13007162457154,0.8424638592516402,3.4697015428198057,38.80938982851531,23.714208892498256
H0,map-corridor-01,7013,H0_map-corridor-01_seed503,2003,1.0,center,,success,1,0,0,89,2.7550966364279055,401.18709423998183,0.8360443330321414,3.2312214442159153,37.821570146944524,24.02364122369917
H0,map-corridor-01,7013,H0_map-corridor-01_seed503,2004,1.0,center,,success,1,0,0,96,2.4612822765350186,403.2480150827113,0.8317714758153778,2.8751844940309623,44.18761617227162,23.95159788532678
H0,map-corridor-01,7013,H0_map-corridor-01_seed503,2005,1.0,center,,success,1,0,0,95,2.3190619655526366,402.29138168331434,0.8337493963243909,3.3789127727748323,38.01327518848937,24.24612332581344
H0,map-corridor-01,7013,H0_map-corridor-01_seed503,2006,1.0,center,,success,1,0,0,89,2.8700203827864526,400.6470982034012,0.837171161675772,3.100028179989643,39.70256035546761,23.945951251192398
H0,map-corridor-01,7013,H0_map-corridor-01_seed503,2007,1.0,center,,success,1,0,0,88,2.7953116247301244,398.16244866924524,0.8423953533187022,2.975801157165937,47.486541829337355,24.051525459489632
H0,map-corridor-01,7013,H0_map-corridor-01_seed503,2008,1.0,center,,success,1,0,0,93,2.8943345138599956,403.1583159963414,0.8319565374611106,3.0429462078420175,40.317426819632004,24.181197973547963
H0,map-corridor-01,7013,H0_map-corridor-01_seed503,2009,1.0,center,,success,1,0,0,88,2.889511793222233,400.6250038821804,0.8372173313566047,3.2554874277304675,45.01143610128913,24.075559564450256
H0,map-corridor-01,7013,H0_map-corridor-01_seed503,2010,1.0,center,,success,1,0,0,87,2.486367123461466,400.0014518654829,0.8385224480079239,3.976953097079531,42.603667919603865,24.170077735854356
H0,map-corridor-01,7013,H0_map-corridor-01_seed503,2011,1.0,center,,success,1,0,0,94,2.862412879795442,402.06622859549833,0.8342162876912758,3.0465986328320693,39.438435607681505,24.226350221523013
H0,map-corridor-01,7013,H0_map-corridor-01_seed503,2012,1.0,center,,success,1,0,0,87,2.982183422609076,399.36529818996075,0.8398581402669303,3.915538926458219,41.35982652082141,24.01493293228412
H0,map-corridor-01,7013,H0_map-corridor-01_seed503,2013,1.0,center,,success,1,0,0,88,2.245155869997964,398.9765851127478,0.8406763934033474,3.8515910208239226,40.88148270255562,23.70199544954366
H0,map-corridor-01,7013,H0_map-corridor-01_seed503,2014,1.0,center,,success,1,0,0,87,1.5780806247609336,396.39755125476455,0.8461459854210868,3.09048020558434,46.728938246974536,23.99786171647587
H0,map-corridor-01,7013,H0_map-corridor-01_seed503,2015,1.0,center,,success,1,0,0,90,2.4495637862725816,399.1158539395396,0.8403830449586159,3.5339945812731557,38.70400297334079,23.651452106391297
H0,map-corridor-01,7013,H0_map-corridor-01_seed503,2016,1.0,center,,success,1,0,0,87,2.8579417908048073,397.0489686859099,0.8447577580545197,2.8301256010573876,40.75932296958532,24.117896214695154
H0,map-corridor-01,7013,H0_map-corridor-01_seed503,2017,1.0,center,,success,1,0,0,87,2.3468665525362042,398.7172734055423,0.8412231397956439,2.922554117821076,44.94458152417953,23.85329295290626
H0,map-corridor-01,7013,H0_map-corridor-01_seed503,2018,1.0,center,,success,1,0,0,92,2.8856742745818114,401.3167416386598,0.8357742446911605,2.9431018407830782,37.75278729148944,23.80425770223329
H0,map-corridor-01,7013,H0_map-corridor-01_seed503,2019,1.0,center,,success,1,0,0,86,2.0396699378553107,398.0132348625913,0.8427111644685995,3.3024702738651115,39.70363755166113,23.794304264481102
H0,map-corridor-01,7013,H0_map-corridor-01_seed503,2020,1.0,center,,success,1,0,0,93,2.457351838958629,400.3594282477732,0.8377726936341583,2.936626576495123,40.975370637941566,24.146239292785882
H0,map-corridor-01,7013,H0_map-corridor-01_seed503,2021,1.0,center,,success,1,0,0,94,2.907158630542832,403.7335632187571,0.8307711500399371,2.854676454607437,34.71068933425438,24.00120750502643
H0,map-corridor-01,7013,H0_map-corridor-01_seed503,2022,1.0,center,,success,1,0,0,89,2.8722454043468786,400.5093761515398,0.8374590374085527,3.675159405309252,36.42864786545342,23.735080926623542
H0,map-corridor-01,7013,H0_map-corridor-01_seed503,2023,1.0,center,,success,1,0,0,86,2.2248658853188497,398.7087243196554,0.8412411772461271,2.810764168580308,49.92654666910223,24.14069037645315
H0,map-corridor-01,7013,H0_map-corridor-01_seed503,2024,1.0,center,,success,1,0,0,93,2.8104366068605398,401.4398031919364,0.8355180377183529,2.9281470408343204,40.44766288133462,24.18952109542888
H0,map-corridor-01,7013,H0_map-corridor-01_seed503,2025,1.0,center,,success,1,0,0,88,2.4366539355214334,398.8436342911657,0.840956625072047,2.8027532036676965,43.915083735291695,24.088372293941756
H0,map-corridor-01,7013,H0_map-corridor-01_seed503,2026,1.0,center,,success,1,0,0,88,2.0186987237728116,400.53345765169274,0.8374086863840573,3.851539632248109,42.18467350299791,24.063229841421077
H0,map-corridor-01,7013,H0_map-corridor-01_seed503,2027,1.0,center,,success,1,0,0,87,1.7911078853633948,399.27230497655563,0.8400537488936605,2.763611037523179,46.6246588138954,23.981863339367592
H0,map-corridor-01,7013,H0_map-corridor-01_seed503,2028,1.0,center,,success,1,0,0,90,2.7715325285474117,398.3581727634299,0.841981461804114,3.4227764415163797,40.28627130353948,23.901804519508545
H0,map-corridor-01,7013,H0_map-corridor-01_seed503,2029,1.0,center,,success,1,0,0,95,2.473464138007857,404.7636119883797,0.8286569906254264,2.949873763394365,38.976181573172454,24.31805239271195
H0,map-corridor-01,7013,H0_map-corridor-01_seed503,2030,1.0,center,,success,1,0,0,96,2.395584930037444,403.8285335160094,0.8305757735954323,3.2386788175923793,38.18381346987245,23.677461775658184
H0,map-corridor-01,7013,H0_map-corridor-01_seed503,2031,1.0,center,,success,1,0,0,91,2.87051116242462,401.99890734589417,0.8343559907648446,3.352940951492378,37.41009050748198,24.035920971137937
H0,map-corridor-01,7013,H0_map-corridor-01_seed503,2032,1.0,center,,success,1,0,0,94,2.4677665744502897,403.66768953031624,0.8309067218514117,2.8839060362047535,34.48572308713,24.101772544986666
H0,map-corridor-01,7013,H0_map-corridor-01_seed503,2033,1.0,center,,success,1,0,0,87,2.4282806911882284,397.683076003581,0.8434107882980372,2.7721165330298083,44.643848298994094,23.89968375214404
H0,map-corridor-01,7013,H0_map-corridor-01_seed503,2034,1.0,center,,success,1,0,0,87,2.559066207490394,398.8210276764128,0.8410042935276388,3.140936110994167,44.72794347949822,24.046443612638694
H0,map-corridor-01,7013,H0_map-corridor-01_seed503,2035,1.0,center,,success,1,0,0,88,2.793068775189898,400.2688695612355,0.837962235216135,3.0379190622975365,38.86747423334697,23.89485119007823
H0,map-corridor-01,7013,H0_map-corridor-01_seed503,2036,1.0,center,,success,1,0,0,87,2.3973847603865406,398.7551364604801,0.8411432630115108,2.925185418225382,40.55636563523609,24.01967833794864
H0,map-corridor-01,7013,H0_map-corridor-01_seed503,2037,1.0,center,,success,1,0,0,93,2.9415171408300207,403.17201017395183,0.8319282791487758,2.8325405702016795,41.390605424545214,24.235761682196422
H0,map-corridor-01,7013,H0_map-corridor-01_seed503,2038,1.0,center,,success,1,0,0,95,2.5511601485011033,402.2033457515816,0.833931890840442,3.1354564903620172,39.100572403434924,24.046269142695287
H0,map-corridor-01,7013,H0_map-corridor-01_seed503,2039,1.0,center,,success,1,0,0,94,2.629656030618456,401.17369111951484,0.8360722650804273,3.038661787017699,35.37531894709965,24.088961566389738
H0,map-corridor-01,7013,H0_map-corridor-01_seed503,2040,1.0,center,,success,1,0,0,93,2.9110678500482146,400.78464750652364,0.8368838445078137,2.980236630246188,38.192928319514664,23.77052642153817
H0,map-corridor-01,7013,H0_map-corridor-01_seed503,2041,1.0,center,,success,1,0,0,96,2.6592808922882463,403.47272378013827,0.8313082318985741,2.6952160489172283,39.297355674632726,23.845770041104924
H0,map-corridor-01,7013,H0_map-corridor-01_seed503,2042,1.0,center,,success,1,0,0,95,2.468537563344957,403.64116141012977,0.8309613307354611,2.672455203429454,39.67739306335643,24.1304757203494
H0,map-corridor-01,7013,H0_map-corridor-01_seed503,2043,1.0,center,,success,1,0,0,93,2.8105302218947164,401.8478001068978,0.8346697345008337,3.0085883476711612,41.81373163353325,24.251745333543678
H0,map-corridor-01,7013,H0_map-corridor-01_seed503,2044,1.0,center,,success,1,0,0,96,2.9961014376047257,403.3640347957014,0.8315322331472843,2.3456308394255636,41.499777514749624,23.806918277736738
H0,map-corridor-01,7013,H0_map-corridor-01_seed503,2045,1.0,center,,success,1,0,0,110,2.2993337299234655,418.30507584302416,0.8018315243940206,2.834701518652964,44.40461526466266,23.513806348231572
H0,map-corridor-01,7013,H0_map-corridor-01_seed503,2046,1.0,center,,success,1,0,0,96,2.791652935410048,406.2281524226988,0.8256695027772446,4.014562582292696,38.554655205662414,24.088144285146733
H0,map-corridor-01,7013,H0_map-corridor-01_seed503,2047,1.0,center,,success,1,0,0,94,2.436370769316747,402.1064898491729,0.8341327610772418,3.280556607865174,38.04226146753172,24.135719500719564
H0,map-corridor-01,7013,H0_map-corridor-01_seed503,2048,1.0,center,,success,1,0,0,92,2.835747367375645,400.873158966704,0.8366990633384541,3.4120687212125347,40.64969612763311,23.724637091787237
H0,map-corridor-01,7013,H0_map-corridor-01_seed503,2049,1.0,center,,success,1,0,0,89,2.6595788953119213,399.4069015354508,0.8397706582824231,4.0063621870028925,41.18476518783283,24.04345807958091
H0,map-corridor-01,7013,H0_map-corridor-01_seed503,2050,1.0,center,,success,1,0,0,88,2.7580268221695907,398.4582277733574,0.8417700357181467,3.0402531934724237,45.21950728728257,23.96095518540248
H0,map-barrier-01,7019,H0_map-barrier-01_seed101,2001,1.0,center,,success,1,0,0,105,2.2832812851572637,392.3603533706403,0.8548524175380322,16.778405943370004,33.998427391829146,21.95271414579017
H0,map-barrier-01,7019,H0_map-barrier-01_seed101,2002,1.0,center,,success,1,0,0,104,2.8539321287861608,388.2379642676108,0.8639294131311992,14.772155832651052,35.036304712435395,22.81795249667478
H0,map-barrier-01,7019,H0_map-barrier-01_seed101,2003,1.0,center,,success,1,0,0,103,2.8729430801341524,391.5655109932303,0.8565876902033063,16.119399667540947,32.050812394081085,22.306976693037136
H0,map-barrier-01,7019,H0_map-barrier-01_seed101,2004,1.0,center,,success,1,0,0,104,2.431687693133783,391.5197847719762,0.8566877324483453,17.609945895737226,32.90619958938085,21.876094485336683
H0,map-barrier-01,7019,H0_map-barrier-01_seed101,2005,1.0,center,,success,1,0,0,104,2.7473418677581902,389.95121807515443,0.8601337323180912,15.775233667677412,32.582234484484744,22.327439819722205
H0,map-barrier-01,7019,H0_map-barrier-01_seed101,2006,1.0,center,,success,1,0,0,102,2.562353242552221,388.435297172353,0.863490519699458,15.060259996634755,34.046060097198556,22.679815625638085
H0,map-barrier-01,7019,H0_map-barrier-01_seed101,2007,1.0,center,,success,1,0,0,103,2.8203415344364937,389.3718348895955,0.8614136066623114,16.03314322909339,35.85498708250849,22.35805582739377
H0,map-barrier-01,7019,H0_map-barrier-01_seed101,2008,1.0,center,,success,1,0,0,104,2.7344224587664985,390.7199531333376,0.8584414333979662,15.483965077971334,35.4624287528271,22.52129507247751
H0,map-barrier-01,7019,H0_map-barrier-01_seed101,2009,1.0,center,,success,1,0,0,103,2.7139482165988413,392.5368395949703,0.8544680722733017,16.71154189705604,33.068600897726945,22.398424471079505
H0,map-barrier-01,7019,H0_map-barrier-01_seed101,2010,1.0,center,,success,1,0,0,104,2.0784622701971394,393.5098851292716,0.8523551994501566,15.812902223161629,34.27869496501275,22.706122294068035
H0,map-barrier-01,7019,H0_map-barrier-01_seed101,2011,1.0,center,,success,1,0,0,104,2.290755320991782,391.9132584119104,0.8558276338598481,16.367280348391077,35.96660912721063,22.257066581226194
H0,map-barrier-01,7019,H0_map-barrier-01_seed101,2012,1.0,center,,success,1,0,0,104,2.1349798223890257,392.97257849799473,0.8535206143567597,16.128935686651275,32.62686109795077,22.693588985596083
H0,map-barrier-01,7019,H0_map-barrier-01_seed101,2013,1.0,center,,success,1,0,0,104,2.183066499921185,392.9478705676885,0.8535742823606709,16.146455181851827,32.71673743237099,22.23443740989138
H0,map-barrier-01,7019,H0_map-barrier-01_seed101,2014,1.0,center,,success,1,0,0,102,2.5235935310855226,388.9884520932224,0.862262606563411,14.890054588903496,35.96873800088005,22.928143292382142
H0,map-barrier-01,7019,H0_map-barrier-01_seed101,2015,1.0,center,,success,1,0,0,106,2.1147696063339114,394.4397547544716,0.8503458198166474,17.0838401434994,32.597162045724716,21.737535911763047
H0,map-barrier-01,7019,H0_map-barrier-01_seed101,2016,1.0,center,,success,1,0,0,103,2.640567375908555,389.6402550444826,0.8608201854982283,15.7006921817634,35.767282884844356,22.994844437772823
H0,map-barrier-01,7019,H0_map-barrier-01_seed101,2017,1.0,center,,success,1,0,0,103,2.9794737992241926,392.3353658000908,0.8549068625026076,15.98771505423575,33.64355818516244,23.200107046511636
H0,map-barrier-01,7019,H0_map-barrier-01_seed101,2018,1.0,center,,success,1,0,0,105,2.0379225066279045,394.1338884519827,0.8510057278818121,16.920806654824503,34.08173901008225,22.1687507999751
H0,map-barrier-01,7019,H0_map-barrier-01_seed101,2019,1.0,center,,success,1,0,0,103,2.5750220070350704,391.76920844674066,0.8561423138760178,15.688783465383267,32.28735183006561,22.857255112815615
H0,map-barrier-01,7019,H0_map-barrier-01_seed101,2020,1.0,center,,success,1,0,0,105,2.284823285438349,393.5014834433251,0.8523733981635081,17.473757780278163,32.080224745282315,21.847481473907692
H0,map-barrier-01,7019,H0_map-barrier-01_seed101,2021,1.0,center,,success,1,0,0,104,2.5440835027189306,391.09569698561916,0.8576166887290037,15.972283832111636,33.029100914238796,22.05959313364172
H0,map-barrier-01,7019,H0_map-barrier-01_seed101,2022,1.0,center,,success,1,0,0,105,2.0120834930222,394.88319663737025,0.8493909071876332,16.58539178687562,32.34826688917547,22.513470332354252
H0,map-barrier-01,7019,H0_map-barrier-01_seed101,2023,1.0,center,,success,1,0,0,101,2.990213551860497,389.0054116505137,0.8622250143046964,13.963060359308898,36.01699272005746,23.143789038016248
H0,map-barrier-01,7019,H0_map-barrier-01_seed101,2024,1.0,center,,success,1,0,0,104,2.974128569139195,390.4021897398202,0.8591401519763489,16.557517244180094,33.64360803342595,22.25710961532961
H0,map-barrier-01,7019,H0_map-barrier-01_seed101,2025,1.0,center,,success,1,0,0,103,2.1947392260347343,390.5942027494206,0.8587178054973474,15.8840811853362,33.576353632001215,22.65815051934048
H0,map-barrier-01,7019,H0_map-barrier-01_seed101,2026,1.0,center,,success,1,0,0,104,2.1018428118970993,395.2187604558404,0.8486697246813651,15.470856864182934,33.48522348961905,22.815003923516073
H0,map-barrier-01,7019,H0_map-barrier-01_seed101,2027,1.0,center,,success,1,0,0,103,1.9962354898224122,391.6320171193886,0.8564422262818187,16.193333593253158,30.092379930726832,22.672395333946238
H0,map-barrier-01,7019,H0_map-barrier-01_seed101,2028,1.0,center,,success,1,0,0,105,2.6538749363461998,393.75716177283005,0.8518199265629519,16.943800061307087,34.43487603631277,21.96336281822108
H0,map-barrier-01,7019,H0_map-barrier-01_seed101,2029,1.0,center,,success,1,0,0,104,2.3065648785039525,389.68900707299156,0.8607124926214399,14.910377917810507,33.34565140791548,22.107752232586602
H0,map-barrier-01,7019,H0_map-barrier-01_seed101,2030,1.0,center,,success,1,0,0,104,2.8802552229020035,391.9034810310773,0.8558489854249878,16.465572047310133,31.84903852729882,21.59218997411481
H0,map-barrier-01,7019,H0_map-barrier-01_seed101,2031,1.0,center,,success,1,0,0,105,2.5772607147662643,393.92173797215867,0.8514640455020392,17.18957192995012,34.20688763906564,21.990929067074724
H0,map-barrier-01,7019,H0_map-barrier-01_seed101,2032,1.0,center,,success,1,0,0,104,2.9198508989674115,392.6926289037074,0.8541290870708317,16.915229072668325,31.589313490822505,22.046692035455322
H0,map-barrier-01,7019,H0_map-barrier-01_seed101,2033,1.0,center,,success,1,0,0,102,2.7345300813952798,390.11788877855975,0.8597662559774472,14.421693849165976,35.29187352714702,22.69068498455914
H0,map-barrier-01,7019,H0_map-barrier-01_seed101,2034,1.0,center,,success,1,0,0,103,2.770805828692342,390.63795442522616,0.8586216286087247,15.851907236559128,36.33153480807278,23.016850254744547
H0,map-barrier-01,7019,H0_map-barrier-01_seed101,2035,1.0,center,,success,1,0,0,104,2.8725365837187136,393.1500620686806,0.8531353012132417,16.598727760795192,32.1194430020747,22.36859111206152
H0,map-barrier-01,7019,H0_map-barrier-01_seed101,2036,1.0,center,,success,1,0,0,102,2.361878164689894,390.4217076156215,0.8590972020315709,15.089027146861866,32.21515712133517,22.85961906040683
H0,map-barrier-01,7019,H0_map-barrier-01_seed101,2037,1.0,center,,success,1,0,0,102,2.623520489455887,389.0086844299629,0.8622177602961861,13.251383526347055,34.99154169173012,22.85788798096164
H0,map-barrier-01,7019,H0_map-barrier-01_seed101,2038,1.0,center,,success,1,0,0,106,2.621248156790846,391.38843975076526,0.85697522604029,16.98697957136976,32.065665353792085,22.200962881244457
H0,map-barrier-01,7019,H0_map-barrier-01_seed101,2039,1.0,center,,success,1,0,0,104,2.675630290969599,390.7541749615001,0.8583662520253699,16.590230638585414,31.98220156846495,22.243728130958473
H0,map-barrier-01,7019,H0_map-barrier-01_seed101,2040,1.0,center,,success,1,0,0,103,2.7178697095768074,388.15520374078324,0.8641136158745438,16.080691736932366,34.14411381261503,22.459679871163743
H0,map-barrier-01,7019,H0_map-barrier-01_seed101,2041,1.0,center,,success,1,0,0,104,2.721338493039402,390.596283873479,0.8587132301893935,17.539745182369685,32.517077120349356,21.918000289056327
H0,map-barrier-01,7019,H0_map-barrier-01_seed101,2042,1.0,center,,success,1,0,0,105,2.1189804039006166,392.65682024951906,0.8542069800591456,17.280449094820597,31.137943034357285,22.015614004746446
H0,map-barrier-01,7019,H0_map-barrier-01_seed101,2043,1.0,center,,success,1,0,0,103,2.6348250280219148,387.9329414418224,0.8646087011284896,15.683781102295129,36.83478116152855,22.431375222442252
H0,map-barrier-01,7019,H0_map-barrier-01_seed101,2044,1.0,center,,success,1,0,0,106,2.2653474097014907,392.7499923232947,0.8540043365522804,17.518948786163325,32.010641876205725,21.40513866282687
H0,map-barrier-01,7019,H0_map-barrier-01_seed101,2045,1.0,center,,success,1,0,0,102,2.851951619102493,388.64528094787903,0.8630239785928344,14.271239925633779,33.80835273589084,22.637712952719152
H0,map-barrier-01,7019,H0_map-barrier-01_seed101,2046,1.0,center,,success,1,0,0,103,2.967822759567927,392.65649896591657,0.8542076789975219,15.339515138608576,32.07157833314338,22.656739828828325
H0,map-barrier-01,7019,H0_map-barrier-01_seed101,2047,1.0,center,,success,1,0,0,105,2.5598622336111325,392.6737032027283,0.8541702535445925,16.981075256161446,32.9234147184472,22.138311532556372
H0,map-barrier-01,7019,H0_map-barrier-01_seed101,2048,1.0,center,,success,1,0,0,103,2.319510929728833,389.42988218405634,0.8612852068358829,15.346598201986055,34.139839823929,22.367876058226578
H0,map-barrier-01,7019,H0_map-barrier-01_seed101,2049,1.0,center,,success,1,0,0,105,2.128397398719522,394.403879082219,0.8504231687717441,16.637414989117406,30.951399367592476,22.210963177328633
H0,map-barrier-01,7019,H0_map-barrier-01_seed101,2050,1.0,center,,success,1,0,0,103,2.5683672028273112,389.93452711585195,0.8601705499275165,15.082471378527174,32.12627711950367,22.34487185412959
H0,map-barrier-01,7019,H0_map-barrier-01_seed211,2001,1.0,center,,success,1,0,0,118,2.1737172842656567,433.3820496564418,0.7739365229613472,13.166300466338825,45.47437491309352,23.764982928038126
H0,map-barrier-01,7019,H0_map-barrier-01_seed211,2002,1.0,center,,success,1,0,0,160,2.46368804902257,484.3791975779719,0.6924537599924004,14.556452459105515,44.529782688537146,23.06489199991932
H0,map-barrier-01,7019,H0_map-barrier-01_seed211,2003,1.0,center,,success,1,0,0,117,2.3472296495096145,430.35922530887666,0.7793726191979234,12.370007168284054,44.73779476896922,24.12970031717556
H0,map-barrier-01,7019,H0_map-barrier-01_seed211,2004,1.0,center,,success,1,0,0,116,1.4857700542002987,424.89933499536437,0.7893874360350029,13.956615741060013,44.73041699713416,23.569606751958652
H0,map-barrier-01,7019,H0_map-barrier-01_seed211,2005,1.0,center,,success,1,0,0,112,1.5108654407594917,412.91004250690344,0.8123081593961492,14.587535428453954,48.218482209376226,23.833981721242274
H0,map-barrier-01,7019,H0_map-barrier-01_seed211,2006,1.0,center,,success,1,0,0,113,2.2001882745838923,418.8601838588093,0.8007688712136687,14.173288791529743,49.2889863403833,24.203848602557223
H0,map-barrier-01,7019,H0_map-barrier-01_seed211,2007,1.0,center,,success,1,0,0,114,1.7255762927233178,419.86234162901945,0.7988575382198223,14.305556723266639,43.688883431247135,23.598712559013933
H0,map-barrier-01,7019,H0_map-barrier-01_seed211,2008,1.0,center,,success,1,0,0,114,2.49196360531362,422.283197403807,0.7942778653923886,14.882135066130061,44.96846789508676,23.912040631167393
H0,map-barrier-01,7019,H0_map-barrier-01_seed211,2009,1.0,center,,success,1,0,0,118,2.0870374109590175,433.1981340124611,0.7742651001708154,12.371479352043398,43.83945828347253,23.97840602505456
H0,map-barrier-01,7019,H0_map-barrier-01_seed211,2010,1.0,center,,success,1,0,0,117,2.372024310419646,430.631311102348,0.7788801881738963,12.167423556901412,44.369057234723236,24.01319376043088
H0,map-barrier-01,7019,H0_map-barrier-01_seed211,2011,1.0,center,,success,1,0,0,114,2.134946912600744,419.37874190740797,0.7997787276948377,14.303337261271128,41.667475196083224,23.655324015781442
H0,map-barrier-01,7019,H0_map-barrier-01_seed211,2012,1.0,center,,success,1,0,0,118,2.5542471413055354,435.06702224882554,0.770939141494248,12.054937188861018,49.142042496717195,23.956518971247565
H0,map-barrier-01,7019,H0_map-barrier-01_seed211,2013,1.0,center,,success,1,0,0,118,1.4213148789711874,430.8949368060947,0.7784036617165104,12.29240489962727,41.90613471886321,23.71689839240819
H0,map-barrier-01,7019,H0_map-barrier-01_seed211,2014,1.0,center,,success,1,0,0,116,2.2236788067341187,430.55246509579314,0.7790228225736519,13.845347273334307,47.82795653600021,24.095480974902934
H0,map-barrier-01,7019,H0_map-barrier-01_seed211,2015,1.0,center,,success,1,0,0,119,2.198214617102115,435.0217015716724,0.7710194581400847,13.682479140443562,45.86825494219632,23.559397469682054
H0,map-barrier-01,7019,H0_map-barrier-01_seed211,2016,1.0,center,,success,1,0,0,116,2.563627685971646,430.07867903384283,0.7798810147446884,14.140938414900049,44.261246415413666,23.82915178924577
H0,map-barrier-01,7019,H0_map-barrier-01_seed211,2017,1.0,center,,success,1,0,0,114,2.980359823471476,422.79627230392384,0.7933139873661456,14.441367785650144,46.461624684215465,24.1650074941052
H0,map-barrier-01,7019,H0_map-barrier-01_seed211,2018,1.0,center,,success,1,0,0,115,2.927906404251754,422.9636736357678,0.7930000081137101,14.356559876509323,43.264623340340464,23.83283990919924
H0,map-barrier-01,7019,H0_map-barrier-01_seed211,2019,1.0,center,,success,1,0,0,118,2.2171842403924984,435.97467375568533,0.7693341306631222,13.007393846155779,47.049890318773215,23.840924763092257
H0,map-barrier-01,7019,H0_map-barrier-01_seed211,2020,1.0,center,,success,1,0,0,118,1.848033589971022,432.0054817004199,0.7764026403201134,13.83934856810653,45.94330708229978,23.84211433403087
H0,map-barrier-01,7019,H0_map-barrier-01_seed211,2021,1.0,center,,success,1,0,0,113,2.2131159336817574,414.48589426015934,0.8092198100581015,14.707110148965041,46.81060809457209,23.720138273048835
H0,map-barrier-01,7019,H0_map-barrier-01_seed211,2022,1.0,center,,success,1,0,0,119,2.7746031259423694,438.2353672004852,0.7653654217084767,12.408486917962462,45.4426284610644,23.957329459800164
H0,map-barrier-01,7019,H0_map-barrier-01_seed211,2023,1.0,center,,success,1,0,0,116,1.8524834998089643,429.17666072519626,0.7815201228748391,13.843476674353596,45.43764036569754,23.804212524343082
H0,map-barrier-01,7019,H0_map-barrier-01_seed211,2024,1.0,center,,success,1,0,0,113,2.8001998804750996,416.2261014235632,0.8058365284584731,13.828397892880641,48.63538098776633,24.01731904130487
H0,map-barrier-01,7019,H0_map-barrier-01_seed211,2025,1.0,center,,success,1,0,0,115,2.0109235373160166,425.1712456325592,0.788882597471881,13.763577698671128,45.419165429807975,23.872604674749493
H0,map-barrier-01,7019,H0_map-barrier-01_seed211,2026,1.0,center,,success,1,0,0,116,1.5382464957685908,426.13680323807984,0.7870951161136321,12.30727132195831,43.66383206030636,23.944890183730717
H0,map-barrier-01,7019,H0_map-barrier-01_seed211,2027,1.0,center,,success,1,0,0,117,2.180962639085319,432.1338557640447,0.7761719942815829,13.670922381863505,45.288533835865536,23.954924094919246
H0,map-barrier-01,7019,H0_map-barrier-01_seed211,2028,1.0,center,,success,1,0,0,120,2.138886997451388,438.26196382726096,0.7653189742862763,12.490527813278177,42.845943097684845,23.648274563354693
H0,map-barrier-01,7019,H0_map-barrier-01_seed211,2029,1.0,center,,success,1,0,0,114,2.033824006471087,420.0680764765279,0.7984662853657963,14.19237785577144,47.51166949597265,23.849991989073224
H0,map-barrier-01,7019,H0_map-barrier-01_seed211,2030,1.0,center,,success,1,0,0,116,2.5594543598917596,425.0516510527022,0.7891045612792619,12.869757969759775,46.349349525661275,24.079463031519754
H0,map-barrier-01,7019,H0_map-barrier-01_seed211,2031,1.0,center,,success,1,0,0,119,2.1510558688375374,434.55651258272025,0.771844827802739,11.939720550019373,45.113179570860346,23.836876113342623
H0,map-barrier-01,7019,H0_map-barrier-01_seed211,2032,1.0,center,,success,1,0,0,117,1.73338080837706,429.749649632431,0.7804781153675123,13.74228961788748,44.43626314752642,23.832069062608046
H0,map-barrier-01,7019,H0_map-barrier-01_seed211,2033,1.0,center,,success,1,0,0,115,2.9716631738387282,424.43079224843694,0.7902588661112951,13.561622984765094,41.315044292461785,23.88407957425026
H0,map-barrier-01,7019,H0_map-barrier-01_seed211,2034,1.0,center,,success,1,0,0,165,2.570883168099302,500.09164080240225,0.6706974667418942,13.372869091953959,40.785873793526434,23.029819511714578
H0,map-barrier-01,7019,H0_map-barrier-01_seed211,2035,1.0,center,,success,1,0,0,118,2.4761464057840077,431.8832106726925,0.7766224486998242,12.81596536383455,44.6443240588396,23.80578058664252
H0,map-barrier-01,7019,H0_map-barrier-01_seed211,2036,1.0,center,,success,1,0,0,115,2.599448951861402,426.2723759332907,0.786844786483322,14.285840078888072,46.47190688691557,24.164711038405745
H0,map-barrier-01,7019,H0_map-barrier-01_seed211,2037,1.0,center,,success,1,0,0,114,2.247947899535388,423.7973990538863,0.7914399601643631,14.458925287202876,48.85849885719207,24.163470253273946
H0,map-barrier-01,7019,H0_map-barrier-01_seed211,2038,1.0,center,,success,1,0,0,115,2.73255773103465,423.978037300286,0.7911027626825193,14.140393519698732,46.9818012970348,23.790666049563082
H0,map-barrier-01,7019,H0_map-barrier-01_seed211,2039,1.0,center,,success,1,0,0,113,2.726515600200233,416.1971525392161,0.8058925789824198,13.963369906216885,46.210129322296076,23.867262834822547
H0,map-barrier-01,7019,H0_map-barrier-01_seed211,2040,1.0,center,,success,1,0,0,115,2.30202669917557,425.1692297638916,0.7888863378265429,14.127148724427329,44.91595659465943,23.942132359576597
H0,map-barrier-01,7019,H0_map-barrier-01_seed211,2041,1.0,center,,success,1,0,0,114,2.503555334965482,419.5245545036262,0.7995007515634448,14.013013138090631,45.40340274720217,23.9075684433909
H0,map-barrier-01,7019,H0_map-barrier-01_seed211,2042,1.0,center,,success,1,0,0,116,2.3868778624429225,425.322386418362,0.7886022634488072,14.186436130396586,44.91030677800171,23.704981233703656
H0,map-barrier-01,7019,H0_map-barrier-01_seed211,2043,1.0,center,,success,1,0,0,113,2.1507295822328745,418.2426758886763,0.8019511541051939,14.847054530832494,46.33353004374613,23.801337877802478
H0,map-barrier-01,7019,H0_map-barrier-01_seed211,2044,1.0,center,,success,1,0,0,120,2.478079123000371,437.333122233243,0.7669444173635769,12.986558290353395,43.38815060394598,23.46037872252587
H0,map-barrier-01,7019,H0_map-barrier-01_seed211,2045,1.0,center,,success,1,0,0,115,2.1212790381527284,424.47618562437754,0.7901743560280098,13.965517841224937,46.92553963510637,23.816757358413174
H0,map-barrier-01,7019,H0_map-barrier-01_seed211,2046,1.0,center,,success,1,0,0,116,2.9079176201984787,428.42948830050744,0.78288307827613,10.98180382404287,44.35244601530519,24.1094837626876
H0,map-barrier-01,7019,H0_map-barrier-01_seed211,2047,1.0,center,,success,1,0,0,116,2.648005459301586,427.3959871729304,0.7847761951243047,13.189407213596994,43.91465510403237,23.78004139836941
H0,map-barrier-01,7019,H0_map-barrier-01_seed211,2048,1.0,center,,success,1,0,0,115,2.7660794758159133,424.718226172682,0.7897240475114372,14.587430089173102,47.51898183352144,24.023720387618404
H0,map-barrier-01,7019,H0_map-barrier-01_seed211,2049,1.0,center,,success,1,0,0,119,2.9607014403070395,437.44987789139475,0.7667397193976139,12.287877616516248,43.396685390858835,23.907811343902456
H0,map-barrier-01,7019,H0_map-barrier-01_seed211,2050,1.0,center,,success,1,0,0,114,2.1390801701921944,420.59760734197494,0.7974610192022723,15.00008883736244,47.29330131951817,23.73529117539661
H0,map-barrier-01,7019,H0_map-barrier-01_seed307,2001,1.0,center,,success,1,0,0,76,2.9355430193298253,348.90675759485805,0.9613175707374477,10.370781394197394,45.66463030536133,22.61277223965839
H0,map-barrier-01,7019,H0_map-barrier-01_seed307,2002,1.0,center,,success,1,0,0,75,2.537107051047754,349.2224642281858,0.96044851343185,9.561463762828595,53.73002662620448,23.037037661391647
H0,map-barrier-01,7019,H0_map-barrier-01_seed307,2003,1.0,center,,success,1,0,0,75,2.7783296372176016,349.4036844840161,0.959950371216856,12.09249841468775,51.799694591456145,22.98388361868481
H0,map-barrier-01,7019,H0_map-barrier-01_seed307,2004,1.0,center,,success,1,0,0,76,2.7077577715481502,349.5585878084327,0.9595249789966026,8.8670496507482,48.73650230057383,22.748056627416958
H0,map-barrier-01,7019,H0_map-barrier-01_seed307,2005,1.0,center,,success,1,0,0,76,2.5286990892770893,351.0276274526827,0.9555093969638633,8.190746289869763,47.99985261409775,22.96697244391167
H0,map-barrier-01,7019,H0_map-barrier-01_seed307,2006,1.0,center,,success,1,0,0,74,2.973663041989945,347.2653707965616,0.9658613407251071,10.760121216937804,49.32898347742692,22.911981683591723
H0,map-barrier-01,7019,H0_map-barrier-01_seed307,2007,1.0,center,,success,1,0,0,76,2.5099357774771605,350.7088278517861,0.9563779693812469,8.296036378367873,46.750919653018265,23.03302615674608
H0,map-barrier-01,7019,H0_map-barrier-01_seed307,2008,1.0,center,,success,1,0,0,75,2.777359641361228,349.6995748103634,0.9591381310853928,9.661046266187881,48.28875323652569,22.944160156370437
H0,map-barrier-01,7019,H0_map-barrier-01_seed307,2009,1.0,center,,success,1,0,0,75,2.70657461572824,349.77804323082995,0.9589229601917018,12.102927904754292,46.647604684161855,22.901838009910556
H0,map-barrier-01,7019,H0_map-barrier-01_seed307,2010,1.0,center,,success,1,0,0,74,2.934973327402885,347.2330831814937,0.965951151750291,13.305480060240853,41.41550090367026,22.61328573814701
H0,map-barrier-01,7019,H0_map-barrier-01_seed307,2011,1.0,center,,success,1,0,0,75,2.6608260899670766,348.2983200483901,0.9629968831844178,9.809196600578039,45.39518657917066,22.72991738710107
H0,map-barrier-01,7019,H0_map-barrier-01_seed307,2012,1.0,center,,success,1,0,0,74,2.3497745752813306,347.52451257309593,0.9651411180798954,13.364084174365829,46.556398002198726,22.85467191125841
H0,map-barrier-01,7019,H0_map-barrier-01_seed307,2013,1.0,center,,success,1,0,0,75,1.9682032374006884,349.1532762125233,0.9606388353658476,12.752749582369049,49.24942267586827,22.793618421837866
H0,map-barrier-01,7019,H0_map-barrier-01_seed307,2014,1.0,center,,success,1,0,0,108,1.8694703883838586,399.48208744826854,0.8396126063309481,11.79482794068668,35.978497318518045,21.573506976290464
H0,map-barrier-01,7019,H0_map-barrier-01_seed307,2015,1.0,center,,success,1,0,0,77,2.06966278140066,351.2868518232667,0.9548042999164517,10.2548398964841,46.85333454788241,22.643684281756872
H0,map-barrier-01,7019,H0_map-barrier-01_seed307,2016,1.0,center,,success,1,0,0,74,2.884527748216067,347.21749908026385,0.9659945063639608,10.387883251154065,45.79867082383834,22.843440859359315
H0,map-barrier-01,7019,H0_map-barrier-01_seed307,2017,1.0,center,,success,1,0,0,107,2.5684211015040446,396.73230651167813,0.8454320233562713,10.531789538613225,40.33898531136463,22.057707986726278
H0,map-barrier-01,7019,H0_map-barrier-01_seed307,2018,1.0,center,,success,1,0,0,77,2.597861843292978,352.95832413313957,0.9502827209097022,9.823501247101255,47.47694472819401,23.017710608294582
H0,map-barrier-01,7019,H0_map-barrier-01_seed307,2019,1.0,center,,success,1,0,0,75,2.9011594910277996,350.8933392125738,0.9558750741112657,11.92434630241786,47.856668036146445,23.111626858573555
H0,map-barrier-01,7019,H0_map-barrier-01_seed307,2020,1.0,center,,success,1,0,0,77,2.2907202931577504,352.5377417318395,0.9514164213376642,10.020862367361289,47.63217448805519,22.934579926656312
H0,map-barrier-01,7019,H0_map-barrier-01_seed307,2021,1.0,center,,success,1,0,0,76,2.6408743360383435,350.4840537982997,0.9569913181214056,9.640660999042757,50.7298412275463,22.651067190723
H0,map-barrier-01,7019,H0_map-barrier-01_seed307,2022,1.0,center,,success,1,0,0,75,2.2433421250868815,349.0643393980539,0.9608835929885264,12.795666772561063,47.980765873457614,22.93249132212811
H0,map-barrier-01,7019,H0_map-barrier-01_seed307,2023,1.0,center,,success,1,0,0,73,2.6454885166087925,346.2549483500462,0.968679865004805,11.66280139000222,45.67586398492477,22.808697180082238
H0,map-barrier-01,7019,H0_map-barrier-01_seed307,2024,1.0,center,,success,1,0,0,76,2.847598484611086,351.05709610418313,0.955429189004141,9.187106902637057,46.87300068246873,22.828640281464256
H0,map-barrier-01,7019,H0_map-barrier-01_seed307,2025,1.0,center,,success,1,0,0,74,2.2414431468958296,347.90569165629176,0.9640836717219676,10.809904881749304,53.63846212681247,23.09153817828613
H0,map-barrier-01,7019,H0_map-barrier-01_seed307,2026,1.0,center,,success,1,0,0,74,2.8368104848482947,347.5729999665649,0.9650064782282674,12.87835045484863,44.86518180644225,22.969327782580407
H0,map-barrier-01,7019,H0_map-barrier-01_seed307,2027,1.0,center,,success,1,0,0,74,2.622465470988211,347.47365055730296,0.9652823921670427,10.634078346220974,50.816570972931714,23.100746133901136
H0,map-barrier-01,7019,H0_map-barrier-01_seed307,2028,1.0,center,,success,1,0,0,76,2.8884201205824716,348.9064297013898,0.9613184741594701,11.368382449431593,45.88049829219367,22.767312270999717
H0,map-barrier-01,7019,H0_map-barrier-01_seed307,2029,1.0,center,,success,1,0,0,76,2.87691116370091,350.3706276555577,0.9573011267220249,8.057418998565531,52.60729573648849,23.16154774640897
H0,map-barrier-01,7019,H0_map-barrier-01_seed307,2030,1.0,center,,success,1,0,0,76,1.7957682569220876,350.81769969119165,0.9560811695653165,11.18174725687578,50.684423906477925,22.914384353036823
H0,map-barrier-01,7019,H0_map-barrier-01_seed307,2031,1.0,center,,success,1,0,0,76,2.8939314977216646,349.03849603731015,0.9609547383252394,11.967947760384249,44.9256017619241,22.502898722396274
H0,map-barrier-01,7019,H0_map-barrier-01_seed307,2032,1.0,center,,success,1,0,0,77,2.2428869208532896,352.8863411249103,0.950476562951594,9.525466790314226,49.11139736362306,23.152345851393083
H0,map-barrier-01,7019,H0_map-barrier-01_seed307,2033,1.0,center,,success,1,0,0,74,2.6389258460714387,347.7128736977747,0.9646182870885032,11.18152863038889,49.69669616259644,22.93491219134611
H0,map-barrier-01,7019,H0_map-barrier-01_seed307,2034,1.0,center,,success,1,0,0,74,2.441359700502006,348.17567097752186,0.963336110427493,11.865180915899046,47.23334561305631,22.83858179034468
H0,map-barrier-01,7019,H0_map-barrier-01_seed307,2035,1.0,center,,success,1,0,0,75,2.7441843759753346,348.5994069152985,0.962165138469284,11.773178193778158,50.78829841083379,22.873079488693683
H0,map-barrier-01,7019,H0_map-barrier-01_seed307,2036,1.0,center,,success,1,0,0,73,2.7627277809346036,346.5015556376654,0.9679904495889332,11.866619434708406,47.121340077508854,22.85107119678383
H0,map-barrier-01,7019,H0_map-barrier-01_seed307,2037,1.0,center,,success,1,0,0,106,2.0856205876398124,396.7142633485529,0.8454704748799952,10.24230816673015,41.87983560777896,22.03127200171698
H0,map-barrier-01,7019,H0_map-barrier-01_seed307,2038,1.0,center,,success,1,0,0,76,2.2994446101564203,349.9680658356061,0.958402292575243,8.9424308529535,48.16712156064866,22.67709184165111
H0,map-barrier-01,7019,H0_map-barrier-01_seed307,2039,1.0,center,,success,1,0,0,76,1.9883140893312612,350.6633789873055,0.9565019238496266,10.085953008720528,48.958554785173895,22.90345226743616
H0,map-barrier-01,7019,H0_map-barrier-01_seed307,2040,1.0,center,,success,1,0,0,75,2.4799489070294505,348.47653241296484,0.9625044025274219,9.15952276849302,45.11777578058821,22.843779824160112
H0,map-barrier-01,7019,H0_map-barrier-01_seed307,2041,1.0,center,,success,1,0,0,77,2.540043170013441,352.3233144158202,0.951995462409591,9.088581745931712,48.94112998452806,22.994740987130886
H0,map-barrier-01,7019,H0_map-barrier-01_seed307,2042,1.0,center,,success,1,0,0,77,2.017574006423356,351.6758862320028,0.9537480667744624,8.497655265281601,48.01990775381387,22.91716599574823
H0,map-barrier-01,7019,H0_map-barrier-01_seed307,2043,1.0,center,,success,1,0,0,75,2.621923051368104,349.2402600861768,0.960399572896333,8.992230472768654,46.816284677020974,22.834456854305778
H0,map-barrier-01,7019,H0_map-barrier-01_seed307,2044,1.0,center,,success,1,0,0,78,1.7129276716830273,351.9111847250015,0.9531103618859753,8.895715174723854,46.90457657567493,22.737447653407898
H0,map-barrier-01,7019,H0_map-barrier-01_seed307,2045,1.0,center,,success,1,0,0,74,2.4883107268449223,347.62589968960935,0.9648596290565573,10.023458313615734,49.23645363051199,22.918532404140368
H0,map-barrier-01,7019,H0_map-barrier-01_seed307,2046,1.0,center,,success,1,0,0,74,2.1827348709379693,348.5386598730676,0.9623328348916005,14.318786686342193,46.541122243927916,22.62741473981234
H0,map-barrier-01,7019,H0_map-barrier-01_seed307,2047,1.0,center,,success,1,0,0,76,2.3150817883156583,349.9315339664111,0.9585023470824539,11.067513139453155,44.69392989154237,22.673639185314123
H0,map-barrier-01,7019,H0_map-barrier-01_seed307,2048,1.0,center,,success,1,0,0,75,2.7876063323877758,348.0244176847661,0.9637547815072466,9.45412018012649,48.13365584639957,22.831446385032354
H0,map-barrier-01,7019,H0_map-barrier-01_seed307,2049,1.0,center,,success,1,0,0,75,1.7068657710859243,349.5925972626186,0.9594316334250176,13.787240990760024,45.01249819238955,22.671743991317705
H0,map-barrier-01,7019,H0_map-barrier-01_seed307,2050,1.0,center,,success,1,0,0,75,2.8628665346721744,348.944784737684,0.961212808717316,8.637128383782176,48.53421493865545,23.022007665275307
H0,map-barrier-01,7019,H0_map-barrier-01_seed401,2001,1.0,center,,success,1,0,0,76,2.8773149852742366,347.63142042804714,0.9648443061101026,14.005952899765518,40.08028270507991,20.87394851897988
H0,map-barrier-01,7019,H0_map-barrier-01_seed401,2002,1.0,center,,success,1,0,0,95,2.99345946164991,364.9296272700343,0.919109251649709,13.35381434471951,31.86128521429128,21.33031946511419
H0,map-barrier-01,7019,H0_map-barrier-01_seed401,2003,1.0,center,,success,1,0,0,74,2.9638822614285654,345.9453458927919,0.9695467813257176,13.945938554871972,33.49270343955263,21.403905485520447
H0,map-barrier-01,7019,H0_map-barrier-01_seed401,2004,1.0,center,,success,1,0,0,75,2.9412941769586904,345.8245226890623,0.9698855188662906,13.096728952526197,33.68475673682994,20.794996490668787
H0,map-barrier-01,7019,H0_map-barrier-01_seed401,2005,1.0,center,,success,1,0,0,499,2.971540384898646,391.0126547895198,0.8577988270111568,13.102568049536774,24.77611191873334,6.1105337867889045
H0,map-barrier-01,7019,H0_map-barrier-01_seed401,2006,1.0,center,,success,1,0,0,74,2.7975045282660433,345.1633173173148,0.9717434611297929,13.02867545249062,32.04836566245456,21.344051536823677
H0,map-barrier-01,7019,H0_map-barrier-01_seed401,2007,1.0,center,,success,1,0,0,75,2.580648984367334,345.8314987526099,0.9698659544742734,12.35039029316342,36.22192976260324,21.251127728224404
H0,map-barrier-01,7019,H0_map-barrier-01_seed401,2008,1.0,center,,success,1,0,0,95,2.756329052731059,362.1771475520192,0.926094312940586,13.10162957102023,31.00129401611205,21.047434935672843
H0,map-barrier-01,7019,H0_map-barrier-01_seed401,2009,1.0,center,,success,1,0,0,151,2.997870709983172,375.4471722859631,0.8933618931866663,13.576115678437144,29.509373109497954,15.453455859202077
H0,map-barrier-01,7019,H0_map-barrier-01_seed401,2010,1.0,center,,success,1,0,0,74,2.846758301197256,345.58111852052383,0.9705686411945816,12.83664773117458,38.598991569118496,21.499243821059846
H0,map-barrier-01,7019,H0_map-barrier-01_seed401,2011,1.0,center,,success,1,0,0,99,2.9850441185410475,365.82622518699526,0.9168566208000004,13.500202014193071,34.031385732679325,21.176216296427885
H0,map-barrier-01,7019,H0_map-barrier-01_seed401,2012,1.0,center,,success,1,0,0,74,2.514177466678862,345.99527215045845,0.9694068781353551,13.181074856366251,34.15809385254476,21.26811959278259
H0,map-barrier-01,7019,H0_map-barrier-01_seed401,2013,1.0,center,,success,1,0,0,74,2.558683765544355,346.0039016747301,0.9693827006039935,13.851241229001609,35.0129505510998,21.19965492577655
H0,map-barrier-01,7019,H0_map-barrier-01_seed401,2014,1.0,center,,success,1,0,0,95,2.6868597247472863,367.1417627491284,0.9135713521486728,12.98329779754012,32.93054016148703,21.86048839145364
H0,map-barrier-01,7019,H0_map-barrier-01_seed401,2015,1.0,center,,success,1,0,0,75,2.9921219483846597,345.498371124001,0.9708010938916647,14.241693907186974,33.3204618170268,20.798646366082746
H0,map-barrier-01,7019,H0_map-barrier-01_seed401,2016,1.0,center,,success,1,0,0,74,2.8856583470928476,344.3795801507792,0.9739549495882315,12.100450493970266,34.971025410746506,21.493236610192955
H0,map-barrier-01,7019,H0_map-barrier-01_seed401,2017,1.0,center,,success,1,0,0,95,2.9037457266793636,366.5939499632314,0.9149365303453846,13.148404748958725,31.154353370320237,21.775329207738864
H0,map-barrier-01,7019,H0_map-barrier-01_seed401,2018,1.0,center,,success,1,0,0,75,2.99380310094347,345.73732751803595,0.9701301246029654,13.522526695802872,39.77383636583509,20.94411903453092
H0,map-barrier-01,7019,H0_map-barrier-01_seed401,2019,1.0,center,,success,1,0,0,74,2.821227710832056,346.8104184755918,0.9671283754947931,13.347017498627359,32.65447202816123,21.651626015477696
H0,map-barrier-01,7019,H0_map-barrier-01_seed401,2020,1.0,center,,success,1,0,0,75,2.9377888126926868,345.0984025589173,0.9719262509993949,13.891899362322254,33.05052475211467,20.723576393823468
H0,map-barrier-01,7019,H0_map-barrier-01_seed401,2021,1.0,center,,success,1,0,0,75,2.6442635819161135,345.81497736368874,0.9699122900400647,13.342806831688968,31.64140049910493,21.002866610778543
H0,map-barrier-01,7019,H0_map-barrier-01_seed401,2022,1.0,center,,success,1,0,0,75,2.708492043351656,347.8982798777019,0.964104210986259,13.069281227002216,34.92636062845329,21.290995817560113
H0,map-barrier-01,7019,H0_map-barrier-01_seed401,2023,1.0,center,,success,1,0,0,73,2.8608926843608127,344.6525741535638,0.9731834948533497,12.712404120157183,37.93463810288122,21.617576495270228
H0,map-barrier-01,7019,H0_map-barrier-01_seed401,2024,1.0,center,,success,1,0,0,97,2.8665362179956784,364.26674727639084,0.9207818147904475,12.81817119023061,33.40818156239526,21.370711518636938
H0,map-barrier-01,7019,H0_map-barrier-01_seed401,2025,1.0,center,,success,1,0,0,96,2.721109732293832,367.5988552500469,0.9124353676151055,12.290267621854557,31.509332114694026,21.650527835823482
H0,map-barrier-01,7019,H0_map-barrier-01_seed401,2026,1.0,center,,success,1,0,0,73,2.970607540268103,344.6154610885742,0.9732883010108483,13.495794056952022,38.75673302859407,21.367838334563288
H0,map-barrier-01,7019,H0_map-barrier-01_seed401,2027,1.0,center,,success,1,0,0,73,2.833934601842702,343.7635769057762,0.9757002171201595,13.325827328171192,31.613478716571727,21.34080928420079
H0,map-barrier-01,7019,H0_map-barrier-01_seed401,2028,1.0,center,,success,1,0,0,75,2.7725723625735066,345.86719357494854,0.9697658605839583,14.074212358569032,36.6665498185351,21.10803787554318
H0,map-barrier-01,7019,H0_map-barrier-01_seed401,2029,1.0,center,,success,1,0,0,96,2.882235579697444,363.21539451247634,0.9234470831699487,13.71187106222875,31.006485640372535,21.26127784540267
H0,map-barrier-01,7019,H0_map-barrier-01_seed401,2030,1.0,center,,success,1,0,0,75,2.980024111420669,346.18430835853013,0.9688775271627756,14.27589488244137,32.61774304995185,20.802847827948284
H0,map-barrier-01,7019,H0_map-barrier-01_seed401,2031,1.0,center,,success,1,0,0,759,2.997059928530771,424.5586273861245,0.7900209181709127,14.038751553284714,24.23466403981828,5.320632193727152
H0,map-barrier-01,7019,H0_map-barrier-01_seed401,2032,1.0,center,,success,1,0,0,75,2.975033808249414,345.5109150477385,0.9707658485365812,13.403539367617933,34.52778417436268,20.821002255816854
H0,map-barrier-01,7019,H0_map-barrier-01_seed401,2033,1.0,center,,success,1,0,0,73,2.5300584274720537,343.9051363725615,0.9752985958942171,13.01308302801982,39.83463925431855,21.35216535611194
H0,map-barrier-01,7019,H0_map-barrier-01_seed401,2034,1.0,center,,success,1,0,0,74,2.8493454861247454,346.67298501553637,0.9675117794654142,13.387927404495505,36.71372305344968,21.708504736310623
H0,map-barrier-01,7019,H0_map-barrier-01_seed401,2035,1.0,center,,success,1,0,0,97,2.9127778845353287,368.7622140095839,0.9095568468852163,13.687640001688615,31.082325104432655,21.815193794277466
H0,map-barrier-01,7019,H0_map-barrier-01_seed401,2036,1.0,center,,success,1,0,0,95,2.918703594900778,367.087549857367,0.9137062718561094,12.634341333728772,31.96810130870284,21.780620510476425
H0,map-barrier-01,7019,H0_map-barrier-01_seed401,2037,1.0,center,,success,1,0,0,97,2.9344740729714607,365.440840722339,0.917823514093249,12.723529544432399,33.332441126642955,21.414554859617255
H0,map-barrier-01,7019,H0_map-barrier-01_seed401,2038,1.0,center,,success,1,0,0,251,2.936727309680423,380.05801379716894,0.8825236791453941,13.138440478693143,27.595814984665317,10.24744918676771
H0,map-barrier-01,7019,H0_map-barrier-01_seed401,2039,1.0,center,,success,1,0,0,115,2.9677003257992722,368.6393296094669,0.9098600439087683,13.417079668876198,31.804361113148424,18.756228603553048
H0,map-barrier-01,7019,H0_map-barrier-01_seed401,2040,1.0,center,,success,1,0,0,74,2.8262728475558623,344.7438008323941,0.9729259694158696,14.021637104448674,32.88204287338483,21.04105504682962
H0,map-barrier-01,7019,H0_map-barrier-01_seed401,2041,1.0,center,,success,1,0,0,1301,2.9866606488045173,451.818470202043,0.7423560981802728,13.404515265383209,22.594038358891016,3.984228100689753
H0,map-barrier-01,7019,H0_map-barrier-01_seed401,2042,1.0,center,,success,1,0,0,75,2.5191482505771874,345.8791004734066,0.9697324763649805,13.580519067958019,33.94438750821256,20.85074049405947
H0,map-barrier-01,7019,H0_map-barrier-01_seed401,2043,1.0,center,,success,1,0,0,116,2.9873757225307163,365.86254031580654,0.916765614581498,13.27805107914567,34.82257579347682,18.45914269888841
H0,map-barrier-01,7019,H0_map-barrier-01_seed401,2044,1.0,center,,success,1,0,0,76,2.451648735280708,346.0884969168213,0.9691457520634693,13.968977219084511,35.6863030044042,20.602364476010106
H0,map-barrier-01,7019,H0_map-barrier-01_seed401,2045,1.0,center,,success,1,0,0,95,2.862073313390064,363.44225052531243,0.9228706792899644,12.200736047912143,30.276391794073827,21.14737124026588
H0,map-barrier-01,7019,H0_map-barrier-01_seed401,2046,1.0,center,,success,1,0,0,74,2.796986739154721,346.1488062008806,0.968976898421888,13.761037347228177,35.63206762241321,21.34572522260041
H0,map-barrier-01,7019,H0_map-barrier-01_seed401,2047,1.0,center,,success,1,0,0,75,2.8441715782292434,346.15380258777327,0.9689629122012012,14.016047133805976,38.000654755745636,20.884181752070777
H0,map-barrier-01,7019,H0_map-barrier-01_seed401,2048,1.0,center,,success,1,0,0,106,2.985111809180712,369.9012363194172,0.9067560843060687,13.193487637767825,33.11861411083412,20.1788372049288
H0,map-barrier-01,7019,H0_map-barrier-01_seed401,2049,1.0,center,,success,1,0,0,74,2.9469866801736204,345.04926020683433,0.9720646739654278,13.613729051348816,34.41944202162234,21.113450316082417
H0,map-barrier-01,7019,H0_map-barrier-01_seed401,2050,1.0,center,,success,1,0,0,96,2.833597278421021,364.24469628728946,0.920837557948741,12.579320523134992,31.403164923514467,21.233423557037792
H0,map-barrier-01,7019,H0_map-barrier-01_seed503,2001,1.0,center,,success,1,0,0,80,2.207106435812688,352.274565554108,0.9521272025341574,2.902597464094015,47.38387907559635,23.076465280544184
H0,map-barrier-01,7019,H0_map-barrier-01_seed503,2002,1.0,center,,success,1,0,0,79,1.7274349655757075,350.13556356781487,0.9579438124114051,2.810700429119727,54.64414093180218,23.314389136880582
H0,map-barrier-01,7019,H0_map-barrier-01_seed503,2003,1.0,center,,success,1,0,0,79,2.1655626792866096,351.5663024215276,0.9540453516583396,2.745761772264718,55.014210294738945,23.58692592762302
H0,map-barrier-01,7019,H0_map-barrier-01_seed503,2004,1.0,center,,success,1,0,0,79,1.9221542826503977,351.0561029196651,0.9554318920406948,2.9808020502153596,52.710342537056356,23.241363475013177
H0,map-barrier-01,7019,H0_map-barrier-01_seed503,2005,1.0,center,,success,1,0,0,79,1.8885046822582179,350.8860462603071,0.9558949413911496,2.748733590730888,53.79583422708867,23.359044338085358
H0,map-barrier-01,7019,H0_map-barrier-01_seed503,2006,1.0,center,,success,1,0,0,78,2.236557485549335,349.06483995106083,0.9608822150978977,2.3003275317607503,50.88735785684176,23.770693415588372
H0,map-barrier-01,7019,H0_map-barrier-01_seed503,2007,1.0,center,,success,1,0,0,79,2.1159057627011997,349.6940718925412,0.9591532244448168,2.700560190709521,51.461399635266424,23.178177566976313
H0,map-barrier-01,7019,H0_map-barrier-01_seed503,2008,1.0,center,,success,1,0,0,79,1.6683491848676357,350.11653576253116,0.9579958738437383,2.424968473399659,53.27073487205156,23.20007317670358
H0,map-barrier-01,7019,H0_map-barrier-01_seed503,2009,1.0,center,,success,1,0,0,79,2.492607794262536,351.8827563732146,0.9531873629784378,3.226397386899432,49.496310841600355,23.762366606684328
H0,map-barrier-01,7019,H0_map-barrier-01_seed503,2010,1.0,center,,success,1,0,0,79,2.1723675244997467,352.18390427678975,0.9523723047869944,2.7349220573419117,45.267602938260126,23.481671157359067
H0,map-barrier-01,7019,H0_map-barrier-01_seed503,2011,1.0,center,,success,1,0,0,78,2.7683719345128743,348.25543443491733,0.9631154706005043,2.852166515259,45.553713144456566,23.06101347859881
H0,map-barrier-01,7019,H0_map-barrier-01_seed503,2012,1.0,center,,success,1,0,0,79,2.3039028925944316,351.70245552891623,0.953676016053268,2.702208875254712,52.82741189818187,23.876444730046575
H0,map-barrier-01,7019,H0_map-barrier-01_seed503,2013,1.0,center,,success,1,0,0,79,2.4645605641890027,351.147088091026,0.9551843315813625,2.6920719879649577,51.919235254242984,23.217876962732777
H0,map-barrier-01,7019,H0_map-barrier-01_seed503,2014,1.0,center,,success,1,0,0,78,2.193617863548509,349.7880911386656,0.9588954144582431,2.6963204834622787,52.48355189276755,23.683321240933214
H0,map-barrier-01,7019,H0_map-barrier-01_seed503,2015,1.0,center,,success,1,0,0,80,2.3297756623596135,351.10827786945504,0.9552899141548488,2.8772018519291507,47.33868289766927,22.560411532124707
H0,map-barrier-01,7019,H0_map-barrier-01_seed503,2016,1.0,center,,success,1,0,0,78,2.878414650426506,348.4053505249329,0.9627010495665898,2.644954149818524,51.77471372208138,23.4408201758828
H0,map-barrier-01,7019,H0_map-barrier-01_seed503,2017,1.0,center,,success,1,0,0,78,2.7389765147137783,349.44814540881544,0.9598282349805459,2.2071682343684387,52.177650335228215,23.768264426252877
H0,map-barrier-01,7019,H0_map-barrier-01_seed503,2018,1.0,center,,success,1,0,0,79,2.7912838425615996,349.991035533021,0.9583393932194677,2.8258186008921626,49.527671838764086,22.866858583515384
H0,map-barrier-01,7019,H0_map-barrier-01_seed503,2019,1.0,center,,success,1,0,0,78,2.9147491509569856,349.5861187742276,0.9594494134979819,2.692538330493093,54.05798261615975,23.54764327948172
H0,map-barrier-01,7019,H0_map-barrier-01_seed503,2020,1.0,center,,success,1,0,0,79,2.7988260648704606,350.2288285945696,0.9576887144640072,2.6275532739010075,53.78393153183521,23.229960631048616
H0,map-barrier-01,7019,H0_map-barrier-01_seed503,2021,1.0,center,,success,1,0,0,79,2.0954824516362547,349.98844094993063,0.9583464977146268,3.0384698339506357,49.25753256199531,23.420830624946014
H0,map-barrier-01,7019,H0_map-barrier-01_seed503,2022,1.0,center,,success,1,0,0,79,2.5579376695540925,351.64625847880666,0.9538284242691104,2.5897333285473962,52.05851911671164,23.3490981462549
H0,map-barrier-01,7019,H0_map-barrier-01_seed503,2023,1.0,center,,success,1,0,0,78,2.6027812285345533,349.79343777870133,0.958880757612061,2.1695648202265616,49.28073107536583,23.895096319747452
H0,map-barrier-01,7019,H0_map-barrier-01_seed503,2024,1.0,center,,success,1,0,0,78,2.8190741137879587,348.321777688757,0.9629320304074538,2.7005231259760034,50.69847131825849,23.398726465291286
H0,map-barrier-01,7019,H0_map-barrier-01_seed503,2025,1.0,center,,success,1,0,0,78,2.89773675767897,349.3317519563001,0.9601480390678224,3.102903757469676,54.44114118664115,24.071693151857545
H0,map-barrier-01,7019,H0_map-barrier-01_seed503,2026,1.0,center,,success,1,0,0,78,2.899205005257916,349.55085050133295,0.9595462180793334,2.798811274182988,49.318410240851506,23.398398172538542
H0,map-barrier-01,7019,H0_map-barrier-01_seed503,2027,1.0,center,,success,1,0,0,78,2.569138376903245,349.52350936848563,0.9596212776387577,2.7073382133241353,55.90093274950524,23.909554280771285
H0,map-barrier-01,7019,H0_map-barrier-01_seed503,2028,1.0,center,,success,1,0,0,79,2.9790422251665523,349.6708449100921,0.95921693646266,3.230915728930796,48.85890871712041,22.948200712810646
H0,map-barrier-01,7019,H0_map-barrier-01_seed503,2029,1.0,center,,success,1,0,0,79,2.372459487068303,348.83888686050165,0.9615046064491566,2.8219173431914086,53.57235565125825,23.37329613964059
H0,map-barrier-01,7019,H0_map-barrier-01_seed503,2030,1.0,center,,success,1,0,0,79,2.0220615932956507,351.0312006726711,0.955499670633925,3.045740189680558,56.87934750377049,22.968248282640737
H0,map-barrier-01,7019,H0_map-barrier-01_seed503,2031,1.0,center,,success,1,0,0,80,2.266332960864613,352.12620171665634,0.9525283690614462,2.7254005744132925,48.889528634289654,22.902540334282456
H0,map-barrier-01,7019,H0_map-barrier-01_seed503,2032,1.0,center,,success,1,0,0,80,2.151050151680023,352.8956526718815,0.950451483563129,2.555058951140012,56.88857904025115,23.34174826975389
H0,map-barrier-01,7019,H0_map-barrier-01_seed503,2033,1.0,center,,success,1,0,0,79,2.1979191803297677,351.18601042356033,0.9550784674493017,3.1156040424106735,53.324928808439175,23.698926404882975
H0,map-barrier-01,7019,H0_map-barrier-01_seed503,2034,1.0,center,,success,1,0,0,78,2.979524402408778,349.3591609244614,0.9600727106666341,2.5420443535984347,46.64171218980931,23.500560818655803
H0,map-barrier-01,7019,H0_map-barrier-01_seed503,2035,1.0,center,,success,1,0,0,79,2.1881300100070415,350.71815527715125,0.9563525343018361,2.8438949045540802,52.19470502861062,23.408190197994852
H0,map-barrier-01,7019,H0_map-barrier-01_seed503,2036,1.0,center,,success,1,0,0,78,1.9973247086421442,350.93955508403155,0.9557491931756037,2.5103469510132825,56.05992170190886,24.0573067683417
H0,map-barrier-01,7019,H0_map-barrier-01_seed503,2037,1.0,center,,success,1,0,0,78,2.0791559116048552,349.67860647145824,0.9591956454228938,3.111598925330515,55.757860508250744,23.83005423727603
H0,map-barrier-01,7019,H0_map-barrier-01_seed503,2038,1.0,center,,success,1,0,0,79,1.855947368482379,350.67342880647317,0.9564745118172953,2.6418714652647566,53.23760745201457,23.311665580665757
H0,map-barrier-01,7019,H0_map-barrier-01_seed503,2039,1.0,center,,success,1,0,0,78,2.6551184696812338,348.9908910136443,0.961085819892804,2.4324694635126605,50.21595399433931,23.01194344842963
H0,map-barrier-01,7019,H0_map-barrier-01_seed503,2040,1.0,center,,success,1,0,0,78,2.9369818950593185,348.30021061507733,0.9629916560562916,2.966795553524399,51.26901995703548,23.13350913519946
H0,map-barrier-01,7019,H0_map-barrier-01_seed503,2041,1.0,center,,success,1,0,0,79,2.2230578861436143,349.4045891188414,0.9599478858329675,3.1794640434987826,58.183779728993954,23.02633315829954
H0,map-barrier-01,7019,H0_map-barrier-01_seed503,2042,1.0,center,,success,1,0,0,79,2.6937928373991373,349.79206290914294,0.9588845265253771,2.4552479410312245,55.295236461434314,22.853452008828715
H0,map-barrier-01,7019,H0_map-barrier-01_seed503,2043,1.0,center,,success,1,0,0,78,2.7727483429054898,347.69189618994983,0.9646764859935888,2.6151552410704113,53.65720061508719,23.149356092204812
H0,map-barrier-01,7019,H0_map-barrier-01_seed503,2044,1.0,center,,success,1,0,0,80,2.6337953482240355,350.1944095265045,0.9577828414750377,3.306598893752279,49.71429975923312,22.518569118748786
H0,map-barrier-01,7019,H0_map-barrier-01_seed503,2045,1.0,center,,success,1,0,0,79,2.0446145861279845,350.694268451526,0.9564176743063306,2.7569809336443925,54.95971290382212,24.008270608895284
H0,map-barrier-01,7019,H0_map-barrier-01_seed503,2046,1.0,center,,success,1,0,0,79,2.163282676376708,352.77765332378874,0.9507693967143663,2.777479598746524,55.3856617696418,23.87289272835979
H0,map-barrier-01,7019,H0_map-barrier-01_seed503,2047,1.0,center,,success,1,0,0,79,2.5222352183235675,350.18330338876723,0.9578132177609909,2.9803132799065892,51.82442168513991,22.89536320959429
H0,map-barrier-01,7019,H0_map-barrier-01_seed503,2048,1.0,center,,success,1,0,0,79,2.281089402561288,350.2029678773301,0.9577594349299082,2.773221126056449,53.72852358095033,23.303971669765403
H0,map-barrier-01,7019,H0_map-barrier-01_seed503,2049,1.0,center,,success,1,0,0,79,2.357948104581014,352.6620095550596,0.9510811698944915,2.7328792142236367,50.59110403102118,23.390861168412993
H0,map-barrier-01,7019,H0_map-barrier-01_seed503,2050,1.0,center,,success,1,0,0,78,2.6635663032092673,348.54421397128925,0.9623174999903953,2.589246107571853,55.12001353535052,23.516711724455373
H0,map-mixed-01,7027,H0_map-mixed-01_seed101,2001,1.0,center,,success,1,0,0,94,2.9887603911152594,360.24475284628716,0.9310619904242843,3.784009757814225,34.42393188521896,19.420542214680424
H0,map-mixed-01,7027,H0_map-mixed-01_seed101,2002,1.0,center,,success,1,0,0,92,1.8962875867111226,357.9226653375192,0.9371024221354588,3.7949036068160353,37.010213559051884,19.991205579025696
H0,map-mixed-01,7027,H0_map-mixed-01_seed101,2003,1.0,center,,success,1,0,0,94,1.7630843942549064,361.0769087139466,0.9289162184854312,2.8585344454446666,33.960980877782475,19.61295420054471
H0,map-mixed-01,7027,H0_map-mixed-01_seed101,2004,1.0,center,,success,1,0,0,94,2.6284326744446522,361.38750358876865,0.9281178604521966,3.1683902593193807,34.28210145386901,19.503700563047637
H0,map-mixed-01,7027,H0_map-mixed-01_seed101,2005,1.0,center,,success,1,0,0,93,1.5560001629984652,360.325334661754,0.9308537711893781,2.9642749656076637,35.737788839054296,19.781940573185103
H0,map-mixed-01,7027,H0_map-mixed-01_seed101,2006,1.0,center,,success,1,0,0,92,1.6182570633606652,358.0890715041193,0.93666694494783,3.466606689496359,35.209487651432944,19.88566632556215
H0,map-mixed-01,7027,H0_map-mixed-01_seed101,2007,1.0,center,,success,1,0,0,93,1.7932598671928726,359.1528562326584,0.9338926053470964,2.943068024017282,34.158295362443916,19.696175106283164
H0,map-mixed-01,7027,H0_map-mixed-01_seed101,2008,1.0,center,,success,1,0,0,92,2.211768248328926,357.8255066425934,0.937356869195985,3.6339916904238083,35.78019116157235,19.889036761736097
H0,map-mixed-01,7027,H0_map-mixed-01_seed101,2009,1.0,center,,success,1,0,0,93,2.2084475391303235,360.4513596943749,0.930528315691086,3.101573110821304,36.357699162269284,20.021935853099116
H0,map-mixed-01,7027,H0_map-mixed-01_seed101,2010,1.0,center,,success,1,0,0,94,1.6040197077823228,361.2872035427745,0.9283755232290083,3.3353425903198723,36.57096593132932,19.78940222095011
H0,map-mixed-01,7027,H0_map-mixed-01_seed101,2011,1.0,center,,success,1,0,0,93,1.8998005177242394,359.68804887724326,0.9325030333144027,2.9992247630693045,34.72400384599656,19.75459152144079
H0,map-mixed-01,7027,H0_map-mixed-01_seed101,2012,1.0,center,,success,1,0,0,94,1.9938357691319106,361.69107705111173,0.9273388753728381,3.7369612116085307,33.552678827379744,19.68382005676027
H0,map-mixed-01,7027,H0_map-mixed-01_seed101,2013,1.0,center,,success,1,0,0,95,1.4443964012660184,363.23084185634656,0.9234078111616392,3.1620997459522493,33.857841174317784,19.478459447770696
H0,map-mixed-01,7027,H0_map-mixed-01_seed101,2014,1.0,center,,success,1,0,0,92,2.8407095812699037,359.0946535112313,0.9340439723769877,2.798979459674344,35.79990220347696,20.295653675505335
H0,map-mixed-01,7027,H0_map-mixed-01_seed101,2015,1.0,center,,success,1,0,0,95,2.526088742619498,361.48237878873584,0.927874265265348,3.3918777325770244,34.57777022112613,19.164504244291766
H0,map-mixed-01,7027,H0_map-mixed-01_seed101,2016,1.0,center,,success,1,0,0,91,2.492464905400464,356.5915726436051,0.9406004582172044,3.2491668086094734,35.918704073931536,20.305224020024184
H0,map-mixed-01,7027,H0_map-mixed-01_seed101,2017,1.0,center,,success,1,0,0,91,2.721909999997628,357.1294535449437,0.9391837981875053,3.707567036815469,34.95578744034231,20.31502840298514
H0,map-mixed-01,7027,H0_map-mixed-01_seed101,2018,1.0,center,,success,1,0,0,94,2.738237333157361,360.88904451419023,0.9293997745940998,3.907499147566675,36.18385401918607,19.43806578456147
H0,map-mixed-01,7027,H0_map-mixed-01_seed101,2019,1.0,center,,success,1,0,0,93,1.8390424025540995,360.1048794300141,0.9314236373466165,3.65690030201106,32.94514952632967,19.91827810482052
H0,map-mixed-01,7027,H0_map-mixed-01_seed101,2020,1.0,center,,success,1,0,0,95,1.7075386163780533,362.07483996689433,0.9263559894292465,3.7619403348018494,31.95035766267837,19.230834760847003
H0,map-mixed-01,7027,H0_map-mixed-01_seed101,2021,1.0,center,,success,1,0,0,92,2.751350807839218,356.9401380669782,0.9396819266149056,3.0736608210043554,34.71579830279927,19.861447946848966
H0,map-mixed-01,7027,H0_map-mixed-01_seed101,2022,1.0,center,,success,1,0,0,95,2.5140017453283012,362.9692143798516,0.9240734016465586,3.0303708007119505,34.356113892864194,19.466796151349456
H0,map-mixed-01,7027,H0_map-mixed-01_seed101,2023,1.0,center,,success,1,0,0,91,2.629569683359145,357.4139133611936,0.9384363173517851,2.7723864017611133,42.46884325832303,20.76082817304025
H0,map-mixed-01,7027,H0_map-mixed-01_seed101,2024,1.0,center,,success,1,0,0,93,2.5925540005119783,359.60607245888946,0.9327156083086248,2.8895031396681037,35.82543021910015,19.730593327533143
H0,map-mixed-01,7027,H0_map-mixed-01_seed101,2025,1.0,center,,success,1,0,0,91,2.9609717235369786,356.73668690150805,0.9402178383676372,3.1768068770579987,38.981440585418376,20.400781563042862
H0,map-mixed-01,7027,H0_map-mixed-01_seed101,2026,1.0,center,,success,1,0,0,93,2.39136914893749,359.87150551739643,0.9320276584353093,3.781929968996713,34.16287095599407,19.909629094227267
H0,map-mixed-01,7027,H0_map-mixed-01_seed101,2027,1.0,center,,success,1,0,0,92,2.451299800037312,358.2225566014122,0.9363179131072235,3.4065611527511024,35.5872652868565,20.150087077684887
H0,map-mixed-01,7027,H0_map-mixed-01_seed101,2028,1.0,center,,success,1,0,0,95,2.47063436422264,361.87895593379784,0.9268574232493598,3.8795779118342324,34.84700749547174,19.34709379413096
H0,map-mixed-01,7027,H0_map-mixed-01_seed101,2029,1.0,center,,success,1,0,0,92,1.6983657586843397,357.03240058262145,0.939439098741826,3.5624586789184574,34.28055103249999,19.810295843980715
H0,map-mixed-01,7027,H0_map-mixed-01_seed101,2030,1.0,center,,success,1,0,0,94,2.4908826040463103,361.19650832722976,0.9286086351673701,3.3771446563589227,32.58570864884712,19.29144247141634
H0,map-mixed-01,7027,H0_map-mixed-01_seed101,2031,1.0,center,,success,1,0,0,95,1.883792254257371,361.83666357223575,0.9269657566307081,3.428650173492667,36.35756561995102,19.31641943585041
H0,map-mixed-01,7027,H0_map-mixed-01_seed101,2032,1.0,center,,success,1,0,0,94,1.8772038282602785,360.7666060485676,0.9297151981406351,3.7941777529065632,32.810309394769284,19.428234183627982
H0,map-mixed-01,7027,H0_map-mixed-01_seed101,2033,1.0,center,,success,1,0,0,93,1.8625047924001086,360.6368379779133,0.9300497378626369,3.1217744171112036,36.883783237977696,20.160171317484068
H0,map-mixed-01,7027,H0_map-mixed-01_seed101,2034,1.0,center,,success,1,0,0,91,2.56571380159484,356.9856751208076,0.9395620608907128,3.4882749040042853,40.71088629434845,20.315347820126483
H0,map-mixed-01,7027,H0_map-mixed-01_seed101,2035,1.0,center,,success,1,0,0,93,2.3564515996098017,358.7268832856925,0.9350015631748612,2.9088497755465674,34.437438100140845,19.68974234528842
H0,map-mixed-01,7027,H0_map-mixed-01_seed101,2036,1.0,center,,success,1,0,0,91,2.75495804958542,357.8047170570606,0.937411332594252,2.893263905677287,31.97879880109172,20.46824276681567
H0,map-mixed-01,7027,H0_map-mixed-01_seed101,2037,1.0,center,,success,1,0,0,91,2.5350745542655906,357.6539497569772,0.937806493826999,2.845451229904344,37.601337912825244,20.401665053574128
H0,map-mixed-01,7027,H0_map-mixed-01_seed101,2038,1.0,center,,success,1,0,0,94,1.6496974167368699,361.1531982760419,0.9287199953538909,3.1079839245548726,34.66240038124346,19.50731365019886
H0,map-mixed-01,7027,H0_map-mixed-01_seed101,2039,1.0,center,,success,1,0,0,93,2.4351402639287185,359.92794425937,0.9318815112151069,2.9777298084264134,32.819816635893005,19.587592994387457
H0,map-mixed-01,7027,H0_map-mixed-01_seed101,2040,1.0,center,,success,1,0,0,93,1.7702094086482079,359.96991519474835,0.9317728578609333,3.5230847388561117,37.646244949971575,19.841932998316906
H0,map-mixed-01,7027,H0_map-mixed-01_seed101,2041,1.0,center,,success,1,0,0,94,1.5439395986061755,360.1431508010599,0.9313246576504971,3.3566924787343595,34.21588093246766,19.281412003859025
H0,map-mixed-01,7027,H0_map-mixed-01_seed101,2042,1.0,center,,success,1,0,0,95,1.5914725421898073,362.1182700832098,0.9262448883009847,3.9117800294760703,33.04248864865948,19.235569327249106
H0,map-mixed-01,7027,H0_map-mixed-01_seed101,2043,1.0,center,,success,1,0,0,92,1.9543095423690915,357.5691477859647,0.9380289063018933,3.734556859356772,38.50488707227594,19.90099276739197
H0,map-mixed-01,7027,H0_map-mixed-01_seed101,2044,1.0,center,,success,1,0,0,96,1.820581233055035,362.29153603215565,0.925801911627322,3.215409924855231,34.5903109615346,18.981531654802282
H0,map-mixed-01,7027,H0_map-mixed-01_seed101,2045,1.0,center,,success,1,0,0,91,2.6289105260558494,356.897855585936,0.9397932528182602,3.3403708738697873,34.780764290589616,20.35919138570384
H0,map-mixed-01,7027,H0_map-mixed-01_seed101,2046,1.0,center,,success,1,0,0,93,2.7498561773967922,360.1438186312414,0.9313229306551054,3.3206822358037758,34.24680931949912,19.817687670183524
H0,map-mixed-01,7027,H0_map-mixed-01_seed101,2047,1.0,center,,success,1,0,0,94,2.833064070474904,360.49854358731073,0.9304065233865058,3.5161773322381435,34.42893294629746,19.362810153200666
H0,map-mixed-01,7027,H0_map-mixed-01_seed101,2048,1.0,center,,success,1,0,0,93,1.6856277732434195,359.8729211687457,0.9320239920682819,2.939243943087095,35.427508500974284,19.819497888906227
H0,map-mixed-01,7027,H0_map-mixed-01_seed101,2049,1.0,center,,success,1,0,0,95,2.0580491366150135,363.34337322781164,0.9231218217778547,2.872659476690879,36.36618735548032,19.458847695738786
H0,map-mixed-01,7027,H0_map-mixed-01_seed101,2050,1.0,center,,success,1,0,0,92,2.3734627555826853,357.7135332929427,0.9376502855157304,3.4987592171449515,33.601080207377564,19.900501744381813
H0,map-mixed-01,7027,H0_map-mixed-01_seed211,2001,1.0,center,,success,1,0,0,75,1.588186730273667,339.94164456860625,0.9866699240412622,1.9085646733335386,45.6888245907338,18.712440206406647
H0,map-mixed-01,7027,H0_map-mixed-01_seed211,2002,1.0,center,,success,1,0,0,73,2.345167745757985,339.6743772146426,0.987446269498922,2.3117503906483,50.39034233732913,19.01379960555751
H0,map-mixed-01,7027,H0_map-mixed-01_seed211,2003,1.0,center,,success,1,0,0,74,0.6182853561541278,341.19879316010105,0.983034533969127,2.902584628360273,51.58743118999881,19.208840519163168
H0,map-mixed-01,7027,H0_map-mixed-01_seed211,2004,1.0,center,,success,1,0,0,75,1.0844703411417465,340.6063917227555,0.9847442818923474,1.938210337191073,44.170698422584366,18.96418128043892
H0,map-mixed-01,7027,H0_map-mixed-01_seed211,2005,1.0,center,,success,1,0,0,74,2.868360686409545,341.50333902917697,0.9821578833708331,2.8674834078722995,52.2069853389537,19.13410358667328
H0,map-mixed-01,7027,H0_map-mixed-01_seed211,2006,1.0,center,,success,1,0,0,73,1.8375237737350867,341.8015666643971,0.9813009340425168,2.2488918693345266,52.99799277966507,19.357008205168125
H0,map-mixed-01,7027,H0_map-mixed-01_seed211,2007,1.0,center,,success,1,0,0,74,2.5674837921139853,341.9079745601145,0.980995535586715,2.6386225278644417,47.378235135469204,18.93092016764797
H0,map-mixed-01,7027,H0_map-mixed-01_seed211,2008,1.0,center,,success,1,0,0,73,2.1377699196592608,340.22774972756076,0.9858402111337186,2.442253179547529,44.85775049696586,18.91814183467218
H0,map-mixed-01,7027,H0_map-mixed-01_seed211,2009,1.0,center,,success,1,0,0,74,1.0498887759986315,342.0608186468845,0.980557194336889,2.9850139534649713,46.088444675426935,19.171684943894686
H0,map-mixed-01,7027,H0_map-mixed-01_seed211,2010,1.0,center,,success,1,0,0,73,1.9510793031208906,339.83533157171973,0.9869785907007219,2.5774733325696615,45.73631818165222,18.989007300199237
H0,map-mixed-01,7027,H0_map-mixed-01_seed211,2011,1.0,center,,success,1,0,0,74,2.627415990546761,340.4516204939089,0.9851919522027048,3.027339481239622,47.97359293677116,18.944978099916227
H0,map-mixed-01,7027,H0_map-mixed-01_seed211,2012,1.0,center,,success,1,0,0,73,2.282896117930128,339.0610384418154,0.9892324938494121,2.3052299422101177,50.33826139501311,19.30593005747622
H0,map-mixed-01,7027,H0_map-mixed-01_seed211,2013,1.0,center,,success,1,0,0,74,1.3820861610930664,339.93885263912694,0.9866780275952569,2.950493572028975,49.62846439091592,19.13168441425557
H0,map-mixed-01,7027,H0_map-mixed-01_seed211,2014,1.0,center,,success,1,0,0,72,2.415715148292292,339.659055510307,0.9874908122824667,2.748844393333343,45.69393176769063,19.125344053557896
H0,map-mixed-01,7027,H0_map-mixed-01_seed211,2015,1.0,center,,success,1,0,0,76,1.4105377682565499,341.55257294277857,0.982016307870592,2.7079835849683014,48.86142209386715,18.973647409663684
H0,map-mixed-01,7027,H0_map-mixed-01_seed211,2016,1.0,center,,success,1,0,0,73,2.363395762864085,341.90361778459254,0.9810080361193632,2.0365081517424874,51.58985894253442,19.33915359979533
H0,map-mixed-01,7027,H0_map-mixed-01_seed211,2017,1.0,center,,success,1,0,0,73,2.1569627748556086,342.1765120742664,0.9802256577803057,2.400668142434057,56.00210980731707,19.578902214007442
H0,map-mixed-01,7027,H0_map-mixed-01_seed211,2018,1.0,center,,success,1,0,0,75,1.5984815502237726,340.82707827375873,0.9841066570290542,2.036518530796135,47.50180926545299,18.87605142212664
H0,map-mixed-01,7027,H0_map-mixed-01_seed211,2019,1.0,center,,success,1,0,0,73,2.065964517637051,340.9401299106867,0.9837803391253271,2.4920196576868014,48.6772306413002,19.105593968178866
H0,map-mixed-01,7027,H0_map-mixed-01_seed211,2020,1.0,center,,success,1,0,0,75,1.642233026968402,340.67668681842116,0.984541090138464,2.1610382976713636,48.82111731666041,18.87231731382462
H0,map-mixed-01,7027,H0_map-mixed-01_seed211,2021,1.0,center,,success,1,0,0,74,1.9925593277769857,340.5944475068212,0.9847788156272016,2.3713117684836647,52.94620140325875,18.945713576666595
H0,map-mixed-01,7027,H0_map-mixed-01_seed211,2022,1.0,center,,success,1,0,0,74,1.8843037385554764,339.39815996362944,0.9882498969968243,2.2917979119972003,54.61363104026264,19.44771905959029
H0,map-mixed-01,7027,H0_map-mixed-01_seed211,2023,1.0,center,,success,1,0,0,72,1.8597161892891227,340.59042253379346,0.9847904533830191,2.4865398171173823,42.68663261356617,19.243723272248197
H0,map-mixed-01,7027,H0_map-mixed-01_seed211,2024,1.0,center,,success,1,0,0,74,2.0536446308984257,340.13985700300407,0.986094953941273,2.496742818262881,53.24617346330412,19.075851091708564
H0,map-mixed-01,7027,H0_map-mixed-01_seed211,2025,1.0,center,,success,1,0,0,73,1.7122309619910894,341.0980297506826,0.9833249311645936,2.0576758995148356,52.559329161486566,19.293728798497114
H0,map-mixed-01,7027,H0_map-mixed-01_seed211,2026,1.0,center,,success,1,0,0,73,1.3914608191073712,339.87870147442914,0.9868526482239817,2.4112607370204002,50.95682626544948,19.513014361405666
H0,map-mixed-01,7027,H0_map-mixed-01_seed211,2027,1.0,center,,success,1,0,0,73,2.3180600650815997,342.45393365214204,0.9794315779875712,2.247198151752693,52.23413424039677,19.374992570100986
H0,map-mixed-01,7027,H0_map-mixed-01_seed211,2028,1.0,center,,success,1,0,0,75,2.6692747553061342,339.1333011334591,0.9890217077000484,2.0072815400029307,48.884448649064666,18.82169204506696
H0,map-mixed-01,7027,H0_map-mixed-01_seed211,2029,1.0,center,,success,1,0,0,74,1.7800318806857538,341.47321264442667,0.9822445339928565,2.535916667621808,52.67764096201117,18.79061099351568
H0,map-mixed-01,7027,H0_map-mixed-01_seed211,2030,1.0,center,,success,1,0,0,75,2.30264353642026,339.27482032809905,0.9886091643954207,2.689009284168499,45.15067858681388,19.05414457184567
H0,map-mixed-01,7027,H0_map-mixed-01_seed211,2031,1.0,center,,success,1,0,0,75,2.5517724342952817,339.4404339144935,0.9881268202404542,2.424743135505337,50.965866531135994,18.966698896775313
H0,map-mixed-01,7027,H0_map-mixed-01_seed211,2032,1.0,center,,success,1,0,0,75,0.21222680660328352,341.9924239999644,0.9807532947718263,1.949621641170553,50.46530119455176,18.862499652275915
H0,map-mixed-01,7027,H0_map-mixed-01_seed211,2033,1.0,center,,success,1,0,0,73,2.1662588259890456,341.1253791271898,0.9832460940993476,2.63058974499711,48.30660578734944,19.13469387861153
H0,map-mixed-01,7027,H0_map-mixed-01_seed211,2034,1.0,center,,success,1,0,0,73,1.492242313828857,342.07887077319776,0.9805054485442023,2.2398972333734526,49.061568694207814,19.19701771062191
H0,map-mixed-01,7027,H0_map-mixed-01_seed211,2035,1.0,center,,success,1,0,0,74,0.5746802234731679,341.36522127119633,0.9825552684481091,2.639143612704153,53.51218713930564,19.13100895838582
H0,map-mixed-01,7027,H0_map-mixed-01_seed211,2036,1.0,center,,success,1,0,0,72,2.5744965905990194,340.2892447323426,0.9856620560805213,2.3768713116908486,52.23883439279485,19.346722159101574
H0,map-mixed-01,7027,H0_map-mixed-01_seed211,2037,1.0,center,,success,1,0,0,73,1.6591367558154342,342.1144036476459,0.9804036107477595,2.6390494361792634,49.03378698917949,19.320629610562808
H0,map-mixed-01,7027,H0_map-mixed-01_seed211,2038,1.0,center,,success,1,0,0,75,1.4805729007501802,341.64135614090236,0.9817611088238276,2.142416822011107,45.954747586769,19.238969522363874
H0,map-mixed-01,7027,H0_map-mixed-01_seed211,2039,1.0,center,,success,1,0,0,74,2.9529702019955515,339.90079427574966,0.9867885049802557,2.751282770332253,52.20848459323261,19.131663264689436
H0,map-mixed-01,7027,H0_map-mixed-01_seed211,2040,1.0,center,,success,1,0,0,74,1.273698692932048,340.9006080395606,0.9838943924266776,2.6336667986851543,45.78294800143024,19.007477511676186
H0,map-mixed-01,7027,H0_map-mixed-01_seed211,2041,1.0,center,,success,1,0,0,74,2.7879331147678412,338.65070965203904,0.9904311051631925,2.226417940640985,48.241988261283716,18.69665970258181
H0,map-mixed-01,7027,H0_map-mixed-01_seed211,2042,1.0,center,,success,1,0,0,75,2.1631878110822576,341.11838685551646,0.9832662487555508,2.0597874915190384,53.90812061072098,18.922020171441886
H0,map-mixed-01,7027,H0_map-mixed-01_seed211,2043,1.0,center,,success,1,0,0,73,2.59843296644545,339.7358152327794,0.9872676991536877,2.401546785187398,44.064327218283985,18.95067473291469
H0,map-mixed-01,7027,H0_map-mixed-01_seed211,2044,1.0,center,,success,1,0,0,76,2.6174316302863123,338.6644686991035,0.9903908665510867,2.3645501173012846,47.29404693800765,18.52059064303058
H0,map-mixed-01,7027,H0_map-mixed-01_seed211,2045,1.0,center,,success,1,0,0,73,2.778886838439814,341.74272696775523,0.9814698899403812,1.9636019923896717,50.625307221599385,19.140101097589465
H0,map-mixed-01,7027,H0_map-mixed-01_seed211,2046,1.0,center,,success,1,0,0,74,0.9439367744907758,340.27657477293775,0.9856987565152948,2.8176868187936437,49.629084598364685,19.319722681305215
H0,map-mixed-01,7027,H0_map-mixed-01_seed211,2047,1.0,center,,success,1,0,0,75,0.9950428071627838,340.7166912068348,0.9844254927368822,2.2615679543520173,43.04677256672697,18.79606698193856
H0,map-mixed-01,7027,H0_map-mixed-01_seed211,2048,1.0,center,,success,1,0,0,74,1.7699937116638043,340.05278162537485,0.9863474576557913,2.71999914376007,52.86507273645397,19.216757674559496
H0,map-mixed-01,7027,H0_map-mixed-01_seed211,2049,1.0,center,,success,1,0,0,74,1.824780253208462,339.7064563493513,0.9873530230465665,2.651077884409915,53.48547985958511,19.307200488341834
H0,map-mixed-01,7027,H0_map-mixed-01_seed211,2050,1.0,center,,success,1,0,0,74,2.444104118208042,342.98459249263124,0.9779162212138568,2.4680253225833084,48.90599940448457,19.249437266403444
H0,map-mixed-01,7027,H0_map-mixed-01_seed307,2001,1.0,center,,success,1,0,0,100,2.8452251514246223,403.7904425728996,0.8306541246686742,17.46137884227996,27.579181485696296,21.14991621098468
H0,map-mixed-01,7027,H0_map-mixed-01_seed307,2002,1.0,center,,success,1,0,0,102,2.617942949571359,413.84147539732027,0.8104798976539227,20.44220964878068,21.581203742805165,22.23318277011209
H0,map-mixed-01,7027,H0_map-mixed-01_seed307,2003,1.0,center,,success,1,0,0,97,2.87484700183082,400.11863887818913,0.8382768609964198,16.865374910400956,25.666778577085033,21.644138741929464
H0,map-mixed-01,7027,H0_map-mixed-01_seed307,2004,1.0,center,,success,1,0,0,151,2.8674125718247656,463.38526907530684,0.7238257644535944,22.257922248253145,26.360051324171703,19.753946660690907
H0,map-mixed-01,7027,H0_map-mixed-01_seed307,2005,1.0,center,,success,1,0,0,151,2.943647076658403,463.44546965488684,0.7237317410282117,22.714582309465133,25.054565544537247,19.77534346867102
H0,map-mixed-01,7027,H0_map-mixed-01_seed307,2006,1.0,center,,success,1,0,0,150,2.9583570651935776,458.2252104762254,0.7319767419090333,21.03641014514382,25.636056534558307,19.870006663233934
H0,map-mixed-01,7027,H0_map-mixed-01_seed307,2007,1.0,center,,success,1,0,0,161,2.99098718600701,465.84437663205233,0.7200048201717214,23.38831079666173,25.195529077813188,18.780189582719157
H0,map-mixed-01,7027,H0_map-mixed-01_seed307,2008,1.0,center,,success,1,0,0,141,2.860481996046157,460.275207350595,0.728716627071082,22.052998648225056,26.283143374816472,20.878190871310867
H0,map-mixed-01,7027,H0_map-mixed-01_seed307,2009,1.0,center,,success,1,0,0,98,2.80264284022432,402.8455700283393,0.832602420330384,16.994658766840498,25.423977165378584,21.65504274219246
H0,map-mixed-01,7027,H0_map-mixed-01_seed307,2010,1.0,center,,success,1,0,0,101,2.995949367284378,406.92837567228753,0.8242487294498358,17.114849919347538,26.49788935461777,21.780157047617745
H0,map-mixed-01,7027,H0_map-mixed-01_seed307,2011,1.0,center,,success,1,0,0,149,2.9568875674718367,456.7007565011893,0.7344200591971103,20.024398299800062,26.35066406464865,19.72067018611783
H0,map-mixed-01,7027,H0_map-mixed-01_seed307,2012,1.0,center,,success,1,0,0,100,2.8159909719783514,407.0242928283747,0.8240544914266261,17.918213758791296,22.813831185772205,21.913813636728747
H0,map-mixed-01,7027,H0_map-mixed-01_seed307,2013,1.0,center,,success,1,0,0,98,2.803450853896752,401.37226900161266,0.8356586205102795,17.427398818862354,24.819852067977095,21.484996945755796
H0,map-mixed-01,7027,H0_map-mixed-01_seed307,2014,1.0,center,,success,1,0,0,146,2.918675967639894,463.9416647252357,0.7229576951740505,21.7766548919272,26.514101701406762,20.82000097508563
H0,map-mixed-01,7027,H0_map-mixed-01_seed307,2015,1.0,center,,success,1,0,0,99,2.769769567915798,402.9048496133099,0.8324799191344562,17.577958221370984,23.50040028670313,20.8872991062142
H0,map-mixed-01,7027,H0_map-mixed-01_seed307,2016,1.0,center,,success,1,0,0,142,2.9931985137670485,460.0556920365922,0.7290643337987228,20.435606330813854,29.435777773989866,21.124481392266585
H0,map-mixed-01,7027,H0_map-mixed-01_seed307,2017,1.0,center,,success,1,0,0,145,2.999192532763998,462.6852147976877,0.7249209309003507,21.907122688972986,25.852727874111437,20.972122579941804
H0,map-mixed-01,7027,H0_map-mixed-01_seed307,2018,1.0,center,,success,1,0,0,152,2.9454620918561223,458.0914103184051,0.7321905389839886,20.509669412999088,28.7291624569624,19.385002693527827
H0,map-mixed-01,7027,H0_map-mixed-01_seed307,2019,1.0,center,,success,1,0,0,149,2.980656337740082,460.2653164885005,0.7287322868121185,20.091252463318202,26.042000379562673,20.34531063487239
H0,map-mixed-01,7027,H0_map-mixed-01_seed307,2020,1.0,center,,success,1,0,0,150,2.889398061949,446.6601686168727,0.7509292750763948,18.736347633651114,26.1177176855907,18.894572388721123
H0,map-mixed-01,7027,H0_map-mixed-01_seed307,2021,1.0,center,,success,1,0,0,100,2.861629484143609,408.29879293782517,0.8214822145605608,18.537494927661516,24.80950098419788,21.621246548348594
H0,map-mixed-01,7027,H0_map-mixed-01_seed307,2022,1.0,center,,success,1,0,0,148,2.988255532576715,451.30460426488617,0.7432013621294781,19.9241926024957,26.873950868287903,19.952037251024034
H0,map-mixed-01,7027,H0_map-mixed-01_seed307,2023,1.0,center,,success,1,0,0,149,2.9508328492095703,469.78078709222825,0.7139717200889276,23.04932467183309,28.40334428619637,20.698613064303185
H0,map-mixed-01,7027,H0_map-mixed-01_seed307,2024,1.0,center,,success,1,0,0,145,2.880854561764084,460.63192334626115,0.728152304747749,21.449298251422036,25.612864842609305,20.31087000547112
H0,map-mixed-01,7027,H0_map-mixed-01_seed307,2025,1.0,center,,success,1,0,0,147,2.9066111407817257,450.2254949230737,0.74498268180543,18.353600791574756,26.33522294633413,19.961544304998807
H0,map-mixed-01,7027,H0_map-mixed-01_seed307,2026,1.0,center,,success,1,0,0,148,2.944813390544841,446.56169232416994,0.751094870854901,17.877537769795676,31.000495761809024,19.63485734543593
H0,map-mixed-01,7027,H0_map-mixed-01_seed307,2027,1.0,center,,success,1,0,0,145,2.943748487118524,457.5692360627147,0.7330261088160153,20.10045163801368,27.279389968347136,20.58221500983064
H0,map-mixed-01,7027,H0_map-mixed-01_seed307,2028,1.0,center,,success,1,0,0,151,2.9376000801574174,454.8370487804121,0.7374293662407854,18.9311431054839,29.401240462622095,19.428181457068472
H0,map-mixed-01,7027,H0_map-mixed-01_seed307,2029,1.0,center,,success,1,0,0,149,2.92744326944992,469.2950424042981,0.7147107178174967,24.21249515670556,25.836813128853645,20.42522763751564
H0,map-mixed-01,7027,H0_map-mixed-01_seed307,2030,1.0,center,,success,1,0,0,99,2.6759831541715737,403.1216975924186,0.8320321099761028,17.666512307138696,22.91788117313723,20.974412329836337
H0,map-mixed-01,7027,H0_map-mixed-01_seed307,2031,1.0,center,,success,1,0,0,96,2.6605725763257455,394.96399057949316,0.8492171555509477,14.597423507546944,32.42013607424652,21.11898067472749
H0,map-mixed-01,7027,H0_map-mixed-01_seed307,2032,1.0,center,,success,1,0,0,152,2.966573607714196,460.63705993116463,0.7281441850881267,21.410221195672534,25.946140783232863,19.573470094101996
H0,map-mixed-01,7027,H0_map-mixed-01_seed307,2033,1.0,center,,success,1,0,0,147,2.8984496382103564,449.7161371268571,0.7458264645957213,18.008156553656836,28.895952640740518,20.06525788978012
H0,map-mixed-01,7027,H0_map-mixed-01_seed307,2034,1.0,center,,success,1,0,0,101,2.8923907699869247,411.5010697330273,0.8150894889351689,18.67180750708023,27.48845532443266,22.376484945522403
H0,map-mixed-01,7027,H0_map-mixed-01_seed307,2035,1.0,center,,success,1,0,0,99,2.660411757179643,401.88114842495463,0.8346004731485965,16.18309303394359,22.974044218611304,21.471523194431573
H0,map-mixed-01,7027,H0_map-mixed-01_seed307,2036,1.0,center,,success,1,0,0,193,2.9684014877007954,457.1407196580218,0.7337132357753701,19.541020619024398,21.18280439045642,15.644160306924404
H0,map-mixed-01,7027,H0_map-mixed-01_seed307,2037,1.0,center,,success,1,0,0,144,2.94989932721115,453.68712077366746,0.7392984752421389,20.12709748508778,27.314543340370214,20.30180290458723
H0,map-mixed-01,7027,H0_map-mixed-01_seed307,2038,1.0,center,,success,1,0,0,148,2.969906025689382,462.59519796732695,0.7250619939393718,22.349576471200233,25.76593931830956,20.15695439381123
H0,map-mixed-01,7027,H0_map-mixed-01_seed307,2039,1.0,center,,success,1,0,0,149,2.852438406688367,460.2295015740033,0.7287889965285845,21.12256748753834,25.138873263899843,19.7471711618103
H0,map-mixed-01,7027,H0_map-mixed-01_seed307,2040,1.0,center,,success,1,0,0,150,2.823628877272414,457.6544185360189,0.7328896718574358,20.920787198225064,26.674963317943728,19.672472384551508
H0,map-mixed-01,7027,H0_map-mixed-01_seed307,2041,1.0,center,,success,1,0,0,152,2.9361778343156706,459.0028472795002,0.7307366361950418,20.782067770435354,26.977050202367685,19.355600206414273
H0,map-mixed-01,7027,H0_map-mixed-01_seed307,2042,1.0,center,,success,1,0,0,149,2.9246680816706583,459.1640587093932,0.7304800762667074,21.973432359503928,26.238390966277578,19.828717342372407
H0,map-mixed-01,7027,H0_map-mixed-01_seed307,2043,1.0,center,,success,1,0,0,143,2.9672984963733295,461.3662825892892,0.7269933007296775,21.679398909301458,28.98277229191883,20.872629174911175
H0,map-mixed-01,7027,H0_map-mixed-01_seed307,2044,1.0,center,,success,1,0,0,99,2.8330738230769836,399.9773469705705,0.8385729821085274,16.6863747962635,23.988498795462498,20.59332354863101
H0,map-mixed-01,7027,H0_map-mixed-01_seed307,2045,1.0,center,,success,1,0,0,151,2.9295168463820525,473.3693462175411,0.708559181757468,22.84556567039357,26.44562004096985,20.457979299359824
H0,map-mixed-01,7027,H0_map-mixed-01_seed307,2046,1.0,center,,success,1,0,0,96,2.634539271173189,396.4204667890766,0.8460970729935348,15.32724350536108,24.042036360921603,21.490122706168982
H0,map-mixed-01,7027,H0_map-mixed-01_seed307,2047,1.0,center,,success,1,0,0,150,2.9752495930130785,449.1601460864463,0.7467496828189533,18.48482980273243,28.27670168133658,19.286771057233093
H0,map-mixed-01,7027,H0_map-mixed-01_seed307,2048,1.0,center,,success,1,0,0,147,2.929959777211319,454.23914561281566,0.7384000253268912,21.493569619232236,25.912620954147624,19.858705637464276
H0,map-mixed-01,7027,H0_map-mixed-01_seed307,2049,1.0,center,,success,1,0,0,147,2.832675508862363,447.85749499756446,0.748921700253766,17.259745524230095,26.78329028194836,19.674818493362874
H0,map-mixed-01,7027,H0_map-mixed-01_seed307,2050,1.0,center,,success,1,0,0,153,2.8581773893284725,470.1505337837865,0.713410221882716,23.202666967862488,25.407931735714467,19.962302027861806
H0,map-mixed-01,7027,H0_map-mixed-01_seed401,2001,1.0,center,,success,1,0,0,82,2.523297963932783,346.305945107437,0.968537217924202,2.1178047784253184,53.17909681003739,20.37094965852783
H0,map-mixed-01,7027,H0_map-mixed-01_seed401,2002,1.0,center,,success,1,0,0,80,2.4134657770732524,346.8356660921702,0.9670579741814516,2.1340608046039,49.77373042894294,21.065880436614094
H0,map-mixed-01,7027,H0_map-mixed-01_seed401,2003,1.0,center,,success,1,0,0,81,1.8945042162642112,346.88605323224465,0.9669175035999705,2.493435930892659,49.772047139932596,20.645591269479397
H0,map-mixed-01,7027,H0_map-mixed-01_seed401,2004,1.0,center,,success,1,0,0,82,1.5974877458333039,347.33104583696314,0.9656787109736504,2.2302407490360565,50.488096564579074,20.86276924606393
H0,map-mixed-01,7027,H0_map-mixed-01_seed401,2005,1.0,center,,success,1,0,0,81,1.9512039188968826,347.59459264161507,0.9649465317511161,2.738313556189837,48.211351230194595,21.144185528483526
H0,map-mixed-01,7027,H0_map-mixed-01_seed401,2006,1.0,center,,success,1,0,0,80,1.9258771401475394,347.7263955284088,0.9645807765478245,1.856061405619555,48.54098254170576,21.125702748699105
H0,map-mixed-01,7027,H0_map-mixed-01_seed401,2007,1.0,center,,success,1,0,0,81,1.2869942012363524,347.6063906725862,0.9649137807161162,2.6306917352068737,52.70671140119668,21.19056174674487
H0,map-mixed-01,7027,H0_map-mixed-01_seed401,2008,1.0,center,,success,1,0,0,80,2.4519775780057644,346.78777455663055,0.9671915252888936,2.317424455781164,49.84380302097342,20.92690473827979
H0,map-mixed-01,7027,H0_map-mixed-01_seed401,2009,1.0,center,,success,1,0,0,81,0.7808178518707357,348.62184214864686,0.9621032192296054,2.5921831502154973,51.459961023196534,21.555069735892502
H0,map-mixed-01,7027,H0_map-mixed-01_seed401,2010,1.0,center,,success,1,0,0,80,2.2087041472498083,346.52140381445577,0.9679350046860691,2.550184805716775,54.08141398743228,20.88243592652156
H0,map-mixed-01,7027,H0_map-mixed-01_seed401,2011,1.0,center,,success,1,0,0,81,2.3864516846870227,346.46231332016475,0.968100089763636,2.780640007787696,49.1384061336691,20.63365815173549
H0,map-mixed-01,7027,H0_map-mixed-01_seed401,2012,1.0,center,,success,1,0,0,80,2.006421742096111,346.38035868103196,0.9683291451690959,2.107750721477752,48.78386731728598,20.842898951166678
H0,map-mixed-01,7027,H0_map-mixed-01_seed401,2013,1.0,center,,success,1,0,0,81,1.357141846456213,347.2181899399228,0.9659925843257308,2.6502475867674775,48.84094648562582,20.767519783498262
H0,map-mixed-01,7027,H0_map-mixed-01_seed401,2014,1.0,center,,success,1,0,0,79,2.237245736588883,346.33963067283287,0.968443016392228,2.1875532298558156,50.30268032532284,20.82474724707633
H0,map-mixed-01,7027,H0_map-mixed-01_seed401,2015,1.0,center,,success,1,0,0,82,1.864477372158762,347.01530758237635,0.966557351494781,2.842113993316577,48.40982023601768,20.114408289319492
H0,map-mixed-01,7027,H0_map-mixed-01_seed401,2016,1.0,center,,success,1,0,0,79,2.7255462135795816,345.8090422366154,0.9699289366628775,1.697674903353278,53.61238354484128,21.442597910424148
H0,map-mixed-01,7027,H0_map-mixed-01_seed401,2017,1.0,center,,success,1,0,0,80,1.4804342125944894,348.66152302364094,0.9619937230705725,2.09177887609131,47.372728493710035,21.27834467945591
H0,map-mixed-01,7027,H0_map-mixed-01_seed401,2018,1.0,center,,success,1,0,0,82,2.4076397130301093,346.83740832895955,0.9670531164471369,2.291518570740201,55.21168209368027,20.703428847060913
H0,map-mixed-01,7027,H0_map-mixed-01_seed401,2019,1.0,center,,success,1,0,0,80,1.5392825357988107,347.8601180612427,0.9642099775459676,2.288740115615493,46.902627220775706,21.271236949776053
H0,map-mixed-01,7027,H0_map-mixed-01_seed401,2020,1.0,center,,success,1,0,0,82,1.9601005122218464,346.6162516999583,0.967670139469715,2.2711284546246535,47.89284833123439,20.58354229954239
H0,map-mixed-01,7027,H0_map-mixed-01_seed401,2021,1.0,center,,success,1,0,0,81,2.0901477704352995,347.06436573641287,0.9664207269256347,2.3131991571723347,48.36208897124402,20.882551827953332
H0,map-mixed-01,7027,H0_map-mixed-01_seed401,2022,1.0,center,,success,1,0,0,81,2.406242381604537,345.9135148325473,0.9696359992969243,2.156706993295444,49.28140532643348,20.336475385601734
H0,map-mixed-01,7027,H0_map-mixed-01_seed401,2023,1.0,center,,success,1,0,0,79,1.4363258568415915,347.965931289119,0.9639167701917399,1.7305758989141964,51.19320111179478,21.204705181451114
H0,map-mixed-01,7027,H0_map-mixed-01_seed401,2024,1.0,center,,success,1,0,0,82,1.0206012258513535,347.6638207418649,0.9647543880443212,2.6554327749091655,49.8772296046777,20.93931695649721
H0,map-mixed-01,7027,H0_map-mixed-01_seed401,2025,1.0,center,,success,1,0,0,80,0.9935315169131326,347.9515342583277,0.9639566537331369,1.7477103040604611,49.26898197357649,21.598334330197385
H0,map-mixed-01,7027,H0_map-mixed-01_seed401,2026,1.0,center,,success,1,0,0,80,2.0802077689297156,346.94543648608794,0.9667520057967904,2.136050125674167,56.47512855123385,20.564721146265807
H0,map-mixed-01,7027,H0_map-mixed-01_seed401,2027,1.0,center,,success,1,0,0,80,0.7221791703795443,348.3377326244127,0.9628879251694991,1.8927782171638468,48.60865883532317,21.61318742406457
H0,map-mixed-01,7027,H0_map-mixed-01_seed401,2028,1.0,center,,success,1,0,0,82,2.5267353468977687,345.3801480274891,0.9711333976215474,2.3327647173813024,55.2466774400224,20.020016846060283
H0,map-mixed-01,7027,H0_map-mixed-01_seed401,2029,1.0,center,,success,1,0,0,81,1.9404796619050415,347.3369390923238,0.9656623263321119,2.5990766375772667,47.16918297367242,20.750279954187548
H0,map-mixed-01,7027,H0_map-mixed-01_seed401,2030,1.0,center,,success,1,0,0,82,1.5383330421217278,347.18415214661894,0.966087289846461,2.5406832793138747,49.052182236191925,20.33515176786031
H0,map-mixed-01,7027,H0_map-mixed-01_seed401,2031,1.0,center,,success,1,0,0,82,2.88091758654975,345.1520483021965,0.9717751879928044,2.5530738870593908,54.29435154929028,19.948109388796915
H0,map-mixed-01,7027,H0_map-mixed-01_seed401,2032,1.0,center,,success,1,0,0,82,1.5137658256983566,347.50892319357183,0.9651844146693637,2.224665986323371,47.95560100407566,20.581812360027076
H0,map-mixed-01,7027,H0_map-mixed-01_seed401,2033,1.0,center,,success,1,0,0,79,2.512839999301036,346.3455306837239,0.968426518924128,2.0814972041170776,51.933186081792776,21.196184436740715
H0,map-mixed-01,7027,H0_map-mixed-01_seed401,2034,1.0,center,,success,1,0,0,80,1.040364549100646,348.18947120384047,0.9632979293294293,1.735847497908956,52.70280634642837,21.34211256499023
H0,map-mixed-01,7027,H0_map-mixed-01_seed401,2035,1.0,center,,success,1,0,0,81,2.0066414446971477,346.4635853528701,0.9680965354074834,2.2742067869147604,48.480933560206665,20.64983484902598
H0,map-mixed-01,7027,H0_map-mixed-01_seed401,2036,1.0,center,,success,1,0,0,79,2.704921500343041,346.54175053932846,0.9678781737062395,1.6591775021425121,50.27079401886036,21.397708706626084
H0,map-mixed-01,7027,H0_map-mixed-01_seed401,2037,1.0,center,,success,1,0,0,80,0.8337476795105854,348.3025885755968,0.9629850814392379,2.1744677769571155,52.08709886691269,21.333159176639203
H0,map-mixed-01,7027,H0_map-mixed-01_seed401,2038,1.0,center,,success,1,0,0,82,1.1799928715256396,347.27394566174974,0.9658374917410685,2.1900091418698366,49.267953853651605,20.840257093795994
H0,map-mixed-01,7027,H0_map-mixed-01_seed401,2039,1.0,center,,success,1,0,0,81,2.6407911093266785,345.95117297874583,0.9695304506037187,2.458380498537501,47.764538037024565,20.52427066949972
H0,map-mixed-01,7027,H0_map-mixed-01_seed401,2040,1.0,center,,success,1,0,0,81,1.932539399209945,346.41376631675587,0.9682357609260659,2.545591006618856,49.26900050799891,20.854138511265358
H0,map-mixed-01,7027,H0_map-mixed-01_seed401,2041,1.0,center,,success,1,0,0,82,2.142424163634276,346.1804252516974,0.9688883950648042,2.428300647549122,47.44040580699833,20.001861042477838
H0,map-mixed-01,7027,H0_map-mixed-01_seed401,2042,1.0,center,,success,1,0,0,82,1.8490637344141152,346.703050852969,0.9674278775447245,2.2641968488510287,47.90609341485758,20.403218656057792
H0,map-mixed-01,7027,H0_map-mixed-01_seed401,2043,1.0,center,,success,1,0,0,81,1.310493220671773,347.5174628557597,0.9651606968717528,2.202399041406655,56.40868143457407,20.770695616167973
H0,map-mixed-01,7027,H0_map-mixed-01_seed401,2044,1.0,center,,success,1,0,0,83,2.3399823107465547,345.2238993300303,0.9715729336117601,2.8724488966814334,50.55318647490519,19.52736739609196
H0,map-mixed-01,7027,H0_map-mixed-01_seed401,2045,1.0,center,,success,1,0,0,80,1.4956854800466575,347.6319379618179,0.9648428697072367,1.8154774393266708,49.36587132507761,21.588105299869554
H0,map-mixed-01,7027,H0_map-mixed-01_seed401,2046,1.0,center,,success,1,0,0,81,1.4595302155327252,347.07531143063846,0.9663902489704999,2.5588444493763376,48.68300487433315,20.552421251511014
H0,map-mixed-01,7027,H0_map-mixed-01_seed401,2047,1.0,center,,success,1,0,0,82,1.3318564554048662,347.1354227107779,0.9662229051871248,2.2329105401491205,50.782102166755706,20.448610747624517
H0,map-mixed-01,7027,H0_map-mixed-01_seed401,2048,1.0,center,,success,1,0,0,81,2.7471158700304956,346.59922922778594,0.967717664497563,2.59777570031914,49.140878572761444,20.871178100849075
H0,map-mixed-01,7027,H0_map-mixed-01_seed401,2049,1.0,center,,success,1,0,0,81,2.015331606299234,345.7465822943425,0.9701041566317656,2.2834317492696385,50.398669575497344,20.608945016126057
H0,map-mixed-01,7027,H0_map-mixed-01_seed401,2050,1.0,center,,success,1,0,0,80,2.4504205842298217,346.5223004781154,0.9679325000503143,2.468490838871333,50.16988567065212,20.940171734255955
H0,map-mixed-01,7027,H0_map-mixed-01_seed503,2001,1.0,center,,success,1,0,0,106,1.900198230367676,389.48003831280096,0.8611742929828725,3.8715299760723303,55.44611750810296,21.357681168091073
H0,map-mixed-01,7027,H0_map-mixed-01_seed503,2002,1.0,center,,success,1,0,0,107,2.0272046921144784,391.52516719568365,0.8566759552836893,3.57131318991106,57.46046135068029,21.765348535619303
H0,map-mixed-01,7027,H0_map-mixed-01_seed503,2003,1.0,center,,success,1,0,0,106,2.1180169004348035,391.803317434979,0.8560677812041008,4.083935089697156,61.86999314495329,21.948136661189917
H0,map-mixed-01,7027,H0_map-mixed-01_seed503,2004,1.0,center,,success,1,0,0,105,2.655605810077807,387.48063378401457,0.8656179622435771,4.066369642497008,61.78383440748329,21.62349625171529
H0,map-mixed-01,7027,H0_map-mixed-01_seed503,2005,1.0,center,,success,1,0,0,104,2.6235111032208516,388.9017042143594,0.8624549416736244,4.079669549978561,64.55214573724172,22.13390577545609
H0,map-mixed-01,7027,H0_map-mixed-01_seed503,2006,1.0,center,,success,1,0,0,107,2.441408563592193,393.39520034551583,0.8526036828369549,3.617763360995857,62.642346980432905,22.062988968008195
H0,map-mixed-01,7027,H0_map-mixed-01_seed503,2007,1.0,center,,success,1,0,0,105,2.7072142145568865,388.8041736312604,0.8626712864020578,4.133710643974809,62.393104717697675,21.498675244777942
H0,map-mixed-01,7027,H0_map-mixed-01_seed503,2008,1.0,center,,success,1,0,0,106,2.2471770980465875,388.9599809682659,0.8623257225332228,3.5176796746018093,57.845179549990675,21.193504247733014
H0,map-mixed-01,7027,H0_map-mixed-01_seed503,2009,1.0,center,,success,1,0,0,107,2.537552577804198,394.7671054195035,0.8496406919936788,4.053856207730058,60.013979681050046,22.274740473685466
H0,map-mixed-01,7027,H0_map-mixed-01_seed503,2010,1.0,center,,success,1,0,0,108,2.4648602446242065,394.493010109863,0.8502310257197194,3.8019520819922796,60.734740791711545,22.08392756538167
H0,map-mixed-01,7027,H0_map-mixed-01_seed503,2011,1.0,center,,success,1,0,0,104,2.8054412262814195,386.87904471444824,0.8669639806222422,3.8183322053828896,57.33820752900135,21.42058679152795
H0,map-mixed-01,7027,H0_map-mixed-01_seed503,2012,1.0,center,,success,1,0,0,106,2.957808958480524,393.061931891429,0.853326586502442,3.7283009614678844,66.34327631165321,22.20150967724458
H0,map-mixed-01,7027,H0_map-mixed-01_seed503,2013,1.0,center,,success,1,0,0,109,2.7471783692615523,395.8387189393081,0.8473405469877625,3.7074347488000914,62.244258055725254,22.154327770616014
H0,map-mixed-01,7027,H0_map-mixed-01_seed503,2014,1.0,center,,success,1,0,0,107,2.5571175558713644,394.5006614750974,0.8502145354353,3.6399519358858328,56.379332059221085,21.995283208778535
H0,map-mixed-01,7027,H0_map-mixed-01_seed503,2015,1.0,center,,success,1,0,0,107,2.0851643122562864,391.71471570742233,0.8562614146860171,3.392831318604285,59.44602396113361,21.401605654663765
H0,map-mixed-01,7027,H0_map-mixed-01_seed503,2016,1.0,center,,success,1,0,0,105,2.091797027700672,390.1362265105609,0.8597258440338378,3.542307563065523,59.465710877081,21.713934155340453
H0,map-mixed-01,7027,H0_map-mixed-01_seed503,2017,1.0,center,,success,1,0,0,106,2.4139789110786616,393.0727910241241,0.8533030122768872,3.5603249850504213,58.36993031790364,21.95789556883251
H0,map-mixed-01,7027,H0_map-mixed-01_seed503,2018,1.0,center,,success,1,0,0,106,2.566457940966216,391.42630629370325,0.8568923223399717,3.064530400924822,61.052156335471714,21.69761209430902
H0,map-mixed-01,7027,H0_map-mixed-01_seed503,2019,1.0,center,,success,1,0,0,107,2.7433939636404516,393.51152799749946,0.8523516409590416,3.6864249202655204,64.12528975071415,22.11372332453053
H0,map-mixed-01,7027,H0_map-mixed-01_seed503,2020,1.0,center,,success,1,0,0,106,2.0323842566931725,390.4652106225517,0.8590014872008588,3.6571285627264527,58.04037552799889,21.509657287530768
H0,map-mixed-01,7027,H0_map-mixed-01_seed503,2021,1.0,center,,success,1,0,0,106,2.668485428373347,389.83672196759363,0.860386355939168,4.256143349983809,64.04525028972836,21.67139213316956
H0,map-mixed-01,7027,H0_map-mixed-01_seed503,2022,1.0,center,,success,1,0,0,108,2.3840302543940632,394.86330372390387,0.8494336988566905,4.13100798136317,60.56297599720776,21.88472640886495
H0,map-mixed-01,7027,H0_map-mixed-01_seed503,2023,1.0,center,,success,1,0,0,107,2.5123397263176277,394.67536305634746,0.8498381911340188,3.7440129692205217,59.710524857440916,22.135001466338306
H0,map-mixed-01,7027,H0_map-mixed-01_seed503,2024,1.0,center,,success,1,0,0,105,2.370283593367998,388.16859249569853,0.8640838107701496,4.077946454281592,60.46699262464677,21.5201372508667
H0,map-mixed-01,7027,H0_map-mixed-01_seed503,2025,1.0,center,,success,1,0,0,106,2.980656187136329,391.46120700913565,0.8568159261235326,4.126811928679042,61.316887044440485,21.967512076666875
H0,map-mixed-01,7027,H0_map-mixed-01_seed503,2026,1.0,center,,success,1,0,0,108,2.284414253855241,396.0761743449097,0.8468325497733366,3.4256777796037334,61.64317731071195,22.231851832924082
H0,map-mixed-01,7027,H0_map-mixed-01_seed503,2027,1.0,center,,success,1,0,0,106,2.67931834027992,392.5395758266282,0.8544621161284082,3.9327528426162197,62.64551386478626,22.22860066261726
H0,map-mixed-01,7027,H0_map-mixed-01_seed503,2028,1.0,center,,success,1,0,0,106,2.9803844970283935,389.7548632758423,0.8605670595252782,3.2764437157059567,59.573286252364596,21.564383390091518
H0,map-mixed-01,7027,H0_map-mixed-01_seed503,2029,1.0,center,,success,1,0,0,105,2.816366771985904,389.5159866182491,0.8610948154836382,3.4391819553377445,60.69524628021102,21.749010652659802
H0,map-mixed-01,7027,H0_map-mixed-01_seed503,2030,1.0,center,,success,1,0,0,105,2.293073666884825,390.2843830942037,0.8593994819003811,3.112666132252997,64.51023099105896,21.678009623554097
H0,map-mixed-01,7027,H0_map-mixed-01_seed503,2031,1.0,center,,success,1,0,0,107,2.2574008302132142,391.678373429135,0.8563408637767259,3.775132644814089,58.43459057082866,21.44653151274474
H0,map-mixed-01,7027,H0_map-mixed-01_seed503,2032,1.0,center,,success,1,0,0,105,2.8707636145193214,390.01631059319124,0.8599901786538872,3.561021599983905,64.13897316542163,21.845062106674934
H0,map-mixed-01,7027,H0_map-mixed-01_seed503,2033,1.0,center,,success,1,0,0,108,2.4169633236545613,395.3920633916938,0.8482977471722681,3.619009003601313,57.92575150225071,22.07393377829071
H0,map-mixed-01,7027,H0_map-mixed-01_seed503,2034,1.0,center,,success,1,0,0,107,2.084596978194904,393.40065559067784,0.8525918598721228,3.593947956129596,64.35974822136215,21.79032124012087
H0,map-mixed-01,7027,H0_map-mixed-01_seed503,2035,1.0,center,,success,1,0,0,108,2.353092959417452,392.50563398045796,0.854536005568949,3.843672491037684,63.3220110158025,21.72208547707076
H0,map-mixed-01,7027,H0_map-mixed-01_seed503,2036,1.0,center,,success,1,0,0,105,2.979354587985754,390.259276857462,0.8594547689572885,3.531391204888946,58.01769774337496,21.801746563763636
H0,map-mixed-01,7027,H0_map-mixed-01_seed503,2037,1.0,center,,success,1,0,0,104,2.84328852185029,389.56761187183895,0.8609807037431866,3.7915279446311416,64.11909333205243,22.048767490098705
H0,map-mixed-01,7027,H0_map-mixed-01_seed503,2038,1.0,center,,success,1,0,0,105,2.0544746332526076,387.50654227666115,0.8655600874617018,4.2961055737549,58.650745747190385,21.428553776511464
H0,map-mixed-01,7027,H0_map-mixed-01_seed503,2039,1.0,center,,success,1,0,0,104,2.71710096713866,387.5357147006165,0.8654949309229044,3.85057585805838,64.82472971964889,21.81751310887318
H0,map-mixed-01,7027,H0_map-mixed-01_seed503,2040,1.0,center,,success,1,0,0,105,2.0921114689313356,389.9714113816138,0.8600891932992148,3.5375097144186944,57.08727432043615,21.694803462391704
H0,map-mixed-01,7027,H0_map-mixed-01_seed503,2041,1.0,center,,success,1,0,0,105,1.8407968836656088,388.46371833690233,0.8634273441569588,3.285456267703431,68.64171920072546,21.61376544574803
H0,map-mixed-01,7027,H0_map-mixed-01_seed503,2042,1.0,center,,success,1,0,0,106,2.8573838384949086,389.6820583638783,0.8607278406227477,3.41703081173293,62.65297971880787,21.662419753987592
H0,map-mixed-01,7027,H0_map-mixed-01_seed503,2043,1.0,center,,success,1,0,0,104,2.5407601381877054,387.81647720438446,0.8648683496967635,3.5557699268532716,64.09746900528076,21.6344066789981
H0,map-mixed-01,7027,H0_map-mixed-01_seed503,2044,1.0,center,,success,1,0,0,106,2.664313561249448,388.8984541719084,0.8624621492496445,3.3573832659158214,64.65466958275299,21.464471453848432
H0,map-mixed-01,7027,H0_map-mixed-01_seed503,2045,1.0,center,,success,1,0,0,106,2.3188204639923042,390.84371669794785,0.8581696015448048,3.8777821876963516,62.14208913612725,21.829733842493628
H0,map-mixed-01,7027,H0_map-mixed-01_seed503,2046,1.0,center,,success,1,0,0,106,2.3172208950502653,392.32324773075595,0.8549332688414992,3.6507413903294648,61.73027373259931,21.958229834621577
H0,map-mixed-01,7027,H0_map-mixed-01_seed503,2047,1.0,center,,success,1,0,0,106,2.2805797022302317,390.09174732564725,0.8598238720107277,3.6106796313893597,58.70445214078871,21.371652129672146
H0,map-mixed-01,7027,H0_map-mixed-01_seed503,2048,1.0,center,,success,1,0,0,106,2.1509668864365143,391.39476595638337,0.8569613745482387,3.8422723361757254,60.45487049645803,21.809231523683835
H0,map-mixed-01,7027,H0_map-mixed-01_seed503,2049,1.0,center,,success,1,0,0,107,2.4502777460414356,391.33794741185886,0.8570857971817645,3.700096014316664,60.31208599950747,21.951602407743064
H0,map-mixed-01,7027,H0_map-mixed-01_seed503,2050,1.0,center,,success,1,0,0,106,2.9065200353473046,390.7953117075364,0.8582758968101002,3.820274588462799,58.36173424372548,21.570004339798622
