config,map_id,map_seed,unit,eval_seed,wind_scale,apf_basis,apf_d0,status,success,collision,timeout,steps,final_dist_m,path_length_m,path_efficiency,min_obstacle_distance_m,jitter_index,acceleration_index
H0,map-random-01,7001,H0_map-random-01_seed101,2001,1.0,center,,success,1,0,0,156,2.9809617641630335,366.5449076492631,0.9150589453718817,2.5236815990664754,26.876128257169782,10.971523424647014
H0,map-random-01,7001,H0_map-random-01_seed101,2002,1.0,center,,success,1,0,0,126,2.9924978304274434,370.32497474214114,0.9057185431755339,5.485046612030018,23.428012558678695,13.592273122378966
H0,map-random-01,7001,H0_map-random-01_seed101,2003,1.0,center,,success,1,0,0,148,2.9645965002071546,367.4593892815812,0.9127816744068725,4.263920596667973,25.337025131073,11.604025151786436
H0,map-random-01,7001,H0_map-random-01_seed101,2004,1.0,center,,success,1,0,0,129,2.958331051138642,367.0073038244974,0.9139060534483568,3.611112097725046,23.709831139989124,12.959909688657902
H0,map-random-01,7001,H0_map-random-01_seed101,2005,1.0,center,,success,1,0,0,125,2.9992030717002875,369.6332753620679,0.9074134256349708,5.7131658870475,22.520740117128764,13.438686650915873
H0,map-random-01,7001,H0_map-random-01_seed101,2006,1.0,center,,success,1,0,0,128,2.988175527113171,370.41418052175425,0.9055004215889354,5.516897171447562,22.447275579857322,13.25521178618913
H0,map-random-01,7001,H0_map-random-01_seed101,2007,1.0,center,,success,1,0,0,124,2.9868033851144578,369.8409889563043,0.9069037955243957,5.440825007266365,24.291297980196752,13.538606381692636
H0,map-random-01,7001,H0_map-random-01_seed101,2008,1.0,center,,success,1,0,0,126,2.9829265726381267,370.8625959853583,0.9044055676032923,5.836395430065416,23.449209281034538,13.458361280643377
H0,map-random-01,7001,H0_map-random-01_seed101,2009,1.0,center,,success,1,0,0,216,2.9900069551086634,372.02585262208316,0.9015776572003179,5.108230581853548,20.50926101431105,8.41700037308258
H0,map-random-01,7001,H0_map-random-01_seed101,2010,1.0,center,,success,1,0,0,146,2.9965144317404944,369.6713994167997,0.9073198444730041,4.8414818468459435,25.854193745693642,12.025828841130844
H0,map-random-01,7001,H0_map-random-01_seed101,2011,1.0,center,,success,1,0,0,126,2.954366686968186,368.4962862496619,0.9102132345445753,4.756865720542488,23.596667235413264,13.473619510092037
H0,map-random-01,7001,H0_map-random-01_seed101,2012,1.0,center,,success,1,0,0,152,2.993658220168198,366.8428342751754,0.9143157921775603,3.501193958603344,23.931184751749363,11.332469811308949
H0,map-random-01,7001,H0_map-random-01_seed101,2013,1.0,center,,success,1,0,0,267,2.993004673105862,370.1266985307848,0.9062037349814991,3.277414409945197,23.074979111976305,7.175242609645742
H0,map-random-01,7001,H0_map-random-01_seed101,2014,1.0,center,,success,1,0,0,141,2.9965290581330795,370.11887572685237,0.9062228884335559,5.771746370074392,23.137085633904746,12.19464250640018
H0,map-random-01,7001,H0_map-random-01_seed101,2015,1.0,center,,success,1,0,0,132,2.9715036312158145,367.4630526635581,0.9127725745316317,3.4784762921738617,24.269756413049038,12.895481872912466
H0,map-random-01,7001,H0_map-random-01_seed101,2016,1.0,center,,success,1,0,0,128,2.9955786059900267,371.62581261944536,0.9025481687097914,5.995439667986035,26.463320337445282,13.44106954757277
H0,map-random-01,7001,H0_map-random-01_seed101,2017,1.0,center,,success,1,0,0,126,2.967860956312029,372.2734251025271,0.9009780822592798,5.852707924532496,24.605763556678752,13.79967588366404
H0,map-random-01,7001,H0_map-random-01_seed101,2018,1.0,center,,success,1,0,0,132,2.9774244550297837,367.7074804308711,0.9121658233113522,3.596366963725735,26.688635070879098,12.95934539793323
H0,map-random-01,7001,H0_map-random-01_seed101,2019,1.0,center,,success,1,0,0,229,2.9826263937832374,373.4961647506658,0.8980284893925957,5.978024059964251,19.26828182277658,8.124664321928169
H0,map-random-01,7001,H0_map-random-01_seed101,2020,1.0,center,,success,1,0,0,130,2.9771128973669896,366.0436246298501,0.9163120842881536,3.2026022068400066,23.267507624947672,12.825078178733133
H0,map-random-01,7001,H0_map-random-01_seed101,2021,1.0,center,,success,1,0,0,130,2.9701392627037504,369.4475106354339,0.9078696891151798,5.008205728192878,22.68804098361597,13.064713527807223
H0,map-random-01,7001,H0_map-random-01_seed101,2022,1.0,center,,success,1,0,0,200,2.9889938771294142,366.186260937539,0.9159551638180657,2.3214841699669586,22.918332720253947,8.971058873287507
H0,map-random-01,7001,H0_map-random-01_seed101,2023,1.0,center,,success,1,0,0,239,2.9891013716724406,374.33548424218856,0.8960149671730396,6.300946292348154,22.69947838399027,7.815478516942102
H0,map-random-01,7001,H0_map-random-01_seed101,2024,1.0,center,,success,1,0,0,122,2.971706715207535,367.9025175146111,0.9116822545571405,4.611892293790881,22.369575007124336,13.594609344538044
H0,map-random-01,7001,H0_map-random-01_seed101,2025,1.0,center,,success,1,0,0,146,2.9853250480962976,370.3841927046369,0.9055737346016857,5.161635808405151,22.081434517863688,11.814856643156062
H0,map-random-01,7001,H0_map-random-01_seed101,2026,1.0,center,,success,1,0,0,280,2.9667035095183416,371.9311035066281,0.901807333300887,3.9369201909098,21.38246367993599,6.793414864121794
H0,map-random-01,7001,H0_map-random-01_seed101,2027,1.0,center,,success,1,0,0,189,2.9718377095190927,373.97343512516295,0.8968824122834074,7.008623066855111,22.08450508154772,9.56055618126071
H0,map-random-01,7001,H0_map-random-01_seed101,2028,1.0,center,,success,1,0,0,160,2.989717867385212,367.25081915910164,0.9133000639534611,3.062724052984724,25.064749160099044,10.872996962872577
H0,map-random-01,7001,H0_map-random-01_seed101,2029,1.0,center,,success,1,0,0,127,2.996548361406131,369.12139864845807,0.9086717753375353,5.4909149845822025,24.292446178551362,13.095308988205016
H0,map-random-01,7001,H0_map-random-01_seed101,2030,1.0,center,,success,1,0,0,132,2.9901636799789633,364.9030607658342,0.9191761667359872,2.661013487610674,22.677399893891113,12.503666223477552
H0,map-random-01,7001,H0_map-random-01_seed101,2031,1.0,center,,success,1,0,0,140,2.9880986984001896,366.58463287704853,0.914959784300244,2.560616463043308,25.227782335272583,12.00382656497657
H0,map-random-01,7001,H0_map-random-01_seed101,2032,1.0,center,,success,1,0,0,133,2.9608160799131014,367.2464208954612,0.9133110019347062,3.7073105729682183,23.200301147389727,12.596396019311031
H0,map-random-01,7001,H0_map-random-01_seed101,2033,1.0,center,,success,1,0,0,146,2.9671205072307267,370.72621612176874,0.904738273256617,5.22364890214795,24.769697873804542,11.80194484363449
H0,map-random-01,7001,H0_map-random-01_seed101,2034,1.0,center,,success,1,0,0,136,2.9575685590338066,371.2186958960923,0.9035379961543021,5.857492774881421,26.715453267927316,12.657119350009731
H0,map-random-01,7001,H0_map-random-01_seed101,2035,1.0,center,,success,1,0,0,397,2.992502311003337,375.6113140906231,0.8929714948470499,4.30618567716562,20.61017759742884,5.228677470478813
H0,map-random-01,7001,H0_map-random-01_seed101,2036,1.0,center,,success,1,0,0,148,2.972232111136741,370.6794760463165,0.904852354391099,5.448199907421964,23.93022092951344,11.913845783438031
H0,map-random-01,7001,H0_map-random-01_seed101,2037,1.0,center,,success,1,0,0,125,2.9921461117413504,369.4548013734706,0.907851773418726,5.534605514787474,23.749983374685005,13.412070806765756
H0,map-random-01,7001,H0_map-random-01_seed101,2038,1.0,center,,success,1,0,0,126,2.9544474794148083,367.28859336466496,0.913206134588433,3.9256610365088345,23.047842760442567,13.100699984176508
H0,map-random-01,7001,H0_map-random-01_seed101,2039,1.0,center,,success,1,0,0,125,2.99106284252906,367.40131368956713,0.9129259589647812,3.870237107197792,22.868760961140527,13.209722938155975
H0,map-random-01,7001,H0_map-random-01_seed101,2040,1.0,center,,success,1,0,0,124,2.992826318025104,367.91861327734085,0.9116423701350842,4.641361627010792,22.993629962792063,13.523931626324327
H0,map-random-01,7001,H0_map-random-01_seed101,2041,1.0,center,,success,1,0,0,130,2.984351498274158,367.1797369729494,0.9134768693667825,4.625748090611091,22.854474502685886,12.86160658853937
H0,map-random-01,7001,H0_map-random-01_seed101,2042,1.0,center,,success,1,0,0,129,2.9846913198770673,367.6310132240469,0.9123555536936108,4.107934040377914,22.68028949722876,13.03123668740572
H0,map-random-01,7001,H0_map-random-01_seed101,2043,1.0,center,,success,1,0,0,124,2.951461712735432,369.5057364308082,0.907726629266487,5.200097663353602,26.627364673537194,13.56603335769383
H0,map-random-01,7001,H0_map-random-01_seed101,2044,1.0,center,,success,1,0,0,131,2.9695982201931184,363.89268899413776,0.9217283192803356,1.4274517304823353,23.769139905404586,12.510882387233504
H0,map-random-01,7001,H0_map-random-01_seed101,2045,1.0,center,,success,1,0,0,148,2.9872808386311824,373.40936031628064,0.8982372491703835,6.91009477672621,21.433220499479816,11.740857903598286
H0,map-random-01,7001,H0_map-random-01_seed101,2046,1.0,center,,success,1,0,0,129,2.973774537504407,365.1605238697859,0.9185280847734072,2.153553130456739,22.908353093958468,12.83024458190144
H0,map-random-01,7001,H0_map-random-01_seed101,2047,1.0,center,,success,1,0,0,126,2.9725258575761653,365.13972451390634,0.9185804066415523,2.595092358997107,25.82784250129287,13.067221855164245
H0,map-random-01,7001,H0_map-random-01_seed101,2048,1.0,center,,success,1,0,0,127,2.9348694515632126,367.29804648683654,0.913182631470895,3.7692812847048387,23.094149394261716,13.278006192101218
H0,map-random-01,7001,H0_map-random-01_seed101,2049,1.0,center,,success,1,0,0,141,2.9948630275201022,365.14524594126067,0.9185665166209626,2.4173635400391142,23.96387838511437,12.062556605797937
H0,map-random-01,7001,H0_map-random-01_seed101,2050,1.0,center,,success,1,0,0,127,2.943556461016402,371.15046935350045,0.9037040885579716,5.98066676139369,23.61161948549717,13.521919093333329
H0,map-random-01,7001,H0_map-random-01_seed211,2001,1.0,center,,success,1,0,0,119,1.882295187821165,410.1382482623443,0.8177978963094021,14.464689963436314,25.676306240034396,15.386207809988635
H0,map-random-01,7001,H0_map-random-01_seed211,2002,1.0,center,,success,1,0,0,121,2.9732033460022667,418.4828123706682,0.801490973368534,13.580467289053088,28.746427433182443,15.609046557891133
H0,map-random-01,7001,H0_map-random-01_seed211,2003,1.0,center,,success,1,0,0,118,2.9850626688804094,411.9175299452918,0.8142654105289364,14.587285324478337,25.31642995143922,15.691133521499035
H0,map-random-01,7001,H0_map-random-01_seed211,2004,1.0,center,,success,1,0,0,118,2.7558038143145116,408.5284644429153,0.8210203836894115,14.29681613628191,29.214558741961504,15.592193878566793
H0,map-random-01,7001,H0_map-random-01_seed211,2005,1.0,center,,success,1,0,0,119,2.3919171029354653,414.78007746951806,0.8086458700505392,13.106109520932257,25.807697468594046,15.80126996066818
H0,map-random-01,7001,H0_map-random-01_seed211,2006,1.0,center,,success,1,0,0,120,1.981952334535636,419.4617103962346,0.7996205334406594,13.505027295178433,25.694346369474825,15.708146783658341
H0,map-random-01,7001,H0_map-random-01_seed211,2007,1.0,center,,success,1,0,0,121,1.2624529386960548,419.0257004148297,0.8004525648257779,13.967629049174134,27.25190816702992,15.491807775992534
H0,map-random-01,7001,H0_map-random-01_seed211,2008,1.0,center,,success,1,0,0,122,1.526199313046766,422.5826466371534,0.7937150266204974,13.448322608716996,28.74017514731044,15.459351649403189
H0,map-random-01,7001,H0_map-random-01_seed211,2009,1.0,center,,success,1,0,0,120,2.531107570352332,417.1792608007438,0.8039953759474384,14.182148444701824,28.63618544062265,15.738009080013851
H0,map-random-01,7001,H0_map-random-01_seed211,2010,1.0,center,,success,1,0,0,120,1.8602804978726855,417.3146609687329,0.8037345149733404,14.3907516878222,28.547999731912824,15.664345197020486
H0,map-random-01,7001,H0_map-random-01_seed211,2011,1.0,center,,success,1,0,0,120,2.1820867122913024,414.9102729857098,0.8083921234616444,14.028576069023751,28.445621677930475,15.563928807044958
H0,map-random-01,7001,H0_map-random-01_seed211,2012,1.0,center,,success,1,0,0,119,2.3327211994057757,415.7261868834012,0.8068055542506419,13.729270995743555,25.609126169353157,15.694103755349918
H0,map-random-01,7001,H0_map-random-01_seed211,2013,1.0,center,,success,1,0,0,120,2.1863386845598516,413.8520824704948,0.8104591249673879,14.29460428073728,24.815038898431943,15.383750120080851
H0,map-random-01,7001,H0_map-random-01_seed211,2014,1.0,center,,success,1,0,0,121,1.8859989350549007,422.27004655655315,0.7943026017594836,13.051863256902244,28.32020322131681,15.713808037851193
H0,map-random-01,7001,H0_map-random-01_seed211,2015,1.0,center,,success,1,0,0,120,2.587634134569257,410.8669459869831,0.8163474815898059,13.413386309799822,26.537867251562545,15.322875442896718
H0,map-random-01,7001,H0_map-random-01_seed211,2016,1.0,center,,success,1,0,0,121,1.762725834599355,422.4650134448605,0.7939360324538347,13.352901251420139,27.876195242332756,15.676016408984447
H0,map-random-01,7001,H0_map-random-01_seed211,2017,1.0,center,,success,1,0,0,121,2.589159596726863,421.27544942426584,0.7961778857119618,13.510066777620716,27.232889691368765,15.550067439663591
H0,map-random-01,7001,H0_map-random-01_seed211,2018,1.0,center,,success,1,0,0,119,2.9198450645769243,410.8038557825862,0.8164728541459478,14.693123652687902,27.125115544263853,15.454278342776622
H0,map-random-01,7001,H0_map-random-01_seed211,2019,1.0,center,,success,1,0,0,122,2.2271177259545243,422.48424818235287,0.7938998863697246,13.921057589558009,25.83931910970163,15.526628356731454
H0,map-random-01,7001,H0_map-random-01_seed211,2020,1.0,center,,success,1,0,0,117,2.9081973038800477,406.20752445223116,0.8257114318038975,14.890358190902305,27.990700371963236,15.470550017954835
H0,map-random-01,7001,H0_map-random-01_seed211,2021,1.0,center,,success,1,0,0,121,2.2411753076710434,417.27754953766305,0.8038059967438883,14.083759587183499,26.58517005417718,15.499949986571155
H0,map-random-01,7001,H0_map-random-01_seed211,2022,1.0,center,,success,1,0,0,119,2.2486942787222017,412.06790571020326,0.813968261000297,14.831618537960455,27.774609234905164,15.427382619452231
H0,map-random-01,7001,H0_map-random-01_seed211,2023,1.0,center,,success,1,0,0,121,2.6809623440076464,423.9388536137082,0.7911758824790172,13.488361497975642,25.486840530579727,15.714271848222491
H0,map-random-01,7001,H0_map-random-01_seed211,2024,1.0,center,,success,1,0,0,118,2.6096481757197485,409.9892354385554,0.81809512941526,14.423830070126971,27.370899800952134,15.43292133359061
H0,map-random-01,7001,H0_map-random-01_seed211,2025,1.0,center,,success,1,0,0,121,1.7816569614245445,420.8733416589436,0.7969385642314439,13.846459903587206,25.96784094963503,15.67374362151749
H0,map-random-01,7001,H0_map-random-01_seed211,2026,1.0,center,,success,1,0,0,119,2.148174965142761,416.2631524190226,0.8057648020868655,13.89526439566288,26.46046726417212,15.633352655054304
H0,map-random-01,7001,H0_map-random-01_seed211,2027,1.0,center,,success,1,0,0,120,2.4107111543777426,420.3750056759674,0.7978832996638927,13.200998588691343,25.378150593099907,15.902452003090284
H0,map-random-01,7001,H0_map-random-01_seed211,2028,1.0,center,,success,1,0,0,120,2.672578920163079,410.54290260076186,0.816991828381802,12.8970127523947,26.32237329170351,15.380272586480698
H0,map-random-01,7001,H0_map-random-01_seed211,2029,1.0,center,,success,1,0,0,122,2.0318532107921583,421.15074113014333,0.7964136444943843,13.306429976335874,27.334646381670783,15.627448871356226
H0,map-random-01,7001,H0_map-random-01_seed211,2030,1.0,center,,success,1,0,0,118,2.2604048017569536,408.45236965251286,0.8211733400159134,12.783669051021842,27.91405716320114,15.630777238721068
H0,map-random-01,7001,H0_map-random-01_seed211,2031,1.0,center,,success,1,0,0,120,2.0431387062866957,411.2995914826994,0.815488766754773,14.588861501706655,27.96870889684036,15.33306275456571
H0,map-random-01,7001,H0_map-random-01_seed211,2032,1.0,center,,success,1,0,0,119,2.60449057917228,411.6509981715262,0.8147926231560119,14.89742180164472,26.70275179428049,15.586325538521573
H0,map-random-01,7001,H0_map-random-01_seed211,2033,1.0,center,,success,1,0,0,120,2.4175447566337414,419.18413455938855,0.8001500270937586,13.433299884363914,29.6970592938641,15.804403294930463
H0,map-random-01,7001,H0_map-random-01_seed211,2034,1.0,center,,success,1,0,0,121,1.9650705109757967,421.50116324286796,0.7957515325567581,13.345499461217669,27.09710570656109,15.591150323160463
H0,map-random-01,7001,H0_map-random-01_seed211,2035,1.0,center,,success,1,0,0,121,1.9033523486568693,417.0078034035815,0.8043259475899002,14.697067034030079,26.099942903565733,15.357499749512439
H0,map-random-01,7001,H0_map-random-01_seed211,2036,1.0,center,,success,1,0,0,119,1.8226484024153704,418.5510687995471,0.8013602679046161,13.233279636033213,27.65919347788326,15.904155942024
H0,map-random-01,7001,H0_map-random-01_seed211,2037,1.0,center,,success,1,0,0,118,2.7616218896271008,415.9398375547574,0.8063911324214349,13.202987313850002,27.325891890956125,15.900688703584905
H0,map-random-01,7001,H0_map-random-01_seed211,2038,1.0,center,,success,1,0,0,118,1.9858581192051548,409.1814244320154,0.8197102228933077,14.397153814705984,28.077785034649796,15.458521975591976
H0,map-random-01,7001,H0_map-random-01_seed211,2039,1.0,center,,success,1,0,0,117,2.6276267536361564,407.9137126117218,0.8222577134694985,14.225082641650248,25.330242679202957,15.592668522603516
H0,map-random-01,7001,H0_map-random-01_seed211,2040,1.0,center,,success,1,0,0,119,1.7904220892024076,413.2132135934007,0.8117121756784139,13.74635126413475,31.09543311157913,15.699607332485742
H0,map-random-01,7001,H0_map-random-01_seed211,2041,1.0,center,,success,1,0,0,119,1.6961653457813697,412.1095010678366,0.8138861049208307,14.41415925299735,28.450407494892403,15.671067471911972
H0,map-random-01,7001,H0_map-random-01_seed211,2042,1.0,center,,success,1,0,0,120,1.9562243109364463,412.9174466781524,0.8122935936063831,14.422066815546376,25.729913931652348,15.45082657425011
H0,map-random-01,7001,H0_map-random-01_seed211,2043,1.0,center,,success,1,0,0,120,1.484886297153041,418.42105774443496,0.8016092651575671,13.26822962282102,28.33624031076175,15.648434214709
H0,map-random-01,7001,H0_map-random-01_seed211,2044,1.0,center,,success,1,0,0,120,2.560972578232901,406.7844923396928,0.8245402736367788,10.534966146053664,25.651431298518084,15.27844342698243
H0,map-random-01,7001,H0_map-random-01_seed211,2045,1.0,center,,success,1,0,0,122,2.538263281674011,423.5436827824842,0.791914058123781,13.567697700933676,24.881610435598915,15.6194967095846
H0,map-random-01,7001,H0_map-random-01_seed211,2046,1.0,center,,success,1,0,0,118,1.8880689535920856,411.16969898942585,0.815746387560515,14.579753947134707,26.29469673451715,15.622033137657073
H0,map-random-01,7001,H0_map-random-01_seed211,2047,1.0,center,,success,1,0,0,119,2.1482154642235036,409.32560445515884,0.8194214898220771,13.863920292324007,29.63843316223551,15.390953529097821
H0,map-random-01,7001,H0_map-random-01_seed211,2048,1.0,center,,success,1,0,0,119,1.8571631109127986,412.76703738038253,0.8125895874671639,14.261919551819545,25.945287919057265,15.507766631374825
H0,map-random-01,7001,H0_map-random-01_seed211,2049,1.0,center,,success,1,0,0,118,1.9775225329078605,410.410653906261,0.8172550917783366,14.704345730824022,25.5522564575629,15.526643411550907
H0,map-random-01,7001,H0_map-random-01_seed211,2050,1.0,center,,success,1,0,0,121,1.889177684491688,420.4218382466086,0.7977944200610851,13.384198754340572,28.914601434095008,15.687288825936013
H0,map-random-01,7001,H0_map-random-01_seed307,2001,1.0,center,,collision,0,1,0,78,78.60447941465722,280.915698526178,nan,0.3403272750719992,31.952190729205284,13.063522779190453
H0,map-random-01,7001,H0_map-random-01_seed307,2002,1.0,center,,success,1,0,0,121,2.8538134254864165,377.5963028775372,0.8882772264159308,1.2295293863909649,27.227073433115578,15.72131333763996
H0,map-random-01,7001,H0_map-random-01_seed307,2003,1.0,center,,collision,0,1,0,76,79.71612256072255,280.03443254931545,nan,0.860361550331902,26.572494463766184,13.632666137427229
H0,map-random-01,7001,H0_map-random-01_seed307,2004,1.0,center,,collision,0,1,0,77,79.93897985871324,279.7188404485487,nan,-0.07112147374635924,28.01522502281868,13.626895807633025
H0,map-random-01,7001,H0_map-random-01_seed307,2005,1.0,center,,collision,0,1,0,76,79.50337672801142,280.1134653337493,nan,0.8036678831961126,25.857094752246976,12.94717556570572
H0,map-random-01,7001,H0_map-random-01_seed307,2006,1.0,center,,success,1,0,0,120,2.817295722910514,375.63215067496094,0.8929219610788933,1.1762757483343194,27.572118301567844,15.102287706881418
H0,map-random-01,7001,H0_map-random-01_seed307,2007,1.0,center,,collision,0,1,0,76,79.1424727629683,280.46742032168925,nan,1.0837633241534945,33.416976383690816,13.55530020887271
H0,map-random-01,7001,H0_map-random-01_seed307,2008,1.0,center,,success,1,0,0,121,2.802212999483281,377.7690442056897,0.8878710465284778,1.2594220345790745,28.756167450723066,15.425185408784886
H0,map-random-01,7001,H0_map-random-01_seed307,2009,1.0,center,,collision,0,1,0,76,78.6499020370851,281.3550591086191,nan,0.9962425638516379,29.50592082193699,13.406107410252726
H0,map-random-01,7001,H0_map-random-01_seed307,2010,1.0,center,,success,1,0,0,135,2.893258625011217,385.4771931129004,0.8701168386030349,1.79767520856349,27.819478189297225,14.574754230955534
H0,map-random-01,7001,H0_map-random-01_seed307,2011,1.0,center,,collision,0,1,0,76,80.2249769560812,279.6553106957473,nan,0.34227316257477014,30.10857409850378,14.456911393956815
H0,map-random-01,7001,H0_map-random-01_seed307,2012,1.0,center,,collision,0,1,0,75,81.08838434074764,277.7164662133068,nan,-0.1390124488115987,25.20117049840523,13.580614062631122
H0,map-random-01,7001,H0_map-random-01_seed307,2013,1.0,center,,collision,0,1,0,76,80.77718648314354,278.3450285879435,nan,-0.509452870505342,26.562114124926147,13.903042945459301
H0,map-random-01,7001,H0_map-random-01_seed307,2014,1.0,center,,success,1,0,0,120,2.87865948795934,377.5958599051205,0.8882782684885577,0.9608025911980821,27.57947471336257,15.359338076409038
H0,map-random-01,7001,H0_map-random-01_seed307,2015,1.0,center,,collision,0,1,0,77,82.08679079019093,277.42085079465534,nan,-0.028453466076598488,26.61107876936466,14.189265258893494
H0,map-random-01,7001,H0_map-random-01_seed307,2016,1.0,center,,success,1,0,0,122,2.892718766969365,377.32496332744216,0.8889159987379364,2.071083719363969,29.451570377523012,15.624087852954117
H0,map-random-01,7001,H0_map-random-01_seed307,2017,1.0,center,,success,1,0,0,117,2.815823719490128,374.7513336600384,0.8950206883833031,1.2999349679778618,27.51658759692358,15.840896468087092
H0,map-random-01,7001,H0_map-random-01_seed307,2018,1.0,center,,collision,0,1,0,78,77.9484981779733,282.7955919084435,nan,0.1342929054516162,33.283431660747254,14.829259959399973
H0,map-random-01,7001,H0_map-random-01_seed307,2019,1.0,center,,success,1,0,0,129,2.992850093651173,383.393332057271,0.8748461920951331,1.2077949021448096,26.28929905808416,15.173024456311193
H0,map-random-01,7001,H0_map-random-01_seed307,2020,1.0,center,,collision,0,1,0,77,81.0859260206158,278.3109314273552,nan,-0.3925598898890854,26.496196632480217,13.912932919230508
H0,map-random-01,7001,H0_map-random-01_seed307,2021,1.0,center,,collision,0,1,0,77,77.47314651395538,282.53714242814647,nan,0.05413750734285827,27.391114004250156,13.921552530622487
H0,map-random-01,7001,H0_map-random-01_seed307,2022,1.0,center,,collision,0,1,0,76,81.57232187442226,277.4509190148635,nan,-0.03651137833817586,26.364061642871594,13.757290585860607
H0,map-random-01,7001,H0_map-random-01_seed307,2023,1.0,center,,success,1,0,0,129,2.8857516399965277,381.6672436477781,0.8788026801024141,1.6278103512972153,30.255867151710788,14.778678022367803
H0,map-random-01,7001,H0_map-random-01_seed307,2024,1.0,center,,collision,0,1,0,76,79.2937648928798,279.54624170962524,nan,0.13375645990589646,28.053459942317648,13.951032984307956
H0,map-random-01,7001,H0_map-random-01_seed307,2025,1.0,center,,success,1,0,0,124,2.939931331369586,380.4628230298935,0.8815846813989887,1.3693235509735453,26.582985767402942,14.969472743915073
H0,map-random-01,7001,H0_map-random-01_seed307,2026,1.0,center,,collision,0,1,0,76,77.7437843614996,282.5923414679319,nan,0.3515261767125537,31.4115139021715,14.898786906251845
H0,map-random-01,7001,H0_map-random-01_seed307,2027,1.0,center,,success,1,0,0,130,2.990137338547598,381.925451320739,0.8782085495090317,1.9004289984773095,24.850776338082557,14.339396440996067
H0,map-random-01,7001,H0_map-random-01_seed307,2028,1.0,center,,collision,0,1,0,78,78.56637757012032,280.47141809682347,nan,0.24791865716001382,33.57896237148007,14.204337149212536
H0,map-random-01,7001,H0_map-random-01_seed307,2029,1.0,center,,success,1,0,0,126,2.989552323621391,378.3727680026525,0.8864543777701708,0.7731484426892212,27.069931504056385,14.413009569284092
H0,map-random-01,7001,H0_map-random-01_seed307,2030,1.0,center,,collision,0,1,0,78,78.48378404439549,281.508033751643,nan,0.27990693525896404,26.381401321397167,14.693362421318005
H0,map-random-01,7001,H0_map-random-01_seed307,2031,1.0,center,,collision,0,1,0,78,80.09197453731873,280.3441791493824,nan,0.2839094831660418,29.728228521690568,14.378365462658415
H0,map-random-01,7001,H0_map-random-01_seed307,2032,1.0,center,,success,1,0,0,136,2.9101915100320794,384.23083520147884,0.8729393007958085,1.169587656956125,24.931791870353614,14.396689456624827
H0,map-random-01,7001,H0_map-random-01_seed307,2033,1.0,center,,collision,0,1,0,75,78.54382434753467,280.94283746511627,nan,0.9517212805573649,33.51977514489109,14.29098309360682
H0,map-random-01,7001,H0_map-random-01_seed307,2034,1.0,center,,success,1,0,0,122,2.903773958502866,378.62484656883026,0.8858641995223475,1.1714071635905012,32.350109213425156,15.321187798695007
H0,map-random-01,7001,H0_map-random-01_seed307,2035,1.0,center,,success,1,0,0,135,2.8598816616293483,386.33805110562923,0.8681780002386136,0.5188091704679323,25.798253853516936,14.704451605726781
H0,map-random-01,7001,H0_map-random-01_seed307,2036,1.0,center,,success,1,0,0,128,2.922861734292556,380.4918667488161,0.8815173882452301,0.9139626223788591,26.21211905488005,14.926396620815936
H0,map-random-01,7001,H0_map-random-01_seed307,2037,1.0,center,,success,1,0,0,120,2.9218884233641784,376.2615116240937,0.8914283982361236,0.6338544441137799,27.345205765125872,15.433521475270277
H0,map-random-01,7001,H0_map-random-01_seed307,2038,1.0,center,,collision,0,1,0,76,80.87045515863419,277.3571883882539,nan,-0.7367145697573676,28.74856751873434,12.979084683993124
H0,map-random-01,7001,H0_map-random-01_seed307,2039,1.0,center,,collision,0,1,0,76,80.41876747521626,278.7013701754633,nan,-0.6992056979320864,28.20690174965686,13.694564753997199
H0,map-random-01,7001,H0_map-random-01_seed307,2040,1.0,center,,collision,0,1,0,76,79.33165681543618,279.7432764047239,nan,0.6229974244042182,30.654603520740448,14.899883025103694
H0,map-random-01,7001,H0_map-random-01_seed307,2041,1.0,center,,success,1,0,0,131,2.9462149224306975,378.98169753545864,0.8850300655840683,0.23062242672374111,26.241833325523242,14.249818822924905
H0,map-random-01,7001,H0_map-random-01_seed307,2042,1.0,center,,collision,0,1,0,77,80.58256699529896,279.0530154789197,nan,-0.30312928380340054,27.515797912906844,13.314716079672907
H0,map-random-01,7001,H0_map-random-01_seed307,2043,1.0,center,,success,1,0,0,124,2.9808946949191135,378.38528068834177,0.8864250639316759,1.6318770375212523,30.35992123615426,15.106934909909658
H0,map-random-01,7001,H0_map-random-01_seed307,2044,1.0,center,,collision,0,1,0,79,78.94841350508725,279.30633038363607,nan,-0.3172070500312998,25.392083595662985,13.036109687634651
H0,map-random-01,7001,H0_map-random-01_seed307,2045,1.0,center,,success,1,0,0,122,2.970247177760846,378.5284090093741,0.886089890855886,2.079478688679615,25.90152534083372,15.19805204256593
H0,map-random-01,7001,H0_map-random-01_seed307,2046,1.0,center,,collision,0,1,0,76,80.187936886498,279.219880177382,nan,0.20905779366040633,27.639654862747438,13.864063417034728
H0,map-random-01,7001,H0_map-random-01_seed307,2047,1.0,center,,collision,0,1,0,78,78.51076844216664,281.08840437574224,nan,0.45244439883370546,32.775922933452634,13.886131900171588
H0,map-random-01,7001,H0_map-random-01_seed307,2048,1.0,center,,collision,0,1,0,76,79.76059530085939,279.5684573042453,nan,0.15089463924687152,27.47115370671171,14.812421155623948
H0,map-random-01,7001,H0_map-random-01_seed307,2049,1.0,center,,collision,0,1,0,77,77.94997689305583,281.34428264060114,nan,0.11472275984769453,26.651538215314627,14.071050884522217
H0,map-random-01,7001,H0_map-random-01_seed307,2050,1.0,center,,success,1,0,0,122,2.9978770780125212,378.7361600508809,0.8856038371934386,0.5489872603642482,27.502601735649083,15.603264638784166
H0,map-random-01,7001,H0_map-random-01_seed401,2001,1.0,center,,success,1,0,0,101,2.6021042862085095,365.37362907216396,0.9179923506705037,4.192276253123404,27.86288566253259,14.963282082719582
H0,map-random-01,7001,H0_map-random-01_seed401,2002,1.0,center,,success,1,0,0,101,2.578925271364669,367.1260560174365,0.9136104374161836,6.073116304659798,25.843495302485106,15.601443694389024
H0,map-random-01,7001,H0_map-random-01_seed401,2003,1.0,center,,success,1,0,0,99,1.8195046988188532,365.64547206467165,0.9173098595506319,4.34253014060175,27.29711444915923,15.386186860064944
H0,map-random-01,7001,H0_map-random-01_seed401,2004,1.0,center,,success,1,0,0,100,2.84614012038876,364.9398576675691,0.9190834861630824,4.760047226020147,32.18885250027072,15.237235848338623
H0,map-random-01,7001,H0_map-random-01_seed401,2005,1.0,center,,success,1,0,0,115,2.733805332426529,373.7904134726858,0.8973215591829994,5.499970535263416,31.233910383165007,15.428253563510868
H0,map-random-01,7001,H0_map-random-01_seed401,2006,1.0,center,,success,1,0,0,100,2.4942152844850107,367.51240110464335,0.9126500102222829,6.0202021511309525,26.288622700026927,15.812179574046047
H0,map-random-01,7001,H0_map-random-01_seed401,2007,1.0,center,,success,1,0,0,101,2.2594683381466307,367.45650242689464,0.9127888455088592,5.734576536231819,29.237323235024903,15.567590249266502
H0,map-random-01,7001,H0_map-random-01_seed401,2008,1.0,center,,success,1,0,0,114,2.96581325268853,374.149601199649,0.8964601206296385,6.419548293866212,32.51918186737197,15.658928207563454
H0,map-random-01,7001,H0_map-random-01_seed401,2009,1.0,center,,success,1,0,0,99,2.6601406870740583,366.12984719373526,0.9160962953328641,4.197271038440526,30.746963679715122,15.344103524955246
H0,map-random-01,7001,H0_map-random-01_seed401,2010,1.0,center,,success,1,0,0,98,2.618235979602284,365.02842443841087,0.9188604891276358,4.827997170312634,28.422403523177724,15.467128945541901
H0,map-random-01,7001,H0_map-random-01_seed401,2011,1.0,center,,success,1,0,0,102,2.780725613860609,366.7929273845908,0.9144401965888594,5.382133200441307,30.838484414008647,15.490964380714793
H0,map-random-01,7001,H0_map-random-01_seed401,2012,1.0,center,,success,1,0,0,98,2.3009873267365735,365.4055727602348,0.9179120999477801,4.658828879727158,28.963695101306417,15.361347528221991
H0,map-random-01,7001,H0_map-random-01_seed401,2013,1.0,center,,success,1,0,0,99,2.546563263910286,365.26601317139585,0.9182628126630058,4.46782444696481,29.2919007643424,15.084157862987604
H0,map-random-01,7001,H0_map-random-01_seed401,2014,1.0,center,,success,1,0,0,101,1.9190005174982487,369.12905039151815,0.9086529393154356,5.906795729401608,30.36895197543864,16.066907478969842
H0,map-random-01,7001,H0_map-random-01_seed401,2015,1.0,center,,success,1,0,0,101,1.974824886486038,365.9531124187981,0.9165387183293683,4.717097004568179,30.275852305498987,14.922943955048797
H0,map-random-01,7001,H0_map-random-01_seed401,2016,1.0,center,,success,1,0,0,102,2.6402410920331008,368.4559021702867,0.9103129971574028,5.575413174787952,29.019119703869283,15.94275915229914
H0,map-random-01,7001,H0_map-random-01_seed401,2017,1.0,center,,success,1,0,0,102,2.7286097766542654,369.59754028050133,0.907501160236113,5.331200436771342,26.553099436010896,15.941773383504927
H0,map-random-01,7001,H0_map-random-01_seed401,2018,1.0,center,,success,1,0,0,101,2.908638653124507,365.3573721298067,0.9180331976599656,5.160023909238224,30.05806844988708,15.098123314430357
H0,map-random-01,7001,H0_map-random-01_seed401,2019,1.0,center,,success,1,0,0,102,2.2554258423172477,370.20948125041116,0.9060010983297743,5.10152470792694,26.96218860709595,15.81583073090414
H0,map-random-01,7001,H0_map-random-01_seed401,2020,1.0,center,,success,1,0,0,101,2.410174463873692,365.9597115960095,0.9165221908231109,5.344393262219978,31.24676823718001,15.12309959511281
H0,map-random-01,7001,H0_map-random-01_seed401,2021,1.0,center,,success,1,0,0,102,2.449534525605667,366.92812882450096,0.9141032542244607,5.762686787101506,25.86788869867559,15.397042953989114
H0,map-random-01,7001,H0_map-random-01_seed401,2022,1.0,center,,success,1,0,0,98,2.8058730444572304,364.3929929122902,0.920462805676678,4.359887986162689,28.921294886890298,15.03445924756231
H0,map-random-01,7001,H0_map-random-01_seed401,2023,1.0,center,,success,1,0,0,102,2.2128511015354655,370.6127437277229,0.9050152815883293,5.489165219003465,27.623957304209902,16.082728067570123
H0,map-random-01,7001,H0_map-random-01_seed401,2024,1.0,center,,success,1,0,0,115,2.9913624426092245,372.9418481249256,0.8993632608175818,5.958922280210582,32.75162782649138,15.320060383139666
H0,map-random-01,7001,H0_map-random-01_seed401,2025,1.0,center,,success,1,0,0,100,2.0347723958735124,367.3374405404718,0.913084699810267,5.3680597770376615,27.890004191576587,15.737357935861635
H0,map-random-01,7001,H0_map-random-01_seed401,2026,1.0,center,,success,1,0,0,98,2.2472469268237387,365.76342263925665,0.9170140475084497,4.13444554987045,27.502037119059548,15.35423236679952
H0,map-random-01,7001,H0_map-random-01_seed401,2027,1.0,center,,success,1,0,0,100,2.7957506550565996,368.80608306181415,0.9094486561620831,5.698258378336669,26.211539071149627,15.770815090336125
H0,map-random-01,7001,H0_map-random-01_seed401,2028,1.0,center,,success,1,0,0,101,1.7763284162465838,364.77354065329683,0.9195025385455874,4.31474874315536,28.563794346344007,14.840367510869912
H0,map-random-01,7001,H0_map-random-01_seed401,2029,1.0,center,,success,1,0,0,113,2.838043962759285,371.6699160618394,0.9024410696968062,5.782105473537817,31.221879377185513,15.47900965435368
H0,map-random-01,7001,H0_map-random-01_seed401,2030,1.0,center,,success,1,0,0,101,2.2702285177630115,365.85136101410444,0.9167936281424346,5.070541973014706,28.147827591551867,15.09485241419599
H0,map-random-01,7001,H0_map-random-01_seed401,2031,1.0,center,,success,1,0,0,100,2.376990185884005,363.8351126689614,0.9218741813139525,3.415396446164711,27.91799428041979,14.813074456505765
H0,map-random-01,7001,H0_map-random-01_seed401,2032,1.0,center,,success,1,0,0,101,2.1059264077330266,366.5393066776453,0.9150729280992135,5.165720670028143,29.387708036489098,15.166750543137814
H0,map-random-01,7001,H0_map-random-01_seed401,2033,1.0,center,,success,1,0,0,98,2.9295641423917695,365.51095892028206,0.9176474424071138,4.550578080379098,28.81886368671482,15.601730844023125
H0,map-random-01,7001,H0_map-random-01_seed401,2034,1.0,center,,success,1,0,0,100,2.613292943951292,367.77244886860416,0.9120046856604044,5.162083653034958,25.77891329943877,15.688052554158926
H0,map-random-01,7001,H0_map-random-01_seed401,2035,1.0,center,,success,1,0,0,100,2.206062793432777,366.5421838498922,0.9150657452358253,5.661374594029396,26.804754476734125,15.155342923162568
H0,map-random-01,7001,H0_map-random-01_seed401,2036,1.0,center,,success,1,0,0,101,1.97566433183686,369.50088079648435,0.9077385577592371,5.374947531722649,29.154063085977263,16.07299320643108
H0,map-random-01,7001,H0_map-random-01_seed401,2037,1.0,center,,success,1,0,0,100,2.647162773693005,366.9584515876646,0.9140277194156423,5.961795100118133,26.593034595079224,15.840484449782549
H0,map-random-01,7001,H0_map-random-01_seed401,2038,1.0,center,,success,1,0,0,114,2.634346079866348,371.7719078235006,0.9021934943621536,5.390156910795768,29.792465685847805,15.340773499282571
H0,map-random-01,7001,H0_map-random-01_seed401,2039,1.0,center,,success,1,0,0,101,2.80944178014697,366.7220760846425,0.9146168679181262,5.623731420322761,28.393557012138615,15.338417190049395
H0,map-random-01,7001,H0_map-random-01_seed401,2040,1.0,center,,success,1,0,0,101,2.845683484963536,365.7739554733907,0.9169876411536055,5.2188799968184085,30.991087183868785,15.615168887236234
H0,map-random-01,7001,H0_map-random-01_seed401,2041,1.0,center,,success,1,0,0,110,2.614629137030262,369.4088006580025,0.9079648238686391,5.553046545323118,29.961761096740517,15.579249971197582
H0,map-random-01,7001,H0_map-random-01_seed401,2042,1.0,center,,success,1,0,0,101,2.481818971868518,366.30964837222245,0.9156466342490227,5.3247459906337,26.87903560374971,15.220356909693349
H0,map-random-01,7001,H0_map-random-01_seed401,2043,1.0,center,,success,1,0,0,116,2.6974276308867484,374.8721197970379,0.8947323071306696,5.822307260637358,30.302044575264052,15.355691449075879
H0,map-random-01,7001,H0_map-random-01_seed401,2044,1.0,center,,success,1,0,0,102,2.3207203183523286,364.24438635467305,0.9208383414820069,3.75769182610897,27.91376968679838,14.689451031767197
H0,map-random-01,7001,H0_map-random-01_seed401,2045,1.0,center,,success,1,0,0,104,2.8084680255355847,370.47141091211904,0.9053605399649379,6.283900966201877,29.22072096699132,15.801312759199172
H0,map-random-01,7001,H0_map-random-01_seed401,2046,1.0,center,,success,1,0,0,98,2.8054311358080555,363.2271803574411,0.9234171195418285,3.3589108788635755,26.921239151935918,15.24655103481556
H0,map-random-01,7001,H0_map-random-01_seed401,2047,1.0,center,,success,1,0,0,101,2.6270731806639716,365.0757460610297,0.9187413851614727,4.408021339303432,29.354585988077577,15.157809236802809
H0,map-random-01,7001,H0_map-random-01_seed401,2048,1.0,center,,success,1,0,0,102,2.849406288280457,366.61259477720057,0.9148899994251574,5.86839525148027,25.921223030970594,15.35274410471545
H0,map-random-01,7001,H0_map-random-01_seed401,2049,1.0,center,,success,1,0,0,98,2.6072252230398636,364.6250088470652,0.9198771024662483,4.0312236091765214,29.840854694624444,15.100566146210138
H0,map-random-01,7001,H0_map-random-01_seed401,2050,1.0,center,,success,1,0,0,101,1.9978098905316997,368.16486580849005,0.9110326046142607,6.2300749261410155,27.542595059298176,15.66265077374939
H0,map-random-01,7001,H0_map-random-01_seed503,2001,1.0,center,,success,1,0,0,126,1.7021062491245509,398.6132338370659,0.8414427022311763,1.9874574272387602,36.502058671948845,17.381677234441643
H0,map-random-01,7001,H0_map-random-01_seed503,2002,1.0,center,,success,1,0,0,125,1.2572305439931741,401.68840827358486,0.8350009353432097,7.32218480240512,34.514730950340486,17.95552451553841
H0,map-random-01,7001,H0_map-random-01_seed503,2003,1.0,center,,success,1,0,0,128,1.5178143537401803,408.1756457422286,0.8217300569588294,7.709171063157103,35.16997763311731,17.94587840437046
H0,map-random-01,7001,H0_map-random-01_seed503,2004,1.0,center,,success,1,0,0,125,1.6105322984772332,398.1024020543895,0.8425224135652015,2.0358750476699963,34.48490591288122,17.365275914081653
H0,map-random-01,7001,H0_map-random-01_seed503,2005,1.0,center,,success,1,0,0,133,2.1716852088827276,426.0682936376346,0.7872216769789266,7.952021066949024,37.34424798230496,18.222640221727275
H0,map-random-01,7001,H0_map-random-01_seed503,2006,1.0,center,,success,1,0,0,125,2.9433785503703978,403.5805887692474,0.8310860481368288,8.530475091767112,37.86105934905211,17.876687703776305
H0,map-random-01,7001,H0_map-random-01_seed503,2007,1.0,center,,success,1,0,0,126,2.6677427715254685,405.0303890760717,0.8281111878792202,8.28648503925614,38.66692242149471,18.18579355528188
H0,map-random-01,7001,H0_map-random-01_seed503,2008,1.0,center,,success,1,0,0,124,2.988211048807487,398.91070061536175,0.8408152403722511,6.969611922088777,34.86594374624131,17.777341966223574
H0,map-random-01,7001,H0_map-random-01_seed503,2009,1.0,center,,success,1,0,0,129,2.34532364436505,414.099461447542,0.8099749645954517,8.609945880388342,37.17651015959355,17.866663860708762
H0,map-random-01,7001,H0_map-random-01_seed503,2010,1.0,center,,success,1,0,0,128,1.6859078197752824,410.24103876868355,0.8175929878485199,9.601535493289152,35.796183399385605,17.762831124193077
H0,map-random-01,7001,H0_map-random-01_seed503,2011,1.0,center,,success,1,0,0,123,1.3211186940832795,394.25862574162005,0.8507364829216996,1.5048438781735387,36.18947468801803,17.49332000332521
H0,map-random-01,7001,H0_map-random-01_seed503,2012,1.0,center,,success,1,0,0,122,1.976846610377028,394.83090376688165,0.8495034036722802,4.144054397627723,33.304844372124634,17.412339212368114
H0,map-random-01,7001,H0_map-random-01_seed503,2013,1.0,center,,success,1,0,0,131,1.451563068027714,411.2708577038117,0.815545741552453,8.315950691356637,36.668978910008455,17.437269797039033
H0,map-random-01,7001,H0_map-random-01_seed503,2014,1.0,center,,success,1,0,0,125,1.8851453320389215,406.24259529949677,0.825640148290437,9.331798216122902,34.56672491400711,17.414779513542417
H0,map-random-01,7001,H0_map-random-01_seed503,2015,1.0,center,,success,1,0,0,125,2.330996710417655,396.9148968610343,0.8450431043972645,1.105335655725548,38.445914283968094,17.62792273257261
H0,map-random-01,7001,H0_map-random-01_seed503,2016,1.0,center,,success,1,0,0,125,2.082704278425452,405.7631364321092,0.8266157432985243,9.826101944093384,34.18130454169141,17.896291504335373
H0,map-random-01,7001,H0_map-random-01_seed503,2017,1.0,center,,success,1,0,0,126,1.8430346877189623,407.9950212478774,0.8220938471236638,10.036642218250861,38.217457646101394,18.094785937003202
H0,map-random-01,7001,H0_map-random-01_seed503,2018,1.0,center,,success,1,0,0,125,1.9269640759735172,397.35936638228,0.8440978746233624,2.1028154756404933,34.95399268040843,17.347830163309517
H0,map-random-01,7001,H0_map-random-01_seed503,2019,1.0,center,,success,1,0,0,128,1.5322375707304146,411.6799302219575,0.8147353611436241,10.23511032933025,35.870541982121196,17.95428357594329
H0,map-random-01,7001,H0_map-random-01_seed503,2020,1.0,center,,success,1,0,0,125,2.5216803217887027,397.2193100671364,0.8443954967050288,2.410561276358735,34.4996235565912,17.330839103815745
H0,map-random-01,7001,H0_map-random-01_seed503,2021,1.0,center,,success,1,0,0,123,1.3051419456440407,394.01819923879594,0.8512555949774596,1.9365987432237546,33.06403338572358,17.50966624374933
H0,map-random-01,7001,H0_map-random-01_seed503,2022,1.0,center,,success,1,0,0,124,1.6419915639463025,394.48205989689853,0.8502546268203705,2.437803614701148,39.42905937036852,17.258509808678085
H0,map-random-01,7001,H0_map-random-01_seed503,2023,1.0,center,,success,1,0,0,121,2.52640751968459,393.2221916432246,0.8529788088086603,5.378363214924306,35.463363496432315,17.346147453518487
H0,map-random-01,7001,H0_map-random-01_seed503,2024,1.0,center,,success,1,0,0,123,2.299865318941817,393.0283451591971,0.8533995086006068,2.5627815252410926,33.31585086794974,17.407358926542113
H0,map-random-01,7001,H0_map-random-01_seed503,2025,1.0,center,,success,1,0,0,122,2.115131912354384,396.8152968626628,0.845255208851118,6.365324399748255,33.71892277308332,17.58846098004223
H0,map-random-01,7001,H0_map-random-01_seed503,2026,1.0,center,,success,1,0,0,123,2.245117251105153,397.8353528009542,0.8430879615487104,5.020138510927222,34.26726782343058,17.73068012175157
H0,map-random-01,7001,H0_map-random-01_seed503,2027,1.0,center,,success,1,0,0,125,1.3628434129669773,406.3019939372852,0.8255194452152769,7.802293745027322,30.377601773459233,17.432774774071316
H0,map-random-01,7001,H0_map-random-01_seed503,2028,1.0,center,,success,1,0,0,126,2.3616873014097908,397.0464258193232,0.8447631682688855,1.8709471507175146,38.48159131984525,17.23315609237043
H0,map-random-01,7001,H0_map-random-01_seed503,2029,1.0,center,,success,1,0,0,131,1.5845174004979006,418.9730805923474,0.800553095561087,8.539281809574348,36.27916817495674,17.99040394075233
H0,map-random-01,7001,H0_map-random-01_seed503,2030,1.0,center,,success,1,0,0,126,1.9157391116622433,399.1029647285573,0.8404101855096258,2.3918582484508972,34.27499391377247,17.289949293042728
H0,map-random-01,7001,H0_map-random-01_seed503,2031,1.0,center,,success,1,0,0,127,1.3988634498789023,399.32185253227664,0.8399495156550636,1.7297800202383151,37.466099749373,17.283510169378378
H0,map-random-01,7001,H0_map-random-01_seed503,2032,1.0,center,,success,1,0,0,125,1.263343043975012,396.991584696163,0.8448798653545119,2.072358698589312,32.51641181889714,17.1731324495172
H0,map-random-01,7001,H0_map-random-01_seed503,2033,1.0,center,,success,1,0,0,129,1.713488477675646,417.8396598482708,0.8027246545882343,9.86875322561343,32.77028887409647,17.862073412579974
H0,map-random-01,7001,H0_map-random-01_seed503,2034,1.0,center,,success,1,0,0,126,1.2897333019553123,408.0736508566911,0.8219354420968463,8.669454059606363,33.3469251780803,17.40280710473876
H0,map-random-01,7001,H0_map-random-01_seed503,2035,1.0,center,,success,1,0,0,123,2.0666138438767754,392.1019192902937,0.8554158501240251,1.874803194521462,33.42488291025615,17.224861173225413
H0,map-random-01,7001,H0_map-random-01_seed503,2036,1.0,center,,success,1,0,0,122,2.7858224903943407,398.3366614771559,0.8420269311420231,7.738347757201736,34.16807210907834,17.469375372960688
H0,map-random-01,7001,H0_map-random-01_seed503,2037,1.0,center,,success,1,0,0,124,1.1959892551600186,403.0154230775223,0.8322515154970891,7.825755511692652,31.52763392204909,17.46394078122673
H0,map-random-01,7001,H0_map-random-01_seed503,2038,1.0,center,,success,1,0,0,123,1.8024894406657135,392.96498548053825,0.853537106403542,2.170577653211396,36.903850593507464,17.577576345341917
H0,map-random-01,7001,H0_map-random-01_seed503,2039,1.0,center,,success,1,0,0,123,2.3611126632413932,394.1747476716421,0.8509175146460016,2.2730420645600975,33.65843913059471,17.313472208167575
H0,map-random-01,7001,H0_map-random-01_seed503,2040,1.0,center,,success,1,0,0,122,1.8698474721892158,391.0424773859384,0.8577334075498305,1.3122783119900987,38.921183477416896,17.47348410448696
H0,map-random-01,7001,H0_map-random-01_seed503,2041,1.0,center,,success,1,0,0,124,2.9979548873529747,394.40443990243466,0.8504219595193709,2.8501913113344117,36.46046445022145,17.770627120020148
H0,map-random-01,7001,H0_map-random-01_seed503,2042,1.0,center,,success,1,0,0,124,1.6336619126835703,394.9157026055775,0.8493209928397296,1.1685453773520749,33.88488191212325,17.51896016001382
H0,map-random-01,7001,H0_map-random-01_seed503,2043,1.0,center,,success,1,0,0,122,1.8999583349015097,392.28387116418077,0.8550190851068429,2.088901807240044,33.42361962864257,17.42225270870549
H0,map-random-01,7001,H0_map-random-01_seed503,2044,1.0,center,,success,1,0,0,127,1.529133396910696,399.2809534247125,0.8400355532816886,1.6933672601145537,36.665419150409534,17.788285135913366
H0,map-random-01,7001,H0_map-random-01_seed503,2045,1.0,center,,success,1,0,0,123,2.4036098625789295,397.64919879479544,0.8434826415884594,6.625932430223841,34.982430561523664,17.65071220387772
H0,map-random-01,7001,H0_map-random-01_seed503,2046,1.0,center,,success,1,0,0,124,2.475154523604273,398.49877567920004,0.8416843842325398,4.850016477626032,36.44910899878928,17.82710900352736
H0,map-random-01,7001,H0_map-random-01_seed503,2047,1.0,center,,success,1,0,0,124,2.593423452313544,395.4201398903054,0.8482375144523887,2.530429337274119,34.08716413089963,17.352641087176764
H0,map-random-01,7001,H0_map-random-01_seed503,2048,1.0,center,,success,1,0,0,122,2.5324117380866715,391.4206395701415,0.8569047278480671,1.9367078158685445,32.58261132786087,17.388077833616197
H0,map-random-01,7001,H0_map-random-01_seed503,2049,1.0,center,,success,1,0,0,123,1.756074348116604,393.3239472887178,0.8527581372480277,2.1970413958101176,37.688491167222686,17.231969184138823
H0,map-random-01,7001,H0_map-random-01_seed503,2050,1.0,center,,success,1,0,0,129,1.8870027738059392,417.04263336158726,0.8042587730692722,8.895343742895982,33.938305162146364,18.21884489042837
H0,map-corridor-01,7013,H0_map-corridor-01_seed101,2001,1.0,center,,collision,0,1,0,91,51.344884628736665,349.4296634271615,nan,-0.13238759615634876,24.49866870218585,16.262384404671593
H0,map-corridor-01,7013,H0_map-corridor-01_seed101,2002,1.0,center,,success,1,0,0,135,1.7436714297060905,442.05494614621784,0.7587522762702565,2.7347339709674827,25.172049152015926,16.9356127465999
H0,map-corridor-01,7013,H0_map-corridor-01_seed101,2003,1.0,center,,success,1,0,0,131,2.1369630576254917,436.22504797716476,0.7688925663033598,2.6648030490204633,25.331639949132366,17.37261121389177
H0,map-corridor-01,7013,H0_map-corridor-01_seed101,2004,1.0,center,,collision,0,1,0,92,51.28588718835209,350.6886045605309,nan,-1.276975596755591,23.393340848095928,16.247674803906833
H0,map-corridor-01,7013,H0_map-corridor-01_seed101,2005,1.0,center,,collision,0,1,0,92,45.3973858426901,354.6730851111895,nan,0.4978391057271381,21.76832376158215,16.194287750775338
H0,map-corridor-01,7013,H0_map-corridor-01_seed101,2006,1.0,center,,success,1,0,0,133,1.9762572541000634,438.8578344416929,0.7642798425865437,2.6571821520048786,23.584208733427264,17.134854558390344
H0,map-corridor-01,7013,H0_map-corridor-01_seed101,2007,1.0,center,,success,1,0,0,132,2.213705753803465,434.9638046985218,0.7711220864858973,1.3556140750513157,25.420535055067454,17.14704155426297
H0,map-corridor-01,7013,H0_map-corridor-01_seed101,2008,1.0,center,,success,1,0,0,134,2.6164861575965985,440.85635139280924,0.7608151625020215,0.7449602864827796,25.54636356075072,17.163095010374462
H0,map-corridor-01,7013,H0_map-corridor-01_seed101,2009,1.0,center,,success,1,0,0,133,2.2658243807526897,441.19996301620625,0.7602226308723605,2.5520488121971354,29.103855022178518,17.59254500947646
H0,map-corridor-01,7013,H0_map-corridor-01_seed101,2010,1.0,center,,success,1,0,0,132,2.1564007801575764,439.7997504959655,0.7626429897850644,2.188125468053732,25.769851448426728,17.485389830384726
H0,map-corridor-01,7013,H0_map-corridor-01_seed101,2011,1.0,center,,success,1,0,0,132,2.8904048214326994,434.745764873997,0.7715088305050675,0.37799097603291465,26.02157463703557,17.151870799814123
H0,map-corridor-01,7013,H0_map-corridor-01_seed101,2012,1.0,center,,success,1,0,0,131,2.2896608036560857,436.3786463843087,0.7686219282361043,2.6012294194350827,25.748633627671687,17.506441887400157
H0,map-corridor-01,7013,H0_map-corridor-01_seed101,2013,1.0,center,,success,1,0,0,133,1.7802483386562742,439.595917915203,0.7629966133799911,1.9094463335765113,27.610694481718436,17.443722912031205
H0,map-corridor-01,7013,H0_map-corridor-01_seed101,2014,1.0,center,,success,1,0,0,134,2.490823445467059,442.3089132150833,0.758316612222253,3.5300765348685417,26.848093047933755,17.192805780340027
H0,map-corridor-01,7013,H0_map-corridor-01_seed101,2015,1.0,center,,collision,0,1,0,92,48.14985087238994,352.3907981011019,nan,-0.46311778702295214,24.810237752373972,16.140013747649746
H0,map-corridor-01,7013,H0_map-corridor-01_seed101,2016,1.0,center,,success,1,0,0,132,2.020655631522135,436.4575082929531,0.7684830487549752,2.801630983236604,26.607489057875505,17.436654132428064
H0,map-corridor-01,7013,H0_map-corridor-01_seed101,2017,1.0,center,,success,1,0,0,135,2.205205686032045,446.10266923255904,0.7518677196036118,3.0800689017727447,27.02616233107993,17.45553822428885
H0,map-corridor-01,7013,H0_map-corridor-01_seed101,2018,1.0,center,,collision,0,1,0,92,45.84756291674291,354.88029273980726,nan,0.16708485048431498,23.35652564410943,16.06983853513863
H0,map-corridor-01,7013,H0_map-corridor-01_seed101,2019,1.0,center,,success,1,0,0,134,2.2830558077534038,443.09583230114254,0.756969874627511,2.580501924186642,27.18456430876782,17.41961329112618
H0,map-corridor-01,7013,H0_map-corridor-01_seed101,2020,1.0,center,,collision,0,1,0,91,51.465621942834275,349.46215844343226,nan,-0.7628541071443067,24.216209777643765,16.46824672065943
H0,map-corridor-01,7013,H0_map-corridor-01_seed101,2021,1.0,center,,success,1,0,0,134,2.3566989187037723,440.1666596046431,0.7620072745314997,0.7295081787676378,24.554846977791335,17.12417059446363
H0,map-corridor-01,7013,H0_map-corridor-01_seed101,2022,1.0,center,,success,1,0,0,132,1.9914116188777373,436.9598178952331,0.7675996347686769,2.0023989726334372,25.141383188431544,17.367218859671173
H0,map-corridor-01,7013,H0_map-corridor-01_seed101,2023,1.0,center,,success,1,0,0,134,2.288357125186694,444.7422530149961,0.7541675978640575,3.7670011636054066,27.445939403271925,17.60500198926912
H0,map-corridor-01,7013,H0_map-corridor-01_seed101,2024,1.0,center,,collision,0,1,0,91,49.217674337536195,350.5136048580495,nan,-0.6174755774476637,22.18672752394755,16.23427055165779
H0,map-corridor-01,7013,H0_map-corridor-01_seed101,2025,1.0,center,,success,1,0,0,134,2.804069158771769,443.15587623334136,0.75686731151086,2.8015091910414793,24.44557740869208,17.350053641270804
H0,map-corridor-01,7013,H0_map-corridor-01_seed101,2026,1.0,center,,success,1,0,0,131,2.1778241977882264,436.0486000852417,0.7692037001366367,2.0144377933757682,26.58780546949654,17.414332821437913
H0,map-corridor-01,7013,H0_map-corridor-01_seed101,2027,1.0,center,,success,1,0,0,132,2.9385273398746556,439.1104019191744,0.7638402441823874,2.9072046410881933,25.645862018300907,17.62041841945445
H0,map-corridor-01,7013,H0_map-corridor-01_seed101,2028,1.0,center,,collision,0,1,0,91,48.85155071227645,351.26022822068836,nan,-0.8966278879556171,21.89885835663046,16.15617876025343
H0,map-corridor-01,7013,H0_map-corridor-01_seed101,2029,1.0,center,,success,1,0,0,132,2.518487694242319,435.19001164352653,0.7707212657713987,1.2645270197212426,24.580526392282966,17.028359083676936
H0,map-corridor-01,7013,H0_map-corridor-01_seed101,2030,1.0,center,,collision,0,1,0,90,55.816996948806164,344.1963867078206,nan,-0.3219871648819037,22.738019749179145,16.22650208121611
H0,map-corridor-01,7013,H0_map-corridor-01_seed101,2031,1.0,center,,collision,0,1,0,91,52.292452177538934,350.14800583763406,nan,-0.27119250322476773,22.061632381342235,16.25043218860799
H0,map-corridor-01,7013,H0_map-corridor-01_seed101,2032,1.0,center,,collision,0,1,0,92,43.249465718053244,356.9656137089627,nan,0.011780543244526598,23.465421254142697,16.19598237033759
H0,map-corridor-01,7013,H0_map-corridor-01_seed101,2033,1.0,center,,success,1,0,0,133,2.476135323458912,440.9550949177167,0.7606447923853944,2.8466922994651136,27.706019592756753,17.499496893430717
H0,map-corridor-01,7013,H0_map-corridor-01_seed101,2034,1.0,center,,success,1,0,0,134,1.7812116882095461,442.9696917932969,0.757185430152366,3.237778747168389,26.419548089069057,17.239100457745202
H0,map-corridor-01,7013,H0_map-corridor-01_seed101,2035,1.0,center,,success,1,0,0,134,1.9478123465832953,442.1853907458611,0.7585284445042646,1.1840008101232797,24.516798605151063,17.347060989694786
H0,map-corridor-01,7013,H0_map-corridor-01_seed101,2036,1.0,center,,success,1,0,0,133,2.9326972364054713,441.18834787532546,0.7602426452109098,3.592543267992062,26.982003623359812,17.513992885251266
H0,map-corridor-01,7013,H0_map-corridor-01_seed101,2037,1.0,center,,success,1,0,0,133,1.731082390553591,439.3533031393621,0.7634179468512542,2.342204359505331,24.742426527796166,17.343707231798923
H0,map-corridor-01,7013,H0_map-corridor-01_seed101,2038,1.0,center,,collision,0,1,0,92,48.51213981341567,352.9065654607559,nan,-1.40345546977386,23.815820192169323,16.319298706842275
H0,map-corridor-01,7013,H0_map-corridor-01_seed101,2039,1.0,center,,collision,0,1,0,91,49.286798942637276,350.66022270981387,nan,-0.7964462680193662,24.085970372028267,16.250504382310297
H0,map-corridor-01,7013,H0_map-corridor-01_seed101,2040,1.0,center,,success,1,0,0,133,1.7870073361568586,437.7003712105285,0.7663009188165397,0.9562693901488615,26.435835471791354,17.229228232321514
H0,map-corridor-01,7013,H0_map-corridor-01_seed101,2041,1.0,center,,collision,0,1,0,91,52.896644203388874,347.87812221550314,nan,-1.223424863365267,21.67322039231061,16.105843244471316
H0,map-corridor-01,7013,H0_map-corridor-01_seed101,2042,1.0,center,,collision,0,1,0,92,44.91153144713806,355.3272470742287,nan,0.752166097067942,24.532624941278826,16.201860550717942
H0,map-corridor-01,7013,H0_map-corridor-01_seed101,2043,1.0,center,,success,1,0,0,131,2.3724828952652484,431.9661667909254,0.7764733037235977,1.3766696937247689,24.655075963142515,17.196073897409573
H0,map-corridor-01,7013,H0_map-corridor-01_seed101,2044,1.0,center,,collision,0,1,0,91,56.35898301988846,343.7817216428025,nan,-0.9532628840208304,22.801313235815044,16.038896938066294
H0,map-corridor-01,7013,H0_map-corridor-01_seed101,2045,1.0,center,,success,1,0,0,135,2.6255545222882466,445.356903489479,0.7531267484503967,2.5500526194909696,25.012991321737445,17.251490416218502
H0,map-corridor-01,7013,H0_map-corridor-01_seed101,2046,1.0,center,,success,1,0,0,131,1.933334582058458,437.16296870760175,0.7672429291450552,1.8319897999029706,25.085150052425192,17.342202063744274
H0,map-corridor-01,7013,H0_map-corridor-01_seed101,2047,1.0,center,,collision,0,1,0,91,49.96202828194253,350.3092661842148,nan,-0.6522116102533744,23.51911491049667,16.296313945310462
H0,map-corridor-01,7013,H0_map-corridor-01_seed101,2048,1.0,center,,success,1,0,0,133,2.9163870235617764,437.734604393724,0.7662409899932906,1.61275935772386,25.081691958688875,17.115305915584774
H0,map-corridor-01,7013,H0_map-corridor-01_seed101,2049,1.0,center,,success,1,0,0,131,2.0856006882557585,437.30975801477234,0.7669853930257791,1.4434132310494858,25.256196067777537,17.515090872707976
H0,map-corridor-01,7013,H0_map-corridor-01_seed101,2050,1.0,center,,success,1,0,0,133,2.20304652944224,438.14960540447623,0.7655152315276782,2.127234747718944,26.827623183075257,17.21971928056402
H0,map-corridor-01,7013,H0_map-corridor-01_seed211,2001,1.0,center,,success,1,0,0,99,2.765893173234703,360.2692324452734,0.9309987265590848,2.244855785068708,38.723604512059715,16.852937990073066
H0,map-corridor-01,7013,H0_map-corridor-01_seed211,2002,1.0,center,,success,1,0,0,97,0.7869617380445786,360.30145650114724,0.9309154614086343,0.43517307021001983,44.33843956623952,16.631989083388444
H0,map-corridor-01,7013,H0_map-corridor-01_seed211,2003,1.0,center,,success,1,0,0,97,2.255535063019897,361.38564288675695,0.9281226391444442,2.464140351482879,42.32416607587589,16.916845892798122
H0,map-corridor-01,7013,H0_map-corridor-01_seed211,2004,1.0,center,,collision,0,1,0,36,262.6303691238451,91.26918162245435,nan,0.8932261581285559,36.25096006878459,16.45551358409195
H0,map-corridor-01,7013,H0_map-corridor-01_seed211,2005,1.0,center,,success,1,0,0,97,1.9816770811513933,359.36996932388865,0.9333283948461314,0.8614517818327485,44.92445242666741,16.596768389436296
H0,map-corridor-01,7013,H0_map-corridor-01_seed211,2006,1.0,center,,collision,0,1,0,36,262.1972964558229,90.64609122668945,nan,0.22230148120607396,41.19472716606847,16.975124742844148
H0,map-corridor-01,7013,H0_map-corridor-01_seed211,2007,1.0,center,,success,1,0,0,97,2.2261787696498048,361.81630622041274,0.9270179117373497,0.6600350582235137,41.60501409795649,16.794495671818524
H0,map-corridor-01,7013,H0_map-corridor-01_seed211,2008,1.0,center,,success,1,0,0,97,0.7491837712041333,360.7220375966869,0.9298300676599668,0.570809388326407,39.88234106858801,16.660591884521438
H0,map-corridor-01,7013,H0_map-corridor-01_seed211,2009,1.0,center,,success,1,0,0,97,2.2654606525655647,364.2094340520906,0.9209267121207981,2.836731006500039,42.39517001722364,16.973825219804212
H0,map-corridor-01,7013,H0_map-corridor-01_seed211,2010,1.0,center,,success,1,0,0,96,1.8770540657062036,361.13183037085895,0.9287749470339515,2.0268094149575466,43.448876753507044,17.000359138310486
H0,map-corridor-01,7013,H0_map-corridor-01_seed211,2011,1.0,center,,success,1,0,0,98,1.451206927266755,360.07547651498015,0.9314996952063034,0.5151595414260726,39.146577336558714,16.83003398618393
H0,map-corridor-01,7013,H0_map-corridor-01_seed211,2012,1.0,center,,success,1,0,0,97,2.0752538530880695,360.4166972440749,0.9306178076367756,1.1925520732262909,41.65405974239754,17.427003747130396
H0,map-corridor-01,7013,H0_map-corridor-01_seed211,2013,1.0,center,,success,1,0,0,130,2.3525036872483174,408.25246135535826,0.8215754425862845,1.4822571951180323,36.93083363570611,17.49858366259074
H0,map-corridor-01,7013,H0_map-corridor-01_seed211,2014,1.0,center,,success,1,0,0,96,1.4382963617902422,357.95111853281026,0.9370279327517295,1.070692093177101,40.720244473534116,17.198238258413976
H0,map-corridor-01,7013,H0_map-corridor-01_seed211,2015,1.0,center,,success,1,0,0,100,2.5881530159864408,360.2401042116979,0.9310740050970618,1.4198701729430134,38.75363787497627,16.9828761249406
H0,map-corridor-01,7013,H0_map-corridor-01_seed211,2016,1.0,center,,success,1,0,0,95,2.50960312480119,357.11161457920775,0.9392307136809019,0.7906652292771525,40.96203129287953,16.775728051704938
H0,map-corridor-01,7013,H0_map-corridor-01_seed211,2017,1.0,center,,success,1,0,0,95,0.9761723451173999,359.25428778142106,0.9336289309065675,0.8990761337396123,43.74140572243273,16.914110889848715
H0,map-corridor-01,7013,H0_map-corridor-01_seed211,2018,1.0,center,,success,1,0,0,99,1.9212884220568534,359.77548777614646,0.9322764002022891,1.6126125931405448,41.56780904239233,17.007854072438157
H0,map-corridor-01,7013,H0_map-corridor-01_seed211,2019,1.0,center,,success,1,0,0,95,2.6947068651194095,359.5973881781407,0.9327381334004847,1.4476029201786476,45.126860658726564,17.117069008612294
H0,map-corridor-01,7013,H0_map-corridor-01_seed211,2020,1.0,center,,success,1,0,0,98,2.6375458717973803,358.8021204068601,0.9348055029458393,0.9854214439468194,40.12012304095833,16.695231444375185
H0,map-corridor-01,7013,H0_map-corridor-01_seed211,2021,1.0,center,,collision,0,1,0,37,262.07592819032226,91.95816365469446,nan,0.820448696021451,39.48365166537226,16.494875550477367
H0,map-corridor-01,7013,H0_map-corridor-01_seed211,2022,1.0,center,,success,1,0,0,98,2.67228699349633,360.3292104137271,0.9308437587945013,2.2418045032047793,42.52309487749491,17.247095191476323
H0,map-corridor-01,7013,H0_map-corridor-01_seed211,2023,1.0,center,,collision,0,1,0,36,262.81045593843027,90.70816281770264,nan,0.5368198184032593,41.44970843834635,17.11122419173963
H0,map-corridor-01,7013,H0_map-corridor-01_seed211,2024,1.0,center,,success,1,0,0,97,2.3721477427445854,357.596093582933,0.9379582233808177,0.28579828080154357,39.74034313119717,16.652993325771988
H0,map-corridor-01,7013,H0_map-corridor-01_seed211,2025,1.0,center,,success,1,0,0,96,1.129988642207208,359.6308887183741,0.9326512464495986,0.8891216191166222,44.912842802610825,17.045939699700035
H0,map-corridor-01,7013,H0_map-corridor-01_seed211,2026,1.0,center,,success,1,0,0,96,2.750814979997978,360.3408316478753,0.930813738457292,2.512372423208468,39.500828847986746,16.915779952089277
H0,map-corridor-01,7013,H0_map-corridor-01_seed211,2027,1.0,center,,success,1,0,0,95,2.3579538340813295,358.6225880885164,0.9352734818314942,1.0670883340709014,43.738070833978874,16.85121676852404
H0,map-corridor-01,7013,H0_map-corridor-01_seed211,2028,1.0,center,,success,1,0,0,99,2.379591456090428,360.7316889456504,0.9298051901270671,2.1176801797057014,40.57238250988689,17.155852543119313
H0,map-corridor-01,7013,H0_map-corridor-01_seed211,2029,1.0,center,,success,1,0,0,97,2.713819678582088,358.59597812981696,0.9353428846977896,0.8962031187248963,38.09319252116002,16.658314355070747
H0,map-corridor-01,7013,H0_map-corridor-01_seed211,2030,1.0,center,,success,1,0,0,128,2.471652790492376,394.5244594700516,0.8501632498920627,2.2324932259982173,40.7998423942289,17.56950254960361
H0,map-corridor-01,7013,H0_map-corridor-01_seed211,2031,1.0,center,,success,1,0,0,99,2.7894813025716663,361.8514436213761,0.9269278941330562,1.6493082685021851,42.63965058091408,17.18724276341909
H0,map-corridor-01,7013,H0_map-corridor-01_seed211,2032,1.0,center,,success,1,0,0,98,2.1642000138914717,359.98335606201726,0.9317380678210707,1.8389795776172235,41.356595969956906,16.861228872207743
H0,map-corridor-01,7013,H0_map-corridor-01_seed211,2033,1.0,center,,success,1,0,0,96,2.3110873868844504,359.74447712577523,0.9323567641809859,1.4099566143541207,44.630169948896764,17.14127374767071
H0,map-corridor-01,7013,H0_map-corridor-01_seed211,2034,1.0,center,,success,1,0,0,96,0.3824756395217569,360.645009704327,0.9300286641979404,1.6364054853003722,43.404285011771776,16.97895618997798
H0,map-corridor-01,7013,H0_map-corridor-01_seed211,2035,1.0,center,,success,1,0,0,97,2.8323001774055596,361.87986945350104,0.9268550835156811,1.3124373302506882,44.8584837946897,16.823072617192917
H0,map-corridor-01,7013,H0_map-corridor-01_seed211,2036,1.0,center,,collision,0,1,0,36,262.03996625879034,91.0992296190866,nan,0.7365930119858888,41.87563463400666,17.07893181484532
H0,map-corridor-01,7013,H0_map-corridor-01_seed211,2037,1.0,center,,collision,0,1,0,36,263.1989684445104,90.75752569030932,nan,0.306038130366062,36.99225048690654,16.912013170865187
H0,map-corridor-01,7013,H0_map-corridor-01_seed211,2038,1.0,center,,success,1,0,0,98,2.488510322375062,360.6042264242769,0.9301338477112971,0.5792326077946387,38.6304296871129,16.490399167672017
H0,map-corridor-01,7013,H0_map-corridor-01_seed211,2039,1.0,center,,success,1,0,0,98,2.066793626621153,359.75490562178913,0.9323297372283388,1.1154694285783648,42.058738144746194,16.86159252622659
H0,map-corridor-01,7013,H0_map-corridor-01_seed211,2040,1.0,center,,collision,0,1,0,36,262.8388282844442,90.46636018242208,nan,0.6810325366883916,40.10174308447375,16.62995121060152
H0,map-corridor-01,7013,H0_map-corridor-01_seed211,2041,1.0,center,,success,1,0,0,98,2.4399891736250257,357.74856591589815,0.937558465863477,1.5212378829182143,40.75052470744951,16.848857287210322
H0,map-corridor-01,7013,H0_map-corridor-01_seed211,2042,1.0,center,,success,1,0,0,98,2.561946955667311,361.4260112825313,0.9280189752662104,1.3258801953539034,39.98993018990206,16.65112481686151
H0,map-corridor-01,7013,H0_map-corridor-01_seed211,2043,1.0,center,,collision,0,1,0,36,263.06567097267634,89.87890601439058,nan,0.2191382865792093,38.721070022399154,16.41667643340071
H0,map-corridor-01,7013,H0_map-corridor-01_seed211,2044,1.0,center,,success,1,0,0,129,2.9664051382420427,397.21171507519364,0.844411642193066,2.0745642607368566,39.193014526098466,17.5581206039114
H0,map-corridor-01,7013,H0_map-corridor-01_seed211,2045,1.0,center,,collision,0,1,0,36,262.8420622392304,90.56748192327876,nan,0.058604869891894396,41.14429859491093,16.939690367273087
H0,map-corridor-01,7013,H0_map-corridor-01_seed211,2046,1.0,center,,success,1,0,0,98,2.528676943581364,363.4531040931603,0.9228431201924641,2.764020733150486,41.08578214135952,17.018154195817036
H0,map-corridor-01,7013,H0_map-corridor-01_seed211,2047,1.0,center,,success,1,0,0,100,2.7765370340996673,360.6021999006689,0.9301390749068092,2.434446793652783,40.314012728276005,17.10863507815321
H0,map-corridor-01,7013,H0_map-corridor-01_seed211,2048,1.0,center,,collision,0,1,0,36,263.7836245785407,89.69003435439095,nan,-0.17444377907531106,40.28387784994985,16.334529281087026
H0,map-corridor-01,7013,H0_map-corridor-01_seed211,2049,1.0,center,,success,1,0,0,129,1.9319962598033567,403.1166958618486,0.83204243353869,1.43760104839933,38.342056399799965,17.569527256553155
H0,map-corridor-01,7013,H0_map-corridor-01_seed211,2050,1.0,center,,collision,0,1,0,36,263.3471708017633,90.00741822183022,nan,0.15758017273272173,41.37926312978483,16.597706598670566
H0,map-corridor-01,7013,H0_map-corridor-01_seed307,2001,1.0,center,,success,1,0,0,117,2.989400148920317,414.9961913322373,0.8082247587579571,2.103849637566242,31.28744155787098,17.813449039105787
H0,map-corridor-01,7013,H0_map-corridor-01_seed307,2002,1.0,center,,success,1,0,0,117,2.5220751793174028,414.1240177282248,0.8099269355709924,2.21990011964013,29.12026116564521,17.832803027700205
H0,map-corridor-01,7013,H0_map-corridor-01_seed307,2003,1.0,center,,success,1,0,0,118,2.858115108646911,414.21832369648456,0.8097425377799989,2.397739850635901,25.50579286701079,17.45293224229899
H0,map-corridor-01,7013,H0_map-corridor-01_seed307,2004,1.0,center,,success,1,0,0,116,2.4444246254873088,412.60455694465236,0.8129095788681779,0.8782045208272015,23.171053890843083,17.622639641713864
H0,map-corridor-01,7013,H0_map-corridor-01_seed307,2005,1.0,center,,success,1,0,0,117,2.2624206717508484,413.1378622654849,0.8118602221198304,1.1662112510739746,27.006108829172096,17.642347836164173
H0,map-corridor-01,7013,H0_map-corridor-01_seed307,2006,1.0,center,,collision,0,1,0,53,188.30443503548062,188.082165431645,nan,0.5069125805327417,12.508311648812404,13.113210843930089
H0,map-corridor-01,7013,H0_map-corridor-01_seed307,2007,1.0,center,,success,1,0,0,116,2.7319755918503033,411.46872592421573,0.8151535596577619,1.7320555539036206,29.479284656626735,17.789846329494893
H0,map-corridor-01,7013,H0_map-corridor-01_seed307,2008,1.0,center,,success,1,0,0,116,2.7282146235326987,412.20915099124664,0.8136893511907769,1.1727520043262651,26.719655394579252,17.783036331880414
H0,map-corridor-01,7013,H0_map-corridor-01_seed307,2009,1.0,center,,success,1,0,0,118,2.8776287208493994,415.80074024575003,0.8066608934527907,2.076704224297238,26.65964115959875,17.78050208782329
H0,map-corridor-01,7013,H0_map-corridor-01_seed307,2010,1.0,center,,success,1,0,0,159,2.9947609276446516,420.7364796347397,0.7971978016171861,1.5233069529845502,21.872305750560898,13.903099630715364
H0,map-corridor-01,7013,H0_map-corridor-01_seed307,2011,1.0,center,,success,1,0,0,116,2.30752796638897,412.3745530232388,0.8133629831568848,1.1884620632366996,26.832808190575026,17.750323921429793
H0,map-corridor-01,7013,H0_map-corridor-01_seed307,2012,1.0,center,,success,1,0,0,118,2.8628163273073164,411.6233174295094,0.8148474161267785,1.3614990150892086,22.97185968345043,17.457498515928265
H0,map-corridor-01,7013,H0_map-corridor-01_seed307,2013,1.0,center,,success,1,0,0,350,2.985031056691066,426.73826273795765,0.7859857573421534,1.415570499507149,12.233107803222882,6.85385820120507
H0,map-corridor-01,7013,H0_map-corridor-01_seed307,2014,1.0,center,,success,1,0,0,117,2.617607345774791,414.2818983935824,0.8096182766506418,2.3777267465597163,26.836618672794295,17.776193281350412
H0,map-corridor-01,7013,H0_map-corridor-01_seed307,2015,1.0,center,,success,1,0,0,116,2.2100293402997977,410.43730788580007,0.8172020188727407,1.2168369523499933,24.34888425752066,17.54497177713691
H0,map-corridor-01,7013,H0_map-corridor-01_seed307,2016,1.0,center,,success,1,0,0,117,2.847140111385962,413.5787201582973,0.8109948125391707,1.4261124705204973,25.254279638371223,17.61689636547532
H0,map-corridor-01,7013,H0_map-corridor-01_seed307,2017,1.0,center,,success,1,0,0,119,2.661846777684133,418.9059787729089,0.8006813309456156,1.5842139550013834,26.9025245036542,17.699301193279936
H0,map-corridor-01,7013,H0_map-corridor-01_seed307,2018,1.0,center,,success,1,0,0,117,2.3165851515759224,414.0773769173546,0.8100181640493552,1.5360275994094654,28.19858663619622,17.69784697329088
H0,map-corridor-01,7013,H0_map-corridor-01_seed307,2019,1.0,center,,success,1,0,0,118,2.8225111345850427,416.82434058199334,0.8046799670015674,2.639260365105784,29.109413581183276,17.725060941551508
H0,map-corridor-01,7013,H0_map-corridor-01_seed307,2020,1.0,center,,success,1,0,0,117,2.973710097650108,411.00959657099514,0.8160641489231795,1.57776122160044,25.64702484735955,17.619437807410815
H0,map-corridor-01,7013,H0_map-corridor-01_seed307,2021,1.0,center,,success,1,0,0,117,2.8669964850898837,410.8155628425613,0.8164495870218754,0.8482977713998748,25.22899929856312,17.449256945949326
H0,map-corridor-01,7013,H0_map-corridor-01_seed307,2022,1.0,center,,success,1,0,0,118,2.74931604905368,413.54268045877615,0.8110654896681304,1.6391956975644488,25.606264438527973,17.4651440459769
H0,map-corridor-01,7013,H0_map-corridor-01_seed307,2023,1.0,center,,success,1,0,0,95,2.527217559938693,393.72588921338235,0.8518875842659935,2.328245236548618,23.657986863882797,17.14638483524537
H0,map-corridor-01,7013,H0_map-corridor-01_seed307,2024,1.0,center,,success,1,0,0,117,2.535705324812734,414.3997846039282,0.8093879608203567,1.3474524319655383,24.445132507812552,17.615841316979914
H0,map-corridor-01,7013,H0_map-corridor-01_seed307,2025,1.0,center,,success,1,0,0,118,2.6509808490458484,415.6553693407183,0.8069430142499331,1.659014054640952,26.082413390872755,17.682008916719003
H0,map-corridor-01,7013,H0_map-corridor-01_seed307,2026,1.0,center,,success,1,0,0,118,2.6497705548157215,414.6250652077408,0.8089481914387325,1.78059210391232,27.39635461102205,17.43508267276635
H0,map-corridor-01,7013,H0_map-corridor-01_seed307,2027,1.0,center,,success,1,0,0,118,2.802440880425257,414.1663782412192,0.809844097073516,1.8005912229018166,26.16876919438027,17.66661499430508
H0,map-corridor-01,7013,H0_map-corridor-01_seed307,2028,1.0,center,,success,1,0,0,115,2.970352439094539,412.2681150608325,0.8135729744112683,1.3128875569865528,26.733488299703847,17.84710650514454
H0,map-corridor-01,7013,H0_map-corridor-01_seed307,2029,1.0,center,,success,1,0,0,118,2.6397962593732194,417.6870231668143,0.8030179967813211,2.063242782998927,24.513994592766316,17.687401394054287
H0,map-corridor-01,7013,H0_map-corridor-01_seed307,2030,1.0,center,,success,1,0,0,117,2.4198535949418973,417.01412389663005,0.8043137567880323,2.1738136346867236,18.793963752187125,17.56003987781431
H0,map-corridor-01,7013,H0_map-corridor-01_seed307,2031,1.0,center,,success,1,0,0,116,2.8885730952964783,411.87834885049733,0.814342869832944,0.9099378579928725,28.1202760834075,17.879264210289925
H0,map-corridor-01,7013,H0_map-corridor-01_seed307,2032,1.0,center,,success,1,0,0,116,2.9165462891972176,412.780512125734,0.812563061414105,1.8242844911946827,27.26806920110386,17.69042090922851
H0,map-corridor-01,7013,H0_map-corridor-01_seed307,2033,1.0,center,,success,1,0,0,117,2.8395059144116366,415.45832888178984,0.807325725128025,2.2212999644652864,31.18936411316716,17.88987018834921
H0,map-corridor-01,7013,H0_map-corridor-01_seed307,2034,1.0,center,,success,1,0,0,118,2.778320230682391,417.61535741320364,0.8031558003579393,2.648382464297157,31.290034077361316,17.865304952228517
H0,map-corridor-01,7013,H0_map-corridor-01_seed307,2035,1.0,center,,success,1,0,0,117,2.8059262006744428,414.7430428110152,0.8087180784315263,2.3385583934088743,25.76980794188223,17.94259916034097
H0,map-corridor-01,7013,H0_map-corridor-01_seed307,2036,1.0,center,,success,1,0,0,117,2.762090383208172,413.10768335722423,0.8119195312446685,1.9205163008701902,30.50200428543617,17.964989179425302
H0,map-corridor-01,7013,H0_map-corridor-01_seed307,2037,1.0,center,,success,1,0,0,117,2.7462020732850765,412.72978048783955,0.8126629394867493,1.6360645441968915,28.53707705612366,17.632703596672165
H0,map-corridor-01,7013,H0_map-corridor-01_seed307,2038,1.0,center,,success,1,0,0,117,2.908960045010093,412.9245692817059,0.8122795822210922,1.011615354639865,27.834215619058696,17.651923157906893
H0,map-corridor-01,7013,H0_map-corridor-01_seed307,2039,1.0,center,,success,1,0,0,117,2.0534744301158097,415.57140128016715,0.8071060606955576,1.1999528035845204,22.241960713878328,17.739638546981546
H0,map-corridor-01,7013,H0_map-corridor-01_seed307,2040,1.0,center,,success,1,0,0,117,2.3828962156615567,413.25161095405616,0.8116367552702854,1.3961296565197787,27.78190041165697,17.65087463035326
H0,map-corridor-01,7013,H0_map-corridor-01_seed307,2041,1.0,center,,success,1,0,0,118,2.37023531680415,417.9006650319276,0.8026074727575347,1.437535293068479,18.782558011983664,17.529271746565122
H0,map-corridor-01,7013,H0_map-corridor-01_seed307,2042,1.0,center,,success,1,0,0,116,2.5539549242988766,411.2505576887256,0.8155859982537447,1.0346718476637629,25.65573285334017,17.62641930412109
H0,map-corridor-01,7013,H0_map-corridor-01_seed307,2043,1.0,center,,success,1,0,0,117,2.074475917048549,412.4849221078018,0.8131453506494716,1.31193421057186,28.388445738595433,17.779360878204457
H0,map-corridor-01,7013,H0_map-corridor-01_seed307,2044,1.0,center,,success,1,0,0,117,2.187428065063658,413.44864407921375,0.8112499615809753,1.6162828211622013,20.122663315326104,17.421052640885478
H0,map-corridor-01,7013,H0_map-corridor-01_seed307,2045,1.0,center,,success,1,0,0,117,2.551684771930719,415.8816111899169,0.8065040328792026,1.5219328679656314,25.782182811325793,17.948769997476226
H0,map-corridor-01,7013,H0_map-corridor-01_seed307,2046,1.0,center,,success,1,0,0,119,2.99938682850086,417.1715779071215,0.8040101828309208,1.9925630530514944,25.79211719475413,17.492910863290774
H0,map-corridor-01,7013,H0_map-corridor-01_seed307,2047,1.0,center,,success,1,0,0,116,2.9352014861532623,413.40893533121573,0.811327883748434,1.707450332332634,24.459395007950825,17.793642203309382
H0,map-corridor-01,7013,H0_map-corridor-01_seed307,2048,1.0,center,,success,1,0,0,118,2.501766840307862,413.9371754293808,0.8102925190931316,2.028233065251868,24.662710945425534,17.538801047090057
H0,map-corridor-01,7013,H0_map-corridor-01_seed307,2049,1.0,center,,success,1,0,0,185,2.992747185046656,414.3884390724365,0.809410121034621,1.1877611853033767,19.200003861088074,11.62185478448373
H0,map-corridor-01,7013,H0_map-corridor-01_seed307,2050,1.0,center,,success,1,0,0,116,2.4821682523287647,409.5512838891454,0.8189699552150715,1.374619887797266,27.75805631717983,17.737596823554796
H0,map-corridor-01,7013,H0_map-corridor-01_seed401,2001,1.0,center,,success,1,0,0,98,0.5995638405429198,370.7462370756665,0.9046894157863395,1.974680502569683,26.816596528967494,16.679638542443495
H0,map-corridor-01,7013,H0_map-corridor-01_seed401,2002,1.0,center,,success,1,0,0,97,2.8904533778489467,367.7537491894999,0.9120510596130861,1.509243325517339,22.8351360167234,16.49990195678612
H0,map-corridor-01,7013,H0_map-corridor-01_seed401,2003,1.0,center,,success,1,0,0,97,0.5366716590189694,370.55115200899,0.9051657100686359,1.0045763283389206,24.60389931561628,17.14367135585289
H0,map-corridor-01,7013,H0_map-corridor-01_seed401,2004,1.0,center,,success,1,0,0,98,0.7689378948742271,370.7941948045482,0.9045724051903477,0.7994329081046926,24.893213196106398,16.478339171304185
H0,map-corridor-01,7013,H0_map-corridor-01_seed401,2005,1.0,center,,success,1,0,0,98,0.5131509917274859,370.68666601748765,0.9048348035511615,1.7119590221017518,23.216697525515496,16.536193272774447
H0,map-corridor-01,7013,H0_map-corridor-01_seed401,2006,1.0,center,,success,1,0,0,97,0.2602326146306566,369.91514265121873,0.9067219963504336,1.2053335407682295,23.913436220995088,16.942715865372357
H0,map-corridor-01,7013,H0_map-corridor-01_seed401,2007,1.0,center,,success,1,0,0,97,0.9657218714774569,369.41104154033724,0.9079593160680984,1.6126687966944786,26.754906699288572,16.739281981551454
H0,map-corridor-01,7013,H0_map-corridor-01_seed401,2008,1.0,center,,success,1,0,0,97,0.6684232663734325,369.51454717307575,0.9077049853408525,1.2267340346324949,22.749832653414213,16.643666643737273
H0,map-corridor-01,7013,H0_map-corridor-01_seed401,2009,1.0,center,,success,1,0,0,97,1.017235069885586,370.6408312221893,0.904946698718952,0.5616735381351745,26.249487108334804,17.290336541277366
H0,map-corridor-01,7013,H0_map-corridor-01_seed401,2010,1.0,center,,success,1,0,0,96,2.471948889388891,368.8585093251207,0.9093193952300282,0.918170229946071,26.510153146742933,17.418988311478962
H0,map-corridor-01,7013,H0_map-corridor-01_seed401,2011,1.0,center,,success,1,0,0,98,0.745947299048876,370.28374153167573,0.9058194001107013,1.1328505144247112,25.652500360226384,16.58663164735823
H0,map-corridor-01,7013,H0_map-corridor-01_seed401,2012,1.0,center,,success,1,0,0,97,0.8588731891387186,371.21573916343476,0.9035451928327257,0.8805735335421,24.30444500616153,17.250462817974327
H0,map-corridor-01,7013,H0_map-corridor-01_seed401,2013,1.0,center,,success,1,0,0,98,0.7718817455719481,372.1128504360354,0.9013668736028349,0.7223265163935366,24.243618820897094,17.36596660396146
H0,map-corridor-01,7013,H0_map-corridor-01_seed401,2014,1.0,center,,success,1,0,0,96,0.9677491390204752,368.84688275861276,0.909348058241483,1.3055052504725708,25.957772183444682,17.154232629735866
H0,map-corridor-01,7013,H0_map-corridor-01_seed401,2015,1.0,center,,success,1,0,0,98,1.2240747259933242,369.77960157245127,0.9070543512910656,1.1951463805747338,23.957259048869272,16.330334061954694
H0,map-corridor-01,7013,H0_map-corridor-01_seed401,2016,1.0,center,,success,1,0,0,97,1.2691827150572497,369.5392124253296,0.9076443996934227,1.4019167052683086,28.39589022329392,17.142355659239055
H0,map-corridor-01,7013,H0_map-corridor-01_seed401,2017,1.0,center,,success,1,0,0,97,0.8596653111556818,370.1020445598458,0.9062641008208004,1.5536502292249998,23.435346737882938,16.974406777886628
H0,map-corridor-01,7013,H0_map-corridor-01_seed401,2018,1.0,center,,success,1,0,0,98,0.9136397201037536,370.4943756395771,0.9053044220872626,1.401339184741957,28.210412584780272,16.70543372842309
H0,map-corridor-01,7013,H0_map-corridor-01_seed401,2019,1.0,center,,success,1,0,0,96,2.638273756773354,368.6903172347494,0.9097342158064025,1.3200082061577945,23.705496059278722,17.14555707591856
H0,map-corridor-01,7013,H0_map-corridor-01_seed401,2020,1.0,center,,success,1,0,0,97,0.5778654331485774,369.5384560356381,0.9076462575051234,1.335173517502895,22.855107816927916,16.574154623647164
H0,map-corridor-01,7013,H0_map-corridor-01_seed401,2021,1.0,center,,success,1,0,0,98,0.3324087883941642,370.3959407337273,0.9055450120769288,1.5058592472511116,23.04681817283847,16.52515587088112
H0,map-corridor-01,7013,H0_map-corridor-01_seed401,2022,1.0,center,,success,1,0,0,97,0.5874199016463781,370.7870337263606,0.9045898753636026,1.1654846236581564,24.186996162530843,17.131577844567246
H0,map-corridor-01,7013,H0_map-corridor-01_seed401,2023,1.0,center,,success,1,0,0,96,2.7737341171555707,368.20598084813173,0.9109308758439477,2.22610267561433,26.377939833781983,17.215278796760405
H0,map-corridor-01,7013,H0_map-corridor-01_seed401,2024,1.0,center,,success,1,0,0,97,1.994854295245587,368.2171243886361,0.9109033078835264,1.0724066827064587,23.152068940821046,16.5625356292022
H0,map-corridor-01,7013,H0_map-corridor-01_seed401,2025,1.0,center,,success,1,0,0,98,0.633910259456488,371.66583706392146,0.9024509739034274,1.5319699632480592,23.6480857770508,17.180360713736075
H0,map-corridor-01,7013,H0_map-corridor-01_seed401,2026,1.0,center,,success,1,0,0,97,2.149399824737805,369.89801624377964,0.9067639778957828,0.5616684922171928,28.559411256141164,17.43689109471244
H0,map-corridor-01,7013,H0_map-corridor-01_seed401,2027,1.0,center,,success,1,0,0,96,2.264026185507336,368.3257040466196,0.910634780413031,1.6724079915828665,23.94316068245538,17.148901763711788
H0,map-corridor-01,7013,H0_map-corridor-01_seed401,2028,1.0,center,,success,1,0,0,98,0.8596067407211048,372.02595934736127,0.9015773985594253,0.5414810846080798,26.25584672490683,16.95037212974706
H0,map-corridor-01,7013,H0_map-corridor-01_seed401,2029,1.0,center,,success,1,0,0,98,0.3931179957824912,370.68990202447134,0.9048269046261372,1.9699322398247148,22.46620729698688,16.50264271030819
H0,map-corridor-01,7013,H0_map-corridor-01_seed401,2030,1.0,center,,success,1,0,0,98,2.4063842714656576,370.0443714610976,0.9064053462038127,0.8888638987236561,22.940259855418688,16.7212657456455
H0,map-corridor-01,7013,H0_map-corridor-01_seed401,2031,1.0,center,,success,1,0,0,98,1.5119941392014564,370.4690610663051,0.9053662825704576,0.6373180455478007,26.68014984497697,16.89390912435285
H0,map-corridor-01,7013,H0_map-corridor-01_seed401,2032,1.0,center,,success,1,0,0,98,1.14949624537945,370.4953514966124,0.9053020375831498,1.7812466173648498,23.321699642429135,16.617150451480885
H0,map-corridor-01,7013,H0_map-corridor-01_seed401,2033,1.0,center,,success,1,0,0,96,2.6571876234919256,368.2905409470005,0.9107217246538956,1.7613245724284639,28.081197042465575,17.225182942343913
H0,map-corridor-01,7013,H0_map-corridor-01_seed401,2034,1.0,center,,success,1,0,0,96,2.474882509314348,368.2667149072683,0.9107806463297307,1.329072139182962,27.519434798418693,17.22765607901039
H0,map-corridor-01,7013,H0_map-corridor-01_seed401,2035,1.0,center,,success,1,0,0,97,1.1587203023707442,369.9413052660343,0.9066578720745075,1.5145788213537017,24.82686037839185,17.03200207032157
H0,map-corridor-01,7013,H0_map-corridor-01_seed401,2036,1.0,center,,success,1,0,0,96,2.1146877391076884,367.88162431087056,0.9117340319818127,1.6235052293783312,23.13072095368792,17.104703125523205
H0,map-corridor-01,7013,H0_map-corridor-01_seed401,2037,1.0,center,,success,1,0,0,97,1.5952336817614647,369.5211769191871,0.9076886997962811,1.1742860463100273,23.96991566095726,16.894026371655304
H0,map-corridor-01,7013,H0_map-corridor-01_seed401,2038,1.0,center,,success,1,0,0,97,2.8287352698400916,366.83843171135385,0.9143267652198594,1.2614572200126304,23.275675412717547,16.41569626278743
H0,map-corridor-01,7013,H0_map-corridor-01_seed401,2039,1.0,center,,success,1,0,0,97,2.932269557679388,367.33084360540664,0.9131010979989258,1.5436532857230958,22.702881834700637,16.52495577684078
H0,map-corridor-01,7013,H0_map-corridor-01_seed401,2040,1.0,center,,success,1,0,0,98,1.0526656270825407,369.5417915580905,0.9076380649960759,1.4772072130591938,24.284004735903455,16.445442460648835
H0,map-corridor-01,7013,H0_map-corridor-01_seed401,2041,1.0,center,,success,1,0,0,98,2.08399369532382,368.7970156181038,0.9094710163606422,1.3995871101572135,23.25219754030336,16.630444489933492
H0,map-corridor-01,7013,H0_map-corridor-01_seed401,2042,1.0,center,,success,1,0,0,97,2.031170324235219,367.76462206174335,0.9120240950437507,0.9273109155860464,22.95450178293762,16.486382329085643
H0,map-corridor-01,7013,H0_map-corridor-01_seed401,2043,1.0,center,,success,1,0,0,97,2.537795202479958,367.48871690469866,0.9127088294031919,1.4189704783997317,25.165525422023595,16.621703235271
H0,map-corridor-01,7013,H0_map-corridor-01_seed401,2044,1.0,center,,success,1,0,0,98,2.0866688562300912,368.7721881473111,0.9095322462088282,1.588091185311896,22.932973922743987,16.333560911212277
H0,map-corridor-01,7013,H0_map-corridor-01_seed401,2045,1.0,center,,success,1,0,0,97,1.3943770987887705,370.0329722344825,0.9064332689045498,1.7205985778229964,23.544720215774525,16.886083977652103
H0,map-corridor-01,7013,H0_map-corridor-01_seed401,2046,1.0,center,,success,1,0,0,98,1.6148978154614329,371.4042208773198,0.9030866580694012,1.1666004265102572,23.78108230213328,17.21397309839397
H0,map-corridor-01,7013,H0_map-corridor-01_seed401,2047,1.0,center,,success,1,0,0,98,0.8012453136780526,370.65573922369356,0.9049103012068723,1.056310552086039,28.24050604000023,16.853418190324554
H0,map-corridor-01,7013,H0_map-corridor-01_seed401,2048,1.0,center,,success,1,0,0,99,2.0048384126135077,370.1648666162765,0.9061102953691827,2.6070093524769344,23.303939891539518,16.408531905101796
H0,map-corridor-01,7013,H0_map-corridor-01_seed401,2049,1.0,center,,collision,0,1,0,34,262.77958999385714,90.17195955739038,nan,1.1491866876273633,16.72356749680712,15.305457899825777
H0,map-corridor-01,7013,H0_map-corridor-01_seed401,2050,1.0,center,,success,1,0,0,97,2.764714311661639,368.1340711359969,0.9111088131287378,1.944593661082692,23.081518026936255,16.624388034670073
H0,map-corridor-01,7013,H0_map-corridor-01_seed503,2001,1.0,center,,collision,0,1,0,34,264.1172868543951,88.05745174341057,nan,-0.25593177223761643,27.10421580776255,14.175017092088586
H0,map-corridor-01,7013,H0_map-corridor-01_seed503,2002,1.0,center,,collision,0,1,0,35,263.32880607125014,89.25420684301838,nan,-0.6267638487136225,12.429727052933316,13.532574687830717
H0,map-corridor-01,7013,H0_map-corridor-01_seed503,2003,1.0,center,,collision,0,1,0,35,260.8117625339842,93.08909694710897,nan,0.23005944991574978,12.362137298122182,14.050300507744263
H0,map-corridor-01,7013,H0_map-corridor-01_seed503,2004,1.0,center,,collision,0,1,0,35,262.05283836874366,90.75539204412514,nan,0.4922447303787578,14.955620640679589,13.532389683101927
H0,map-corridor-01,7013,H0_map-corridor-01_seed503,2005,1.0,center,,collision,0,1,0,35,263.02596042579086,89.2264462180766,nan,-0.9096172925667503,13.183486399038603,13.55922478708414
H0,map-corridor-01,7013,H0_map-corridor-01_seed503,2006,1.0,center,,collision,0,1,0,35,261.74657658436115,90.90964639336322,nan,0.5422439935883503,12.998096762044849,13.839508860612133
H0,map-corridor-01,7013,H0_map-corridor-01_seed503,2007,1.0,center,,collision,0,1,0,35,262.64604183606843,89.95515786669884,nan,-0.007049602063602833,18.830690685526523,13.888622297323089
H0,map-corridor-01,7013,H0_map-corridor-01_seed503,2008,1.0,center,,collision,0,1,0,35,262.4423779399717,90.19839714419369,nan,0.4490847333656234,16.29344433450446,13.809052185844578
H0,map-corridor-01,7013,H0_map-corridor-01_seed503,2009,1.0,center,,success,1,0,0,97,2.8477250255280753,389.754811314387,0.8605671742546299,0.33272680053615034,27.32693731017731,17.676538376977323
H0,map-corridor-01,7013,H0_map-corridor-01_seed503,2010,1.0,center,,collision,0,1,0,34,262.9680440656959,90.10875431787952,nan,0.9179799249596527,20.422711575065065,14.629588871633523
H0,map-corridor-01,7013,H0_map-corridor-01_seed503,2011,1.0,center,,collision,0,1,0,35,262.59962089454734,90.15616638408673,nan,0.32616679636805657,17.679618673031413,13.84831199854591
H0,map-corridor-01,7013,H0_map-corridor-01_seed503,2012,1.0,center,,collision,0,1,0,34,263.0851461887514,89.67699168259169,nan,0.8210524429330377,12.8336481717713,14.290998953025875
H0,map-corridor-01,7013,H0_map-corridor-01_seed503,2013,1.0,center,,collision,0,1,0,34,263.20387255695096,89.69792214007836,nan,0.7212916010506092,14.293375860893523,14.175313649183956
H0,map-corridor-01,7013,H0_map-corridor-01_seed503,2014,1.0,center,,collision,0,1,0,34,263.93641053752395,88.09002905993268,nan,-0.18103393230509113,19.414508785093503,14.319974193591133
H0,map-corridor-01,7013,H0_map-corridor-01_seed503,2015,1.0,center,,collision,0,1,0,35,263.0030005819573,89.81522229763442,nan,-0.36138446935832746,16.293772292775376,13.562199183578707
H0,map-corridor-01,7013,H0_map-corridor-01_seed503,2016,1.0,center,,collision,0,1,0,35,261.6904832295866,91.01304270359316,nan,0.5393317788456358,19.88552120181436,13.995677459566684
H0,map-corridor-01,7013,H0_map-corridor-01_seed503,2017,1.0,center,,collision,0,1,0,35,261.6485232559158,91.4350288119564,nan,0.5489715872064096,13.162625894960494,13.864147931738659
H0,map-corridor-01,7013,H0_map-corridor-01_seed503,2018,1.0,center,,collision,0,1,0,35,261.81014925602756,91.80000763535217,nan,0.6868401041854924,21.968948649016184,13.898695678722909
H0,map-corridor-01,7013,H0_map-corridor-01_seed503,2019,1.0,center,,collision,0,1,0,35,260.7021544253155,93.41570270988822,nan,0.1289578977750594,13.146139552814159,14.117029872042291
H0,map-corridor-01,7013,H0_map-corridor-01_seed503,2020,1.0,center,,collision,0,1,0,34,264.03692849103084,87.66010015435506,nan,-0.28001491138080326,12.472806138595166,13.64136822890868
H0,map-corridor-01,7013,H0_map-corridor-01_seed503,2021,1.0,center,,collision,0,1,0,35,264.383200600232,87.75732600821713,nan,-0.11890729182680104,11.837121472594022,13.348745111567169
H0,map-corridor-01,7013,H0_map-corridor-01_seed503,2022,1.0,center,,collision,0,1,0,34,262.56235505288794,90.20317199290174,nan,1.1245245901315144,11.942401314245505,14.141937803509007
H0,map-corridor-01,7013,H0_map-corridor-01_seed503,2023,1.0,center,,collision,0,1,0,35,261.33856452629453,92.08564937366054,nan,0.44228801441445853,21.00270660958484,14.379874597022145
H0,map-corridor-01,7013,H0_map-corridor-01_seed503,2024,1.0,center,,collision,0,1,0,35,262.7273233934023,90.06043207308042,nan,0.3756507860545497,12.233246000116901,13.592416473565638
H0,map-corridor-01,7013,H0_map-corridor-01_seed503,2025,1.0,center,,collision,0,1,0,35,262.20257651669596,91.32163594165789,nan,1.0795499938506552,13.67817953222889,13.980191476505224
H0,map-corridor-01,7013,H0_map-corridor-01_seed503,2026,1.0,center,,collision,0,1,0,34,263.30628032612435,89.76721818154186,nan,0.5599986011040272,18.84437903992169,14.434648597814009
H0,map-corridor-01,7013,H0_map-corridor-01_seed503,2027,1.0,center,,collision,0,1,0,35,261.7131397944217,91.44644422071026,nan,0.6554025470589195,13.913838451832055,14.026654208559343
H0,map-corridor-01,7013,H0_map-corridor-01_seed503,2028,1.0,center,,collision,0,1,0,34,263.3728336164214,89.27579087942442,nan,-0.04949938217311001,16.83893959063008,14.166891714696535
H0,map-corridor-01,7013,H0_map-corridor-01_seed503,2029,1.0,center,,collision,0,1,0,35,262.76416176225064,89.95510554098138,nan,-0.0752379826945031,13.588335749076286,13.799989893190544
H0,map-corridor-01,7013,H0_map-corridor-01_seed503,2030,1.0,center,,collision,0,1,0,35,260.644111481923,93.34944549209423,nan,0.033734790119353875,12.82340056867066,14.031935849125494
H0,map-corridor-01,7013,H0_map-corridor-01_seed503,2031,1.0,center,,collision,0,1,0,34,262.9969639567769,89.34231759493416,nan,-0.0023690382915901864,15.443262377621037,14.092382513705825
H0,map-corridor-01,7013,H0_map-corridor-01_seed503,2032,1.0,center,,collision,0,1,0,35,261.086036649346,92.22702490731554,nan,0.10255724659253218,12.13492693249961,13.697037957707957
H0,map-corridor-01,7013,H0_map-corridor-01_seed503,2033,1.0,center,,collision,0,1,0,35,261.7618105687156,92.03009748508832,nan,0.7520580209392023,24.37624827115127,14.378160489685127
H0,map-corridor-01,7013,H0_map-corridor-01_seed503,2034,1.0,center,,collision,0,1,0,35,261.04585475544144,92.8454893453662,nan,0.3011364695471457,27.490482214570356,14.446420607030731
H0,map-corridor-01,7013,H0_map-corridor-01_seed503,2035,1.0,center,,collision,0,1,0,35,260.9015445484545,92.6511420433635,nan,0.18444519511567137,13.209354317488572,13.925044491954804
H0,map-corridor-01,7013,H0_map-corridor-01_seed503,2036,1.0,center,,collision,0,1,0,35,261.2382464491991,91.67951691363474,nan,0.23995281155517034,12.998190343319214,13.944275963241825
H0,map-corridor-01,7013,H0_map-corridor-01_seed503,2037,1.0,center,,collision,0,1,0,35,262.49901845269204,90.90082152688944,nan,0.8192508989427836,16.658727672060415,14.052083858278083
H0,map-corridor-01,7013,H0_map-corridor-01_seed503,2038,1.0,center,,collision,0,1,0,35,262.46024011147705,89.56014486871626,nan,-0.10847799737383923,11.83681693832366,13.465948976313966
H0,map-corridor-01,7013,H0_map-corridor-01_seed503,2039,1.0,center,,collision,0,1,0,35,261.6478714295287,91.26849337880441,nan,0.5671968399663356,12.371699636970678,13.737769186657209
H0,map-corridor-01,7013,H0_map-corridor-01_seed503,2040,1.0,center,,collision,0,1,0,35,262.6540620105417,89.91515723182826,nan,0.5009529981626457,17.203723731500975,13.716929592722769
H0,map-corridor-01,7013,H0_map-corridor-01_seed503,2041,1.0,center,,collision,0,1,0,35,261.30080152623987,91.167735819262,nan,0.15056831679205374,12.670689826466836,13.647460075397781
H0,map-corridor-01,7013,H0_map-corridor-01_seed503,2042,1.0,center,,collision,0,1,0,34,264.41887086517346,86.58303550446522,nan,-0.26389968020491494,11.797895683445836,13.573636131693485
H0,map-corridor-01,7013,H0_map-corridor-01_seed503,2043,1.0,center,,collision,0,1,0,35,262.5142259697434,89.72061301968623,nan,0.14623932120336747,18.412841012220902,13.912730353713394
H0,map-corridor-01,7013,H0_map-corridor-01_seed503,2044,1.0,center,,collision,0,1,0,34,263.4428847058417,87.41912309120747,nan,-1.098464652514231,15.255528066525137,13.700285500852795
H0,map-corridor-01,7013,H0_map-corridor-01_seed503,2045,1.0,center,,collision,0,1,0,35,262.5426006345994,90.3987150044984,nan,0.4993922734621066,13.814197581882494,13.842517983815323
H0,map-corridor-01,7013,H0_map-corridor-01_seed503,2046,1.0,center,,success,1,0,0,99,2.214338751145096,393.18696612929716,0.8530552269493868,1.165412909904731,27.892082118266472,17.736482741947103
H0,map-corridor-01,7013,H0_map-corridor-01_seed503,2047,1.0,center,,collision,0,1,0,34,263.94604731713395,88.48977709451782,nan,-0.14679827479669427,20.76082660938622,14.140418592688228
H0,map-corridor-01,7013,H0_map-corridor-01_seed503,2048,1.0,center,,collision,0,1,0,35,263.7182032534024,88.5988249672633,nan,-0.5020451144247673,11.96318534282364,13.419526611756655
H0,map-corridor-01,7013,H0_map-corridor-01_seed503,2049,1.0,center,,collision,0,1,0,34,262.76237066825223,89.86733338922346,nan,1.1481314858809952,11.82421513710974,14.11047825616655
H0,map-corridor-01,7013,H0_map-corridor-01_seed503,2050,1.0,center,,collision,0,1,0,35,262.6430966876175,89.57023484448345,nan,-0.16085470819966474,12.724581132434244,13.642436666201464
H0,map-barrier-01,7019,H0_map-barrier-01_seed101,2001,1.0,center,,success,1,0,0,122,2.2771925677756664,396.105573231807,0.8467696980084684,19.026170694776596,23.770603459354607,16.138981872118983
H0,map-barrier-01,7019,H0_map-barrier-01_seed101,2002,1.0,center,,success,1,0,0,120,2.500282444565361,392.2869847607468,0.8550122987881765,18.41581123066466,21.76590717208596,16.596256888958766
H0,map-barrier-01,7019,H0_map-barrier-01_seed101,2003,1.0,center,,success,1,0,0,121,2.6076164108755955,396.80865039263506,0.8452693667163911,19.346468947818565,20.08281227406376,16.659907535460096
H0,map-barrier-01,7019,H0_map-barrier-01_seed101,2004,1.0,center,,success,1,0,0,122,2.1722035469048815,396.1805469682035,0.8466094541786973,18.919851148011695,22.222791765320935,16.23824093731688
H0,map-barrier-01,7019,H0_map-barrier-01_seed101,2005,1.0,center,,success,1,0,0,120,2.9942966453658997,393.212667405004,0.8529994693164354,19.587144709730453,21.932134563920123,16.368683789010028
H0,map-barrier-01,7019,H0_map-barrier-01_seed101,2006,1.0,center,,success,1,0,0,120,2.477696051577623,395.9982351737543,0.8469992207864226,19.421642558791547,21.17478710408396,16.996069341360958
H0,map-barrier-01,7019,H0_map-barrier-01_seed101,2007,1.0,center,,success,1,0,0,121,2.804371294045292,394.71843222075455,0.849745462196666,19.4916091049688,23.1840637236685,16.66207155478914
H0,map-barrier-01,7019,H0_map-barrier-01_seed101,2008,1.0,center,,success,1,0,0,120,2.6734130983596094,391.98212611917006,0.8556772727004327,19.169225477053484,22.819978092457035,16.738687304810263
H0,map-barrier-01,7019,H0_map-barrier-01_seed101,2009,1.0,center,,success,1,0,0,122,2.385448801051684,399.1117267460978,0.8403917353156245,19.047672618796895,23.005545010351103,16.780025733520382
H0,map-barrier-01,7019,H0_map-barrier-01_seed101,2010,1.0,center,,success,1,0,0,121,2.7509109031251935,397.4971357202513,0.8438053170300626,18.504721800029387,23.345066296304307,16.99137343547566
H0,map-barrier-01,7019,H0_map-barrier-01_seed101,2011,1.0,center,,success,1,0,0,121,2.720848717258471,393.6983336232147,0.8519472092710701,19.126372126981526,22.518012815451133,16.568219668496045
H0,map-barrier-01,7019,H0_map-barrier-01_seed101,2012,1.0,center,,success,1,0,0,121,2.264241283309095,397.44735170236294,0.8439110115800889,17.762434060376187,21.239237955828425,16.835859117849015
H0,map-barrier-01,7019,H0_map-barrier-01_seed101,2013,1.0,center,,success,1,0,0,123,2.536375117419764,399.2997422104618,0.8399960259633261,17.83753079344706,21.2196716519621,16.53780374364405
H0,map-barrier-01,7019,H0_map-barrier-01_seed101,2014,1.0,center,,success,1,0,0,119,2.97312858805403,393.72835630227706,0.8518822463664872,18.7045103871835,23.637018861447288,17.073997044873934
H0,map-barrier-01,7019,H0_map-barrier-01_seed101,2015,1.0,center,,success,1,0,0,122,2.970505972256851,396.2397735332146,0.8464829101686656,19.0606229606459,21.99840404454479,16.219743412548652
H0,map-barrier-01,7019,H0_map-barrier-01_seed101,2016,1.0,center,,success,1,0,0,119,2.590512336867477,392.15125400414775,0.8553082342595821,19.092943568765374,23.677531719353162,16.98988878022433
H0,map-barrier-01,7019,H0_map-barrier-01_seed101,2017,1.0,center,,success,1,0,0,120,2.5145776321261426,394.799508985639,0.8495709568807218,19.03842749284563,22.16176780272949,17.203078146595363
H0,map-barrier-01,7019,H0_map-barrier-01_seed101,2018,1.0,center,,success,1,0,0,122,2.533716778276851,397.0168813299204,0.8448260323375094,18.900195297750432,23.711365929651933,16.35555363429981
H0,map-barrier-01,7019,H0_map-barrier-01_seed101,2019,1.0,center,,success,1,0,0,121,2.552367003767694,397.7315157780874,0.8433080691853174,18.825447697536696,22.370649339868063,17.051635521506253
H0,map-barrier-01,7019,H0_map-barrier-01_seed101,2020,1.0,center,,success,1,0,0,123,2.412232297554301,397.87285573919826,0.8430084932580235,18.379345288339707,19.8792660465973,16.23293664107557
H0,map-barrier-01,7019,H0_map-barrier-01_seed101,2021,1.0,center,,success,1,0,0,121,2.487776774020402,394.08221079786705,0.8511173238342579,19.33937606962516,21.17674662565686,16.33660946527768
H0,map-barrier-01,7019,H0_map-barrier-01_seed101,2022,1.0,center,,success,1,0,0,123,2.1948925365115772,400.20268538044195,0.8381008146062783,17.271553063845527,21.146848597439263,16.633545244845457
H0,map-barrier-01,7019,H0_map-barrier-01_seed101,2023,1.0,center,,success,1,0,0,120,2.4355907318085577,396.16711269945915,0.8466381632223415,18.4845101996071,24.16269875044531,17.252754250965335
H0,map-barrier-01,7019,H0_map-barrier-01_seed101,2024,1.0,center,,success,1,0,0,121,2.8696671767952484,390.47519714974,0.858979517964991,18.859165707016402,21.411327661855584,16.50070045378649
H0,map-barrier-01,7019,H0_map-barrier-01_seed101,2025,1.0,center,,success,1,0,0,120,2.0812821227789207,394.7339482157457,0.8497120608477453,18.778200449770992,21.101260289739518,16.852882233479242
H0,map-barrier-01,7019,H0_map-barrier-01_seed101,2026,1.0,center,,success,1,0,0,120,2.961413870373045,396.77193795701453,0.8453475776336434,17.94152730384414,23.164053925233716,17.07552731510042
H0,map-barrier-01,7019,H0_map-barrier-01_seed101,2027,1.0,center,,success,1,0,0,120,2.5248049692357135,396.4509000683404,0.8460321229366621,19.461594798583118,21.2502523043181,17.01819194019415
H0,map-barrier-01,7019,H0_map-barrier-01_seed101,2028,1.0,center,,success,1,0,0,123,2.830897915900093,398.6729074216502,0.8413167546151489,18.615413175768524,22.357671866788458,16.34169741562366
H0,map-barrier-01,7019,H0_map-barrier-01_seed101,2029,1.0,center,,success,1,0,0,120,2.1327312939666236,391.7718210275599,0.856136604580791,18.39459379878663,22.066993572543748,16.193244182695796
H0,map-barrier-01,7019,H0_map-barrier-01_seed101,2030,1.0,center,,success,1,0,0,121,2.920663527590929,394.59796974233603,0.8500048716519857,18.06956731650905,20.35927151518257,16.122853465372923
H0,map-barrier-01,7019,H0_map-barrier-01_seed101,2031,1.0,center,,success,1,0,0,123,2.8782679777310163,399.11328326056463,0.8403884578454207,18.43719017448302,21.098979457633348,16.298046860586112
H0,map-barrier-01,7019,H0_map-barrier-01_seed101,2032,1.0,center,,success,1,0,0,122,2.7129569554830146,397.671624976457,0.8434350744658372,19.17999428472899,20.575083473983952,16.36458843461361
H0,map-barrier-01,7019,H0_map-barrier-01_seed101,2033,1.0,center,,success,1,0,0,120,2.5411186359025644,395.30239234743965,0.8484901764271878,18.323419072260705,24.18852774961755,16.888507290674998
H0,map-barrier-01,7019,H0_map-barrier-01_seed101,2034,1.0,center,,success,1,0,0,120,2.3104195675868198,395.8153578322905,0.8473905572079493,19.086242176491837,25.42106192127039,17.01675812711796
H0,map-barrier-01,7019,H0_map-barrier-01_seed101,2035,1.0,center,,success,1,0,0,122,2.6636032532442284,397.0172525752564,0.8448252423523835,18.232966050378394,21.186473975550207,16.587771504109103
H0,map-barrier-01,7019,H0_map-barrier-01_seed101,2036,1.0,center,,success,1,0,0,120,2.807090610595921,396.5088669301238,0.8459084388750311,19.0120179862283,22.43740954364904,17.09596344499779
H0,map-barrier-01,7019,H0_map-barrier-01_seed101,2037,1.0,center,,success,1,0,0,119,2.2159778004963306,392.83368037522825,0.8538224021539859,17.335485466092134,22.36136057473937,16.91945242732628
H0,map-barrier-01,7019,H0_map-barrier-01_seed101,2038,1.0,center,,success,1,0,0,120,2.8300869666397293,391.43598385202495,0.8568711372017449,20.1020626548391,22.38000632579272,16.35239864733585
H0,map-barrier-01,7019,H0_map-barrier-01_seed101,2039,1.0,center,,success,1,0,0,121,2.5851375999893182,394.6457570302915,0.8499019453520278,18.711365574176114,22.276781685374267,16.495777758738768
H0,map-barrier-01,7019,H0_map-barrier-01_seed101,2040,1.0,center,,success,1,0,0,120,2.969018659297715,392.95459749497377,0.8535596701582265,18.1344728344636,22.852933947106575,16.583464014501914
H0,map-barrier-01,7019,H0_map-barrier-01_seed101,2041,1.0,center,,success,1,0,0,121,2.6781073038497287,393.06947164942574,0.8533102182102738,18.68768308374101,20.88742616600961,16.05621477016914
H0,map-barrier-01,7019,H0_map-barrier-01_seed101,2042,1.0,center,,success,1,0,0,122,2.982198364483982,396.7388289498525,0.8454181243433676,19.627848466799335,20.268070669218933,16.26775363173188
H0,map-barrier-01,7019,H0_map-barrier-01_seed101,2043,1.0,center,,success,1,0,0,120,2.222390194062925,392.2494273806044,0.8550941651203887,18.70249815774753,22.68409844510696,16.64343914367831
H0,map-barrier-01,7019,H0_map-barrier-01_seed101,2044,1.0,center,,success,1,0,0,123,2.1193983581318547,395.35169247123474,0.8483843702006473,19.0381069329513,22.45107089751479,16.055977531500897
H0,map-barrier-01,7019,H0_map-barrier-01_seed101,2045,1.0,center,,success,1,0,0,120,2.215982843814023,393.3042504600184,0.8528008437047512,18.554918617769033,22.489371528343682,16.82454620709733
H0,map-barrier-01,7019,H0_map-barrier-01_seed101,2046,1.0,center,,success,1,0,0,120,2.7393633074115553,395.5534805648811,0.8479515744520226,17.888244292472592,20.738886514634334,16.759937365919406
H0,map-barrier-01,7019,H0_map-barrier-01_seed101,2047,1.0,center,,success,1,0,0,121,2.787526395084775,393.7118429057361,0.8519179767352683,18.508350756715956,24.119345711860714,16.48750550632361
H0,map-barrier-01,7019,H0_map-barrier-01_seed101,2048,1.0,center,,success,1,0,0,121,2.7510826452913673,395.444790318281,0.8481846387583143,19.18595335780921,21.466449982082356,16.48634144056148
H0,map-barrier-01,7019,H0_map-barrier-01_seed101,2049,1.0,center,,success,1,0,0,122,2.588673000204914,398.9925664828494,0.8406427206943616,17.927956152670212,20.649457915675953,16.578707563610624
H0,map-barrier-01,7019,H0_map-barrier-01_seed101,2050,1.0,center,,success,1,0,0,120,2.8704766512111504,393.6538040173833,0.8520435804302735,19.21976749583838,21.473954042842934,16.711489837704082
H0,map-barrier-01,7019,H0_map-barrier-01_seed211,2001,1.0,center,,success,1,0,0,128,2.0978086601217147,403.50563511886946,0.831240427475466,13.160337064511552,31.658227538318464,17.64177566983292
H0,map-barrier-01,7019,H0_map-barrier-01_seed211,2002,1.0,center,,success,1,0,0,122,2.171515907722898,391.7738093478461,0.8561322595384783,14.834199486503849,29.312746075720337,17.90637130150716
H0,map-barrier-01,7019,H0_map-barrier-01_seed211,2003,1.0,center,,success,1,0,0,129,1.3600173711136276,409.072751436128,0.8199279845637407,13.163867474502823,32.660785160573674,17.92212017763837
H0,map-barrier-01,7019,H0_map-barrier-01_seed211,2004,1.0,center,,success,1,0,0,121,2.5615021068820343,387.09160439558485,0.8664879134970827,15.687723560143109,31.020847710189656,17.900416029695535
H0,map-barrier-01,7019,H0_map-barrier-01_seed211,2005,1.0,center,,success,1,0,0,120,2.0990272140639292,386.8407569313004,0.8670497888735504,15.462273171942442,30.956227055823362,17.900763904794207
H0,map-barrier-01,7019,H0_map-barrier-01_seed211,2006,1.0,center,,success,1,0,0,123,1.4472069604194835,395.1016468842206,0.8489212820802442,15.457610801848503,28.897355720084448,17.951855656001964
H0,map-barrier-01,7019,H0_map-barrier-01_seed211,2007,1.0,center,,success,1,0,0,121,1.7553226608244137,388.8827594072637,0.8624969570165614,15.337041508198269,29.40558473219382,17.856206184591564
H0,map-barrier-01,7019,H0_map-barrier-01_seed211,2008,1.0,center,,success,1,0,0,122,1.909128759177504,392.18581724977673,0.8552328561421465,15.716551988423662,33.621036838999686,18.03923100748497
H0,map-barrier-01,7019,H0_map-barrier-01_seed211,2009,1.0,center,,success,1,0,0,129,1.420410515185643,408.3863531682722,0.8213060843557755,13.611039720227808,31.504624681395423,17.793977559693047
H0,map-barrier-01,7019,H0_map-barrier-01_seed211,2010,1.0,center,,success,1,0,0,129,1.891810267681753,410.2770627779348,0.817521199830056,13.204899943538322,30.76720601855171,17.89792105422648
H0,map-barrier-01,7019,H0_map-barrier-01_seed211,2011,1.0,center,,success,1,0,0,122,2.955576364911786,390.26474738689234,0.8594427215647451,14.971492790375805,32.560301304015894,17.918813096946895
H0,map-barrier-01,7019,H0_map-barrier-01_seed211,2012,1.0,center,,success,1,0,0,128,1.7778643441204898,409.55084402747065,0.8189708347969387,13.693065820212222,32.2771890491271,18.06108611496248
H0,map-barrier-01,7019,H0_map-barrier-01_seed211,2013,1.0,center,,success,1,0,0,130,1.550415605542946,408.61888764100144,0.8208387002405243,13.644707561161539,31.856856570987084,17.668264890205702
H0,map-barrier-01,7019,H0_map-barrier-01_seed211,2014,1.0,center,,success,1,0,0,123,1.9127818671522687,395.97640140959675,0.8470459235221476,15.484512367098176,30.98091508350036,18.11642660959154
H0,map-barrier-01,7019,H0_map-barrier-01_seed211,2015,1.0,center,,success,1,0,0,126,2.5637824793101878,398.6999774609263,0.8412596327719623,14.415065935084645,33.39858254858907,17.807101886466153
H0,map-barrier-01,7019,H0_map-barrier-01_seed211,2016,1.0,center,,success,1,0,0,122,1.384989991655169,393.07145582995906,0.8533059107961922,14.92425871704495,31.664876816303533,17.974696906965008
H0,map-barrier-01,7019,H0_map-barrier-01_seed211,2017,1.0,center,,success,1,0,0,126,1.9869777529182668,406.3943999231866,0.8253317385484766,15.286952710154884,30.113023591042285,18.053560300269048
H0,map-barrier-01,7019,H0_map-barrier-01_seed211,2018,1.0,center,,success,1,0,0,124,2.630637365852356,393.9853623093768,0.8513265433490592,15.30355691705438,31.39803775035782,17.83219288911702
H0,map-barrier-01,7019,H0_map-barrier-01_seed211,2019,1.0,center,,success,1,0,0,126,2.438791251592751,403.7398665352868,0.8307581797737917,14.448335857825223,30.176041654170273,18.033494126682662
H0,map-barrier-01,7019,H0_map-barrier-01_seed211,2020,1.0,center,,success,1,0,0,127,2.9476104844617423,401.5829689462027,0.8352201725713648,14.582511435212226,30.41439317232911,17.758057070590883
H0,map-barrier-01,7019,H0_map-barrier-01_seed211,2021,1.0,center,,success,1,0,0,124,2.5218455227085834,394.87723260231814,0.8494037359777613,14.805907258323396,30.312811336853777,17.822874288661957
H0,map-barrier-01,7019,H0_map-barrier-01_seed211,2022,1.0,center,,success,1,0,0,130,1.7145133372638302,412.10881548457303,0.8138874588998553,13.426156365130513,30.954619431884925,17.822002790108108
H0,map-barrier-01,7019,H0_map-barrier-01_seed211,2023,1.0,center,,success,1,0,0,125,1.9383446844613554,401.2419988365459,0.835929931556354,15.026406464449991,30.00514850100008,17.945527982268395
H0,map-barrier-01,7019,H0_map-barrier-01_seed211,2024,1.0,center,,success,1,0,0,123,2.69655036764465,395.4231168557755,0.8482311284479207,15.196916972747601,29.839601420657758,17.959116234426514
H0,map-barrier-01,7019,H0_map-barrier-01_seed211,2025,1.0,center,,success,1,0,0,123,1.4589027971674644,394.6023322812382,0.8499954743955169,14.445511609026418,30.14787510900799,17.95310582566236
H0,map-barrier-01,7019,H0_map-barrier-01_seed211,2026,1.0,center,,success,1,0,0,128,2.1235722805721626,408.7271234922658,0.8206213322941249,13.657425654033172,30.78450849781773,17.997326367337127
H0,map-barrier-01,7019,H0_map-barrier-01_seed211,2027,1.0,center,,success,1,0,0,126,1.5657323528103835,402.633536833713,0.8330408819459377,14.330968186112742,29.222389643015987,17.887746578962556
H0,map-barrier-01,7019,H0_map-barrier-01_seed211,2028,1.0,center,,success,1,0,0,129,1.7798416362828589,406.54613971061326,0.8250236907026578,13.752122312410123,32.10358086715774,17.847329166628267
H0,map-barrier-01,7019,H0_map-barrier-01_seed211,2029,1.0,center,,success,1,0,0,123,2.184414645962173,391.96588418949926,0.8557127294854354,13.887815207333986,28.850161442026863,17.711443622171885
H0,map-barrier-01,7019,H0_map-barrier-01_seed211,2030,1.0,center,,success,1,0,0,126,2.1498289309680105,398.62451134892603,0.841418896921207,13.64294811443671,29.259231882330102,17.738172076689445
H0,map-barrier-01,7019,H0_map-barrier-01_seed211,2031,1.0,center,,success,1,0,0,129,1.688878421899811,405.2049898079376,0.8277543590565086,13.24491291292309,28.291321100326233,17.665127218111685
H0,map-barrier-01,7019,H0_map-barrier-01_seed211,2032,1.0,center,,success,1,0,0,125,2.0188219408975265,395.71683830907176,0.8476015275422745,14.85624131151296,29.09772414773804,17.793228190793904
H0,map-barrier-01,7019,H0_map-barrier-01_seed211,2033,1.0,center,,success,1,0,0,125,1.4761916257822656,400.2725877389415,0.8379544512893888,13.741049277266939,29.95186459053088,17.94100113304789
H0,map-barrier-01,7019,H0_map-barrier-01_seed211,2034,1.0,center,,success,1,0,0,124,1.508622777952804,397.41865023689365,0.8439719586009284,14.457141979037733,27.412386926323332,17.86865014414024
H0,map-barrier-01,7019,H0_map-barrier-01_seed211,2035,1.0,center,,success,1,0,0,129,1.9323183873960208,408.1696763743172,0.8217420745322009,13.628267426152815,30.817534291456553,17.771998938107465
H0,map-barrier-01,7019,H0_map-barrier-01_seed211,2036,1.0,center,,success,1,0,0,125,2.270364263579949,402.4861080618387,0.833346020910206,15.35700551803069,29.31093688719112,18.06089527644445
H0,map-barrier-01,7019,H0_map-barrier-01_seed211,2037,1.0,center,,success,1,0,0,121,2.0805484036531015,391.4396062814341,0.8568632076127165,15.510115053958415,32.73693635359621,18.137202566431355
H0,map-barrier-01,7019,H0_map-barrier-01_seed211,2038,1.0,center,,success,1,0,0,125,1.6653660047659966,399.0922786451036,0.8404326883087483,15.38091250654923,31.632209438577444,17.850122694485705
H0,map-barrier-01,7019,H0_map-barrier-01_seed211,2039,1.0,center,,success,1,0,0,120,2.947246225449464,386.2328727009117,0.8684144212776551,15.036331144297634,31.138656453740754,18.022254044887816
H0,map-barrier-01,7019,H0_map-barrier-01_seed211,2040,1.0,center,,success,1,0,0,121,1.925546201337969,388.8826618806461,0.8624971733193671,15.470586137059783,32.77119088950525,17.999617660445914
H0,map-barrier-01,7019,H0_map-barrier-01_seed211,2041,1.0,center,,success,1,0,0,124,1.795413919011007,392.8550939470977,0.8537758623797689,15.352704161628296,31.78312145096414,17.790780917991608
H0,map-barrier-01,7019,H0_map-barrier-01_seed211,2042,1.0,center,,success,1,0,0,124,2.8000972512650453,393.6392972420934,0.8520749807626212,15.575093380986829,32.4273933455794,17.840254173398773
H0,map-barrier-01,7019,H0_map-barrier-01_seed211,2043,1.0,center,,success,1,0,0,120,1.7564802054720794,387.06352673751826,0.8665507686866664,15.814255442217574,31.819063319644382,17.96833603593075
H0,map-barrier-01,7019,H0_map-barrier-01_seed211,2044,1.0,center,,success,1,0,0,128,1.8648286084612826,401.63790620550753,0.8351059286056229,14.046375899389844,32.35603390875398,17.688715345676158
H0,map-barrier-01,7019,H0_map-barrier-01_seed211,2045,1.0,center,,success,1,0,0,123,2.4132729133049198,395.35983392041817,0.848366899841634,15.162516598304604,31.375844766348973,17.98009498056385
H0,map-barrier-01,7019,H0_map-barrier-01_seed211,2046,1.0,center,,success,1,0,0,127,1.6267683967249142,404.87947515073495,0.8284198563043895,12.362991125861015,30.616484964867638,18.01586646453376
H0,map-barrier-01,7019,H0_map-barrier-01_seed211,2047,1.0,center,,success,1,0,0,125,2.865170538046178,398.4905993769895,0.8417016540650079,14.022311979990125,30.8791973951505,17.990819201969067
H0,map-barrier-01,7019,H0_map-barrier-01_seed211,2048,1.0,center,,success,1,0,0,124,1.7997927919497678,394.4211626309231,0.8503859031996878,15.110547577501222,28.656822682125757,17.64673402457837
H0,map-barrier-01,7019,H0_map-barrier-01_seed211,2049,1.0,center,,success,1,0,0,128,2.5056917854997294,407.19048711397824,0.8237181546215311,13.891359771725497,31.86291264221688,17.990650335919124
H0,map-barrier-01,7019,H0_map-barrier-01_seed211,2050,1.0,center,,success,1,0,0,122,2.993293750472383,392.06085029885224,0.8555054562813368,15.67116225930284,31.015928714861193,17.976654836592243
H0,map-barrier-01,7019,H0_map-barrier-01_seed307,2001,1.0,center,,success,1,0,0,89,1.8333629728129617,351.029975834271,0.9555030046303596,10.70427924672613,32.97902878681112,16.573318987013955
H0,map-barrier-01,7019,H0_map-barrier-01_seed307,2002,1.0,center,,success,1,0,0,87,2.6542185986345315,347.77672732946684,0.9644411781102796,9.1786453542433,30.508805835850527,16.642906143528613
H0,map-barrier-01,7019,H0_map-barrier-01_seed307,2003,1.0,center,,success,1,0,0,87,2.238110260121791,349.50152899682945,0.9596816288263254,12.0087352134002,34.093836118516904,16.981270892800076
H0,map-barrier-01,7019,H0_map-barrier-01_seed307,2004,1.0,center,,success,1,0,0,89,1.9290854750723307,350.51421956980374,0.9569089580349326,8.8238555318664,32.200351879569595,16.729882483920463
H0,map-barrier-01,7019,H0_map-barrier-01_seed307,2005,1.0,center,,success,1,0,0,88,2.4913685091828395,349.1034194459491,0.9607760277951081,7.550667566868746,29.87704598916559,16.71185494380039
H0,map-barrier-01,7019,H0_map-barrier-01_seed307,2006,1.0,center,,success,1,0,0,86,2.9186390001837736,346.95910784045924,0.9667139125202003,10.773814911894203,31.327053268855394,16.83251741725927
H0,map-barrier-01,7019,H0_map-barrier-01_seed307,2007,1.0,center,,success,1,0,0,88,2.560962539544691,348.9087101086235,0.9613121911474992,8.609084642822445,32.81711458867894,16.697897373622936
H0,map-barrier-01,7019,H0_map-barrier-01_seed307,2008,1.0,center,,success,1,0,0,87,2.9624822185857487,347.4297801574105,0.9654042796014887,10.008864816243488,33.42891920638586,16.67966814436622
H0,map-barrier-01,7019,H0_map-barrier-01_seed307,2009,1.0,center,,success,1,0,0,87,2.5204509676688502,350.01138524023963,0.958283675243166,12.240751185136176,32.28243558255799,16.96018978559443
H0,map-barrier-01,7019,H0_map-barrier-01_seed307,2010,1.0,center,,success,1,0,0,86,2.133152873731994,348.2347591802551,0.9631726523065198,13.03357541803149,34.10781173995468,16.86236275965021
H0,map-barrier-01,7019,H0_map-barrier-01_seed307,2011,1.0,center,,success,1,0,0,88,2.8318193786998,348.4183369044178,0.9626651674104688,9.177696869878673,31.63522595251609,16.721866806625393
H0,map-barrier-01,7019,H0_map-barrier-01_seed307,2012,1.0,center,,success,1,0,0,85,2.981830836003727,345.80200079971087,0.9699486869633199,12.99015079947668,28.637057494509655,16.74991280983021
H0,map-barrier-01,7019,H0_map-barrier-01_seed307,2013,1.0,center,,success,1,0,0,87,2.487662541393221,348.7696832954185,0.9616953900802951,12.090040932514711,32.802517344018625,16.9792527704419
H0,map-barrier-01,7019,H0_map-barrier-01_seed307,2014,1.0,center,,success,1,0,0,85,2.54643507185187,346.20648763153616,0.968815457271101,10.828122748166223,36.79201519159036,17.0503040779395
H0,map-barrier-01,7019,H0_map-barrier-01_seed307,2015,1.0,center,,success,1,0,0,90,2.1751757735658255,351.7564430863599,0.9535296459164552,9.070825629617381,32.26094915143472,16.69357006202526
H0,map-barrier-01,7019,H0_map-barrier-01_seed307,2016,1.0,center,,success,1,0,0,86,2.291049202281545,347.476684559908,0.9652739637762396,11.545234565424938,29.84743098181206,16.546651393131178
H0,map-barrier-01,7019,H0_map-barrier-01_seed307,2017,1.0,center,,success,1,0,0,86,2.434749008416141,348.93566510761104,0.9612379305552748,11.393150793390598,29.717631668794475,16.782724636068245
H0,map-barrier-01,7019,H0_map-barrier-01_seed307,2018,1.0,center,,success,1,0,0,89,2.684504209271965,350.1688329027448,0.9578527987330177,9.716334796132529,31.777603790452424,16.855928921096407
H0,map-barrier-01,7019,H0_map-barrier-01_seed307,2019,1.0,center,,success,1,0,0,86,2.8222008667781946,347.8804253772992,0.9641536923533253,11.89066721690007,33.56042287292845,17.020223476426516
H0,map-barrier-01,7019,H0_map-barrier-01_seed307,2020,1.0,center,,success,1,0,0,89,1.8820783027148382,350.0894176905133,0.9580700806028888,10.875443043440143,30.397953215385694,16.696711729929312
H0,map-barrier-01,7019,H0_map-barrier-01_seed307,2021,1.0,center,,success,1,0,0,88,2.9518499463064005,347.95773852705275,0.9639394658811167,8.871351351230986,30.88240736503802,16.53684637349939
H0,map-barrier-01,7019,H0_map-barrier-01_seed307,2022,1.0,center,,success,1,0,0,87,2.424227434373205,350.18610779289804,0.9578055472815383,12.427922929033011,32.93848760528997,16.827314784296675
H0,map-barrier-01,7019,H0_map-barrier-01_seed307,2023,1.0,center,,success,1,0,0,84,2.8951451353829984,344.941829733304,0.9723674188320244,12.3380788716847,34.52224282378018,16.740250575120243
H0,map-barrier-01,7019,H0_map-barrier-01_seed307,2024,1.0,center,,success,1,0,0,88,2.5243324255648987,348.73332781423983,0.9617956469122785,9.140421430902563,30.240507937783836,16.604488403837923
H0,map-barrier-01,7019,H0_map-barrier-01_seed307,2025,1.0,center,,success,1,0,0,85,2.5980725385272985,346.1028447108098,0.96910557584473,12.092483490104506,33.436414165920176,16.68427040021059
H0,map-barrier-01,7019,H0_map-barrier-01_seed307,2026,1.0,center,,success,1,0,0,85,2.661639031061154,346.58032910878256,0.9677704371955049,12.878726309297392,30.989999882555104,16.840480269722406
H0,map-barrier-01,7019,H0_map-barrier-01_seed307,2027,1.0,center,,success,1,0,0,86,2.7305109588706022,348.10288385585307,0.9635375407112671,11.154784524623222,29.378754148696284,16.80925624645793
H0,map-barrier-01,7019,H0_map-barrier-01_seed307,2028,1.0,center,,success,1,0,0,90,2.2398457107564362,352.0450524020322,0.9527479347783395,10.690554728738363,28.295955281214127,16.85265252709118
H0,map-barrier-01,7019,H0_map-barrier-01_seed307,2029,1.0,center,,success,1,0,0,89,2.928882131031301,350.4662677300153,0.9570398851719293,7.835702526464672,27.54585595006717,16.677507992706083
H0,map-barrier-01,7019,H0_map-barrier-01_seed307,2030,1.0,center,,success,1,0,0,89,1.6993374687707967,351.0743332981564,0.9553822789435169,10.984042827372164,31.961469621063106,16.818306794271496
H0,map-barrier-01,7019,H0_map-barrier-01_seed307,2031,1.0,center,,success,1,0,0,90,2.3995707901248613,351.8806521282186,0.9531930630353367,11.82665349021083,30.736463888198283,16.787161126612208
H0,map-barrier-01,7019,H0_map-barrier-01_seed307,2032,1.0,center,,success,1,0,0,89,2.203513518404732,351.2272592052165,0.9549663012602152,10.259689096900118,29.85362374422905,16.70323565219398
H0,map-barrier-01,7019,H0_map-barrier-01_seed307,2033,1.0,center,,success,1,0,0,85,2.711220665393918,345.9184575602549,0.9696221444516124,11.599302051632435,33.70472127989592,16.72858176522204
H0,map-barrier-01,7019,H0_map-barrier-01_seed307,2034,1.0,center,,success,1,0,0,86,2.401180627734887,348.2029079288655,0.9632607568386233,12.213805986204477,30.52137045276018,16.669855600034886
H0,map-barrier-01,7019,H0_map-barrier-01_seed307,2035,1.0,center,,success,1,0,0,126,2.4888882319964734,397.2941409160901,0.8442364537558289,12.531129063695662,25.447079556381308,15.928679244167725
H0,map-barrier-01,7019,H0_map-barrier-01_seed307,2036,1.0,center,,success,1,0,0,85,2.6606546000684888,347.88129941525426,0.964151269955447,12.735520742766312,30.534357514846043,16.67181645939581
H0,map-barrier-01,7019,H0_map-barrier-01_seed307,2037,1.0,center,,success,1,0,0,85,2.430821802369535,346.94261726030027,0.9667598615402173,10.922273576402489,33.670245825379936,16.806385791389506
H0,map-barrier-01,7019,H0_map-barrier-01_seed307,2038,1.0,center,,success,1,0,0,89,2.210161266749771,350.272167317397,0.9575702208763808,9.055741137862057,30.251330161350367,16.621442409032205
H0,map-barrier-01,7019,H0_map-barrier-01_seed307,2039,1.0,center,,success,1,0,0,88,2.4809168357649027,348.9143007021447,0.9612967882084483,10.357469812938362,30.50078076154015,16.717073273180905
H0,map-barrier-01,7019,H0_map-barrier-01_seed307,2040,1.0,center,,success,1,0,0,88,2.54014040073851,349.67622672245875,0.9592021733041253,9.346003881885473,34.86002359633549,16.992614413279767
H0,map-barrier-01,7019,H0_map-barrier-01_seed307,2041,1.0,center,,success,1,0,0,89,2.5760922984032826,349.4332787979732,0.9598690707958808,8.853706817813723,28.241155771376715,16.657034983932046
H0,map-barrier-01,7019,H0_map-barrier-01_seed307,2042,1.0,center,,success,1,0,0,89,2.929265751055719,349.34393320457764,0.9601145597354642,8.970576523011587,30.492937455585654,16.626502757835976
H0,map-barrier-01,7019,H0_map-barrier-01_seed307,2043,1.0,center,,success,1,0,0,87,2.2206451884933873,347.71292009188033,0.9646181583828954,9.583136645726398,29.98922764444,16.508787338658532
H0,map-barrier-01,7019,H0_map-barrier-01_seed307,2044,1.0,center,,success,1,0,0,92,1.9971629418265282,353.13647811591835,0.9498033123467603,8.218117508647431,31.75486888305632,16.709095416113218
H0,map-barrier-01,7019,H0_map-barrier-01_seed307,2045,1.0,center,,success,1,0,0,86,2.9607017360791628,346.5439038422605,0.9678721596488974,10.252935200192626,33.91657996726657,16.82728901257456
H0,map-barrier-01,7019,H0_map-barrier-01_seed307,2046,1.0,center,,success,1,0,0,86,2.2151964219812266,348.83260162424125,0.9615219307576898,13.730734052289037,30.471449782285596,16.75981397569422
H0,map-barrier-01,7019,H0_map-barrier-01_seed307,2047,1.0,center,,success,1,0,0,89,2.102790196259015,350.71475378886464,0.9563618097084398,11.036117032536382,33.92293643738142,16.819438546680807
H0,map-barrier-01,7019,H0_map-barrier-01_seed307,2048,1.0,center,,success,1,0,0,88,2.6894506959165936,349.9852642716869,0.9583551962479081,8.434687135726087,28.919086602910607,16.703139620347567
H0,map-barrier-01,7019,H0_map-barrier-01_seed307,2049,1.0,center,,success,1,0,0,87,2.068311423817855,349.34726492795875,0.9601054031269879,13.108574545181737,28.99144148607436,16.733019835316075
H0,map-barrier-01,7019,H0_map-barrier-01_seed307,2050,1.0,center,,success,1,0,0,87,2.9812975496814555,347.6057923154032,0.9649154416869758,9.194586171067769,30.055363072965992,16.663484606666458
H0,map-barrier-01,7019,H0_map-barrier-01_seed401,2001,1.0,center,,success,1,0,0,86,2.7134511814182756,342.2867067178278,0.9799100871932833,10.752673949406098,28.64195931538394,15.227982578754421
H0,map-barrier-01,7019,H0_map-barrier-01_seed401,2002,1.0,center,,success,1,0,0,84,2.6373517099145714,340.06019096386177,0.9863259668068955,9.477288895988805,23.01399432798796,15.045541664148121
H0,map-barrier-01,7019,H0_map-barrier-01_seed401,2003,1.0,center,,success,1,0,0,85,0.8528920241677221,343.44539360746904,0.9766041497948167,9.595731835607856,23.814152884813527,15.637861147597627
H0,map-barrier-01,7019,H0_map-barrier-01_seed401,2004,1.0,center,,success,1,0,0,86,1.7840869816810445,342.71664796472953,0.978680780804926,10.516255309548242,23.305697241602054,15.252128556102017
H0,map-barrier-01,7019,H0_map-barrier-01_seed401,2005,1.0,center,,success,1,0,0,85,2.260526163109239,340.9548125692583,0.9837379742420749,9.877049581930732,22.92196868018048,15.052954872752128
H0,map-barrier-01,7019,H0_map-barrier-01_seed401,2006,1.0,center,,success,1,0,0,84,1.1764247490641664,341.92689012849434,0.980941266417868,9.651181868568056,22.12676118263496,15.398870937848047
H0,map-barrier-01,7019,H0_map-barrier-01_seed401,2007,1.0,center,,success,1,0,0,85,1.0899175027731114,342.2488511167584,0.9800184734894642,9.83562294890597,26.876820497931515,15.057433978706737
H0,map-barrier-01,7019,H0_map-barrier-01_seed401,2008,1.0,center,,success,1,0,0,84,2.251372672424447,340.9440702000963,0.9837689695794385,9.395500404537891,22.346367150559566,15.14358777242507
H0,map-barrier-01,7019,H0_map-barrier-01_seed401,2009,1.0,center,,success,1,0,0,85,0.5313323075523876,344.16928604373015,0.9745500549469462,9.617516456337444,25.59164857235939,15.713889704060946
H0,map-barrier-01,7019,H0_map-barrier-01_seed401,2010,1.0,center,,success,1,0,0,84,2.6055049976134033,341.5565568984797,0.9820048535173105,8.919048263407046,28.19514412486512,15.596747870610832
H0,map-barrier-01,7019,H0_map-barrier-01_seed401,2011,1.0,center,,success,1,0,0,85,2.3658401100980195,341.0318339144518,0.9835157990239307,10.288246318360446,25.526248903346684,15.306127362945988
H0,map-barrier-01,7019,H0_map-barrier-01_seed401,2012,1.0,center,,success,1,0,0,84,2.3796431186499967,341.7401532361756,0.981477281638507,9.286312952219205,23.926570327131895,15.335730063808782
H0,map-barrier-01,7019,H0_map-barrier-01_seed401,2013,1.0,center,,success,1,0,0,85,1.145969209444366,343.5663410088544,0.9762603508832207,10.000764002027363,23.659968262794028,15.397282382315087
H0,map-barrier-01,7019,H0_map-barrier-01_seed401,2014,1.0,center,,success,1,0,0,83,1.6213805868692643,341.125736787513,0.9832450631946755,9.120068154979691,25.37007381483312,15.525503817804124
H0,map-barrier-01,7019,H0_map-barrier-01_seed401,2015,1.0,center,,success,1,0,0,87,0.7567392133237039,344.35812691184157,0.9740156262112443,10.252438662236855,24.415061094344164,15.067210598021607
H0,map-barrier-01,7019,H0_map-barrier-01_seed401,2016,1.0,center,,success,1,0,0,84,1.2249595297514082,341.73702675845624,0.9814862609606548,8.760642033871875,26.15646218038358,15.389036604272956
H0,map-barrier-01,7019,H0_map-barrier-01_seed401,2017,1.0,center,,success,1,0,0,84,1.1712901673942027,342.41725751664336,0.9795364843977401,8.508399489990486,23.289407747419332,15.463623718386827
H0,map-barrier-01,7019,H0_map-barrier-01_seed401,2018,1.0,center,,success,1,0,0,86,2.8420304911531495,342.3592264546579,0.9797025191882487,10.45037796341399,28.55984843209817,15.278580057859937
H0,map-barrier-01,7019,H0_map-barrier-01_seed401,2019,1.0,center,,success,1,0,0,84,1.2089061272474293,343.1067476017649,0.9775680570825451,8.837225223221779,23.75781288536157,15.439241321719521
H0,map-barrier-01,7019,H0_map-barrier-01_seed401,2020,1.0,center,,success,1,0,0,86,2.873170146830361,341.708255593804,0.981568900178045,10.019241512308692,22.567734452108407,15.062345631823554
H0,map-barrier-01,7019,H0_map-barrier-01_seed401,2021,1.0,center,,success,1,0,0,85,2.1011950596220226,341.07003882678515,0.9834056306403065,9.960036541498663,23.091940997997312,15.098689689886799
H0,map-barrier-01,7019,H0_map-barrier-01_seed401,2022,1.0,center,,success,1,0,0,85,2.850960735135458,342.2107832009525,0.9801274918564136,9.460915095780894,23.743331816560413,15.051971148962147
H0,map-barrier-01,7019,H0_map-barrier-01_seed401,2023,1.0,center,,success,1,0,0,83,1.192299084623832,341.94095419119043,0.9809009202139315,8.700728182673103,28.573410575319862,15.516774329988454
H0,map-barrier-01,7019,H0_map-barrier-01_seed401,2024,1.0,center,,success,1,0,0,85,2.877154354394537,340.79820295621766,0.9841900389012868,10.604005096032243,21.468733676633896,15.237305175516386
H0,map-barrier-01,7019,H0_map-barrier-01_seed401,2025,1.0,center,,success,1,0,0,84,1.354490864213876,341.66873892155866,0.9816824263280726,9.136488767344744,22.735319040465047,15.121652311912351
H0,map-barrier-01,7019,H0_map-barrier-01_seed401,2026,1.0,center,,success,1,0,0,84,2.8090039137412726,341.3996336592244,0.982456228877403,9.12652716781311,28.166556588836222,15.478683232656783
H0,map-barrier-01,7019,H0_map-barrier-01_seed401,2027,1.0,center,,success,1,0,0,83,2.8813674935876104,340.03701542554467,0.9863931907684054,8.655343148007317,23.885102249475203,15.387481726763209
H0,map-barrier-01,7019,H0_map-barrier-01_seed401,2028,1.0,center,,success,1,0,0,86,2.915110044263755,342.0836049148384,0.9804918791956391,10.418071793259696,26.513101906828783,15.28869005605653
H0,map-barrier-01,7019,H0_map-barrier-01_seed401,2029,1.0,center,,success,1,0,0,85,1.067531737978492,341.94311652920567,0.9808947173127867,10.55482413446453,23.03151537524364,15.189102044403425
H0,map-barrier-01,7019,H0_map-barrier-01_seed401,2030,1.0,center,,success,1,0,0,86,2.237716828489359,342.74865417222526,0.9785893906280101,10.770822989001205,21.937523525127393,15.342033654431958
H0,map-barrier-01,7019,H0_map-barrier-01_seed401,2031,1.0,center,,success,1,0,0,87,0.8347761458549923,344.42755023051666,0.9738193022029943,10.13545964099078,26.89273553342024,15.42328762246412
H0,map-barrier-01,7019,H0_map-barrier-01_seed401,2032,1.0,center,,success,1,0,0,86,2.113797303899832,342.957835092497,0.9779925177522394,10.02241894109178,23.44517662535831,15.169829265944832
H0,map-barrier-01,7019,H0_map-barrier-01_seed401,2033,1.0,center,,success,1,0,0,83,2.493133381677045,340.54268273794366,0.9849285086036491,9.46302662133265,29.400817021932625,15.46168871812688
H0,map-barrier-01,7019,H0_map-barrier-01_seed401,2034,1.0,center,,success,1,0,0,84,0.6910146081717697,343.081027331835,0.9776413438932398,9.334668109435619,29.157080307518044,15.740053633267902
H0,map-barrier-01,7019,H0_map-barrier-01_seed401,2035,1.0,center,,success,1,0,0,85,2.09985383654851,342.2604212901627,0.9799853437935592,9.724695969624271,23.493166173357352,15.553490903966892
H0,map-barrier-01,7019,H0_map-barrier-01_seed401,2036,1.0,center,,success,1,0,0,84,0.948904485551887,343.3179221277662,0.9769667559042989,8.586394375654187,22.446089949051377,15.852903165634991
H0,map-barrier-01,7019,H0_map-barrier-01_seed401,2037,1.0,center,,success,1,0,0,84,0.6577042442297196,342.3048755880285,0.9798580754912825,9.195076511942435,23.38273415688127,15.413489325290636
H0,map-barrier-01,7019,H0_map-barrier-01_seed401,2038,1.0,center,,success,1,0,0,86,1.7677974213940002,342.07111057971036,0.9805276921998657,9.891930026436484,22.512907241679883,15.228719731870639
H0,map-barrier-01,7019,H0_map-barrier-01_seed401,2039,1.0,center,,success,1,0,0,86,1.1499768815475473,343.150467353316,0.9774435081261948,10.505363494447236,20.9077229615791,15.441726609540526
H0,map-barrier-01,7019,H0_map-barrier-01_seed401,2040,1.0,center,,success,1,0,0,85,1.5703594480784122,341.3327729147205,0.9826486737878177,9.76947987808635,24.725002023068512,15.242382112321517
H0,map-barrier-01,7019,H0_map-barrier-01_seed401,2041,1.0,center,,success,1,0,0,86,1.5422277549731414,342.27919546263814,0.9799315911433494,10.431879863907389,21.869580235701562,15.26928738340672
H0,map-barrier-01,7019,H0_map-barrier-01_seed401,2042,1.0,center,,success,1,0,0,86,1.4522135174472715,342.89288133090054,0.9781777776287194,10.122883967651976,23.989511723703984,15.067603461466
H0,map-barrier-01,7019,H0_map-barrier-01_seed401,2043,1.0,center,,success,1,0,0,85,0.6414559442771585,342.4018460979828,0.9795805730819174,9.826860958929114,26.43750422548531,15.293163770209219
H0,map-barrier-01,7019,H0_map-barrier-01_seed401,2044,1.0,center,,success,1,0,0,88,0.6783861494733858,344.4991952648269,0.9736167783124386,11.063529030790514,23.496252441687723,14.996297842619407
H0,map-barrier-01,7019,H0_map-barrier-01_seed401,2045,1.0,center,,success,1,0,0,84,1.1089802655236063,341.9015562589752,0.9810139511939227,9.372740232186942,21.204187665525673,15.307194452155823
H0,map-barrier-01,7019,H0_map-barrier-01_seed401,2046,1.0,center,,success,1,0,0,85,1.401863732607827,343.52485648263706,0.9763782454033898,9.621877643638996,22.84611266110371,15.697487629215324
H0,map-barrier-01,7019,H0_map-barrier-01_seed401,2047,1.0,center,,success,1,0,0,86,2.205025969191447,342.5748276874114,0.9790859383603618,10.456904560114147,26.938989148549652,15.348783648623344
H0,map-barrier-01,7019,H0_map-barrier-01_seed401,2048,1.0,center,,success,1,0,0,85,2.670953070008485,340.4818379296807,0.9851045173641254,9.370286736523974,23.029640873165597,15.050979151918986
H0,map-barrier-01,7019,H0_map-barrier-01_seed401,2049,1.0,center,,success,1,0,0,85,2.5893082644037686,342.214401780912,0.9801171279743521,10.060031559420318,22.549810817327472,15.299987076098024
H0,map-barrier-01,7019,H0_map-barrier-01_seed401,2050,1.0,center,,success,1,0,0,84,2.5800531565415397,340.2219296103372,0.9858570757303043,9.26063977862552,23.030361184622716,15.061175799447554
H0,map-barrier-01,7019,H0_map-barrier-01_seed503,2001,1.0,center,,timeout,0,0,1,1507,4.887757333784835,476.0441566025182,nan,2.7817223899311614,8.509003640782726,2.5112885698730345
H0,map-barrier-01,7019,H0_map-barrier-01_seed503,2002,1.0,center,,timeout,0,0,1,1507,6.004710067992168,471.11192696767336,nan,2.668447785857225,11.134421488077198,2.692413446299437
H0,map-barrier-01,7019,H0_map-barrier-01_seed503,2003,1.0,center,,timeout,0,0,1,1507,5.833189397299929,472.97789528702515,nan,3.4004470724075304,9.577686352166364,2.628281897605984
H0,map-barrier-01,7019,H0_map-barrier-01_seed503,2004,1.0,center,,success,1,0,0,92,2.9120389381876315,354.04462279485654,0.9473670126020093,2.48561502871528,33.91503446156848,17.19962958231607
H0,map-barrier-01,7019,H0_map-barrier-01_seed503,2005,1.0,center,,timeout,0,0,1,1507,4.491475536338267,477.09955438130544,nan,2.506045949922047,9.583930034281844,2.6016977338491194
H0,map-barrier-01,7019,H0_map-barrier-01_seed503,2006,1.0,center,,timeout,0,0,1,1507,4.711090552746576,470.72804145670847,nan,2.683973423539058,11.232686373500758,2.709922315184317
H0,map-barrier-01,7019,H0_map-barrier-01_seed503,2007,1.0,center,,timeout,0,0,1,1507,4.77354398589665,477.3475113949364,nan,2.090941109430588,10.067449374047877,2.6403239352040044
H0,map-barrier-01,7019,H0_map-barrier-01_seed503,2008,1.0,center,,timeout,0,0,1,1507,4.51402029579127,461.0885266358485,nan,2.4135680943020645,11.517726651565082,2.673443781622412
H0,map-barrier-01,7019,H0_map-barrier-01_seed503,2009,1.0,center,,timeout,0,0,1,1507,5.817864407398425,475.5267172264536,nan,2.9288673406024515,10.675318757280493,2.7480956160023156
H0,map-barrier-01,7019,H0_map-barrier-01_seed503,2010,1.0,center,,timeout,0,0,1,1507,4.940142635142617,469.1460583331976,nan,2.856571749927312,10.636265579009278,2.717480654486918
H0,map-barrier-01,7019,H0_map-barrier-01_seed503,2011,1.0,center,,timeout,0,0,1,1507,5.248017055491622,483.0680215042434,nan,2.5332594134703896,9.971194486826263,2.686063794966155
H0,map-barrier-01,7019,H0_map-barrier-01_seed503,2012,1.0,center,,timeout,0,0,1,1507,4.5807160406355765,467.58807791854446,nan,2.8133733538033923,10.34561426474838,2.693675075261248
H0,map-barrier-01,7019,H0_map-barrier-01_seed503,2013,1.0,center,,timeout,0,0,1,1507,5.51019740795524,476.8058790436157,nan,2.918342280546554,10.188207135986527,2.709939479911856
H0,map-barrier-01,7019,H0_map-barrier-01_seed503,2014,1.0,center,,timeout,0,0,1,1507,5.164634460691091,459.09380967969753,nan,2.815727086090085,11.395984181821083,2.6557034505309223
H0,map-barrier-01,7019,H0_map-barrier-01_seed503,2015,1.0,center,,timeout,0,0,1,1507,5.42451847715422,477.1529991364478,nan,2.401822131423224,8.299712553125886,2.5100038139868786
H0,map-barrier-01,7019,H0_map-barrier-01_seed503,2016,1.0,center,,timeout,0,0,1,1507,4.855429663696711,482.9399081365715,nan,2.5083752923672407,11.570741568636686,2.8102054999897055
H0,map-barrier-01,7019,H0_map-barrier-01_seed503,2017,1.0,center,,timeout,0,0,1,1507,4.714249722997163,459.0783866627248,nan,1.9141369700731161,11.484958233222947,2.6549338995206297
H0,map-barrier-01,7019,H0_map-barrier-01_seed503,2018,1.0,center,,timeout,0,0,1,1507,5.561011832998349,483.2711377122667,nan,1.9241810113677715,8.475220498990105,2.5829916467371574
H0,map-barrier-01,7019,H0_map-barrier-01_seed503,2019,1.0,center,,timeout,0,0,1,1507,5.271883891105738,467.56002704151865,nan,2.260446443152709,11.616975443787975,2.7818016552777394
H0,map-barrier-01,7019,H0_map-barrier-01_seed503,2020,1.0,center,,timeout,0,0,1,1507,4.763421570659582,476.4606229969951,nan,2.1260551724787007,8.174074187590751,2.487703251468586
H0,map-barrier-01,7019,H0_map-barrier-01_seed503,2021,1.0,center,,timeout,0,0,1,1507,5.4407959880084436,481.3999045295305,nan,2.935710409614842,9.7887471094486,2.6286796675057964
H0,map-barrier-01,7019,H0_map-barrier-01_seed503,2022,1.0,center,,timeout,0,0,1,1507,4.501505253149379,471.49883539832655,nan,2.1009352076925083,10.521869976130827,2.6561120877809463
H0,map-barrier-01,7019,H0_map-barrier-01_seed503,2023,1.0,center,,timeout,0,0,1,1507,5.54187117484548,478.0668946639735,nan,2.7110563067719795,11.932562630334445,2.8667652715345335
H0,map-barrier-01,7019,H0_map-barrier-01_seed503,2024,1.0,center,,timeout,0,0,1,1507,5.847199454139803,470.8389535091671,nan,2.602614250400464,9.25442614817912,2.527104456422915
H0,map-barrier-01,7019,H0_map-barrier-01_seed503,2025,1.0,center,,timeout,0,0,1,1507,4.658392169821262,468.40255013678774,nan,3.4355174713094883,11.26370647885383,2.7449354207902714
H0,map-barrier-01,7019,H0_map-barrier-01_seed503,2026,1.0,center,,timeout,0,0,1,1507,4.774113125909433,472.6267623228688,nan,2.864821193168673,11.581731177059268,2.7416545659184455
H0,map-barrier-01,7019,H0_map-barrier-01_seed503,2027,1.0,center,,timeout,0,0,1,1507,5.247579192077709,470.09377635262825,nan,2.6741972189230623,11.641810979256292,2.78257550107328
H0,map-barrier-01,7019,H0_map-barrier-01_seed503,2028,1.0,center,,timeout,0,0,1,1507,5.884685918836394,475.86297704700394,nan,2.2870924143363283,8.495902489652968,2.5616259677871667
H0,map-barrier-01,7019,H0_map-barrier-01_seed503,2029,1.0,center,,timeout,0,0,1,1507,5.254317581461946,467.6491104034054,nan,2.6483055989706443,10.566800384711124,2.619398582045955
H0,map-barrier-01,7019,H0_map-barrier-01_seed503,2030,1.0,center,,timeout,0,0,1,1507,4.404836054105645,480.3119092814389,nan,2.9558065653123933,8.838509505839689,2.6164401677168527
H0,map-barrier-01,7019,H0_map-barrier-01_seed503,2031,1.0,center,,timeout,0,0,1,1507,4.577417670643895,472.99434331084865,nan,2.399092555272108,8.695387976849911,2.5184223124601326
H0,map-barrier-01,7019,H0_map-barrier-01_seed503,2032,1.0,center,,timeout,0,0,1,1507,5.434708026829378,482.2388033815664,nan,1.9634446323368309,8.321551776974857,2.5261217132032794
H0,map-barrier-01,7019,H0_map-barrier-01_seed503,2033,1.0,center,,timeout,0,0,1,1507,4.859800761992164,476.1139723312177,nan,3.5217606351200317,11.558602912648372,2.7935268690291637
H0,map-barrier-01,7019,H0_map-barrier-01_seed503,2034,1.0,center,,timeout,0,0,1,1507,5.590616385088396,467.9217617527719,nan,2.9641799900183017,11.593550772564177,2.733830854451765
H0,map-barrier-01,7019,H0_map-barrier-01_seed503,2035,1.0,center,,timeout,0,0,1,1507,5.113092650741843,477.5912213530229,nan,2.705336361835201,11.024840397783843,2.7588548045565355
H0,map-barrier-01,7019,H0_map-barrier-01_seed503,2036,1.0,center,,timeout,0,0,1,1507,5.166134930726947,477.9548692842838,nan,2.443382186142017,11.540532831702754,2.784499855439295
H0,map-barrier-01,7019,H0_map-barrier-01_seed503,2037,1.0,center,,timeout,0,0,1,1507,4.814404956976431,457.60635772608623,nan,2.851690091629017,10.666714320046335,2.6104108331200564
H0,map-barrier-01,7019,H0_map-barrier-01_seed503,2038,1.0,center,,timeout,0,0,1,1507,5.747892386730483,493.6603004653577,nan,2.4223657417512072,8.917714023561356,2.6555618652261055
H0,map-barrier-01,7019,H0_map-barrier-01_seed503,2039,1.0,center,,timeout,0,0,1,1507,4.481734564775794,485.0276519957275,nan,2.3970529322042964,8.898233623878342,2.6085242389500545
H0,map-barrier-01,7019,H0_map-barrier-01_seed503,2040,1.0,center,,timeout,0,0,1,1507,4.130192363469487,466.2112617799378,nan,2.2975265842691286,9.177633278158869,2.506248655019245
H0,map-barrier-01,7019,H0_map-barrier-01_seed503,2041,1.0,center,,success,1,0,0,92,2.966577298543007,352.77792867265794,0.9507686546235012,2.403738359320023,31.68947904752194,17.317131972158126
H0,map-barrier-01,7019,H0_map-barrier-01_seed503,2042,1.0,center,,timeout,0,0,1,1507,4.6025031659111715,461.25191571308847,nan,2.239034006911872,8.227798412935725,2.39816638595736
H0,map-barrier-01,7019,H0_map-barrier-01_seed503,2043,1.0,center,,timeout,0,0,1,1507,5.268407707874249,472.28995491713613,nan,2.2865867776403306,10.699669870290483,2.6987173555950723
H0,map-barrier-01,7019,H0_map-barrier-01_seed503,2044,1.0,center,,timeout,0,0,1,1507,4.289714446126907,480.987943630515,nan,2.570830272093751,8.5736211076375,2.602068969300016
H0,map-barrier-01,7019,H0_map-barrier-01_seed503,2045,1.0,center,,timeout,0,0,1,1507,5.7166118550648095,457.0395494938005,nan,2.2974209156628973,10.908934000012858,2.5839733944170606
H0,map-barrier-01,7019,H0_map-barrier-01_seed503,2046,1.0,center,,timeout,0,0,1,1507,5.226762901911873,480.9554452610413,nan,3.5735483639918684,8.447518393541847,2.617492057680834
H0,map-barrier-01,7019,H0_map-barrier-01_seed503,2047,1.0,center,,timeout,0,0,1,1507,5.338043745089623,469.85454548992317,nan,2.5566503777453278,8.597731631479315,2.471119778700364
H0,map-barrier-01,7019,H0_map-barrier-01_seed503,2048,1.0,center,,timeout,0,0,1,1507,5.469176495405601,480.77766347036356,nan,2.179734373808742,10.260749160388988,2.7200879995200697
H0,map-barrier-01,7019,H0_map-barrier-01_seed503,2049,1.0,center,,timeout,0,0,1,1507,5.769382853474289,488.78996694460153,nan,2.3664784725502273,9.164779658247435,2.6961912586794226
H0,map-barrier-01,7019,H0_map-barrier-01_seed503,2050,1.0,center,,timeout,0,0,1,1507,4.7291881563491565,469.69797594399444,nan,1.890304030934253,10.77418892078981,2.6520395635811056
H0,map-mixed-01,7027,H0_map-mixed-01_seed101,2001,1.0,center,,success,1,0,0,112,2.1437088350366995,370.13580107153723,0.9061814492247475,2.1015626341647264,23.997630018521484,14.54451579566441
H0,map-mixed-01,7027,H0_map-mixed-01_seed101,2002,1.0,center,,success,1,0,0,110,1.191234625197212,369.2784696519911,0.9082852757190525,2.783417855075861,23.89154534433425,15.039557253829809
H0,map-mixed-01,7027,H0_map-mixed-01_seed101,2003,1.0,center,,success,1,0,0,111,1.5435981051149288,370.3306167254841,0.9057047445623402,1.9069595233841417,21.187179137994598,14.812772814450724
H0,map-mixed-01,7027,H0_map-mixed-01_seed101,2004,1.0,center,,success,1,0,0,112,2.3844791326816757,371.1518979423997,0.9037006101394688,3.267931488249296,20.856522852536877,14.580669704648589
H0,map-mixed-01,7027,H0_map-mixed-01_seed101,2005,1.0,center,,success,1,0,0,110,2.643403822095742,369.37045323271525,0.9080590872644848,2.2268802945665436,21.210102080860132,14.877584557839072
H0,map-mixed-01,7027,H0_map-mixed-01_seed101,2006,1.0,center,,success,1,0,0,109,2.190649505584978,367.9241335608388,0.9116286919773532,2.576025139070431,23.40691756372243,15.043793842998078
H0,map-mixed-01,7027,H0_map-mixed-01_seed101,2007,1.0,center,,success,1,0,0,111,1.219806932054762,370.2222950681602,0.9059697405938706,2.292178161652127,22.86699259092381,14.795901244979884
H0,map-mixed-01,7027,H0_map-mixed-01_seed101,2008,1.0,center,,success,1,0,0,111,1.2703424780243766,371.28555997686675,0.9033752797869825,2.916814432316812,23.28221715669047,14.818929434240621
H0,map-mixed-01,7027,H0_map-mixed-01_seed101,2009,1.0,center,,success,1,0,0,110,2.5030833235478247,368.13485110833784,0.9111068827500418,2.1866860834525355,26.34893952212642,15.005726924484971
H0,map-mixed-01,7027,H0_map-mixed-01_seed101,2010,1.0,center,,success,1,0,0,112,1.7989131615822334,373.40887111377333,0.8982384259499098,2.5949478239504304,22.77464328159233,14.920229793187136
H0,map-mixed-01,7027,H0_map-mixed-01_seed101,2011,1.0,center,,success,1,0,0,111,2.3601599445503925,369.60890952198264,0.9074732453250557,2.413010565918882,21.629603592035615,14.696889148651545
H0,map-mixed-01,7027,H0_map-mixed-01_seed101,2012,1.0,center,,success,1,0,0,110,2.9613493258631967,368.2710455892591,0.910769936008108,2.5110125081546,23.771242182674996,14.912586763718771
H0,map-mixed-01,7027,H0_map-mixed-01_seed101,2013,1.0,center,,success,1,0,0,112,1.953650601202158,370.1172865273245,0.9062267795487209,1.8109249220864945,26.93189640163168,14.717710747863189
H0,map-mixed-01,7027,H0_map-mixed-01_seed101,2014,1.0,center,,success,1,0,0,108,2.9516724718754994,366.66295646181965,0.9147643379674066,2.794296665763896,27.717381351814247,15.438334031617105
H0,map-mixed-01,7027,H0_map-mixed-01_seed101,2015,1.0,center,,success,1,0,0,113,2.578743732776067,371.27574164737115,0.9033991694063683,2.4963232584989115,20.878025144511696,14.412060968322688
H0,map-mixed-01,7027,H0_map-mixed-01_seed101,2016,1.0,center,,success,1,0,0,109,2.6668131967427438,368.27848456577135,0.9107515390708825,1.8829093913263997,23.154590550787052,15.183497600460464
H0,map-mixed-01,7027,H0_map-mixed-01_seed101,2017,1.0,center,,success,1,0,0,109,1.8973067368861651,368.3822906472002,0.9104948992952294,2.2902744831361446,26.76457335533794,15.300812376637507
H0,map-mixed-01,7027,H0_map-mixed-01_seed101,2018,1.0,center,,success,1,0,0,112,2.2910576484911833,370.8908462337352,0.9043366802684398,2.3536295987457465,23.83764839385451,14.726477013774307
H0,map-mixed-01,7027,H0_map-mixed-01_seed101,2019,1.0,center,,success,1,0,0,110,2.5481423617510166,369.13031046775905,0.9086498375057288,2.6581550477306664,25.528354118643104,15.171184615536253
H0,map-mixed-01,7027,H0_map-mixed-01_seed101,2020,1.0,center,,success,1,0,0,114,1.3249433114100337,374.7212011646083,0.895092659776218,2.068334329507487,19.002936394183404,14.380217419004627
H0,map-mixed-01,7027,H0_map-mixed-01_seed101,2021,1.0,center,,success,1,0,0,111,2.413964662368973,368.98784958347005,0.9090006540963191,2.673874674267651,19.278567135318436,14.622688454160004
H0,map-mixed-01,7027,H0_map-mixed-01_seed101,2022,1.0,center,,success,1,0,0,111,1.9296055774581788,368.5078458580653,0.9101846823477274,1.9928830261551553,26.11679872205252,14.853446045773326
H0,map-mixed-01,7027,H0_map-mixed-01_seed101,2023,1.0,center,,success,1,0,0,109,1.581184841620468,368.9346884944395,0.9091316351783595,2.3722083827756264,31.735630677692644,15.605013005918632
H0,map-mixed-01,7027,H0_map-mixed-01_seed101,2024,1.0,center,,success,1,0,0,111,1.5784832702334293,370.1099837933979,0.9062446605390698,2.519327339863147,21.368294305987227,14.665404623456185
H0,map-mixed-01,7027,H0_map-mixed-01_seed101,2025,1.0,center,,success,1,0,0,109,2.527707308025241,367.9396724405447,0.9115901919469348,2.085205940550289,24.329011409002405,15.186759858229456
H0,map-mixed-01,7027,H0_map-mixed-01_seed101,2026,1.0,center,,success,1,0,0,111,1.2348282889096314,371.3889006563136,0.9031239114368684,2.482170850990663,27.387347818134202,15.010133539644096
H0,map-mixed-01,7027,H0_map-mixed-01_seed101,2027,1.0,center,,success,1,0,0,110,2.84417182016935,370.77683399313094,0.9046147598077348,2.2223911812291632,25.722231426569174,15.267171020994189
H0,map-mixed-01,7027,H0_map-mixed-01_seed101,2028,1.0,center,,success,1,0,0,113,2.0415801215820437,370.40116626029635,0.9055322368754686,2.173768059496183,21.50803865629126,14.49773980835971
H0,map-mixed-01,7027,H0_map-mixed-01_seed101,2029,1.0,center,,success,1,0,0,109,2.866846467024055,365.33576991919097,0.9180874807280937,2.6465293573751367,24.908070222991576,14.894517918890346
H0,map-mixed-01,7027,H0_map-mixed-01_seed101,2030,1.0,center,,success,1,0,0,113,1.7021310382897958,373.05467552523044,0.8990912555987628,2.7069872667947337,19.404727258302277,14.395439720624179
H0,map-mixed-01,7027,H0_map-mixed-01_seed101,2031,1.0,center,,success,1,0,0,113,2.050410272258426,371.0517233617918,0.9039445864476655,2.085653630818264,21.10199244520931,14.501370642771152
H0,map-mixed-01,7027,H0_map-mixed-01_seed101,2032,1.0,center,,success,1,0,0,113,1.5611456300103324,373.0996823600264,0.8989827986540898,2.132767324633768,20.96309517772187,14.624652243836522
H0,map-mixed-01,7027,H0_map-mixed-01_seed101,2033,1.0,center,,success,1,0,0,110,1.9830212815595112,369.78040809934487,0.907052372917652,2.234618491121193,31.446652098195827,15.300420738445306
H0,map-mixed-01,7027,H0_map-mixed-01_seed101,2034,1.0,center,,success,1,0,0,110,1.7610075579411206,370.73700734926183,0.9047119385872021,2.277437717917408,29.050250975984568,15.13219974978057
H0,map-mixed-01,7027,H0_map-mixed-01_seed101,2035,1.0,center,,success,1,0,0,113,2.280890309677623,373.5510757534269,0.8978964816216072,1.7788396850800936,20.30220701493512,14.659660555351994
H0,map-mixed-01,7027,H0_map-mixed-01_seed101,2036,1.0,center,,success,1,0,0,110,1.5222727007650383,370.8569824250433,0.9044192573420422,2.1342639808354216,24.83919581495401,15.131633287693212
H0,map-mixed-01,7027,H0_map-mixed-01_seed101,2037,1.0,center,,success,1,0,0,109,1.9052820088121014,369.8161862030342,0.9069646195551421,2.6606502557177247,21.835358578886687,15.204010584089678
H0,map-mixed-01,7027,H0_map-mixed-01_seed101,2038,1.0,center,,success,1,0,0,112,1.118544270597937,371.7639838665893,0.9022127241495597,2.780090869992968,20.54515437735508,14.566230153908318
H0,map-mixed-01,7027,H0_map-mixed-01_seed101,2039,1.0,center,,success,1,0,0,111,2.9170066500974667,370.6534523174931,0.9049158844409304,2.46549628086166,19.32755792148358,14.716664595015898
H0,map-mixed-01,7027,H0_map-mixed-01_seed101,2040,1.0,center,,success,1,0,0,110,2.2942784236428175,368.4166156044918,0.9104100695204341,2.7615388780100103,21.25458370263778,14.852026196661626
H0,map-mixed-01,7027,H0_map-mixed-01_seed101,2041,1.0,center,,success,1,0,0,111,2.715188189425225,368.5589067455824,0.9100585835428022,3.0867981404724816,20.82600795364649,14.582641269523783
H0,map-mixed-01,7027,H0_map-mixed-01_seed101,2042,1.0,center,,success,1,0,0,113,1.1628236004375287,372.34100343753835,0.9008145585051979,2.1962363870957065,20.30786837922762,14.499587200038365
H0,map-mixed-01,7027,H0_map-mixed-01_seed101,2043,1.0,center,,success,1,0,0,109,2.0370542389859088,366.3518413656052,0.9155411785967846,2.955729519563384,21.824003661915075,14.912983003898876
H0,map-mixed-01,7027,H0_map-mixed-01_seed101,2044,1.0,center,,success,1,0,0,114,1.816963675227254,370.7335827977533,0.9047202956197933,2.4283743356699365,19.95847608209211,14.162064186325729
H0,map-mixed-01,7027,H0_map-mixed-01_seed101,2045,1.0,center,,success,1,0,0,109,2.8100832293071876,367.5735152081951,0.9124982697270526,1.9447312531418102,30.14389017974533,15.428904808380777
H0,map-mixed-01,7027,H0_map-mixed-01_seed101,2046,1.0,center,,success,1,0,0,111,1.376485237955411,371.16502127212397,0.9036686578799638,2.234509996504228,21.85208134393583,14.78481250597267
H0,map-mixed-01,7027,H0_map-mixed-01_seed101,2047,1.0,center,,success,1,0,0,113,1.3836857091760064,373.4446599477334,0.8981523438356619,2.8463000295185745,22.665046323447918,14.519892469629188
H0,map-mixed-01,7027,H0_map-mixed-01_seed101,2048,1.0,center,,success,1,0,0,109,2.9730350596057873,365.374045808646,0.9179913036314293,2.034606239129102,21.949869977817055,14.841492400229267
H0,map-mixed-01,7027,H0_map-mixed-01_seed101,2049,1.0,center,,success,1,0,0,113,2.042213909027977,373.7093119429165,0.8975162938305424,2.141599505423606,20.205445129472672,14.565351352272696
H0,map-mixed-01,7027,H0_map-mixed-01_seed101,2050,1.0,center,,success,1,0,0,111,1.2030552942988533,370.92665467448626,0.9042493776008469,2.7691047980628056,21.474663018210702,14.889355701656243
H0,map-mixed-01,7027,H0_map-mixed-01_seed211,2001,1.0,center,,collision,0,1,0,49,196.1978678470612,142.1360742735367,nan,-0.5679863669187384,24.28331633920825,10.41466444483393
H0,map-mixed-01,7027,H0_map-mixed-01_seed211,2002,1.0,center,,collision,0,1,0,47,198.80306353323772,138.91100598201203,nan,-1.0800951457453607,22.966877857426674,10.862684250525117
H0,map-mixed-01,7027,H0_map-mixed-01_seed211,2003,1.0,center,,collision,0,1,0,48,196.71146971462272,140.83965473560664,nan,-0.5151454968784392,25.32230810358357,10.817860999704486
H0,map-mixed-01,7027,H0_map-mixed-01_seed211,2004,1.0,center,,collision,0,1,0,48,199.03550507096446,138.91169321225865,nan,-0.9307808975849525,22.292621913855918,10.548824162770021
H0,map-mixed-01,7027,H0_map-mixed-01_seed211,2005,1.0,center,,collision,0,1,0,48,196.6292144289948,141.93071948040674,nan,-0.8802913267134116,21.942282747598245,10.76392674035292
H0,map-mixed-01,7027,H0_map-mixed-01_seed211,2006,1.0,center,,collision,0,1,0,47,197.9612666646709,140.09005247294425,nan,-0.8981246085689563,25.083826155868085,11.24460682150819
H0,map-mixed-01,7027,H0_map-mixed-01_seed211,2007,1.0,center,,collision,0,1,0,48,196.60362902106797,141.7266198564132,nan,-1.049803230367992,24.374195294862094,10.799456401430573
H0,map-mixed-01,7027,H0_map-mixed-01_seed211,2008,1.0,center,,collision,0,1,0,47,199.09824983076078,139.04236428985462,nan,-0.7829368945408248,26.84153059038727,11.19850028798029
H0,map-mixed-01,7027,H0_map-mixed-01_seed211,2009,1.0,center,,collision,0,1,0,48,196.07110225664917,142.24375558967074,nan,-0.48893594674576235,27.551170598817798,10.91404539019038
H0,map-mixed-01,7027,H0_map-mixed-01_seed211,2010,1.0,center,,collision,0,1,0,47,199.8995765107756,137.74306261375864,nan,-0.09632072683612591,27.139839109006417,11.063084110672763
H0,map-mixed-01,7027,H0_map-mixed-01_seed211,2011,1.0,center,,collision,0,1,0,48,196.30047898348232,141.66497520107953,nan,-0.6625467458237182,26.04023894482304,10.846254421994711
H0,map-mixed-01,7027,H0_map-mixed-01_seed211,2012,1.0,center,,collision,0,1,0,47,198.8280571235868,138.74182557175195,nan,-1.0791406906176633,24.885823277575568,11.103277578794756
H0,map-mixed-01,7027,H0_map-mixed-01_seed211,2013,1.0,center,,collision,0,1,0,48,196.67898588777817,141.0688638149006,nan,-0.715707248679962,25.564530691530774,10.746519839922993
H0,map-mixed-01,7027,H0_map-mixed-01_seed211,2014,1.0,center,,collision,0,1,0,46,199.7151832577805,137.7094698719519,nan,-0.0789273728892681,30.11914852146365,11.583182352045007
H0,map-mixed-01,7027,H0_map-mixed-01_seed211,2015,1.0,center,,collision,0,1,0,49,197.64688399508134,140.88452518461457,nan,-0.9845922200264567,27.7286741696589,10.545593431709223
H0,map-mixed-01,7027,H0_map-mixed-01_seed211,2016,1.0,center,,collision,0,1,0,47,197.3739096654652,140.4764561646346,nan,-1.0173059673038196,24.80964500231884,11.383933839646337
H0,map-mixed-01,7027,H0_map-mixed-01_seed211,2017,1.0,center,,collision,0,1,0,47,198.61317150506886,139.71714289271563,nan,-1.1504271921543676,24.74937066060554,11.23850198233541
H0,map-mixed-01,7027,H0_map-mixed-01_seed211,2018,1.0,center,,collision,0,1,0,49,196.19755525407757,142.55705803056466,nan,-0.8875690088078869,25.534589928471323,10.594044504866734
H0,map-mixed-01,7027,H0_map-mixed-01_seed211,2019,1.0,center,,collision,0,1,0,47,199.1402249839772,139.04171043788693,nan,-0.7866686717219125,26.712089011392198,11.09527865979764
H0,map-mixed-01,7027,H0_map-mixed-01_seed211,2020,1.0,center,,collision,0,1,0,49,196.22284078066855,142.0893918027198,nan,-0.7012321037108578,22.33552072216575,10.510369194562783
H0,map-mixed-01,7027,H0_map-mixed-01_seed211,2021,1.0,center,,collision,0,1,0,48,198.04129133589524,139.88687299390057,nan,-1.130075113171408,23.412986943446732,10.701342804468373
H0,map-mixed-01,7027,H0_map-mixed-01_seed211,2022,1.0,center,,collision,0,1,0,48,198.0673306389474,139.84452177258942,nan,-1.1858653010213516,26.266293320672638,10.821509338674687
H0,map-mixed-01,7027,H0_map-mixed-01_seed211,2023,1.0,center,,collision,0,1,0,47,195.69665610538615,142.0889965762361,nan,-0.2514061342512548,26.58675180297769,11.32659218916581
H0,map-mixed-01,7027,H0_map-mixed-01_seed211,2024,1.0,center,,collision,0,1,0,48,196.63188129029953,140.9637456542184,nan,-0.8446450669354846,23.423404697098366,10.70138509256208
H0,map-mixed-01,7027,H0_map-mixed-01_seed211,2025,1.0,center,,collision,0,1,0,47,197.29988392710547,140.2516585641083,nan,-0.9423597899904337,23.983985153522053,11.04810950784794
H0,map-mixed-01,7027,H0_map-mixed-01_seed211,2026,1.0,center,,collision,0,1,0,47,198.91450521228128,139.2256015763168,nan,-0.9068347013732136,26.584792701748242,11.164818088641141
H0,map-mixed-01,7027,H0_map-mixed-01_seed211,2027,1.0,center,,collision,0,1,0,47,198.0278974490965,139.8915590941535,nan,-0.8992388642068718,24.386861354301743,11.139912250962066
H0,map-mixed-01,7027,H0_map-mixed-01_seed211,2028,1.0,center,,collision,0,1,0,49,196.4781312853601,141.4148311527258,nan,-0.8126727988067302,21.082847009440297,10.338009963729599
H0,map-mixed-01,7027,H0_map-mixed-01_seed211,2029,1.0,center,,collision,0,1,0,48,195.67554456942432,142.354108838076,nan,-0.4518279208800422,24.7123273362181,10.741790425991223
H0,map-mixed-01,7027,H0_map-mixed-01_seed211,2030,1.0,center,,collision,0,1,0,48,198.46562192066656,139.8377732704958,nan,-1.0718820407370444,23.07669223512926,10.5036469800983
H0,map-mixed-01,7027,H0_map-mixed-01_seed211,2031,1.0,center,,collision,0,1,0,49,197.40233258402574,140.81260359775757,nan,-0.9981444715987209,24.420442308811033,10.539019554458463
H0,map-mixed-01,7027,H0_map-mixed-01_seed211,2032,1.0,center,,collision,0,1,0,49,196.18816192147324,142.35147517410692,nan,-0.7944871971206027,22.16458100343054,10.441633249734512
H0,map-mixed-01,7027,H0_map-mixed-01_seed211,2033,1.0,center,,collision,0,1,0,47,196.32168649270528,141.32150721051713,nan,-0.5433183283896241,26.912247877070563,11.11594967690821
H0,map-mixed-01,7027,H0_map-mixed-01_seed211,2034,1.0,center,,collision,0,1,0,47,197.65108932989003,140.6601155149015,nan,-0.6987090104125642,23.180433863987897,11.123029347672619
H0,map-mixed-01,7027,H0_map-mixed-01_seed211,2035,1.0,center,,collision,0,1,0,48,197.13935633224392,140.6922066111813,nan,-0.631857304703864,23.467378329817624,10.795971561885013
H0,map-mixed-01,7027,H0_map-mixed-01_seed211,2036,1.0,center,,collision,0,1,0,47,195.95767789475224,141.98659460041742,nan,-0.33366638030405227,24.468520425325085,11.437054986176658
H0,map-mixed-01,7027,H0_map-mixed-01_seed211,2037,1.0,center,,collision,0,1,0,47,195.39691425909453,142.4961387717855,nan,-0.2641309336910851,25.405197584958817,11.213215332588648
H0,map-mixed-01,7027,H0_map-mixed-01_seed211,2038,1.0,center,,collision,0,1,0,48,198.42868646080865,139.24844700209007,nan,-1.2714729287805753,23.000292656232258,10.82221562898224
H0,map-mixed-01,7027,H0_map-mixed-01_seed211,2039,1.0,center,,collision,0,1,0,48,196.9772365781655,141.30136646545043,nan,-0.7955999932300557,23.951123741567866,10.902776847489472
H0,map-mixed-01,7027,H0_map-mixed-01_seed211,2040,1.0,center,,collision,0,1,0,47,199.6339379818981,137.830789706632,nan,-0.17016198095123514,28.996348214932596,11.134875350295248
H0,map-mixed-01,7027,H0_map-mixed-01_seed211,2041,1.0,center,,collision,0,1,0,48,198.9760824118939,138.79335408908054,nan,-1.0711998902845608,23.19200383231996,10.502080379369552
H0,map-mixed-01,7027,H0_map-mixed-01_seed211,2042,1.0,center,,collision,0,1,0,49,196.5342477845282,141.87755021185248,nan,-0.9562568922923163,23.998539216014812,10.497603945020826
H0,map-mixed-01,7027,H0_map-mixed-01_seed211,2043,1.0,center,,collision,0,1,0,47,198.87127622723295,139.0095873627193,nan,-1.0103516327396562,22.733299070679998,11.055723535093497
H0,map-mixed-01,7027,H0_map-mixed-01_seed211,2044,1.0,center,,collision,0,1,0,49,199.92596792143334,137.82241491161497,nan,-0.20705102015364218,25.619204907921013,10.284106507416825
H0,map-mixed-01,7027,H0_map-mixed-01_seed211,2045,1.0,center,,collision,0,1,0,47,197.5010031950723,140.10027717401437,nan,-1.0647290130043956,24.14665274696036,11.116140138280302
H0,map-mixed-01,7027,H0_map-mixed-01_seed211,2046,1.0,center,,collision,0,1,0,48,195.44617905040315,142.2466123111313,nan,-0.2348485543085701,25.725587366120052,10.850348060994518
H0,map-mixed-01,7027,H0_map-mixed-01_seed211,2047,1.0,center,,collision,0,1,0,48,199.2718747572159,139.01528022570412,nan,-0.6430996186387858,25.38164650896087,10.878104416922406
H0,map-mixed-01,7027,H0_map-mixed-01_seed211,2048,1.0,center,,collision,0,1,0,48,196.7427881780952,140.84487335377702,nan,-0.7888680438258788,22.346557491332966,10.67953373801132
H0,map-mixed-01,7027,H0_map-mixed-01_seed211,2049,1.0,center,,collision,0,1,0,48,197.1757833628064,140.5542698032926,nan,-0.6726241692490618,24.150944153315375,10.87002816921917
H0,map-mixed-01,7027,H0_map-mixed-01_seed211,2050,1.0,center,,collision,0,1,0,47,199.52174410409762,138.4878100679741,nan,-0.5409296032923692,21.94074255802264,11.050908878672633
H0,map-mixed-01,7027,H0_map-mixed-01_seed307,2001,1.0,center,,success,1,0,0,167,2.9844968632567723,438.9565596093207,0.7641079493685882,13.55679703780124,19.679023862024856,14.394081153699233
H0,map-mixed-01,7027,H0_map-mixed-01_seed307,2002,1.0,center,,success,1,0,0,169,2.9803135458415886,456.43207420045496,0.7348523812935716,17.829203179595133,17.303318635901395,14.990284027844485
H0,map-mixed-01,7027,H0_map-mixed-01_seed307,2003,1.0,center,,success,1,0,0,171,2.897079561700114,444.52212330384907,0.7545410656551325,13.262252294513598,17.256586851744668,14.460818888631666
H0,map-mixed-01,7027,H0_map-mixed-01_seed307,2004,1.0,center,,success,1,0,0,172,2.8882262153481344,459.8591914685559,0.7293758673254725,19.64013666997611,17.53541028729297,14.77157995325721
H0,map-mixed-01,7027,H0_map-mixed-01_seed307,2005,1.0,center,,success,1,0,0,169,2.973645521133712,462.60061676202326,0.7250535007339048,19.48518638709904,17.17572541127849,14.999115610555625
H0,map-mixed-01,7027,H0_map-mixed-01_seed307,2006,1.0,center,,success,1,0,0,166,2.857945319936872,461.5575296677616,0.7266920699276718,18.163345213527325,16.652081966123838,15.180663991654871
H0,map-mixed-01,7027,H0_map-mixed-01_seed307,2007,1.0,center,,success,1,0,0,171,2.9972163885384733,466.4691343272195,0.7190404936625119,20.256329342546767,17.731145350048585,15.155948472547982
H0,map-mixed-01,7027,H0_map-mixed-01_seed307,2008,1.0,center,,success,1,0,0,175,2.967756298132448,466.5230567808353,0.7189573843132443,19.342842337937327,17.514903682595754,14.860042998210046
H0,map-mixed-01,7027,H0_map-mixed-01_seed307,2009,1.0,center,,success,1,0,0,172,2.922552736960772,454.52219115692924,0.7379401999520064,14.574049515213241,18.596211286277143,14.794980201696335
H0,map-mixed-01,7027,H0_map-mixed-01_seed307,2010,1.0,center,,success,1,0,0,168,2.959160107959591,451.9382842466032,0.7421592910282184,14.380209551402299,20.089287994112187,15.051042017881654
H0,map-mixed-01,7027,H0_map-mixed-01_seed307,2011,1.0,center,,success,1,0,0,170,2.965004542027168,456.04903028785475,0.7354695972344466,17.73348261060674,16.84767723806711,14.646235294034586
H0,map-mixed-01,7027,H0_map-mixed-01_seed307,2012,1.0,center,,success,1,0,0,171,2.922059517345065,446.2258708912161,0.7516601311239011,14.551866744039417,18.205992916521716,14.625473201104674
H0,map-mixed-01,7027,H0_map-mixed-01_seed307,2013,1.0,center,,success,1,0,0,172,2.956865831651227,452.4340063444625,0.7413461232390267,14.394348665054912,18.521781928530658,14.69110935172605
H0,map-mixed-01,7027,H0_map-mixed-01_seed307,2014,1.0,center,,success,1,0,0,175,2.9577251508000373,468.82135330215556,0.7154328493412212,19.947600374123507,16.84280335624002,15.124393292348099
H0,map-mixed-01,7027,H0_map-mixed-01_seed307,2015,1.0,center,,success,1,0,0,167,2.9915941458547715,441.68065113517514,0.75939526842057,15.019159356949425,17.702232864014466,14.194787469961131
H0,map-mixed-01,7027,H0_map-mixed-01_seed307,2016,1.0,center,,success,1,0,0,163,2.96746254744585,458.4236024013036,0.7316599644259824,17.37287769882745,19.36958988990501,15.54417618728272
H0,map-mixed-01,7027,H0_map-mixed-01_seed307,2017,1.0,center,,success,1,0,0,167,2.972564544670532,461.69012862595287,0.7264833615204008,18.295653150250995,16.96418640845986,15.476018980417333
H0,map-mixed-01,7027,H0_map-mixed-01_seed307,2018,1.0,center,,success,1,0,0,173,2.8093919566383114,463.5513173805779,0.7235664834700384,19.9569488530385,19.508155951605335,14.732906913385673
H0,map-mixed-01,7027,H0_map-mixed-01_seed307,2019,1.0,center,,success,1,0,0,172,2.907888750311171,457.77160369217853,0.7327020591048061,17.141984882932835,17.58653018488234,15.024325517611851
H0,map-mixed-01,7027,H0_map-mixed-01_seed307,2020,1.0,center,,success,1,0,0,172,2.973090763337692,451.96389197126894,0.7421172411850332,16.152456602408584,16.851352943543695,14.478662967348827
H0,map-mixed-01,7027,H0_map-mixed-01_seed307,2021,1.0,center,,success,1,0,0,162,2.970928651257176,449.9827079903667,0.7453846351628005,16.02698328310492,17.244606030894808,15.030431852086075
H0,map-mixed-01,7027,H0_map-mixed-01_seed307,2022,1.0,center,,success,1,0,0,170,2.986183152940349,446.5159929505511,0.751171742827391,15.624066009255241,17.654278569141194,14.656920201609779
H0,map-mixed-01,7027,H0_map-mixed-01_seed307,2023,1.0,center,,success,1,0,0,171,2.9941133955970973,463.81133905443596,0.7231608380009927,18.054351093687355,19.55950882227476,15.595041082958302
H0,map-mixed-01,7027,H0_map-mixed-01_seed307,2024,1.0,center,,success,1,0,0,174,2.962536312332473,465.22324878094986,0.7209661114397492,19.480683804856536,16.9979949896088,14.859192695855647
H0,map-mixed-01,7027,H0_map-mixed-01_seed307,2025,1.0,center,,success,1,0,0,160,2.9761156672412508,450.5336170509457,0.7444731845327333,15.96687315418935,17.48677645527418,15.454246056381667
H0,map-mixed-01,7027,H0_map-mixed-01_seed307,2026,1.0,center,,success,1,0,0,168,2.9499594168948966,450.32080569325353,0.7448250056059833,15.26219262662251,20.21528344110597,15.130098717945755
H0,map-mixed-01,7027,H0_map-mixed-01_seed307,2027,1.0,center,,success,1,0,0,170,2.9494454812125124,458.20455728962907,0.732009735147521,17.131125549119147,17.29896601935289,15.145948469481988
H0,map-mixed-01,7027,H0_map-mixed-01_seed307,2028,1.0,center,,success,1,0,0,179,2.9379784915465743,463.4630454706879,0.7237042950950482,19.10591691207456,20.526278085920207,14.537249203444466
H0,map-mixed-01,7027,H0_map-mixed-01_seed307,2029,1.0,center,,success,1,0,0,174,2.9554532223856427,469.54654763863886,0.7143278942455324,21.160920378743153,16.80160035526875,14.91058435902195
H0,map-mixed-01,7027,H0_map-mixed-01_seed307,2030,1.0,center,,success,1,0,0,171,2.8733444434113222,446.96138406256523,0.7504232101134224,15.912359406609989,17.119266000819707,14.17993247509933
H0,map-mixed-01,7027,H0_map-mixed-01_seed307,2031,1.0,center,,success,1,0,0,171,2.8449901533538564,443.23146893010573,0.7567382285256017,12.39979996278508,19.92620817972376,14.240412797660884
H0,map-mixed-01,7027,H0_map-mixed-01_seed307,2032,1.0,center,,success,1,0,0,174,2.9820558658968883,461.1924398345061,0.7272673349661299,19.278847085897535,17.993471940416104,14.643891862713167
H0,map-mixed-01,7027,H0_map-mixed-01_seed307,2033,1.0,center,,success,1,0,0,169,2.977820758295391,452.0656450589662,0.7419502019031295,15.18083426925647,19.580937046056402,14.977190852238074
H0,map-mixed-01,7027,H0_map-mixed-01_seed307,2034,1.0,center,,success,1,0,0,172,2.9670152178541795,451.2359734100524,0.7433143995374026,15.360443384537197,19.76910569423006,14.656943468513896
H0,map-mixed-01,7027,H0_map-mixed-01_seed307,2035,1.0,center,,success,1,0,0,169,2.966374706192857,443.92013853303195,0.7555642727391398,12.474567340796343,17.77293801571619,14.547481275376578
H0,map-mixed-01,7027,H0_map-mixed-01_seed307,2036,1.0,center,,success,1,0,0,161,2.8397309710233354,456.5029409986836,0.7347383039662294,16.70226337278184,16.866399352254597,15.653233550793209
H0,map-mixed-01,7027,H0_map-mixed-01_seed307,2037,1.0,center,,success,1,0,0,170,2.922469983732915,460.37030549213614,0.7285660969519195,18.495908647383104,17.712704541440967,15.060096966367619
H0,map-mixed-01,7027,H0_map-mixed-01_seed307,2038,1.0,center,,success,1,0,0,171,2.9769079439397865,455.13580720506843,0.7369453058081283,17.224722511089613,17.552002177378515,14.659658557845512
H0,map-mixed-01,7027,H0_map-mixed-01_seed307,2039,1.0,center,,success,1,0,0,173,2.9278567255631622,456.6079319771276,0.7345693605729343,17.99264765913258,16.961149864399147,14.634086749872202
H0,map-mixed-01,7027,H0_map-mixed-01_seed307,2040,1.0,center,,success,1,0,0,171,2.8572909224302907,460.3204429907214,0.7286450161669863,18.660061801310103,17.86299496417755,15.015040128782887
H0,map-mixed-01,7027,H0_map-mixed-01_seed307,2041,1.0,center,,success,1,0,0,171,2.863444859586171,462.2882453405074,0.7255434244881471,18.600555832294713,17.632019077531236,14.860845019154006
H0,map-mixed-01,7027,H0_map-mixed-01_seed307,2042,1.0,center,,success,1,0,0,172,2.9480271773853843,455.707437452695,0.7360208964326722,17.330440677661677,18.219511179425986,14.715153150598956
H0,map-mixed-01,7027,H0_map-mixed-01_seed307,2043,1.0,center,,success,1,0,0,174,2.999676290031358,459.4758248628111,0.7299844267652476,18.3687620932327,19.994498445229432,14.689947213384135
H0,map-mixed-01,7027,H0_map-mixed-01_seed307,2044,1.0,center,,success,1,0,0,166,2.9351071900696097,434.14471505384165,0.7725769426523403,14.178795327476392,17.808699768250985,13.9309736819061
H0,map-mixed-01,7027,H0_map-mixed-01_seed307,2045,1.0,center,,success,1,0,0,172,2.9999071192174425,469.68108639469824,0.7141232771359783,20.911551282973956,17.268800023402758,15.385715326667233
H0,map-mixed-01,7027,H0_map-mixed-01_seed307,2046,1.0,center,,success,1,0,0,167,2.9929824721662106,439.06614305107144,0.7639172410202308,11.95752610601535,17.782242851104744,14.571863729570538
H0,map-mixed-01,7027,H0_map-mixed-01_seed307,2047,1.0,center,,success,1,0,0,173,2.884806588977807,449.9839301354258,0.7453826107168415,15.49060727761774,19.50556129858823,14.445166326077395
H0,map-mixed-01,7027,H0_map-mixed-01_seed307,2048,1.0,center,,success,1,0,0,172,2.963037882207727,457.2249573121655,0.7335780588109295,18.267881954559943,17.010003874168316,14.69256129674589
H0,map-mixed-01,7027,H0_map-mixed-01_seed307,2049,1.0,center,,success,1,0,0,171,2.8821425359679647,446.4464490205464,0.7512887544761996,14.40418428067847,17.65721167294131,14.5876885035732
H0,map-mixed-01,7027,H0_map-mixed-01_seed307,2050,1.0,center,,success,1,0,0,171,2.9192686720556633,468.437891310955,0.7160185007372064,20.017966949005874,17.056200822705293,15.275052170707129
H0,map-mixed-01,7027,H0_map-mixed-01_seed401,2001,1.0,center,,success,1,0,0,95,2.1735641102089915,346.24985336275114,0.9686941189071742,2.612248151604256,37.857254525646745,14.504612989841945
H0,map-mixed-01,7027,H0_map-mixed-01_seed401,2002,1.0,center,,success,1,0,0,93,2.3427368590169766,347.8471583904921,0.9642459009207661,3.4820293238224806,31.98987823245594,15.729457023334923
H0,map-mixed-01,7027,H0_map-mixed-01_seed401,2003,1.0,center,,success,1,0,0,94,1.4266702233588906,348.2290027484252,0.9631885741213877,2.855136151399895,34.59875229032628,14.810893011634889
H0,map-mixed-01,7027,H0_map-mixed-01_seed401,2004,1.0,center,,success,1,0,0,94,2.6109684768398034,346.0595493132638,0.9692268203278066,3.659667057957961,31.624457754431997,14.148636632039258
H0,map-mixed-01,7027,H0_map-mixed-01_seed401,2005,1.0,center,,success,1,0,0,94,0.8128236862058655,348.20701855967485,0.9632493854154944,3.2228316266106436,34.54318973188323,15.144368823468358
H0,map-mixed-01,7027,H0_map-mixed-01_seed401,2006,1.0,center,,success,1,0,0,93,1.831948307969159,347.99874251838884,0.9638258868341884,3.5871728972953463,31.747233720997475,15.222576446150084
H0,map-mixed-01,7027,H0_map-mixed-01_seed401,2007,1.0,center,,success,1,0,0,94,1.3386532055463938,348.2906741585203,0.9630180234809003,3.146464282510721,35.68937578329478,15.001875508112345
H0,map-mixed-01,7027,H0_map-mixed-01_seed401,2008,1.0,center,,success,1,0,0,93,2.4461369809533093,347.567850258155,0.9650207761616719,3.3248022889705666,34.20734393596511,15.535545726601175
H0,map-mixed-01,7027,H0_map-mixed-01_seed401,2009,1.0,center,,success,1,0,0,93,2.7806738279702445,347.36303534936764,0.9655897792568017,2.9877142912626797,32.72608869948115,15.087323317736692
H0,map-mixed-01,7027,H0_map-mixed-01_seed401,2010,1.0,center,,success,1,0,0,93,1.8934307679221598,347.20091689261824,0.9660406419050547,3.0293524248146966,35.076809942780756,15.184498610849188
H0,map-mixed-01,7027,H0_map-mixed-01_seed401,2011,1.0,center,,success,1,0,0,94,1.3733915299264081,347.54754112332535,0.965077167690132,3.2636966511452026,33.507981955718826,14.721581124459389
H0,map-mixed-01,7027,H0_map-mixed-01_seed401,2012,1.0,center,,success,1,0,0,93,1.4998661550787404,347.6860280359188,0.9646927675515274,3.286776701585403,34.614704189249714,14.920498292939802
H0,map-mixed-01,7027,H0_map-mixed-01_seed401,2013,1.0,center,,success,1,0,0,94,1.475754416879427,348.0463049927784,0.96369417463555,2.747435283309944,34.31066280813489,14.595442842061741
H0,map-mixed-01,7027,H0_map-mixed-01_seed401,2014,1.0,center,,success,1,0,0,92,1.9267268937311068,347.92464770175025,0.9640311453659659,3.1667000195831605,35.31002302257858,15.864751727510985
H0,map-mixed-01,7027,H0_map-mixed-01_seed401,2015,1.0,center,,success,1,0,0,95,1.7988378581826945,347.52169264720374,0.9651489496095124,3.2298260026084473,36.16277347735294,14.14185765776196
H0,map-mixed-01,7027,H0_map-mixed-01_seed401,2016,1.0,center,,success,1,0,0,93,1.4559740524243612,348.33031334063656,0.9629084342624142,3.209199257370172,35.301553584775746,15.438292929210851
H0,map-mixed-01,7027,H0_map-mixed-01_seed401,2017,1.0,center,,success,1,0,0,93,1.7860648149893212,349.2255590063947,0.9604400020985485,3.2242037373184687,32.55737166020881,15.375964404446798
H0,map-mixed-01,7027,H0_map-mixed-01_seed401,2018,1.0,center,,success,1,0,0,95,2.1781186116752704,347.4206896799502,0.9654295400022204,3.1108289444249992,36.96617218308616,14.27292760649548
H0,map-mixed-01,7027,H0_map-mixed-01_seed401,2019,1.0,center,,success,1,0,0,93,1.3522229226034013,349.03105143979496,0.9609752348433217,3.3023042998662646,32.84542215299274,15.180893867940098
H0,map-mixed-01,7027,H0_map-mixed-01_seed401,2020,1.0,center,,success,1,0,0,94,2.6780209815971934,345.22838734215094,0.971560303042369,2.9701082455378693,36.5188630426707,14.326117460852874
H0,map-mixed-01,7027,H0_map-mixed-01_seed401,2021,1.0,center,,success,1,0,0,94,2.107024483403864,347.53465169437493,0.9651129606492627,3.555671524525227,34.782360751668755,15.190813302198698
H0,map-mixed-01,7027,H0_map-mixed-01_seed401,2022,1.0,center,,success,1,0,0,94,1.217218029352947,347.31538287293563,0.9657222604150458,3.418609337393989,33.2904549817166,14.222122187828136
H0,map-mixed-01,7027,H0_map-mixed-01_seed401,2023,1.0,center,,success,1,0,0,91,2.9255165978027247,346.801297693851,0.9671538107134238,2.7034438619996037,34.807513352062934,15.522139711771867
H0,map-mixed-01,7027,H0_map-mixed-01_seed401,2024,1.0,center,,success,1,0,0,94,1.6444980413029273,347.2737351757141,0.9658380771446972,3.32122836928244,32.551624875450074,14.875997279529566
H0,map-mixed-01,7027,H0_map-mixed-01_seed401,2025,1.0,center,,success,1,0,0,93,1.621176615086971,348.47282651044185,0.962514638469,3.269305113118614,32.62450963318262,15.899089459514219
H0,map-mixed-01,7027,H0_map-mixed-01_seed401,2026,1.0,center,,success,1,0,0,93,1.8840400897084568,348.36495493696276,0.9628126821357835,3.356725401855961,35.346324946307476,14.98002370124999
H0,map-mixed-01,7027,H0_map-mixed-01_seed401,2027,1.0,center,,success,1,0,0,92,2.036842486068073,347.50716226253695,0.9651893055705443,3.416235222902287,33.23269017209363,15.451969521928289
H0,map-mixed-01,7027,H0_map-mixed-01_seed401,2028,1.0,center,,success,1,0,0,95,2.1849480154792262,346.25368085077986,0.9686834109628297,2.897347205936797,37.565985569263496,13.820932494959237
H0,map-mixed-01,7027,H0_map-mixed-01_seed401,2029,1.0,center,,success,1,0,0,94,2.629657766911813,346.87311218124654,0.9669535771043317,2.9541915218985784,36.1244254806226,15.463017095888276
H0,map-mixed-01,7027,H0_map-mixed-01_seed401,2030,1.0,center,,success,1,0,0,95,1.7695313849762853,347.1607999227818,0.966152274967603,3.3203800338205838,33.07101720578281,14.210090496926547
H0,map-mixed-01,7027,H0_map-mixed-01_seed401,2031,1.0,center,,success,1,0,0,96,1.2762327530595947,347.56490925003186,0.9650289419283133,2.876168203891956,38.712800322003865,14.082069753601685
H0,map-mixed-01,7027,H0_map-mixed-01_seed401,2032,1.0,center,,success,1,0,0,95,1.7125245696679492,347.3626754835624,0.9655907796024575,2.8586410281108328,32.65357296658381,14.029757584260894
H0,map-mixed-01,7027,H0_map-mixed-01_seed401,2033,1.0,center,,success,1,0,0,92,2.412233070367614,347.98205232273307,0.9638721146281851,3.1935300563019804,35.55947204808818,16.20681027728309
H0,map-mixed-01,7027,H0_map-mixed-01_seed401,2034,1.0,center,,success,1,0,0,93,1.4384153648638134,349.00793220686245,0.9610388924517785,3.470636515142381,37.85012018348488,15.400463473239839
H0,map-mixed-01,7027,H0_map-mixed-01_seed401,2035,1.0,center,,success,1,0,0,94,2.3518134028003135,347.17033207295873,0.9661257476185527,2.846892440821403,34.36943605912285,14.536191058055454
H0,map-mixed-01,7027,H0_map-mixed-01_seed401,2036,1.0,center,,success,1,0,0,91,2.9536625884323464,346.24872462528816,0.9686972767566171,2.8735914387838544,33.78895221049087,15.505679517356647
H0,map-mixed-01,7027,H0_map-mixed-01_seed401,2037,1.0,center,,success,1,0,0,92,1.872679303185227,347.6879043777124,0.9646875614648763,3.090473970284451,32.73821738217335,15.538194396899568
H0,map-mixed-01,7027,H0_map-mixed-01_seed401,2038,1.0,center,,success,1,0,0,94,2.0100730873152592,346.38731872777856,0.9683096882901857,3.69956624858105,36.03979769315114,14.83590124817044
H0,map-mixed-01,7027,H0_map-mixed-01_seed401,2039,1.0,center,,success,1,0,0,94,1.638093828448242,346.9729543630808,0.9666753342221227,3.233092351372564,34.0122278098255,14.469339045080153
H0,map-mixed-01,7027,H0_map-mixed-01_seed401,2040,1.0,center,,success,1,0,0,93,2.8982523876394737,345.55176657502113,0.9706510834814359,3.2261513600237066,35.54729540968672,14.736229535291931
H0,map-mixed-01,7027,H0_map-mixed-01_seed401,2041,1.0,center,,success,1,0,0,95,1.563431711588183,346.5086068923121,0.9679707515294337,3.654263114332302,34.61319623427878,14.190708764062524
H0,map-mixed-01,7027,H0_map-mixed-01_seed401,2042,1.0,center,,success,1,0,0,95,0.7485255909606776,347.7067371769649,0.9646353112055516,3.0377286023535026,33.180252328527644,14.10294472091014
H0,map-mixed-01,7027,H0_map-mixed-01_seed401,2043,1.0,center,,success,1,0,0,93,2.6078308008601336,346.09634557944787,0.9691237740849641,3.522732371664638,39.08069088872254,14.967250399924605
H0,map-mixed-01,7027,H0_map-mixed-01_seed401,2044,1.0,center,,success,1,0,0,96,1.6460920334097884,345.93318733423666,0.969580858112058,3.057507241524142,32.02509735554112,13.278006165139182
H0,map-mixed-01,7027,H0_map-mixed-01_seed401,2045,1.0,center,,success,1,0,0,93,2.025933820975661,348.5716854849541,0.9622416581493859,3.2839206393853018,32.77940276295883,15.354466528826727
H0,map-mixed-01,7027,H0_map-mixed-01_seed401,2046,1.0,center,,success,1,0,0,93,2.7401964920740496,346.05565853312225,0.9692377175588508,2.7404788029006557,34.03962458012623,14.551423587635417
H0,map-mixed-01,7027,H0_map-mixed-01_seed401,2047,1.0,center,,success,1,0,0,95,1.5123714782621396,347.4097728700318,0.9654598771187923,3.051373163469897,38.1259941084508,14.62912346942202
H0,map-mixed-01,7027,H0_map-mixed-01_seed401,2048,1.0,center,,success,1,0,0,94,1.8056954806730545,347.54761082987034,0.9650769741276015,3.1609940768713285,32.2219131459203,14.584629137784505
H0,map-mixed-01,7027,H0_map-mixed-01_seed401,2049,1.0,center,,success,1,0,0,94,1.3675014631486375,346.71756908508104,0.9673873680818931,3.154367405209063,34.067372499139694,14.477720956562187
H0,map-mixed-01,7027,H0_map-mixed-01_seed401,2050,1.0,center,,success,1,0,0,93,2.021527081002656,347.6148642062981,0.9648902597729926,3.190182101279504,34.11673796993799,15.078007748149195
H0,map-mixed-01,7027,H0_map-mixed-01_seed503,2001,1.0,center,,success,1,0,0,118,2.910261988854377,387.82656173010093,0.8648458608113324,3.075401427493233,37.48752346918944,16.20226586741834
H0,map-mixed-01,7027,H0_map-mixed-01_seed503,2002,1.0,center,,success,1,0,0,117,2.3590480491591848,389.48463153986023,0.8611641370774915,2.5518848427487413,38.85083737502889,16.47981007801605
H0,map-mixed-01,7027,H0_map-mixed-01_seed503,2003,1.0,center,,success,1,0,0,118,2.8806728667260915,391.33939813868255,0.8570826198953423,2.347752758797211,41.47046761352741,16.764887748305163
H0,map-mixed-01,7027,H0_map-mixed-01_seed503,2004,1.0,center,,success,1,0,0,119,1.9967380764336964,390.2678928483783,0.8594357946716298,2.726107699113534,38.36773936898667,16.30523948289998
H0,map-mixed-01,7027,H0_map-mixed-01_seed503,2005,1.0,center,,success,1,0,0,116,2.313412490594528,387.3826320458264,0.865836950029526,2.8292782488851267,38.2588707017349,16.415087903453077
H0,map-mixed-01,7027,H0_map-mixed-01_seed503,2006,1.0,center,,success,1,0,0,117,2.3802540253361837,389.62929806100726,0.8608443931042647,2.2922227799429606,39.82371188430371,16.85595287106757
H0,map-mixed-01,7027,H0_map-mixed-01_seed503,2007,1.0,center,,success,1,0,0,117,2.789864612184504,387.03930738453346,0.8666049939256683,2.5074222193204183,40.23369693537203,16.25163154493326
H0,map-mixed-01,7027,H0_map-mixed-01_seed503,2008,1.0,center,,success,1,0,0,117,2.654724740620109,388.01183177605697,0.8644329094030107,2.3561748626203483,43.31248258831721,16.687565949004306
H0,map-mixed-01,7027,H0_map-mixed-01_seed503,2009,1.0,center,,success,1,0,0,119,2.267571526083705,393.1774485242607,0.8530758767673123,2.2755783941574173,43.22898070778099,16.686740482513283
H0,map-mixed-01,7027,H0_map-mixed-01_seed503,2010,1.0,center,,success,1,0,0,119,2.2994599840096086,391.4354306810503,0.8568723481198298,2.596329828420366,40.12946598076778,16.65618560275731
H0,map-mixed-01,7027,H0_map-mixed-01_seed503,2011,1.0,center,,success,1,0,0,118,2.639711838049767,388.77673796412125,0.8627321644329508,2.2961269805697087,38.15342433075133,16.326729907605646
H0,map-mixed-01,7027,H0_map-mixed-01_seed503,2012,1.0,center,,success,1,0,0,119,2.2361268555503053,392.085847011387,0.8554509151033638,2.322458525228143,41.235233624706844,16.585667288835758
H0,map-mixed-01,7027,H0_map-mixed-01_seed503,2013,1.0,center,,success,1,0,0,121,2.631290884354256,396.1404528287318,0.846695141154848,2.3582677171563704,42.17874343238146,16.495743301354715
H0,map-mixed-01,7027,H0_map-mixed-01_seed503,2014,1.0,center,,success,1,0,0,118,2.7968465597255556,391.1815197405553,0.8574285330437486,1.7255121413728407,43.18004278627039,17.08132139132939
H0,map-mixed-01,7027,H0_map-mixed-01_seed503,2015,1.0,center,,success,1,0,0,120,2.483935016584525,392.1761714919335,0.8552538909974733,2.7087209473673464,44.29334502318722,16.195470422611915
H0,map-mixed-01,7027,H0_map-mixed-01_seed503,2016,1.0,center,,success,1,0,0,117,2.767577010403504,387.393718610881,0.8658121712135256,2.2102332450362354,41.68965874100631,16.71482185265904
H0,map-mixed-01,7027,H0_map-mixed-01_seed503,2017,1.0,center,,success,1,0,0,118,2.055836837590786,390.50970954833684,0.8589036032238573,2.3541158197128853,36.92486693258472,16.48065929838303
H0,map-mixed-01,7027,H0_map-mixed-01_seed503,2018,1.0,center,,success,1,0,0,118,2.812548705558775,388.4677731859775,0.8634183316524229,2.8279500173256693,41.317492428372965,16.053302563696676
H0,map-mixed-01,7027,H0_map-mixed-01_seed503,2019,1.0,center,,success,1,0,0,120,2.5111528654262956,395.15989936630984,0.8487961383805448,2.4966040795188036,42.66129543264941,16.733104862469155
H0,map-mixed-01,7027,H0_map-mixed-01_seed503,2020,1.0,center,,success,1,0,0,119,1.9215017612408194,388.49526887555345,0.8633572233601905,2.7523132472733067,39.00616720949224,16.093637566791436
H0,map-mixed-01,7027,H0_map-mixed-01_seed503,2021,1.0,center,,success,1,0,0,118,2.769770218295072,390.11366571435246,0.8597755631318008,2.5399891084287916,36.60371548033641,16.25213538758428
H0,map-mixed-01,7027,H0_map-mixed-01_seed503,2022,1.0,center,,success,1,0,0,121,2.6101964296710896,393.93011693625346,0.8514459347093921,2.3385840602054246,39.941163202943905,16.444421480846284
H0,map-mixed-01,7027,H0_map-mixed-01_seed503,2023,1.0,center,,success,1,0,0,118,1.97369785439493,392.0903879525754,0.8554410078156199,1.8461817699006886,39.63063354118389,16.864111500307942
H0,map-mixed-01,7027,H0_map-mixed-01_seed503,2024,1.0,center,,success,1,0,0,117,2.1076036607999074,388.28634927420484,0.8638217574527823,2.2999554634502553,39.795125566851084,16.41917606981754
H0,map-mixed-01,7027,H0_map-mixed-01_seed503,2025,1.0,center,,success,1,0,0,118,2.439017896579028,391.25843431045575,0.8572599775800033,2.002736128137542,39.18162488308593,16.87353152828247
H0,map-mixed-01,7027,H0_map-mixed-01_seed503,2026,1.0,center,,success,1,0,0,120,2.4065411878194083,395.3544771310327,0.8483783946470984,2.019283901618323,41.83801411925427,16.989720385239114
H0,map-mixed-01,7027,H0_map-mixed-01_seed503,2027,1.0,center,,success,1,0,0,118,2.434730643966857,392.8779321515647,0.8537262319319419,2.5722536337628625,37.726307341820785,16.746327218472647
H0,map-mixed-01,7027,H0_map-mixed-01_seed503,2028,1.0,center,,success,1,0,0,121,1.9795824106208393,392.0193407933451,0.8555960426497977,2.768693095614445,36.48488995381407,15.996318098785377
H0,map-mixed-01,7027,H0_map-mixed-01_seed503,2029,1.0,center,,success,1,0,0,117,2.427615169471456,388.4318841915027,0.8634981068124836,2.9059047593036595,40.42275654980566,16.652857132220838
H0,map-mixed-01,7027,H0_map-mixed-01_seed503,2030,1.0,center,,success,1,0,0,119,2.0432031957501335,390.18077536484844,0.8596276849143443,2.469377391428342,37.75982834156822,16.129858767079043
H0,map-mixed-01,7027,H0_map-mixed-01_seed503,2031,1.0,center,,success,1,0,0,120,2.3982331201983937,391.22539201215386,0.8573323804466878,2.820231347853261,37.59726739830507,15.933946528216385
H0,map-mixed-01,7027,H0_map-mixed-01_seed503,2032,1.0,center,,success,1,0,0,118,2.973093712736511,389.52176304535607,0.8610820458468534,3.0293628962879353,41.23222532786851,16.40471981177948
H0,map-mixed-01,7027,H0_map-mixed-01_seed503,2033,1.0,center,,success,1,0,0,118,2.7575698386562175,391.8895069483099,0.8558795034775172,1.8420636332899596,38.40470901529042,16.69309583955854
H0,map-mixed-01,7027,H0_map-mixed-01_seed503,2034,1.0,center,,success,1,0,0,117,2.89539176278051,389.01415151891416,0.8622056429447416,2.2290870235798295,40.80305545032299,16.66569953745167
H0,map-mixed-01,7027,H0_map-mixed-01_seed503,2035,1.0,center,,success,1,0,0,120,2.7008237728412205,392.48706753593785,0.8545764290545875,2.0519079260551263,39.908521664757146,16.367562361005525
H0,map-mixed-01,7027,H0_map-mixed-01_seed503,2036,1.0,center,,success,1,0,0,118,2.208637397668967,391.69332700803926,0.8563081714641628,1.7423457855872968,41.292645503710645,16.7356038095176
H0,map-mixed-01,7027,H0_map-mixed-01_seed503,2037,1.0,center,,success,1,0,0,116,2.73569699366915,388.7892164848903,0.8627044743099342,1.8257967869510963,39.63289535645832,16.74022169970755
H0,map-mixed-01,7027,H0_map-mixed-01_seed503,2038,1.0,center,,success,1,0,0,117,1.9317851258470051,385.9886491654217,0.8689638862442896,2.488980005813005,40.23723210791657,16.166950858707487
H0,map-mixed-01,7027,H0_map-mixed-01_seed503,2039,1.0,center,,success,1,0,0,117,2.694897687788035,387.53028387288657,0.8655070599204734,2.148433150052231,40.332171166558936,16.26440902054982
H0,map-mixed-01,7027,H0_map-mixed-01_seed503,2040,1.0,center,,success,1,0,0,116,2.9083247716748915,387.64373561604395,0.8652537518552548,2.20447165396061,41.40296026638736,16.536156427509486
H0,map-mixed-01,7027,H0_map-mixed-01_seed503,2041,1.0,center,,success,1,0,0,117,2.15692249634111,386.6467916426328,0.8674847532033294,2.5294979633585912,37.4609469240672,16.14936122039933
H0,map-mixed-01,7027,H0_map-mixed-01_seed503,2042,1.0,center,,success,1,0,0,118,2.938253260566212,389.4213276384498,0.8613041269695767,3.125665060816793,40.772778648448906,16.311705579344657
H0,map-mixed-01,7027,H0_map-mixed-01_seed503,2043,1.0,center,,success,1,0,0,116,2.9483128662521225,384.9054306796018,0.871409364198258,2.32506243619725,40.47932403360403,16.48017152202103
H0,map-mixed-01,7027,H0_map-mixed-01_seed503,2044,1.0,center,,success,1,0,0,121,1.9818381731824743,390.84996115912986,0.8581558908954586,3.3337863906968446,42.124877141536565,15.986286167999571
H0,map-mixed-01,7027,H0_map-mixed-01_seed503,2045,1.0,center,,success,1,0,0,117,2.853149987767205,389.0293226755576,0.8621720191120237,2.439574114225451,38.69823338822139,16.543178513682726
H0,map-mixed-01,7027,H0_map-mixed-01_seed503,2046,1.0,center,,success,1,0,0,118,2.7720663752514176,392.53888477987977,0.8544636203698729,2.2040518766930135,41.68884842723305,16.82823404174588
H0,map-mixed-01,7027,H0_map-mixed-01_seed503,2047,1.0,center,,success,1,0,0,119,2.26650141635312,389.81781406286524,0.8604280885195191,2.3607370735868685,39.80478526033274,16.240891823525974
H0,map-mixed-01,7027,H0_map-mixed-01_seed503,2048,1.0,center,,success,1,0,0,118,2.030594394440714,388.44728357560825,0.8634638747825958,2.2151747335637517,39.39345892809268,16.276018960683412
H0,map-mixed-01,7027,H0_map-mixed-01_seed503,2049,1.0,center,,success,1,0,0,120,2.219746769621402,394.0306571075115,0.8512286812583002,1.9423091038890958,39.20361535741396,16.357636045491084
H0,map-mixed-01,7027,H0_map-mixed-01_seed503,2050,1.0,center,,success,1,0,0,118,2.000482303531012,389.6309653443587,0.860840709435223,2.505120953039729,39.83937300638266,16.454062355974216
