config,map_id,map_seed,unit,eval_seed,wind_scale,apf_basis,apf_d0,status,success,collision,timeout,steps,final_dist_m,path_length_m,path_efficiency,min_obstacle_distance_m,jitter_index,acceleration_index
H2,map-random-01,7001,H2_center_d04_map-random-01,2001,1.0,center,4.0,collision,0,1,0,271,279.96528734265985,63.96293178326026,nan,-0.04630588209187181,3.486090044399718,0.4247664983546447
H2,map-random-01,7001,H2_center_d04_map-random-01,2002,1.0,center,4.0,success,1,0,0,1016,2.9143220090474777,382.65648661429157,0.8765308007519909,9.06359732060259,1.6429953387472267,0.3372677206693353
H2,map-random-01,7001,H2_center_d04_map-random-01,2003,1.0,center,4.0,collision,0,1,0,163,283.54439097551864,55.29970635568114,nan,-0.10587963294728553,1.6797224564397808,0.4599783420964806
H2,map-random-01,7001,H2_center_d04_map-random-01,2004,1.0,center,4.0,collision,0,1,0,1225,95.50172489473253,258.4971023571343,nan,-0.1919444135103987,1.707368392871345,0.3389525302287561
H2,map-random-01,7001,H2_center_d04_map-random-01,2005,1.0,center,4.0,timeout,0,0,1,1507,18.02281260790525,363.7949044919141,nan,7.646719277394081,1.7114663983433118,0.32390657380489346
H2,map-random-01,7001,H2_center_d04_map-random-01,2006,1.0,center,4.0,success,1,0,0,1056,2.924189448459213,380.1028682855482,0.8824195358952018,6.424896468994512,1.653742439635601,0.34518154465444767
H2,map-random-01,7001,H2_center_d04_map-random-01,2007,1.0,center,4.0,success,1,0,0,1274,2.979764055175503,367.13667452595877,0.9135840135231518,1.8688633370139274,1.8346797410496054,0.3579796049686905
H2,map-random-01,7001,H2_center_d04_map-random-01,2008,1.0,center,4.0,success,1,0,0,1023,2.901226697167456,390.91754315284754,0.8580075325343589,9.881966916628908,1.768240549055232,0.37605003401190845
H2,map-random-01,7001,H2_center_d04_map-random-01,2009,1.0,center,4.0,collision,0,1,0,136,286.6208999488718,50.781570238364125,nan,-0.0789467574893834,2.736032968896502,0.5537857671240385
H2,map-random-01,7001,H2_center_d04_map-random-01,2010,1.0,center,4.0,collision,0,1,0,132,285.05365718768394,52.58167240453742,nan,-0.274655583815381,4.385729409215895,0.6254511499391745
H2,map-random-01,7001,H2_center_d04_map-random-01,2011,1.0,center,4.0,success,1,0,0,1395,2.934947281510389,373.029042039421,0.8991530385709834,4.858774436930395,1.7837984818517754,0.3646988085873485
H2,map-random-01,7001,H2_center_d04_map-random-01,2012,1.0,center,4.0,collision,0,1,0,134,285.2803739584854,51.998956862846555,nan,-0.0048135158426987346,1.8110994957118847,0.5005704028961884
H2,map-random-01,7001,H2_center_d04_map-random-01,2013,1.0,center,4.0,collision,0,1,0,155,279.0890756683023,64.29767314569963,nan,-0.07794164838818318,2.0285942518280358,0.5544087490287318
H2,map-random-01,7001,H2_center_d04_map-random-01,2014,1.0,center,4.0,success,1,0,0,919,2.9690950997199916,382.7819763452344,0.8762434423570119,4.547706884259793,1.767642360237827,0.3761810538841963
H2,map-random-01,7001,H2_center_d04_map-random-01,2015,1.0,center,4.0,collision,0,1,0,283,286.3674973537599,51.90932229671809,nan,-0.0499132648891063,1.8577800313621513,0.38378931765977514
H2,map-random-01,7001,H2_center_d04_map-random-01,2016,1.0,center,4.0,collision,0,1,0,572,82.07937413628551,274.0704938376871,nan,-0.07986367849724729,2.245354511067874,0.40578409232886964
H2,map-random-01,7001,H2_center_d04_map-random-01,2017,1.0,center,4.0,collision,0,1,0,495,85.33514751006429,267.3708012948548,nan,-0.08578766549162253,1.6828617712948297,0.40088888641231857
H2,map-random-01,7001,H2_center_d04_map-random-01,2018,1.0,center,4.0,collision,0,1,0,253,284.4066983346447,55.15972203063424,nan,-0.13070029320950738,3.339581480780524,0.4340460926666826
H2,map-random-01,7001,H2_center_d04_map-random-01,2019,1.0,center,4.0,collision,0,1,0,125,282.6661084636413,53.1833486198168,nan,-0.12511664788746302,1.5957798346628207,0.5604782755871999
H2,map-random-01,7001,H2_center_d04_map-random-01,2020,1.0,center,4.0,collision,0,1,0,306,279.37784114181136,64.0236147897198,nan,-0.004990340591689346,1.7025135538320473,0.3251531535004081
H2,map-random-01,7001,H2_center_d04_map-random-01,2021,1.0,center,4.0,success,1,0,0,1416,2.9947136715329155,380.21100622583504,0.8821685620161767,13.64111491528911,1.6281736230524544,0.35284148597545306
H2,map-random-01,7001,H2_center_d04_map-random-01,2022,1.0,center,4.0,collision,0,1,0,164,278.50482265058696,65.39811856882437,nan,-0.3136757333539464,1.584537099222927,0.447871013323022
H2,map-random-01,7001,H2_center_d04_map-random-01,2023,1.0,center,4.0,collision,0,1,0,280,178.3876182338995,157.2695911325043,nan,-0.3369307954968406,3.0891620681797747,0.529284771530076
H2,map-random-01,7001,H2_center_d04_map-random-01,2024,1.0,center,4.0,collision,0,1,0,1196,82.67041447784598,292.30562003302214,nan,-0.10383366571859654,1.62692331991083,0.3552049966080317
H2,map-random-01,7001,H2_center_d04_map-random-01,2025,1.0,center,4.0,collision,0,1,0,377,148.40706774133176,188.91319608363997,nan,-0.1106359040263385,1.6160978921935654,0.39117867562604025
H2,map-random-01,7001,H2_center_d04_map-random-01,2026,1.0,center,4.0,collision,0,1,0,131,283.66914563891305,55.57897727897429,nan,-0.007302782535212771,4.221896090080862,0.7449188121657769
H2,map-random-01,7001,H2_center_d04_map-random-01,2027,1.0,center,4.0,collision,0,1,0,347,146.46478924429812,190.81471312639775,nan,-0.03937987274213128,1.7399126303130337,0.4288388662074281
H2,map-random-01,7001,H2_center_d04_map-random-01,2028,1.0,center,4.0,collision,0,1,0,488,221.73045437671735,145.3635326487198,nan,-0.21283157429846256,2.473596962586641,0.4013334312225628
H2,map-random-01,7001,H2_center_d04_map-random-01,2029,1.0,center,4.0,success,1,0,0,1332,2.862481268525986,396.4849280053004,0.845959513044805,24.78487839043964,1.6746908541531456,0.361164528756391
H2,map-random-01,7001,H2_center_d04_map-random-01,2030,1.0,center,4.0,collision,0,1,0,517,221.3773735573089,148.5286514063999,nan,-0.13908278144903363,1.6707483311641267,0.4010726219874422
H2,map-random-01,7001,H2_center_d04_map-random-01,2031,1.0,center,4.0,collision,0,1,0,473,204.67935541941023,153.2714043438237,nan,-0.15871071544034976,2.382509193242364,0.38502299804519446
H2,map-random-01,7001,H2_center_d04_map-random-01,2032,1.0,center,4.0,collision,0,1,0,264,284.9881941576,53.591948864315,nan,-0.030684126035104953,1.6745178214040335,0.3246018681018436
H2,map-random-01,7001,H2_center_d04_map-random-01,2033,1.0,center,4.0,collision,0,1,0,309,178.13183940037896,157.7875943731201,nan,-0.10591055713530295,2.987609211562888,0.48100475953922106
H2,map-random-01,7001,H2_center_d04_map-random-01,2034,1.0,center,4.0,collision,0,1,0,463,80.89091631522133,257.9147510053294,nan,-0.008823722645644239,2.7253149757724215,0.46118459680793766
H2,map-random-01,7001,H2_center_d04_map-random-01,2035,1.0,center,4.0,collision,0,1,0,140,285.89955619877526,51.201928366998445,nan,-0.30101217531900915,1.9708884815704024,0.5315202577534222
H2,map-random-01,7001,H2_center_d04_map-random-01,2036,1.0,center,4.0,collision,0,1,0,364,148.90443928998704,192.68388881703953,nan,-0.15003132430551602,1.6491382254303584,0.41610259901993984
H2,map-random-01,7001,H2_center_d04_map-random-01,2037,1.0,center,4.0,collision,0,1,0,579,88.06662662986304,262.539607720371,nan,-0.004140716005409217,1.7090769755116981,0.360557041609242
H2,map-random-01,7001,H2_center_d04_map-random-01,2038,1.0,center,4.0,collision,0,1,0,1311,96.48091807777064,260.9622463687033,nan,-0.04072599481986572,1.6512283072651726,0.34957336827965935
H2,map-random-01,7001,H2_center_d04_map-random-01,2039,1.0,center,4.0,collision,0,1,0,860,148.68955984441317,192.58664307288498,nan,-0.02361147119958673,1.657753571167161,0.3273471282253891
H2,map-random-01,7001,H2_center_d04_map-random-01,2040,1.0,center,4.0,collision,0,1,0,1347,87.22903296280619,281.6809667395951,nan,-0.06995166325397406,1.7218173238801155,0.34529864860636567
H2,map-random-01,7001,H2_center_d04_map-random-01,2041,1.0,center,4.0,timeout,0,0,1,1507,75.52999298139386,269.2143925674527,nan,0.6763811037999735,1.6999907034758954,0.3484892598132988
H2,map-random-01,7001,H2_center_d04_map-random-01,2042,1.0,center,4.0,collision,0,1,0,226,287.9005581281932,48.721330487702616,nan,-0.0073615452878499354,1.6839681946034608,0.3591845540987399
H2,map-random-01,7001,H2_center_d04_map-random-01,2043,1.0,center,4.0,success,1,0,0,1214,2.895255982218135,399.3527262247626,0.8398845797191173,25.792870637466162,2.035961969874048,0.39564308549657373
H2,map-random-01,7001,H2_center_d04_map-random-01,2044,1.0,center,4.0,collision,0,1,0,618,206.84274027816411,152.72817244205157,nan,-0.009893202306514581,1.7968298916034227,0.33454366081499903
H2,map-random-01,7001,H2_center_d04_map-random-01,2045,1.0,center,4.0,success,1,0,0,861,2.893673402757592,382.3597431918114,0.8772110626110275,5.006152388813428,1.5836286963592194,0.3818357844934163
H2,map-random-01,7001,H2_center_d04_map-random-01,2046,1.0,center,4.0,collision,0,1,0,165,282.18175060264264,58.554592326242215,nan,-0.1756677259030326,1.6450659430063017,0.4673303357405311
H2,map-random-01,7001,H2_center_d04_map-random-01,2047,1.0,center,4.0,collision,0,1,0,253,284.0269945322979,55.71144324486721,nan,-0.1916358367091462,3.1162189800280595,0.5135843706927354
H2,map-random-01,7001,H2_center_d04_map-random-01,2048,1.0,center,4.0,success,1,0,0,1170,2.9630967251975906,369.2691768667792,0.9083081330288609,4.711466108533487,1.6199823095866868,0.3272761519616717
H2,map-random-01,7001,H2_center_d04_map-random-01,2049,1.0,center,4.0,collision,0,1,0,192,279.019979134649,64.72704782877423,nan,-0.04254381092269455,1.6370015033182272,0.462891203784895
H2,map-random-01,7001,H2_center_d04_map-random-01,2050,1.0,center,4.0,success,1,0,0,1207,2.9212531274830416,383.6411206892898,0.8742811407242671,15.718548745028869,1.6716492616574379,0.3449915215785326
H2,map-corridor-01,7013,H2_center_d04_map-corridor-01,2001,1.0,center,4.0,collision,0,1,0,341,268.09347877947795,78.66922520469888,nan,-0.0424937871726101,3.0692049266501047,0.418044746296123
H2,map-corridor-01,7013,H2_center_d04_map-corridor-01,2002,1.0,center,4.0,collision,0,1,0,273,231.85969837121002,112.17501828432705,nan,-0.06637947771652364,1.7151333485179525,0.368057678949781
H2,map-corridor-01,7013,H2_center_d04_map-corridor-01,2003,1.0,center,4.0,collision,0,1,0,193,273.548129332562,65.73720942569966,nan,-0.016509579793833495,1.6892467383163927,0.43122592263630605
H2,map-corridor-01,7013,H2_center_d04_map-corridor-01,2004,1.0,center,4.0,collision,0,1,0,255,287.5548326500364,50.11901892403751,nan,-0.048573830391205775,1.9231034438091243,0.39384200664726654
H2,map-corridor-01,7013,H2_center_d04_map-corridor-01,2005,1.0,center,4.0,collision,0,1,0,702,188.094425852318,182.88450960712456,nan,-0.008409208185256034,1.7247756925604536,0.3395144909045975
H2,map-corridor-01,7013,H2_center_d04_map-corridor-01,2006,1.0,center,4.0,collision,0,1,0,137,289.11908445566763,48.448792346492134,nan,-0.3746426845436446,1.7277605256044266,0.5196961440253381
H2,map-corridor-01,7013,H2_center_d04_map-corridor-01,2007,1.0,center,4.0,collision,0,1,0,506,180.27838736804432,178.2979953898583,nan,-0.13529712430394625,2.0845496480589727,0.38316886630871766
H2,map-corridor-01,7013,H2_center_d04_map-corridor-01,2008,1.0,center,4.0,collision,0,1,0,264,233.0625519043244,112.64884143645054,nan,-0.01912062365315137,1.9767005144724754,0.4426489176513383
H2,map-corridor-01,7013,H2_center_d04_map-corridor-01,2009,1.0,center,4.0,collision,0,1,0,157,275.569017955978,62.589507950701325,nan,-0.3357383990618601,2.5648285169944813,0.5251896883175978
H2,map-corridor-01,7013,H2_center_d04_map-corridor-01,2010,1.0,center,4.0,collision,0,1,0,154,274.89796372910905,63.338697193992175,nan,-0.03109873982695177,4.011313296903853,0.5813758640050205
H2,map-corridor-01,7013,H2_center_d04_map-corridor-01,2011,1.0,center,4.0,collision,0,1,0,592,176.14560959422607,179.45140380707505,nan,-0.03923308941742221,1.993322960140094,0.3807591924005795
H2,map-corridor-01,7013,H2_center_d04_map-corridor-01,2012,1.0,center,4.0,collision,0,1,0,155,275.31302192513897,62.14640133855791,nan,-0.22959084292560306,1.7606589993000243,0.45872791864145923
H2,map-corridor-01,7013,H2_center_d04_map-corridor-01,2013,1.0,center,4.0,collision,0,1,0,180,267.66509272444137,77.82858214033438,nan,-0.1896013724674006,1.9520767148848026,0.517062070028264
H2,map-corridor-01,7013,H2_center_d04_map-corridor-01,2014,1.0,center,4.0,collision,0,1,0,117,285.79908117787807,49.81372419615277,nan,-0.26803816102263767,2.460343718075942,0.6425688891753109
H2,map-corridor-01,7013,H2_center_d04_map-corridor-01,2015,1.0,center,4.0,collision,0,1,0,336,276.19177974614075,62.42528553210789,nan,-0.13678784490271312,1.8536585211051653,0.37636572911496785
H2,map-corridor-01,7013,H2_center_d04_map-corridor-01,2016,1.0,center,4.0,collision,0,1,0,126,289.64485450592974,47.9921073971243,nan,-0.045969014725464774,4.331410645568259,0.7383503794036642
H2,map-corridor-01,7013,H2_center_d04_map-corridor-01,2017,1.0,center,4.0,collision,0,1,0,121,286.72437096781374,49.99190863273419,nan,-0.4031762422491241,1.6110581503820012,0.5927325800171837
H2,map-corridor-01,7013,H2_center_d04_map-corridor-01,2018,1.0,center,4.0,collision,0,1,0,299,273.1858225538462,67.86576886587059,nan,-0.03115993973853648,3.0567079780842747,0.4076202728504684
H2,map-corridor-01,7013,H2_center_d04_map-corridor-01,2019,1.0,center,4.0,collision,0,1,0,128,280.666294767701,55.18745956575093,nan,-0.4304729922235637,1.6078086713261868,0.5525945135012904
H2,map-corridor-01,7013,H2_center_d04_map-corridor-01,2020,1.0,center,4.0,collision,0,1,0,357,268.9813931095631,75.3162780188701,nan,-0.081287630848486,1.6839993581247554,0.32767242022440396
H2,map-corridor-01,7013,H2_center_d04_map-corridor-01,2021,1.0,center,4.0,collision,0,1,0,540,181.17032539640599,179.55685741782753,nan,-0.03170996802202808,1.6322466031379343,0.3738018877853087
H2,map-corridor-01,7013,H2_center_d04_map-corridor-01,2022,1.0,center,4.0,collision,0,1,0,188,268.2559541533095,76.54989225130882,nan,-0.2770728676627314,1.582513908940516,0.4143391754746907
H2,map-corridor-01,7013,H2_center_d04_map-corridor-01,2023,1.0,center,4.0,collision,0,1,0,110,283.90749500590357,51.6467385659043,nan,-0.041022078415323904,5.2285371876665225,0.8993220249198446
H2,map-corridor-01,7013,H2_center_d04_map-corridor-01,2024,1.0,center,4.0,collision,0,1,0,444,235.97855078662073,115.84714171135228,nan,-0.0890590731032983,1.694308655819277,0.38570151634772765
H2,map-corridor-01,7013,H2_center_d04_map-corridor-01,2025,1.0,center,4.0,collision,0,1,0,129,284.63146873036425,50.76155353359118,nan,-0.4915073941164394,1.7812354823558094,0.48820761179441746
H2,map-corridor-01,7013,H2_center_d04_map-corridor-01,2026,1.0,center,4.0,collision,0,1,0,150,273.35432135008614,66.4226586422858,nan,-0.08218989263111354,3.921251788785995,0.6844916372005206
H2,map-corridor-01,7013,H2_center_d04_map-corridor-01,2027,1.0,center,4.0,collision,0,1,0,128,283.21601210687686,52.35134365840578,nan,-0.05209240441534746,1.725186971902882,0.57332026639221
H2,map-corridor-01,7013,H2_center_d04_map-corridor-01,2028,1.0,center,4.0,collision,0,1,0,623,189.06002023307593,182.87380898437326,nan,-0.21648739478948187,2.291129573677299,0.3806647179743344
H2,map-corridor-01,7013,H2_center_d04_map-corridor-01,2029,1.0,center,4.0,collision,0,1,0,476,188.58313694321873,177.57450579300638,nan,-0.05570082043249158,1.65179758551825,0.4106342645315186
H2,map-corridor-01,7013,H2_center_d04_map-corridor-01,2030,1.0,center,4.0,timeout,0,0,1,1507,16.215252235211537,381.3329762195595,nan,1.4682122493209158,1.690079800889508,0.3685738887470007
H2,map-corridor-01,7013,H2_center_d04_map-corridor-01,2031,1.0,center,4.0,collision,0,1,0,270,264.15177942767184,88.20053278667743,nan,-0.18604227977734666,2.96745252293941,0.456850752440879
H2,map-corridor-01,7013,H2_center_d04_map-corridor-01,2032,1.0,center,4.0,collision,0,1,0,308,275.60682327002,63.10061117447429,nan,-0.21577869492036683,1.6847460434995485,0.3331450122655011
H2,map-corridor-01,7013,H2_center_d04_map-corridor-01,2033,1.0,center,4.0,collision,0,1,0,129,282.50895481248085,53.252513530902064,nan,-0.0883592139424394,4.858771601901231,0.7543928029808209
H2,map-corridor-01,7013,H2_center_d04_map-corridor-01,2034,1.0,center,4.0,collision,0,1,0,128,284.39076280833893,52.02510098439201,nan,-0.4029571506629992,5.4961448114913365,0.7625577079038517
H2,map-corridor-01,7013,H2_center_d04_map-corridor-01,2035,1.0,center,4.0,collision,0,1,0,158,276.0172628078843,61.37282876781408,nan,-0.20319331270160745,1.9736286883001832,0.5124766286114558
H2,map-corridor-01,7013,H2_center_d04_map-corridor-01,2036,1.0,center,4.0,collision,0,1,0,119,285.66678025181903,50.089589867038114,nan,-0.007264786678575774,1.7032451778481799,0.5745154900671723
H2,map-corridor-01,7013,H2_center_d04_map-corridor-01,2037,1.0,center,4.0,collision,0,1,0,133,289.22979939908663,48.2560389461253,nan,-0.3380287320164044,2.1831471144502594,0.5030746167330953
H2,map-corridor-01,7013,H2_center_d04_map-corridor-01,2038,1.0,center,4.0,collision,0,1,0,501,234.52211083113932,112.54865511861306,nan,-0.055246666446748804,1.6231070706644233,0.34300713549394285
H2,map-corridor-01,7013,H2_center_d04_map-corridor-01,2039,1.0,center,4.0,collision,0,1,0,242,289.80897147969546,48.34621795750466,nan,-0.159486586611294,1.6767983357309553,0.33713065032151646
H2,map-corridor-01,7013,H2_center_d04_map-corridor-01,2040,1.0,center,4.0,collision,0,1,0,192,289.42849735257255,47.990721128148046,nan,-0.183867972935019,1.9488714863013785,0.47520944944067395
H2,map-corridor-01,7013,H2_center_d04_map-corridor-01,2041,1.0,center,4.0,collision,0,1,0,327,284.72838747464215,51.795868450447415,nan,-0.031134652036989507,1.6870655677692048,0.3329868991706964
H2,map-corridor-01,7013,H2_center_d04_map-corridor-01,2042,1.0,center,4.0,collision,0,1,0,284,278.01349553160827,58.79885857969696,nan,-0.11620556802539284,1.6539645547197848,0.3366659761295549
H2,map-corridor-01,7013,H2_center_d04_map-corridor-01,2043,1.0,center,4.0,collision,0,1,0,314,228.67698843772916,121.54329123327376,nan,-0.12923620523164736,3.0893202578076875,0.4912671284691829
H2,map-corridor-01,7013,H2_center_d04_map-corridor-01,2044,1.0,center,4.0,collision,0,1,0,374,266.5985309171851,84.19532484702259,nan,-0.049584307362366076,1.8962286460303328,0.33746087827388016
H2,map-corridor-01,7013,H2_center_d04_map-corridor-01,2045,1.0,center,4.0,collision,0,1,0,234,229.2539319295516,113.31760690576259,nan,-0.27369958551926743,1.5647875557091093,0.4464066715963916
H2,map-corridor-01,7013,H2_center_d04_map-corridor-01,2046,1.0,center,4.0,collision,0,1,0,192,272.47351435689205,68.56612430494465,nan,-0.09529263975638003,1.662616616837741,0.4420419664704665
H2,map-corridor-01,7013,H2_center_d04_map-corridor-01,2047,1.0,center,4.0,collision,0,1,0,292,274.1070505757654,66.03844791536447,nan,-0.07262463805439978,2.936919238246818,0.48788062256156217
H2,map-corridor-01,7013,H2_center_d04_map-corridor-01,2048,1.0,center,4.0,collision,0,1,0,172,289.03769361670453,48.346641019178925,nan,-0.2038638225287812,1.6189436632595908,0.434654454272465
H2,map-corridor-01,7013,H2_center_d04_map-corridor-01,2049,1.0,center,4.0,collision,0,1,0,221,268.6537901057028,75.92463717227106,nan,-0.15301308904892608,1.624012748397062,0.4325326232450865
H2,map-corridor-01,7013,H2_center_d04_map-corridor-01,2050,1.0,center,4.0,collision,0,1,0,296,228.84536330242517,113.8158293067964,nan,-0.23566735710458886,1.6466662573974447,0.3678679824531215
H2,map-barrier-01,7019,H2_center_d04_map-barrier-01,2001,1.0,center,4.0,collision,0,1,0,767,169.37034497462716,191.38373571023158,nan,-0.013458662247558095,2.307712898417276,0.37891033390806295
H2,map-barrier-01,7019,H2_center_d04_map-barrier-01,2002,1.0,center,4.0,collision,0,1,0,317,212.90671254708477,133.67858376243302,nan,-0.32570303180833093,1.7414692039209743,0.3582563893562874
H2,map-barrier-01,7019,H2_center_d04_map-barrier-01,2003,1.0,center,4.0,collision,0,1,0,464,170.8869470211144,177.0900634113147,nan,-0.2607932740838521,1.680040081464226,0.34874472301557524
H2,map-barrier-01,7019,H2_center_d04_map-barrier-01,2004,1.0,center,4.0,collision,0,1,0,683,207.49451612962088,137.54842548814332,nan,-0.20862861581352377,1.7150244497632199,0.3435985234794663
H2,map-barrier-01,7019,H2_center_d04_map-barrier-01,2005,1.0,center,4.0,timeout,0,0,1,1507,18.02281260790525,363.7949044919141,nan,1.8995527110763517,1.7114663983433118,0.32390657380489346
H2,map-barrier-01,7019,H2_center_d04_map-barrier-01,2006,1.0,center,4.0,collision,0,1,0,346,214.67016872387373,133.87493175337528,nan,-0.13129529952351504,1.6792176290248526,0.39927449840340895
H2,map-barrier-01,7019,H2_center_d04_map-barrier-01,2007,1.0,center,4.0,collision,0,1,0,375,220.01732538452697,133.40434385907582,nan,-0.2544560833938192,2.2338680320829454,0.4272088882236841
H2,map-barrier-01,7019,H2_center_d04_map-barrier-01,2008,1.0,center,4.0,collision,0,1,0,311,211.39909857864424,135.30625207759493,nan,-0.3538398737065904,1.9156393892967252,0.4147187858618559
H2,map-barrier-01,7019,H2_center_d04_map-barrier-01,2009,1.0,center,4.0,collision,0,1,0,358,174.3091434098628,169.01604149772788,nan,-0.2946635694734425,2.023746235376473,0.43916288474596243
H2,map-barrier-01,7019,H2_center_d04_map-barrier-01,2010,1.0,center,4.0,collision,0,1,0,383,170.66595962008728,177.961860586203,nan,-0.16199801831814398,2.5558752246085934,0.43170179329829655
H2,map-barrier-01,7019,H2_center_d04_map-barrier-01,2011,1.0,center,4.0,collision,0,1,0,447,219.12409582940896,133.35231543651713,nan,-0.1619316177931296,2.094958385428969,0.4050396969370844
H2,map-barrier-01,7019,H2_center_d04_map-barrier-01,2012,1.0,center,4.0,collision,0,1,0,382,172.04644036576795,173.65388456599612,nan,-0.2883664408981872,1.672665674094012,0.38718540410544716
H2,map-barrier-01,7019,H2_center_d04_map-barrier-01,2013,1.0,center,4.0,collision,0,1,0,407,169.05858790849325,186.59539634340067,nan,-0.214523018552228,1.765960429244677,0.4000903687857879
H2,map-barrier-01,7019,H2_center_d04_map-barrier-01,2014,1.0,center,4.0,collision,0,1,0,273,204.23180785401564,136.91404247968603,nan,-0.05298738522532176,2.029758036369784,0.45436873676898076
H2,map-barrier-01,7019,H2_center_d04_map-barrier-01,2015,1.0,center,4.0,collision,0,1,0,790,175.33154857291544,168.4068190649441,nan,-0.05696176396625674,1.7586256276854668,0.3433621461672102
H2,map-barrier-01,7019,H2_center_d04_map-barrier-01,2016,1.0,center,4.0,collision,0,1,0,284,208.8811790673049,134.85015204221463,nan,-0.22263425293829187,2.8046616532237714,0.497891447151327
H2,map-barrier-01,7019,H2_center_d04_map-barrier-01,2017,1.0,center,4.0,collision,0,1,0,257,204.31081810841084,137.13873174309003,nan,-0.09907962004638193,1.637316171361026,0.49563890702379976
H2,map-barrier-01,7019,H2_center_d04_map-barrier-01,2018,1.0,center,4.0,collision,0,1,0,743,170.57831020477354,181.89624575220958,nan,-0.0027183699132251604,2.219491703112278,0.3415589500093512
H2,map-barrier-01,7019,H2_center_d04_map-barrier-01,2019,1.0,center,4.0,success,1,0,0,679,2.9349540949246933,358.3975690596276,0.9358606909779719,7.67879126157313,1.6121425142462027,0.45134264512143246
H2,map-barrier-01,7019,H2_center_d04_map-barrier-01,2020,1.0,center,4.0,collision,0,1,0,839,168.83831245605543,189.4913822294259,nan,-0.12707170177520766,1.6450190802849505,0.31585222099775223
H2,map-barrier-01,7019,H2_center_d04_map-barrier-01,2021,1.0,center,4.0,collision,0,1,0,395,221.89935294895017,134.40553746760088,nan,-0.17429812666685507,1.6631795526756932,0.39042882648255267
H2,map-barrier-01,7019,H2_center_d04_map-barrier-01,2022,1.0,center,4.0,collision,0,1,0,406,169.91692206419015,182.54940685867194,nan,-0.20345044025751235,1.591914776788784,0.38537233962313716
H2,map-barrier-01,7019,H2_center_d04_map-barrier-01,2023,1.0,center,4.0,success,1,0,0,576,2.735789795402069,333.7884639644535,1.0,11.430415563641867,2.3631278077039193,0.4405829919910241
H2,map-barrier-01,7019,H2_center_d04_map-barrier-01,2024,1.0,center,4.0,collision,0,1,0,523,218.04467036654512,137.28861571236376,nan,-0.22612036901929855,1.6830804619190844,0.3845483033325682
H2,map-barrier-01,7019,H2_center_d04_map-barrier-01,2025,1.0,center,4.0,success,1,0,0,758,2.8938422643077,361.9149001985068,0.9267653706465228,1.633516582727381,1.658664073054508,0.4291390466439232
H2,map-barrier-01,7019,H2_center_d04_map-barrier-01,2026,1.0,center,4.0,collision,0,1,0,321,173.81888325560897,169.92306794221474,nan,-0.11510990125390208,2.7370415024408947,0.4789105251720507
H2,map-barrier-01,7019,H2_center_d04_map-barrier-01,2027,1.0,center,4.0,success,1,0,0,707,2.801368305746886,357.8393374903392,0.9373206394169109,5.608741808243363,1.6651826211406693,0.4498126890509171
H2,map-barrier-01,7019,H2_center_d04_map-barrier-01,2028,1.0,center,4.0,collision,0,1,0,701,167.78270144822417,206.49908828780354,nan,-0.21799893372218548,2.2044196487969985,0.36953973276585395
H2,map-barrier-01,7019,H2_center_d04_map-barrier-01,2029,1.0,center,4.0,collision,0,1,0,379,224.97665950677637,133.776699471968,nan,-0.07912194644114297,1.7050266906094624,0.43448589456949227
H2,map-barrier-01,7019,H2_center_d04_map-barrier-01,2030,1.0,center,4.0,collision,0,1,0,785,168.20905366553777,215.18195970846838,nan,-0.11104894363811013,1.681447944054183,0.40063387730748296
H2,map-barrier-01,7019,H2_center_d04_map-barrier-01,2031,1.0,center,4.0,collision,0,1,0,587,168.1721923040832,196.33491951334523,nan,-0.11856784415755328,2.276623931940996,0.3786392263429699
H2,map-barrier-01,7019,H2_center_d04_map-barrier-01,2032,1.0,center,4.0,collision,0,1,0,782,175.06916584361636,167.07103663754208,nan,-0.03599641955574384,1.7071047370795729,0.33887489785854746
H2,map-barrier-01,7019,H2_center_d04_map-barrier-01,2033,1.0,center,4.0,success,1,0,0,596,2.5907448295456006,333.7652421324144,1.0,13.230375981653944,2.3506869201859533,0.40070475348489376
H2,map-barrier-01,7019,H2_center_d04_map-barrier-01,2034,1.0,center,4.0,success,1,0,0,775,2.8773417310822955,371.29188714153986,0.9033598854184148,2.954292188651991,2.292014826983405,0.4976772677721237
H2,map-barrier-01,7019,H2_center_d04_map-barrier-01,2035,1.0,center,4.0,collision,0,1,0,348,172.4037764110767,171.9239828374623,nan,-0.41241333475568354,1.7830280333933695,0.3944370180593491
H2,map-barrier-01,7019,H2_center_d04_map-barrier-01,2036,1.0,center,4.0,collision,0,1,0,272,198.59851403190754,139.64635237075817,nan,-0.3949587006014781,1.6531207552700713,0.4399412704501889
H2,map-barrier-01,7019,H2_center_d04_map-barrier-01,2037,1.0,center,4.0,collision,0,1,0,307,204.6880426876333,136.37174014586986,nan,-0.16477397528220195,1.8365106254087453,0.4021793897813326
H2,map-barrier-01,7019,H2_center_d04_map-barrier-01,2038,1.0,center,4.0,collision,0,1,0,581,212.5200094863614,135.5179846274656,nan,-0.18380048721064668,1.6093761947878955,0.3390296425167887
H2,map-barrier-01,7019,H2_center_d04_map-barrier-01,2039,1.0,center,4.0,collision,0,1,0,651,198.67045068234145,141.78086617378992,nan,-0.24467427392318086,1.6951498442833812,0.3252218846922003
H2,map-barrier-01,7019,H2_center_d04_map-barrier-01,2040,1.0,center,4.0,collision,0,1,0,555,218.3527762000946,137.7880362099799,nan,-0.20041241825771294,1.7585488673875698,0.39023920527913625
H2,map-barrier-01,7019,H2_center_d04_map-barrier-01,2041,1.0,center,4.0,timeout,0,0,1,1507,75.52999298139386,269.2143925674527,nan,1.3106336967778796,1.6999907034758954,0.3484892598132988
H2,map-barrier-01,7019,H2_center_d04_map-barrier-01,2042,1.0,center,4.0,collision,0,1,0,823,156.95064597150096,182.4390471414698,nan,-0.0018892172302713561,1.6503416547083225,0.33269781954049366
H2,map-barrier-01,7019,H2_center_d04_map-barrier-01,2043,1.0,center,4.0,collision,0,1,0,337,217.78471783015098,133.3945433986336,nan,-0.0511110745147505,3.015886174075249,0.4871867749063644
H2,map-barrier-01,7019,H2_center_d04_map-barrier-01,2044,1.0,center,4.0,collision,0,1,0,784,168.46277007852677,195.26925591011877,nan,-0.2021184176033728,1.7680232142594199,0.3323533822119448
H2,map-barrier-01,7019,H2_center_d04_map-barrier-01,2045,1.0,center,4.0,collision,0,1,0,274,209.78374061864085,134.584461600133,nan,-0.061623460562088894,1.5479323700460261,0.41936122356100614
H2,map-barrier-01,7019,H2_center_d04_map-barrier-01,2046,1.0,center,4.0,collision,0,1,0,612,169.039681225376,188.76007758072495,nan,-0.08502416302610527,1.6487120150457288,0.381734541101298
H2,map-barrier-01,7019,H2_center_d04_map-barrier-01,2047,1.0,center,4.0,collision,0,1,0,874,170.0972016586749,186.00297639886966,nan,-0.07426784305550882,2.1280707946162103,0.40588078722453974
H2,map-barrier-01,7019,H2_center_d04_map-barrier-01,2048,1.0,center,4.0,collision,0,1,0,374,207.25523831143548,135.6420448017977,nan,-0.26524878432704213,1.6219788251503695,0.36757759644186705
H2,map-barrier-01,7019,H2_center_d04_map-barrier-01,2049,1.0,center,4.0,collision,0,1,0,553,168.12854885374438,195.9842523018683,nan,-0.05533406189235279,1.6839890124067787,0.3792142409959189
H2,map-barrier-01,7019,H2_center_d04_map-barrier-01,2050,1.0,center,4.0,collision,0,1,0,348,211.42576809994756,134.8776246645877,nan,-0.2540231137260207,1.6449387900865233,0.3615067717204566
H2,map-mixed-01,7027,H2_center_d04_map-mixed-01,2001,1.0,center,4.0,collision,0,1,0,260,282.7993246842374,60.811722886051925,nan,-0.09465066106763942,3.5653610799068103,0.4292726372891396
H2,map-mixed-01,7027,H2_center_d04_map-mixed-01,2002,1.0,center,4.0,collision,0,1,0,311,215.5076611305817,130.6563028104529,nan,-0.32740903461188964,1.7458622580923424,0.360010831635022
H2,map-mixed-01,7027,H2_center_d04_map-mixed-01,2003,1.0,center,4.0,collision,0,1,0,161,284.20922128993686,54.600232467310605,nan,-0.21689901650688626,1.6765591362189012,0.4584494828122807
H2,map-mixed-01,7027,H2_center_d04_map-mixed-01,2004,1.0,center,4.0,collision,0,1,0,669,210.3393182463528,134.38687308175463,nan,-0.09840196637767917,1.7118274690517454,0.3434450940811391
H2,map-mixed-01,7027,H2_center_d04_map-mixed-01,2005,1.0,center,4.0,timeout,0,0,1,1507,18.02281260790525,363.7949044919141,nan,3.2712937008411727,1.7114663983433118,0.32390657380489346
H2,map-mixed-01,7027,H2_center_d04_map-mixed-01,2006,1.0,center,4.0,collision,0,1,0,339,217.0015583254956,130.97433539094055,nan,-0.23225421601785,1.6834135036410074,0.4018599991224966
H2,map-mixed-01,7027,H2_center_d04_map-mixed-01,2007,1.0,center,4.0,collision,0,1,0,366,222.756274230155,130.21003910654406,nan,-0.10115599656143104,2.2561783551479015,0.42996035791273796
H2,map-mixed-01,7027,H2_center_d04_map-mixed-01,2008,1.0,center,4.0,collision,0,1,0,303,214.70886252276907,131.80183428766605,nan,-0.024560359467756143,1.8974520510081658,0.4156038886344534
H2,map-mixed-01,7027,H2_center_d04_map-mixed-01,2009,1.0,center,4.0,collision,0,1,0,154,277.224900621863,60.822007371640375,nan,-0.13027657492770572,2.603625676303312,0.5246112457443988
H2,map-mixed-01,7027,H2_center_d04_map-mixed-01,2010,1.0,center,4.0,collision,0,1,0,143,279.7998223499362,58.109552237077175,nan,-0.15899613470391927,4.161108776246575,0.6038121531551089
H2,map-mixed-01,7027,H2_center_d04_map-mixed-01,2011,1.0,center,4.0,collision,0,1,0,438,221.86819584851062,130.3461309308125,nan,-0.2685751827568481,2.0995470564429137,0.4107651834778828
H2,map-mixed-01,7027,H2_center_d04_map-mixed-01,2012,1.0,center,4.0,collision,0,1,0,147,279.10313450070703,58.30181150428886,nan,-0.15014219878164425,1.7846277006988325,0.4757746769561555
H2,map-mixed-01,7027,H2_center_d04_map-mixed-01,2013,1.0,center,4.0,collision,0,1,0,149,281.8833601701543,61.00806919327803,nan,-0.27503480920844225,2.0021408706255626,0.5616949188628756
H2,map-mixed-01,7027,H2_center_d04_map-mixed-01,2014,1.0,center,4.0,collision,0,1,0,268,206.93334580891067,133.91906631645168,nan,-0.09447166231655046,2.0463145747685703,0.45467352725684584
H2,map-mixed-01,7027,H2_center_d04_map-mixed-01,2015,1.0,center,4.0,collision,0,1,0,335,276.41854479893334,62.19017739784365,nan,-0.11206315357175356,1.852116705232416,0.3761246346905841
H2,map-mixed-01,7027,H2_center_d04_map-mixed-01,2016,1.0,center,4.0,collision,0,1,0,278,211.4793547363488,131.97220212054611,nan,-0.3968316488656285,2.842963815817173,0.502704056933054
H2,map-mixed-01,7027,H2_center_d04_map-mixed-01,2017,1.0,center,4.0,collision,0,1,0,252,207.37739342608174,133.97076350620955,nan,-0.12404085710576851,1.6401318161812486,0.4959930998857428
H2,map-mixed-01,7027,H2_center_d04_map-mixed-01,2018,1.0,center,4.0,collision,0,1,0,261,282.25751161403866,57.52701572652882,nan,-0.18932211797827847,3.2802634698208495,0.4284871114091938
H2,map-mixed-01,7027,H2_center_d04_map-mixed-01,2019,1.0,center,4.0,collision,0,1,0,274,188.1375899376915,147.95840428837647,nan,-0.5010441277867699,1.6070195623025416,0.4478230717288224
H2,map-mixed-01,7027,H2_center_d04_map-mixed-01,2020,1.0,center,4.0,collision,0,1,0,290,282.0572451225909,61.16396014590954,nan,-0.04643603237646943,1.6812795264895892,0.32888417712456325
H2,map-mixed-01,7027,H2_center_d04_map-mixed-01,2021,1.0,center,4.0,collision,0,1,0,385,224.65608703586636,131.23591123875025,nan,-0.06405073425784735,1.6698468819705612,0.39279359331598646
H2,map-mixed-01,7027,H2_center_d04_map-mixed-01,2022,1.0,center,4.0,collision,0,1,0,157,281.5307783493066,62.06395608650446,nan,-0.16564123392370078,1.584779375910966,0.45592407883929026
H2,map-mixed-01,7027,H2_center_d04_map-mixed-01,2023,1.0,center,4.0,collision,0,1,0,257,191.71468580495858,143.9074172873438,nan,-0.00010078402328872471,3.162057176781523,0.5471941931994497
H2,map-mixed-01,7027,H2_center_d04_map-mixed-01,2024,1.0,center,4.0,collision,0,1,0,512,220.47279376234044,134.10839437300803,nan,-0.04655137835584355,1.681667349997443,0.38702519975187033
H2,map-mixed-01,7027,H2_center_d04_map-mixed-01,2025,1.0,center,4.0,success,1,0,0,758,2.8938422643077,361.9149001985068,0.9267653706465228,3.0741680693833104,1.658664073054508,0.4291390466439232
H2,map-mixed-01,7027,H2_center_d04_map-mixed-01,2026,1.0,center,4.0,collision,0,1,0,130,284.1989933827925,55.023174275646305,nan,-0.22812182367835732,4.249936361861677,0.7496627578372568
H2,map-mixed-01,7027,H2_center_d04_map-mixed-01,2027,1.0,center,4.0,success,1,0,0,707,2.801368305746886,357.8393374903392,0.9373206394169109,0.6517788793970922,1.6651826211406693,0.4498126890509171
H2,map-mixed-01,7027,H2_center_d04_map-mixed-01,2028,1.0,center,4.0,collision,0,1,0,689,170.83352155475797,203.06158421269862,nan,-0.17002820135832053,2.219028098719998,0.36978355450490025
H2,map-mixed-01,7027,H2_center_d04_map-mixed-01,2029,1.0,center,4.0,collision,0,1,0,378,225.32628836423973,133.34544524337144,nan,-0.03461739046685425,1.7083866431118706,0.43433607748744213
H2,map-mixed-01,7027,H2_center_d04_map-mixed-01,2030,1.0,center,4.0,collision,0,1,0,772,171.11090030668166,212.09654568713404,nan,-0.15302223749489485,1.681367500109962,0.40036875129391675
H2,map-mixed-01,7027,H2_center_d04_map-mixed-01,2031,1.0,center,4.0,collision,0,1,0,577,171.33100033295057,192.53151926018484,nan,-0.10411791945278992,2.2803015548235757,0.37326296684318233
H2,map-mixed-01,7027,H2_center_d04_map-mixed-01,2032,1.0,center,4.0,collision,0,1,0,289,279.9758863495486,58.70761932603034,nan,-0.09338541337489659,1.667925235480587,0.3178454874422712
H2,map-mixed-01,7027,H2_center_d04_map-mixed-01,2033,1.0,center,4.0,collision,0,1,0,288,190.26319261873132,145.65435244396542,nan,-0.42050284365544144,3.1069249032265076,0.4951767784180319
H2,map-mixed-01,7027,H2_center_d04_map-mixed-01,2034,1.0,center,4.0,success,1,0,0,775,2.8773417310822955,371.29188714153986,0.9033598854184148,1.1301141920550564,2.292014826983405,0.4976772677721237
H2,map-mixed-01,7027,H2_center_d04_map-mixed-01,2035,1.0,center,4.0,collision,0,1,0,157,276.5836591932589,60.788137963711236,nan,-0.182674029426785,1.9777794742764272,0.5147697570051645
H2,map-mixed-01,7027,H2_center_d04_map-mixed-01,2036,1.0,center,4.0,collision,0,1,0,266,201.80971371632535,136.28536363977526,nan,-0.1504917134278969,1.657369790837598,0.44518210959220966
H2,map-mixed-01,7027,H2_center_d04_map-mixed-01,2037,1.0,center,4.0,collision,0,1,0,301,207.51376639704347,133.3816756802498,nan,-0.2868748125279694,1.852245290218139,0.4008104838400378
H2,map-mixed-01,7027,H2_center_d04_map-mixed-01,2038,1.0,center,4.0,collision,0,1,0,570,215.16666884381578,132.4915979775154,nan,-0.19291341569459064,1.6104540452009461,0.34030089577670447
H2,map-mixed-01,7027,H2_center_d04_map-mixed-01,2039,1.0,center,4.0,collision,0,1,0,639,202.01130514794022,138.3755184234426,nan,-0.07095799926676705,1.6997231971643643,0.32458646951381265
H2,map-mixed-01,7027,H2_center_d04_map-mixed-01,2040,1.0,center,4.0,collision,0,1,0,542,221.0208015214175,134.6689404351946,nan,-0.11472053409266891,1.76989760170715,0.39275271330594563
H2,map-mixed-01,7027,H2_center_d04_map-mixed-01,2041,1.0,center,4.0,timeout,0,0,1,1507,75.52999298139386,269.2143925674527,nan,3.1307602959049396,1.6999907034758954,0.3484892598132988
H2,map-mixed-01,7027,H2_center_d04_map-mixed-01,2042,1.0,center,4.0,collision,0,1,0,327,272.01816409455705,65.09221334126579,nan,-0.01227166258063761,1.6405521597598707,0.34603233758462265
H2,map-mixed-01,7027,H2_center_d04_map-mixed-01,2043,1.0,center,4.0,collision,0,1,0,331,220.4051238862345,130.47681945678994,nan,-0.2119514059799883,3.0329862590737133,0.48766763311281447
H2,map-mixed-01,7027,H2_center_d04_map-mixed-01,2044,1.0,center,4.0,collision,0,1,0,322,279.5958786230374,69.922820485647,nan,-0.01670936923162003,1.932179803629726,0.3489232521650014
H2,map-mixed-01,7027,H2_center_d04_map-mixed-01,2045,1.0,center,4.0,collision,0,1,0,269,212.1143248839351,131.95393550907397,nan,-0.4637259774899576,1.558354626475022,0.423041557714465
H2,map-mixed-01,7027,H2_center_d04_map-mixed-01,2046,1.0,center,4.0,collision,0,1,0,157,284.7565596912573,55.91938602957707,nan,-0.19849741635194817,1.6410986178212639,0.48105843057691355
H2,map-mixed-01,7027,H2_center_d04_map-mixed-01,2047,1.0,center,4.0,collision,0,1,0,257,282.99904544657267,56.82187188183266,nan,-0.03721755836217966,3.101734908131112,0.5146611217918806
H2,map-mixed-01,7027,H2_center_d04_map-mixed-01,2048,1.0,center,4.0,collision,0,1,0,366,210.36773657729867,132.3235854106029,nan,-0.06781353641179066,1.6212187619206628,0.3720500671156904
H2,map-mixed-01,7027,H2_center_d04_map-mixed-01,2049,1.0,center,4.0,collision,0,1,0,185,281.6579311650375,61.9259580554333,nan,-0.09839818305627546,1.6404303668645879,0.4651453376762829
H2,map-mixed-01,7027,H2_center_d04_map-mixed-01,2050,1.0,center,4.0,collision,0,1,0,340,213.93625258746764,131.73412218239528,nan,-0.11137499177507948,1.6371954111070346,0.3619094164127699
H2,map-random-01,7001,H2_center_d06_map-random-01,2001,1.0,center,6.0,collision,0,1,0,271,279.96528734265985,63.96293178326026,nan,-0.04630588209187181,3.486090044399718,0.4247664983546447
H2,map-random-01,7001,H2_center_d06_map-random-01,2002,1.0,center,6.0,success,1,0,0,1016,2.9143220090474777,382.65648661429157,0.8765308007519909,9.06359732060259,1.6429953387472267,0.3372677206693353
H2,map-random-01,7001,H2_center_d06_map-random-01,2003,1.0,center,6.0,collision,0,1,0,163,283.54439097551864,55.29970635568114,nan,-0.10587963294728553,1.6797224564397808,0.4599783420964806
H2,map-random-01,7001,H2_center_d06_map-random-01,2004,1.0,center,6.0,collision,0,1,0,1225,95.50172489473253,258.4971023571343,nan,-0.1919444135103987,1.707368392871345,0.3389525302287561
H2,map-random-01,7001,H2_center_d06_map-random-01,2005,1.0,center,6.0,timeout,0,0,1,1507,18.02281260790525,363.7949044919141,nan,7.646719277394081,1.7114663983433118,0.32390657380489346
H2,map-random-01,7001,H2_center_d06_map-random-01,2006,1.0,center,6.0,success,1,0,0,1056,2.924189448459213,380.1028682855482,0.8824195358952018,6.424896468994512,1.653742439635601,0.34518154465444767
H2,map-random-01,7001,H2_center_d06_map-random-01,2007,1.0,center,6.0,success,1,0,0,1274,2.979764055175503,367.13667452595877,0.9135840135231518,1.8688633370139274,1.8346797410496054,0.3579796049686905
H2,map-random-01,7001,H2_center_d06_map-random-01,2008,1.0,center,6.0,success,1,0,0,1023,2.901226697167456,390.91754315284754,0.8580075325343589,9.881966916628908,1.768240549055232,0.37605003401190845
H2,map-random-01,7001,H2_center_d06_map-random-01,2009,1.0,center,6.0,collision,0,1,0,136,286.6208999488718,50.781570238364125,nan,-0.0789467574893834,2.736032968896502,0.5537857671240385
H2,map-random-01,7001,H2_center_d06_map-random-01,2010,1.0,center,6.0,collision,0,1,0,132,285.05365718768394,52.58167240453742,nan,-0.274655583815381,4.385729409215895,0.6254511499391745
H2,map-random-01,7001,H2_center_d06_map-random-01,2011,1.0,center,6.0,success,1,0,0,1395,2.934947281510389,373.029042039421,0.8991530385709834,4.858774436930395,1.7837984818517754,0.3646988085873485
H2,map-random-01,7001,H2_center_d06_map-random-01,2012,1.0,center,6.0,collision,0,1,0,134,285.2803739584854,51.998956862846555,nan,-0.0048135158426987346,1.8110994957118847,0.5005704028961884
H2,map-random-01,7001,H2_center_d06_map-random-01,2013,1.0,center,6.0,collision,0,1,0,155,279.0890756683023,64.29767314569963,nan,-0.07794164838818318,2.0285942518280358,0.5544087490287318
H2,map-random-01,7001,H2_center_d06_map-random-01,2014,1.0,center,6.0,success,1,0,0,919,2.9690950997199916,382.7819763452344,0.8762434423570119,4.547706884259793,1.767642360237827,0.3761810538841963
H2,map-random-01,7001,H2_center_d06_map-random-01,2015,1.0,center,6.0,collision,0,1,0,283,286.3674973537599,51.90932229671809,nan,-0.0499132648891063,1.8577800313621513,0.38378931765977514
H2,map-random-01,7001,H2_center_d06_map-random-01,2016,1.0,center,6.0,collision,0,1,0,572,82.07937413628551,274.0704938376871,nan,-0.07986367849724729,2.245354511067874,0.40578409232886964
H2,map-random-01,7001,H2_center_d06_map-random-01,2017,1.0,center,6.0,collision,0,1,0,495,85.33514751006429,267.3708012948548,nan,-0.08578766549162253,1.6828617712948297,0.40088888641231857
H2,map-random-01,7001,H2_center_d06_map-random-01,2018,1.0,center,6.0,collision,0,1,0,253,284.4066983346447,55.15972203063424,nan,-0.13070029320950738,3.339581480780524,0.4340460926666826
H2,map-random-01,7001,H2_center_d06_map-random-01,2019,1.0,center,6.0,collision,0,1,0,125,282.6661084636413,53.1833486198168,nan,-0.12511664788746302,1.5957798346628207,0.5604782755871999
H2,map-random-01,7001,H2_center_d06_map-random-01,2020,1.0,center,6.0,collision,0,1,0,306,279.37784114181136,64.0236147897198,nan,-0.004990340591689346,1.7025135538320473,0.3251531535004081
H2,map-random-01,7001,H2_center_d06_map-random-01,2021,1.0,center,6.0,success,1,0,0,1416,2.9947136715329155,380.21100622583504,0.8821685620161767,13.64111491528911,1.6281736230524544,0.35284148597545306
H2,map-random-01,7001,H2_center_d06_map-random-01,2022,1.0,center,6.0,collision,0,1,0,164,278.50482265058696,65.39811856882437,nan,-0.3136757333539464,1.584537099222927,0.447871013323022
H2,map-random-01,7001,H2_center_d06_map-random-01,2023,1.0,center,6.0,collision,0,1,0,280,178.3876182338995,157.2695911325043,nan,-0.3369307954968406,3.0891620681797747,0.529284771530076
H2,map-random-01,7001,H2_center_d06_map-random-01,2024,1.0,center,6.0,collision,0,1,0,1196,82.67041447784598,292.30562003302214,nan,-0.10383366571859654,1.62692331991083,0.3552049966080317
H2,map-random-01,7001,H2_center_d06_map-random-01,2025,1.0,center,6.0,collision,0,1,0,377,148.40706774133176,188.91319608363997,nan,-0.1106359040263385,1.6160978921935654,0.39117867562604025
H2,map-random-01,7001,H2_center_d06_map-random-01,2026,1.0,center,6.0,collision,0,1,0,131,283.66914563891305,55.57897727897429,nan,-0.007302782535212771,4.221896090080862,0.7449188121657769
H2,map-random-01,7001,H2_center_d06_map-random-01,2027,1.0,center,6.0,collision,0,1,0,347,146.46478924429812,190.81471312639775,nan,-0.03937987274213128,1.7399126303130337,0.4288388662074281
H2,map-random-01,7001,H2_center_d06_map-random-01,2028,1.0,center,6.0,collision,0,1,0,488,221.73045437671735,145.3635326487198,nan,-0.21283157429846256,2.473596962586641,0.4013334312225628
H2,map-random-01,7001,H2_center_d06_map-random-01,2029,1.0,center,6.0,success,1,0,0,1332,2.862481268525986,396.4849280053004,0.845959513044805,24.78487839043964,1.6746908541531456,0.361164528756391
H2,map-random-01,7001,H2_center_d06_map-random-01,2030,1.0,center,6.0,collision,0,1,0,517,221.3773735573089,148.5286514063999,nan,-0.13908278144903363,1.6707483311641267,0.4010726219874422
H2,map-random-01,7001,H2_center_d06_map-random-01,2031,1.0,center,6.0,collision,0,1,0,473,204.67935541941023,153.2714043438237,nan,-0.15871071544034976,2.382509193242364,0.38502299804519446
H2,map-random-01,7001,H2_center_d06_map-random-01,2032,1.0,center,6.0,collision,0,1,0,264,284.9881941576,53.591948864315,nan,-0.030684126035104953,1.6745178214040335,0.3246018681018436
H2,map-random-01,7001,H2_center_d06_map-random-01,2033,1.0,center,6.0,collision,0,1,0,309,178.13183940037896,157.7875943731201,nan,-0.10591055713530295,2.987609211562888,0.48100475953922106
H2,map-random-01,7001,H2_center_d06_map-random-01,2034,1.0,center,6.0,collision,0,1,0,463,80.89091631522133,257.9147510053294,nan,-0.008823722645644239,2.7253149757724215,0.46118459680793766
H2,map-random-01,7001,H2_center_d06_map-random-01,2035,1.0,center,6.0,collision,0,1,0,140,285.89955619877526,51.201928366998445,nan,-0.30101217531900915,1.9708884815704024,0.5315202577534222
H2,map-random-01,7001,H2_center_d06_map-random-01,2036,1.0,center,6.0,collision,0,1,0,364,148.90443928998704,192.68388881703953,nan,-0.15003132430551602,1.6491382254303584,0.41610259901993984
H2,map-random-01,7001,H2_center_d06_map-random-01,2037,1.0,center,6.0,collision,0,1,0,579,88.06662662986304,262.539607720371,nan,-0.004140716005409217,1.7090769755116981,0.360557041609242
H2,map-random-01,7001,H2_center_d06_map-random-01,2038,1.0,center,6.0,collision,0,1,0,1311,96.48091807777064,260.9622463687033,nan,-0.04072599481986572,1.6512283072651726,0.34957336827965935
H2,map-random-01,7001,H2_center_d06_map-random-01,2039,1.0,center,6.0,collision,0,1,0,860,148.68955984441317,192.58664307288498,nan,-0.02361147119958673,1.657753571167161,0.3273471282253891
H2,map-random-01,7001,H2_center_d06_map-random-01,2040,1.0,center,6.0,collision,0,1,0,1347,87.22903296280619,281.6809667395951,nan,-0.06995166325397406,1.7218173238801155,0.34529864860636567
H2,map-random-01,7001,H2_center_d06_map-random-01,2041,1.0,center,6.0,timeout,0,0,1,1507,75.52999298139386,269.2143925674527,nan,0.6763811037999735,1.6999907034758954,0.3484892598132988
H2,map-random-01,7001,H2_center_d06_map-random-01,2042,1.0,center,6.0,collision,0,1,0,226,287.9005581281932,48.721330487702616,nan,-0.0073615452878499354,1.6839681946034608,0.3591845540987399
H2,map-random-01,7001,H2_center_d06_map-random-01,2043,1.0,center,6.0,success,1,0,0,1214,2.895255982218135,399.3527262247626,0.8398845797191173,25.792870637466162,2.035961969874048,0.39564308549657373
H2,map-random-01,7001,H2_center_d06_map-random-01,2044,1.0,center,6.0,collision,0,1,0,618,206.84274027816411,152.72817244205157,nan,-0.009893202306514581,1.7968298916034227,0.33454366081499903
H2,map-random-01,7001,H2_center_d06_map-random-01,2045,1.0,center,6.0,success,1,0,0,861,2.893673402757592,382.3597431918114,0.8772110626110275,5.006152388813428,1.5836286963592194,0.3818357844934163
H2,map-random-01,7001,H2_center_d06_map-random-01,2046,1.0,center,6.0,collision,0,1,0,165,282.18175060264264,58.554592326242215,nan,-0.1756677259030326,1.6450659430063017,0.4673303357405311
H2,map-random-01,7001,H2_center_d06_map-random-01,2047,1.0,center,6.0,collision,0,1,0,253,284.0269945322979,55.71144324486721,nan,-0.1916358367091462,3.1162189800280595,0.5135843706927354
H2,map-random-01,7001,H2_center_d06_map-random-01,2048,1.0,center,6.0,success,1,0,0,1170,2.9630967251975906,369.2691768667792,0.9083081330288609,4.711466108533487,1.6199823095866868,0.3272761519616717
H2,map-random-01,7001,H2_center_d06_map-random-01,2049,1.0,center,6.0,collision,0,1,0,192,279.019979134649,64.72704782877423,nan,-0.04254381092269455,1.6370015033182272,0.462891203784895
H2,map-random-01,7001,H2_center_d06_map-random-01,2050,1.0,center,6.0,success,1,0,0,1207,2.9212531274830416,383.6411206892898,0.8742811407242671,15.718548745028869,1.6716492616574379,0.3449915215785326
H2,map-corridor-01,7013,H2_center_d06_map-corridor-01,2001,1.0,center,6.0,collision,0,1,0,341,268.09347877947795,78.66922520469888,nan,-0.0424937871726101,3.0692049266501047,0.418044746296123
H2,map-corridor-01,7013,H2_center_d06_map-corridor-01,2002,1.0,center,6.0,collision,0,1,0,273,231.85969837121002,112.17501828432705,nan,-0.06637947771652364,1.7151333485179525,0.368057678949781
H2,map-corridor-01,7013,H2_center_d06_map-corridor-01,2003,1.0,center,6.0,collision,0,1,0,193,273.548129332562,65.73720942569966,nan,-0.016509579793833495,1.6892467383163927,0.43122592263630605
H2,map-corridor-01,7013,H2_center_d06_map-corridor-01,2004,1.0,center,6.0,collision,0,1,0,255,287.5548326500364,50.11901892403751,nan,-0.048573830391205775,1.9231034438091243,0.39384200664726654
H2,map-corridor-01,7013,H2_center_d06_map-corridor-01,2005,1.0,center,6.0,collision,0,1,0,702,188.094425852318,182.88450960712456,nan,-0.008409208185256034,1.7247756925604536,0.3395144909045975
H2,map-corridor-01,7013,H2_center_d06_map-corridor-01,2006,1.0,center,6.0,collision,0,1,0,137,289.11908445566763,48.448792346492134,nan,-0.3746426845436446,1.7277605256044266,0.5196961440253381
H2,map-corridor-01,7013,H2_center_d06_map-corridor-01,2007,1.0,center,6.0,collision,0,1,0,506,180.27838736804432,178.2979953898583,nan,-0.13529712430394625,2.0845496480589727,0.38316886630871766
H2,map-corridor-01,7013,H2_center_d06_map-corridor-01,2008,1.0,center,6.0,collision,0,1,0,264,233.0625519043244,112.64884143645054,nan,-0.01912062365315137,1.9767005144724754,0.4426489176513383
H2,map-corridor-01,7013,H2_center_d06_map-corridor-01,2009,1.0,center,6.0,collision,0,1,0,157,275.569017955978,62.589507950701325,nan,-0.3357383990618601,2.5648285169944813,0.5251896883175978
H2,map-corridor-01,7013,H2_center_d06_map-corridor-01,2010,1.0,center,6.0,collision,0,1,0,154,274.89796372910905,63.338697193992175,nan,-0.03109873982695177,4.011313296903853,0.5813758640050205
H2,map-corridor-01,7013,H2_center_d06_map-corridor-01,2011,1.0,center,6.0,collision,0,1,0,592,176.14560959422607,179.45140380707505,nan,-0.03923308941742221,1.993322960140094,0.3807591924005795
H2,map-corridor-01,7013,H2_center_d06_map-corridor-01,2012,1.0,center,6.0,collision,0,1,0,155,275.31302192513897,62.14640133855791,nan,-0.22959084292560306,1.7606589993000243,0.45872791864145923
H2,map-corridor-01,7013,H2_center_d06_map-corridor-01,2013,1.0,center,6.0,collision,0,1,0,180,267.66509272444137,77.82858214033438,nan,-0.1896013724674006,1.9520767148848026,0.517062070028264
H2,map-corridor-01,7013,H2_center_d06_map-corridor-01,2014,1.0,center,6.0,collision,0,1,0,117,285.79908117787807,49.81372419615277,nan,-0.26803816102263767,2.460343718075942,0.6425688891753109
H2,map-corridor-01,7013,H2_center_d06_map-corridor-01,2015,1.0,center,6.0,collision,0,1,0,336,276.19177974614075,62.42528553210789,nan,-0.13678784490271312,1.8536585211051653,0.37636572911496785
H2,map-corridor-01,7013,H2_center_d06_map-corridor-01,2016,1.0,center,6.0,collision,0,1,0,126,289.64485450592974,47.9921073971243,nan,-0.045969014725464774,4.331410645568259,0.7383503794036642
H2,map-corridor-01,7013,H2_center_d06_map-corridor-01,2017,1.0,center,6.0,collision,0,1,0,121,286.72437096781374,49.99190863273419,nan,-0.4031762422491241,1.6110581503820012,0.5927325800171837
H2,map-corridor-01,7013,H2_center_d06_map-corridor-01,2018,1.0,center,6.0,collision,0,1,0,299,273.1858225538462,67.86576886587059,nan,-0.03115993973853648,3.0567079780842747,0.4076202728504684
H2,map-corridor-01,7013,H2_center_d06_map-corridor-01,2019,1.0,center,6.0,collision,0,1,0,128,280.666294767701,55.18745956575093,nan,-0.4304729922235637,1.6078086713261868,0.5525945135012904
H2,map-corridor-01,7013,H2_center_d06_map-corridor-01,2020,1.0,center,6.0,collision,0,1,0,357,268.9813931095631,75.3162780188701,nan,-0.081287630848486,1.6839993581247554,0.32767242022440396
H2,map-corridor-01,7013,H2_center_d06_map-corridor-01,2021,1.0,center,6.0,collision,0,1,0,540,181.17032539640599,179.55685741782753,nan,-0.03170996802202808,1.6322466031379343,0.3738018877853087
H2,map-corridor-01,7013,H2_center_d06_map-corridor-01,2022,1.0,center,6.0,collision,0,1,0,188,268.2559541533095,76.54989225130882,nan,-0.2770728676627314,1.582513908940516,0.4143391754746907
H2,map-corridor-01,7013,H2_center_d06_map-corridor-01,2023,1.0,center,6.0,collision,0,1,0,110,283.90749500590357,51.6467385659043,nan,-0.041022078415323904,5.2285371876665225,0.8993220249198446
H2,map-corridor-01,7013,H2_center_d06_map-corridor-01,2024,1.0,center,6.0,collision,0,1,0,444,235.97855078662073,115.84714171135228,nan,-0.0890590731032983,1.694308655819277,0.38570151634772765
H2,map-corridor-01,7013,H2_center_d06_map-corridor-01,2025,1.0,center,6.0,collision,0,1,0,129,284.63146873036425,50.76155353359118,nan,-0.4915073941164394,1.7812354823558094,0.48820761179441746
H2,map-corridor-01,7013,H2_center_d06_map-corridor-01,2026,1.0,center,6.0,collision,0,1,0,150,273.35432135008614,66.4226586422858,nan,-0.08218989263111354,3.921251788785995,0.6844916372005206
H2,map-corridor-01,7013,H2_center_d06_map-corridor-01,2027,1.0,center,6.0,collision,0,1,0,128,283.21601210687686,52.35134365840578,nan,-0.05209240441534746,1.725186971902882,0.57332026639221
H2,map-corridor-01,7013,H2_center_d06_map-corridor-01,2028,1.0,center,6.0,collision,0,1,0,623,189.06002023307593,182.87380898437326,nan,-0.21648739478948187,2.291129573677299,0.3806647179743344
H2,map-corridor-01,7013,H2_center_d06_map-corridor-01,2029,1.0,center,6.0,collision,0,1,0,476,188.58313694321873,177.57450579300638,nan,-0.05570082043249158,1.65179758551825,0.4106342645315186
H2,map-corridor-01,7013,H2_center_d06_map-corridor-01,2030,1.0,center,6.0,timeout,0,0,1,1507,16.215252235211537,381.3329762195595,nan,1.4682122493209158,1.690079800889508,0.3685738887470007
H2,map-corridor-01,7013,H2_center_d06_map-corridor-01,2031,1.0,center,6.0,collision,0,1,0,270,264.15177942767184,88.20053278667743,nan,-0.18604227977734666,2.96745252293941,0.456850752440879
H2,map-corridor-01,7013,H2_center_d06_map-corridor-01,2032,1.0,center,6.0,collision,0,1,0,308,275.60682327002,63.10061117447429,nan,-0.21577869492036683,1.6847460434995485,0.3331450122655011
H2,map-corridor-01,7013,H2_center_d06_map-corridor-01,2033,1.0,center,6.0,collision,0,1,0,129,282.50895481248085,53.252513530902064,nan,-0.0883592139424394,4.858771601901231,0.7543928029808209
H2,map-corridor-01,7013,H2_center_d06_map-corridor-01,2034,1.0,center,6.0,collision,0,1,0,128,284.39076280833893,52.02510098439201,nan,-0.4029571506629992,5.4961448114913365,0.7625577079038517
H2,map-corridor-01,7013,H2_center_d06_map-corridor-01,2035,1.0,center,6.0,collision,0,1,0,158,276.0172628078843,61.37282876781408,nan,-0.20319331270160745,1.9736286883001832,0.5124766286114558
H2,map-corridor-01,7013,H2_center_d06_map-corridor-01,2036,1.0,center,6.0,collision,0,1,0,119,285.66678025181903,50.089589867038114,nan,-0.007264786678575774,1.7032451778481799,0.5745154900671723
H2,map-corridor-01,7013,H2_center_d06_map-corridor-01,2037,1.0,center,6.0,collision,0,1,0,133,289.22979939908663,48.2560389461253,nan,-0.3380287320164044,2.1831471144502594,0.5030746167330953
H2,map-corridor-01,7013,H2_center_d06_map-corridor-01,2038,1.0,center,6.0,collision,0,1,0,501,234.52211083113932,112.54865511861306,nan,-0.055246666446748804,1.6231070706644233,0.34300713549394285
H2,map-corridor-01,7013,H2_center_d06_map-corridor-01,2039,1.0,center,6.0,collision,0,1,0,242,289.80897147969546,48.34621795750466,nan,-0.159486586611294,1.6767983357309553,0.33713065032151646
H2,map-corridor-01,7013,H2_center_d06_map-corridor-01,2040,1.0,center,6.0,collision,0,1,0,192,289.42849735257255,47.990721128148046,nan,-0.183867972935019,1.9488714863013785,0.47520944944067395
H2,map-corridor-01,7013,H2_center_d06_map-corridor-01,2041,1.0,center,6.0,collision,0,1,0,327,284.72838747464215,51.795868450447415,nan,-0.031134652036989507,1.6870655677692048,0.3329868991706964
H2,map-corridor-01,7013,H2_center_d06_map-corridor-01,2042,1.0,center,6.0,collision,0,1,0,284,278.01349553160827,58.79885857969696,nan,-0.11620556802539284,1.6539645547197848,0.3366659761295549
H2,map-corridor-01,7013,H2_center_d06_map-corridor-01,2043,1.0,center,6.0,collision,0,1,0,314,228.67698843772916,121.54329123327376,nan,-0.12923620523164736,3.0893202578076875,0.4912671284691829
H2,map-corridor-01,7013,H2_center_d06_map-corridor-01,2044,1.0,center,6.0,collision,0,1,0,374,266.5985309171851,84.19532484702259,nan,-0.049584307362366076,1.8962286460303328,0.33746087827388016
H2,map-corridor-01,7013,H2_center_d06_map-corridor-01,2045,1.0,center,6.0,collision,0,1,0,234,229.2539319295516,113.31760690576259,nan,-0.27369958551926743,1.5647875557091093,0.4464066715963916
H2,map-corridor-01,7013,H2_center_d06_map-corridor-01,2046,1.0,center,6.0,collision,0,1,0,192,272.47351435689205,68.56612430494465,nan,-0.09529263975638003,1.662616616837741,0.4420419664704665
H2,map-corridor-01,7013,H2_center_d06_map-corridor-01,2047,1.0,center,6.0,collision,0,1,0,292,274.1070505757654,66.03844791536447,nan,-0.07262463805439978,2.936919238246818,0.48788062256156217
H2,map-corridor-01,7013,H2_center_d06_map-corridor-01,2048,1.0,center,6.0,collision,0,1,0,172,289.03769361670453,48.346641019178925,nan,-0.2038638225287812,1.6189436632595908,0.434654454272465
H2,map-corridor-01,7013,H2_center_d06_map-corridor-01,2049,1.0,center,6.0,collision,0,1,0,221,268.6537901057028,75.92463717227106,nan,-0.15301308904892608,1.624012748397062,0.4325326232450865
H2,map-corridor-01,7013,H2_center_d06_map-corridor-01,2050,1.0,center,6.0,collision,0,1,0,296,228.84536330242517,113.8158293067964,nan,-0.23566735710458886,1.6466662573974447,0.3678679824531215
H2,map-barrier-01,7019,H2_center_d06_map-barrier-01,2001,1.0,center,6.0,collision,0,1,0,767,169.37034497462716,191.38373571023158,nan,-0.013458662247558095,2.307712898417276,0.37891033390806295
H2,map-barrier-01,7019,H2_center_d06_map-barrier-01,2002,1.0,center,6.0,collision,0,1,0,317,212.90671254708477,133.67858376243302,nan,-0.32570303180833093,1.7414692039209743,0.3582563893562874
H2,map-barrier-01,7019,H2_center_d06_map-barrier-01,2003,1.0,center,6.0,collision,0,1,0,464,170.8869470211144,177.0900634113147,nan,-0.2607932740838521,1.680040081464226,0.34874472301557524
H2,map-barrier-01,7019,H2_center_d06_map-barrier-01,2004,1.0,center,6.0,collision,0,1,0,683,207.49451612962088,137.54842548814332,nan,-0.20862861581352377,1.7150244497632199,0.3435985234794663
H2,map-barrier-01,7019,H2_center_d06_map-barrier-01,2005,1.0,center,6.0,timeout,0,0,1,1507,18.02281260790525,363.7949044919141,nan,1.8995527110763517,1.7114663983433118,0.32390657380489346
H2,map-barrier-01,7019,H2_center_d06_map-barrier-01,2006,1.0,center,6.0,collision,0,1,0,346,214.67016872387373,133.87493175337528,nan,-0.13129529952351504,1.6792176290248526,0.39927449840340895
H2,map-barrier-01,7019,H2_center_d06_map-barrier-01,2007,1.0,center,6.0,collision,0,1,0,375,220.01732538452697,133.40434385907582,nan,-0.2544560833938192,2.2338680320829454,0.4272088882236841
H2,map-barrier-01,7019,H2_center_d06_map-barrier-01,2008,1.0,center,6.0,collision,0,1,0,311,211.39909857864424,135.30625207759493,nan,-0.3538398737065904,1.9156393892967252,0.4147187858618559
H2,map-barrier-01,7019,H2_center_d06_map-barrier-01,2009,1.0,center,6.0,collision,0,1,0,358,174.3091434098628,169.01604149772788,nan,-0.2946635694734425,2.023746235376473,0.43916288474596243
H2,map-barrier-01,7019,H2_center_d06_map-barrier-01,2010,1.0,center,6.0,collision,0,1,0,383,170.66595962008728,177.961860586203,nan,-0.16199801831814398,2.5558752246085934,0.43170179329829655
H2,map-barrier-01,7019,H2_center_d06_map-barrier-01,2011,1.0,center,6.0,collision,0,1,0,447,219.12409582940896,133.35231543651713,nan,-0.1619316177931296,2.094958385428969,0.4050396969370844
H2,map-barrier-01,7019,H2_center_d06_map-barrier-01,2012,1.0,center,6.0,collision,0,1,0,382,172.04644036576795,173.65388456599612,nan,-0.2883664408981872,1.672665674094012,0.38718540410544716
H2,map-barrier-01,7019,H2_center_d06_map-barrier-01,2013,1.0,center,6.0,collision,0,1,0,407,169.05858790849325,186.59539634340067,nan,-0.214523018552228,1.765960429244677,0.4000903687857879
H2,map-barrier-01,7019,H2_center_d06_map-barrier-01,2014,1.0,center,6.0,collision,0,1,0,273,204.23180785401564,136.91404247968603,nan,-0.05298738522532176,2.029758036369784,0.45436873676898076
H2,map-barrier-01,7019,H2_center_d06_map-barrier-01,2015,1.0,center,6.0,collision,0,1,0,790,175.33154857291544,168.4068190649441,nan,-0.05696176396625674,1.7586256276854668,0.3433621461672102
H2,map-barrier-01,7019,H2_center_d06_map-barrier-01,2016,1.0,center,6.0,collision,0,1,0,284,208.8811790673049,134.85015204221463,nan,-0.22263425293829187,2.8046616532237714,0.497891447151327
H2,map-barrier-01,7019,H2_center_d06_map-barrier-01,2017,1.0,center,6.0,collision,0,1,0,257,204.31081810841084,137.13873174309003,nan,-0.09907962004638193,1.637316171361026,0.49563890702379976
H2,map-barrier-01,7019,H2_center_d06_map-barrier-01,2018,1.0,center,6.0,collision,0,1,0,743,170.57831020477354,181.89624575220958,nan,-0.0027183699132251604,2.219491703112278,0.3415589500093512
H2,map-barrier-01,7019,H2_center_d06_map-barrier-01,2019,1.0,center,6.0,success,1,0,0,679,2.9349540949246933,358.3975690596276,0.9358606909779719,7.67879126157313,1.6121425142462027,0.45134264512143246
H2,map-barrier-01,7019,H2_center_d06_map-barrier-01,2020,1.0,center,6.0,collision,0,1,0,839,168.83831245605543,189.4913822294259,nan,-0.12707170177520766,1.6450190802849505,0.31585222099775223
H2,map-barrier-01,7019,H2_center_d06_map-barrier-01,2021,1.0,center,6.0,collision,0,1,0,395,221.89935294895017,134.40553746760088,nan,-0.17429812666685507,1.6631795526756932,0.39042882648255267
H2,map-barrier-01,7019,H2_center_d06_map-barrier-01,2022,1.0,center,6.0,collision,0,1,0,406,169.91692206419015,182.54940685867194,nan,-0.20345044025751235,1.591914776788784,0.38537233962313716
H2,map-barrier-01,7019,H2_center_d06_map-barrier-01,2023,1.0,center,6.0,success,1,0,0,576,2.735789795402069,333.7884639644535,1.0,11.430415563641867,2.3631278077039193,0.4405829919910241
H2,map-barrier-01,7019,H2_center_d06_map-barrier-01,2024,1.0,center,6.0,collision,0,1,0,523,218.04467036654512,137.28861571236376,nan,-0.22612036901929855,1.6830804619190844,0.3845483033325682
H2,map-barrier-01,7019,H2_center_d06_map-barrier-01,2025,1.0,center,6.0,success,1,0,0,758,2.8938422643077,361.9149001985068,0.9267653706465228,1.633516582727381,1.658664073054508,0.4291390466439232
H2,map-barrier-01,7019,H2_center_d06_map-barrier-01,2026,1.0,center,6.0,collision,0,1,0,321,173.81888325560897,169.92306794221474,nan,-0.11510990125390208,2.7370415024408947,0.4789105251720507
H2,map-barrier-01,7019,H2_center_d06_map-barrier-01,2027,1.0,center,6.0,success,1,0,0,707,2.801368305746886,357.8393374903392,0.9373206394169109,5.608741808243363,1.6651826211406693,0.4498126890509171
H2,map-barrier-01,7019,H2_center_d06_map-barrier-01,2028,1.0,center,6.0,collision,0,1,0,701,167.78270144822417,206.49908828780354,nan,-0.21799893372218548,2.2044196487969985,0.36953973276585395
H2,map-barrier-01,7019,H2_center_d06_map-barrier-01,2029,1.0,center,6.0,collision,0,1,0,379,224.97665950677637,133.776699471968,nan,-0.07912194644114297,1.7050266906094624,0.43448589456949227
H2,map-barrier-01,7019,H2_center_d06_map-barrier-01,2030,1.0,center,6.0,collision,0,1,0,785,168.20905366553777,215.18195970846838,nan,-0.11104894363811013,1.681447944054183,0.40063387730748296
H2,map-barrier-01,7019,H2_center_d06_map-barrier-01,2031,1.0,center,6.0,collision,0,1,0,587,168.1721923040832,196.33491951334523,nan,-0.11856784415755328,2.276623931940996,0.3786392263429699
H2,map-barrier-01,7019,H2_center_d06_map-barrier-01,2032,1.0,center,6.0,collision,0,1,0,782,175.06916584361636,167.07103663754208,nan,-0.03599641955574384,1.7071047370795729,0.33887489785854746
H2,map-barrier-01,7019,H2_center_d06_map-barrier-01,2033,1.0,center,6.0,success,1,0,0,596,2.5907448295456006,333.7652421324144,1.0,13.230375981653944,2.3506869201859533,0.40070475348489376
H2,map-barrier-01,7019,H2_center_d06_map-barrier-01,2034,1.0,center,6.0,success,1,0,0,775,2.8773417310822955,371.29188714153986,0.9033598854184148,2.954292188651991,2.292014826983405,0.4976772677721237
H2,map-barrier-01,7019,H2_center_d06_map-barrier-01,2035,1.0,center,6.0,collision,0,1,0,348,172.4037764110767,171.9239828374623,nan,-0.41241333475568354,1.7830280333933695,0.3944370180593491
H2,map-barrier-01,7019,H2_center_d06_map-barrier-01,2036,1.0,center,6.0,collision,0,1,0,272,198.59851403190754,139.64635237075817,nan,-0.3949587006014781,1.6531207552700713,0.4399412704501889
H2,map-barrier-01,7019,H2_center_d06_map-barrier-01,2037,1.0,center,6.0,collision,0,1,0,307,204.6880426876333,136.37174014586986,nan,-0.16477397528220195,1.8365106254087453,0.4021793897813326
H2,map-barrier-01,7019,H2_center_d06_map-barrier-01,2038,1.0,center,6.0,collision,0,1,0,581,212.5200094863614,135.5179846274656,nan,-0.18380048721064668,1.6093761947878955,0.3390296425167887
H2,map-barrier-01,7019,H2_center_d06_map-barrier-01,2039,1.0,center,6.0,collision,0,1,0,651,198.67045068234145,141.78086617378992,nan,-0.24467427392318086,1.6951498442833812,0.3252218846922003
H2,map-barrier-01,7019,H2_center_d06_map-barrier-01,2040,1.0,center,6.0,collision,0,1,0,555,218.3527762000946,137.7880362099799,nan,-0.20041241825771294,1.7585488673875698,0.39023920527913625
H2,map-barrier-01,7019,H2_center_d06_map-barrier-01,2041,1.0,center,6.0,timeout,0,0,1,1507,75.52999298139386,269.2143925674527,nan,1.3106336967778796,1.6999907034758954,0.3484892598132988
H2,map-barrier-01,7019,H2_center_d06_map-barrier-01,2042,1.0,center,6.0,collision,0,1,0,823,156.95064597150096,182.4390471414698,nan,-0.0018892172302713561,1.6503416547083225,0.33269781954049366
H2,map-barrier-01,7019,H2_center_d06_map-barrier-01,2043,1.0,center,6.0,collision,0,1,0,337,217.78471783015098,133.3945433986336,nan,-0.0511110745147505,3.015886174075249,0.4871867749063644
H2,map-barrier-01,7019,H2_center_d06_map-barrier-01,2044,1.0,center,6.0,collision,0,1,0,784,168.46277007852677,195.26925591011877,nan,-0.2021184176033728,1.7680232142594199,0.3323533822119448
H2,map-barrier-01,7019,H2_center_d06_map-barrier-01,2045,1.0,center,6.0,collision,0,1,0,274,209.78374061864085,134.584461600133,nan,-0.061623460562088894,1.5479323700460261,0.41936122356100614
H2,map-barrier-01,7019,H2_center_d06_map-barrier-01,2046,1.0,center,6.0,collision,0,1,0,612,169.039681225376,188.76007758072495,nan,-0.08502416302610527,1.6487120150457288,0.381734541101298
H2,map-barrier-01,7019,H2_center_d06_map-barrier-01,2047,1.0,center,6.0,collision,0,1,0,874,170.0972016586749,186.00297639886966,nan,-0.07426784305550882,2.1280707946162103,0.40588078722453974
H2,map-barrier-01,7019,H2_center_d06_map-barrier-01,2048,1.0,center,6.0,collision,0,1,0,374,207.25523831143548,135.6420448017977,nan,-0.26524878432704213,1.6219788251503695,0.36757759644186705
H2,map-barrier-01,7019,H2_center_d06_map-barrier-01,2049,1.0,center,6.0,collision,0,1,0,553,168.12854885374438,195.9842523018683,nan,-0.05533406189235279,1.6839890124067787,0.3792142409959189
H2,map-barrier-01,7019,H2_center_d06_map-barrier-01,2050,1.0,center,6.0,collision,0,1,0,348,211.42576809994756,134.8776246645877,nan,-0.2540231137260207,1.6449387900865233,0.3615067717204566
H2,map-mixed-01,7027,H2_center_d06_map-mixed-01,2001,1.0,center,6.0,collision,0,1,0,260,282.7993246842374,60.811722886051925,nan,-0.09465066106763942,3.5653610799068103,0.4292726372891396
H2,map-mixed-01,7027,H2_center_d06_map-mixed-01,2002,1.0,center,6.0,collision,0,1,0,311,215.5076611305817,130.6563028104529,nan,-0.32740903461188964,1.7458622580923424,0.360010831635022
H2,map-mixed-01,7027,H2_center_d06_map-mixed-01,2003,1.0,center,6.0,collision,0,1,0,161,284.20922128993686,54.600232467310605,nan,-0.21689901650688626,1.6765591362189012,0.4584494828122807
H2,map-mixed-01,7027,H2_center_d06_map-mixed-01,2004,1.0,center,6.0,collision,0,1,0,669,210.3393182463528,134.38687308175463,nan,-0.09840196637767917,1.7118274690517454,0.3434450940811391
H2,map-mixed-01,7027,H2_center_d06_map-mixed-01,2005,1.0,center,6.0,timeout,0,0,1,1507,18.02281260790525,363.7949044919141,nan,3.2712937008411727,1.7114663983433118,0.32390657380489346
H2,map-mixed-01,7027,H2_center_d06_map-mixed-01,2006,1.0,center,6.0,collision,0,1,0,339,217.0015583254956,130.97433539094055,nan,-0.23225421601785,1.6834135036410074,0.4018599991224966
H2,map-mixed-01,7027,H2_center_d06_map-mixed-01,2007,1.0,center,6.0,collision,0,1,0,366,222.756274230155,130.21003910654406,nan,-0.10115599656143104,2.2561783551479015,0.42996035791273796
H2,map-mixed-01,7027,H2_center_d06_map-mixed-01,2008,1.0,center,6.0,collision,0,1,0,303,214.70886252276907,131.80183428766605,nan,-0.024560359467756143,1.8974520510081658,0.4156038886344534
H2,map-mixed-01,7027,H2_center_d06_map-mixed-01,2009,1.0,center,6.0,collision,0,1,0,154,277.224900621863,60.822007371640375,nan,-0.13027657492770572,2.603625676303312,0.5246112457443988
H2,map-mixed-01,7027,H2_center_d06_map-mixed-01,2010,1.0,center,6.0,collision,0,1,0,143,279.7998223499362,58.109552237077175,nan,-0.15899613470391927,4.161108776246575,0.6038121531551089
H2,map-mixed-01,7027,H2_center_d06_map-mixed-01,2011,1.0,center,6.0,collision,0,1,0,438,221.86819584851062,130.3461309308125,nan,-0.2685751827568481,2.0995470564429137,0.4107651834778828
H2,map-mixed-01,7027,H2_center_d06_map-mixed-01,2012,1.0,center,6.0,collision,0,1,0,147,279.10313450070703,58.30181150428886,nan,-0.15014219878164425,1.7846277006988325,0.4757746769561555
H2,map-mixed-01,7027,H2_center_d06_map-mixed-01,2013,1.0,center,6.0,collision,0,1,0,149,281.8833601701543,61.00806919327803,nan,-0.27503480920844225,2.0021408706255626,0.5616949188628756
H2,map-mixed-01,7027,H2_center_d06_map-mixed-01,2014,1.0,center,6.0,collision,0,1,0,268,206.93334580891067,133.91906631645168,nan,-0.09447166231655046,2.0463145747685703,0.45467352725684584
H2,map-mixed-01,7027,H2_center_d06_map-mixed-01,2015,1.0,center,6.0,collision,0,1,0,335,276.41854479893334,62.19017739784365,nan,-0.11206315357175356,1.852116705232416,0.3761246346905841
H2,map-mixed-01,7027,H2_center_d06_map-mixed-01,2016,1.0,center,6.0,collision,0,1,0,278,211.4793547363488,131.97220212054611,nan,-0.3968316488656285,2.842963815817173,0.502704056933054
H2,map-mixed-01,7027,H2_center_d06_map-mixed-01,2017,1.0,center,6.0,collision,0,1,0,252,207.37739342608174,133.97076350620955,nan,-0.12404085710576851,1.6401318161812486,0.4959930998857428
H2,map-mixed-01,7027,H2_center_d06_map-mixed-01,2018,1.0,center,6.0,collision,0,1,0,261,282.25751161403866,57.52701572652882,nan,-0.18932211797827847,3.2802634698208495,0.4284871114091938
H2,map-mixed-01,7027,H2_center_d06_map-mixed-01,2019,1.0,center,6.0,collision,0,1,0,274,188.1375899376915,147.95840428837647,nan,-0.5010441277867699,1.6070195623025416,0.4478230717288224
H2,map-mixed-01,7027,H2_center_d06_map-mixed-01,2020,1.0,center,6.0,collision,0,1,0,290,282.0572451225909,61.16396014590954,nan,-0.04643603237646943,1.6812795264895892,0.32888417712456325
H2,map-mixed-01,7027,H2_center_d06_map-mixed-01,2021,1.0,center,6.0,collision,0,1,0,385,224.65608703586636,131.23591123875025,nan,-0.06405073425784735,1.6698468819705612,0.39279359331598646
H2,map-mixed-01,7027,H2_center_d06_map-mixed-01,2022,1.0,center,6.0,collision,0,1,0,157,281.5307783493066,62.06395608650446,nan,-0.16564123392370078,1.584779375910966,0.45592407883929026
H2,map-mixed-01,7027,H2_center_d06_map-mixed-01,2023,1.0,center,6.0,collision,0,1,0,257,191.71468580495858,143.9074172873438,nan,-0.00010078402328872471,3.162057176781523,0.5471941931994497
H2,map-mixed-01,7027,H2_center_d06_map-mixed-01,2024,1.0,center,6.0,collision,0,1,0,512,220.47279376234044,134.10839437300803,nan,-0.04655137835584355,1.681667349997443,0.38702519975187033
H2,map-mixed-01,7027,H2_center_d06_map-mixed-01,2025,1.0,center,6.0,success,1,0,0,758,2.8938422643077,361.9149001985068,0.9267653706465228,3.0741680693833104,1.658664073054508,0.4291390466439232
H2,map-mixed-01,7027,H2_center_d06_map-mixed-01,2026,1.0,center,6.0,collision,0,1,0,130,284.1989933827925,55.023174275646305,nan,-0.22812182367835732,4.249936361861677,0.7496627578372568
H2,map-mixed-01,7027,H2_center_d06_map-mixed-01,2027,1.0,center,6.0,success,1,0,0,707,2.801368305746886,357.8393374903392,0.9373206394169109,0.6517788793970922,1.6651826211406693,0.4498126890509171
H2,map-mixed-01,7027,H2_center_d06_map-mixed-01,2028,1.0,center,6.0,collision,0,1,0,689,170.83352155475797,203.06158421269862,nan,-0.17002820135832053,2.219028098719998,0.36978355450490025
H2,map-mixed-01,7027,H2_center_d06_map-mixed-01,2029,1.0,center,6.0,collision,0,1,0,378,225.32628836423973,133.34544524337144,nan,-0.03461739046685425,1.7083866431118706,0.43433607748744213
H2,map-mixed-01,7027,H2_center_d06_map-mixed-01,2030,1.0,center,6.0,collision,0,1,0,772,171.11090030668166,212.09654568713404,nan,-0.15302223749489485,1.681367500109962,0.40036875129391675
H2,map-mixed-01,7027,H2_center_d06_map-mixed-01,2031,1.0,center,6.0,collision,0,1,0,577,171.33100033295057,192.53151926018484,nan,-0.10411791945278992,2.2803015548235757,0.37326296684318233
H2,map-mixed-01,7027,H2_center_d06_map-mixed-01,2032,1.0,center,6.0,collision,0,1,0,289,279.9758863495486,58.70761932603034,nan,-0.09338541337489659,1.667925235480587,0.3178454874422712
H2,map-mixed-01,7027,H2_center_d06_map-mixed-01,2033,1.0,center,6.0,collision,0,1,0,288,190.26319261873132,145.65435244396542,nan,-0.42050284365544144,3.1069249032265076,0.4951767784180319
H2,map-mixed-01,7027,H2_center_d06_map-mixed-01,2034,1.0,center,6.0,success,1,0,0,775,2.8773417310822955,371.29188714153986,0.9033598854184148,1.1301141920550564,2.292014826983405,0.4976772677721237
H2,map-mixed-01,7027,H2_center_d06_map-mixed-01,2035,1.0,center,6.0,collision,0,1,0,157,276.5836591932589,60.788137963711236,nan,-0.182674029426785,1.9777794742764272,0.5147697570051645
H2,map-mixed-01,7027,H2_center_d06_map-mixed-01,2036,1.0,center,6.0,collision,0,1,0,266,201.80971371632535,136.28536363977526,nan,-0.1504917134278969,1.657369790837598,0.44518210959220966
H2,map-mixed-01,7027,H2_center_d06_map-mixed-01,2037,1.0,center,6.0,collision,0,1,0,301,207.51376639704347,133.3816756802498,nan,-0.2868748125279694,1.852245290218139,0.4008104838400378
H2,map-mixed-01,7027,H2_center_d06_map-mixed-01,2038,1.0,center,6.0,collision,0,1,0,570,215.16666884381578,132.4915979775154,nan,-0.19291341569459064,1.6104540452009461,0.34030089577670447
H2,map-mixed-01,7027,H2_center_d06_map-mixed-01,2039,1.0,center,6.0,collision,0,1,0,639,202.01130514794022,138.3755184234426,nan,-0.07095799926676705,1.6997231971643643,0.32458646951381265
H2,map-mixed-01,7027,H2_center_d06_map-mixed-01,2040,1.0,center,6.0,collision,0,1,0,542,221.0208015214175,134.6689404351946,nan,-0.11472053409266891,1.76989760170715,0.39275271330594563
H2,map-mixed-01,7027,H2_center_d06_map-mixed-01,2041,1.0,center,6.0,timeout,0,0,1,1507,75.52999298139386,269.2143925674527,nan,3.1307602959049396,1.6999907034758954,0.3484892598132988
H2,map-mixed-01,7027,H2_center_d06_map-mixed-01,2042,1.0,center,6.0,collision,0,1,0,327,272.01816409455705,65.09221334126579,nan,-0.01227166258063761,1.6405521597598707,0.34603233758462265
H2,map-mixed-01,7027,H2_center_d06_map-mixed-01,2043,1.0,center,6.0,collision,0,1,0,331,220.4051238862345,130.47681945678994,nan,-0.2119514059799883,3.0329862590737133,0.48766763311281447
H2,map-mixed-01,7027,H2_center_d06_map-mixed-01,2044,1.0,center,6.0,collision,0,1,0,322,279.5958786230374,69.922820485647,nan,-0.01670936923162003,1.932179803629726,0.3489232521650014
H2,map-mixed-01,7027,H2_center_d06_map-mixed-01,2045,1.0,center,6.0,collision,0,1,0,269,212.1143248839351,131.95393550907397,nan,-0.4637259774899576,1.558354626475022,0.423041557714465
H2,map-mixed-01,7027,H2_center_d06_map-mixed-01,2046,1.0,center,6.0,collision,0,1,0,157,284.7565596912573,55.91938602957707,nan,-0.19849741635194817,1.6410986178212639,0.48105843057691355
H2,map-mixed-01,7027,H2_center_d06_map-mixed-01,2047,1.0,center,6.0,collision,0,1,0,257,282.99904544657267,56.82187188183266,nan,-0.03721755836217966,3.101734908131112,0.5146611217918806
H2,map-mixed-01,7027,H2_center_d06_map-mixed-01,2048,1.0,center,6.0,collision,0,1,0,366,210.36773657729867,132.3235854106029,nan,-0.06781353641179066,1.6212187619206628,0.3720500671156904
H2,map-mixed-01,7027,H2_center_d06_map-mixed-01,2049,1.0,center,6.0,collision,0,1,0,185,281.6579311650375,61.9259580554333,nan,-0.09839818305627546,1.6404303668645879,0.4651453376762829
H2,map-mixed-01,7027,H2_center_d06_map-mixed-01,2050,1.0,center,6.0,collision,0,1,0,340,213.93625258746764,131.73412218239528,nan,-0.11137499177507948,1.6371954111070346,0.3619094164127699
H2,map-random-01,7001,H2_center_d08_map-random-01,2001,1.0,center,8.0,collision,0,1,0,271,279.96528734265985,63.96293178326026,nan,-0.04630588209187181,3.486090044399718,0.4247664983546447
H2,map-random-01,7001,H2_center_d08_map-random-01,2002,1.0,center,8.0,success,1,0,0,1016,2.9143220090474777,382.65648661429157,0.8765308007519909,9.06359732060259,1.6429953387472267,0.3372677206693353
H2,map-random-01,7001,H2_center_d08_map-random-01,2003,1.0,center,8.0,collision,0,1,0,163,283.5670500025226,55.279553399455814,nan,-0.08337421859653205,1.6892588295373105,0.4638421330979383
H2,map-random-01,7001,H2_center_d08_map-random-01,2004,1.0,center,8.0,collision,0,1,0,1225,95.50172489473253,258.4971023571343,nan,-0.1919444135103987,1.707368392871345,0.3389525302287561
H2,map-random-01,7001,H2_center_d08_map-random-01,2005,1.0,center,8.0,timeout,0,0,1,1507,18.02281260790525,363.7949044919141,nan,7.646719277394081,1.7114663983433118,0.32390657380489346
H2,map-random-01,7001,H2_center_d08_map-random-01,2006,1.0,center,8.0,success,1,0,0,1056,2.924189448459213,380.1028682855482,0.8824195358952018,6.424896468994512,1.653742439635601,0.34518154465444767
H2,map-random-01,7001,H2_center_d08_map-random-01,2007,1.0,center,8.0,success,1,0,0,1274,2.979764055175503,367.13667452595877,0.9135840135231518,1.8688633370139274,1.8346797410496054,0.3579796049686905
H2,map-random-01,7001,H2_center_d08_map-random-01,2008,1.0,center,8.0,success,1,0,0,1023,2.901226697167456,390.91754315284754,0.8580075325343589,9.881966916628908,1.768240549055232,0.37605003401190845
H2,map-random-01,7001,H2_center_d08_map-random-01,2009,1.0,center,8.0,collision,0,1,0,136,286.6208999488718,50.781570238364125,nan,-0.0789467574893834,2.736032968896502,0.5537857671240385
H2,map-random-01,7001,H2_center_d08_map-random-01,2010,1.0,center,8.0,collision,0,1,0,132,285.05365718768394,52.58167240453742,nan,-0.274655583815381,4.385729409215895,0.6254511499391745
H2,map-random-01,7001,H2_center_d08_map-random-01,2011,1.0,center,8.0,success,1,0,0,1395,2.934947281510389,373.029042039421,0.8991530385709834,4.858774436930395,1.7837984818517754,0.3646988085873485
H2,map-random-01,7001,H2_center_d08_map-random-01,2012,1.0,center,8.0,collision,0,1,0,134,285.2803739584854,51.998956862846555,nan,-0.0048135158426987346,1.8110994957118847,0.5005704028961884
H2,map-random-01,7001,H2_center_d08_map-random-01,2013,1.0,center,8.0,collision,0,1,0,155,279.0890756683023,64.29767314569963,nan,-0.07794164838818318,2.0285942518280358,0.5544087490287318
H2,map-random-01,7001,H2_center_d08_map-random-01,2014,1.0,center,8.0,success,1,0,0,919,2.9690950997199916,382.7819763452344,0.8762434423570119,4.547706884259793,1.767642360237827,0.3761810538841963
H2,map-random-01,7001,H2_center_d08_map-random-01,2015,1.0,center,8.0,collision,0,1,0,283,286.3674973537599,51.90932229671809,nan,-0.0499132648891063,1.8577800313621513,0.38378931765977514
H2,map-random-01,7001,H2_center_d08_map-random-01,2016,1.0,center,8.0,collision,0,1,0,572,82.07937413628551,274.0704938376871,nan,-0.07986367849724729,2.245354511067874,0.40578409232886964
H2,map-random-01,7001,H2_center_d08_map-random-01,2017,1.0,center,8.0,collision,0,1,0,495,85.33514751006429,267.3708012948548,nan,-0.08578766549162253,1.6828617712948297,0.40088888641231857
H2,map-random-01,7001,H2_center_d08_map-random-01,2018,1.0,center,8.0,collision,0,1,0,253,284.41400622922663,55.15285629010135,nan,-0.1243010012194361,3.3432514740730674,0.43476778676212346
H2,map-random-01,7001,H2_center_d08_map-random-01,2019,1.0,center,8.0,collision,0,1,0,125,282.6661084636413,53.1833486198168,nan,-0.12511664788746302,1.5957798346628207,0.5604782755871999
H2,map-random-01,7001,H2_center_d08_map-random-01,2020,1.0,center,8.0,collision,0,1,0,306,279.37784114181136,64.0236147897198,nan,-0.004990340591689346,1.7025135538320473,0.3251531535004081
H2,map-random-01,7001,H2_center_d08_map-random-01,2021,1.0,center,8.0,success,1,0,0,1416,2.9947136715329155,380.21100622583504,0.8821685620161767,13.64111491528911,1.6281736230524544,0.35284148597545306
H2,map-random-01,7001,H2_center_d08_map-random-01,2022,1.0,center,8.0,collision,0,1,0,164,278.50482265058696,65.39811856882437,nan,-0.3136757333539464,1.584537099222927,0.447871013323022
H2,map-random-01,7001,H2_center_d08_map-random-01,2023,1.0,center,8.0,collision,0,1,0,280,178.3876182338995,157.2695911325043,nan,-0.3369307954968406,3.0891620681797747,0.529284771530076
H2,map-random-01,7001,H2_center_d08_map-random-01,2024,1.0,center,8.0,collision,0,1,0,1196,82.67041447784598,292.30562003302214,nan,-0.10383366571859654,1.62692331991083,0.3552049966080317
H2,map-random-01,7001,H2_center_d08_map-random-01,2025,1.0,center,8.0,collision,0,1,0,377,148.40715026312077,188.913072242988,nan,-0.11048854256898721,1.6158861007288672,0.3911348104869536
H2,map-random-01,7001,H2_center_d08_map-random-01,2026,1.0,center,8.0,collision,0,1,0,131,283.6764169777921,55.57244980669965,nan,-9.826461353412697e-05,4.2321039073702815,0.7467358838143372
H2,map-random-01,7001,H2_center_d08_map-random-01,2027,1.0,center,8.0,collision,0,1,0,347,146.46478924429812,190.81471312639775,nan,-0.03937987274213128,1.7399126303130337,0.4288388662074281
H2,map-random-01,7001,H2_center_d08_map-random-01,2028,1.0,center,8.0,collision,0,1,0,488,221.73045437671735,145.3635326487198,nan,-0.21283157429846256,2.473596962586641,0.4013334312225628
H2,map-random-01,7001,H2_center_d08_map-random-01,2029,1.0,center,8.0,success,1,0,0,1332,2.862481268525986,396.4849280053004,0.845959513044805,24.78487839043964,1.6746908541531456,0.361164528756391
H2,map-random-01,7001,H2_center_d08_map-random-01,2030,1.0,center,8.0,collision,0,1,0,517,221.3773735573089,148.5286514063999,nan,-0.13908278144903363,1.6707483311641267,0.4010726219874422
H2,map-random-01,7001,H2_center_d08_map-random-01,2031,1.0,center,8.0,collision,0,1,0,473,204.67935541941023,153.2714043438237,nan,-0.15871071544034976,2.382509193242364,0.38502299804519446
H2,map-random-01,7001,H2_center_d08_map-random-01,2032,1.0,center,8.0,collision,0,1,0,264,284.9895069972653,53.59061099300072,nan,-0.029593997739084443,1.6743716903565948,0.32477173248703617
H2,map-random-01,7001,H2_center_d08_map-random-01,2033,1.0,center,8.0,collision,0,1,0,309,178.13183940037896,157.7875943731201,nan,-0.10591055713530295,2.987609211562888,0.48100475953922106
H2,map-random-01,7001,H2_center_d08_map-random-01,2034,1.0,center,8.0,collision,0,1,0,463,80.89091631522133,257.9147510053294,nan,-0.008823722645644239,2.7253149757724215,0.46118459680793766
H2,map-random-01,7001,H2_center_d08_map-random-01,2035,1.0,center,8.0,collision,0,1,0,140,285.89955619877526,51.201928366998445,nan,-0.30101217531900915,1.9708884815704024,0.5315202577534222
H2,map-random-01,7001,H2_center_d08_map-random-01,2036,1.0,center,8.0,collision,0,1,0,364,148.90443928998704,192.68388881703953,nan,-0.15003132430551602,1.6491382254303584,0.41610259901993984
H2,map-random-01,7001,H2_center_d08_map-random-01,2037,1.0,center,8.0,collision,0,1,0,579,88.06662662986304,262.539607720371,nan,-0.004140716005409217,1.7090769755116981,0.360557041609242
H2,map-random-01,7001,H2_center_d08_map-random-01,2038,1.0,center,8.0,collision,0,1,0,1311,96.48091807777064,260.9622463687033,nan,-0.04072599481986572,1.6512283072651726,0.34957336827965935
H2,map-random-01,7001,H2_center_d08_map-random-01,2039,1.0,center,8.0,collision,0,1,0,860,148.69102401857464,192.58554710025024,nan,-0.021263717812473715,1.6573920367638268,0.3272276200759706
H2,map-random-01,7001,H2_center_d08_map-random-01,2040,1.0,center,8.0,collision,0,1,0,1347,87.22903296280619,281.6809667395951,nan,-0.06995166325397406,1.7218173238801155,0.34529864860636567
H2,map-random-01,7001,H2_center_d08_map-random-01,2041,1.0,center,8.0,timeout,0,0,1,1507,75.52999298139386,269.2143925674527,nan,0.6763811037999735,1.6999907034758954,0.3484892598132988
H2,map-random-01,7001,H2_center_d08_map-random-01,2042,1.0,center,8.0,collision,0,1,0,226,287.9005581281932,48.721330487702616,nan,-0.0073615452878499354,1.6839681946034608,0.3591845540987399
H2,map-random-01,7001,H2_center_d08_map-random-01,2043,1.0,center,8.0,success,1,0,0,1214,2.895255982218135,399.3527262247626,0.8398845797191173,25.792870637466162,2.035961969874048,0.39564308549657373
H2,map-random-01,7001,H2_center_d08_map-random-01,2044,1.0,center,8.0,collision,0,1,0,618,206.84274027816411,152.72817244205157,nan,-0.009893202306514581,1.7968298916034227,0.33454366081499903
H2,map-random-01,7001,H2_center_d08_map-random-01,2045,1.0,center,8.0,success,1,0,0,861,2.893673402757592,382.3597431918114,0.8772110626110275,5.006152388813428,1.5836286963592194,0.3818357844934163
H2,map-random-01,7001,H2_center_d08_map-random-01,2046,1.0,center,8.0,collision,0,1,0,165,282.20070220261863,58.53933131451221,nan,-0.1525091733278643,1.6489149593910135,0.4676901362228512
H2,map-random-01,7001,H2_center_d08_map-random-01,2047,1.0,center,8.0,collision,0,1,0,253,284.0449746316639,55.694867588362726,nan,-0.1752033747397661,3.116378207402906,0.516411652315973
H2,map-random-01,7001,H2_center_d08_map-random-01,2048,1.0,center,8.0,success,1,0,0,1170,2.9630967251975906,369.2691768667792,0.9083081330288609,4.711466108533487,1.6199823095866868,0.3272761519616717
H2,map-random-01,7001,H2_center_d08_map-random-01,2049,1.0,center,8.0,collision,0,1,0,192,279.019979134649,64.72704782877423,nan,-0.04254381092269455,1.6370015033182272,0.462891203784895
H2,map-random-01,7001,H2_center_d08_map-random-01,2050,1.0,center,8.0,success,1,0,0,1207,2.9212531274830416,383.6411206892898,0.8742811407242671,15.718548745028869,1.6716492616574379,0.3449915215785326
H2,map-corridor-01,7013,H2_center_d08_map-corridor-01,2001,1.0,center,8.0,collision,0,1,0,341,268.09347877947795,78.66922520469888,nan,-0.0424937871726101,3.0692049266501047,0.418044746296123
H2,map-corridor-01,7013,H2_center_d08_map-corridor-01,2002,1.0,center,8.0,collision,0,1,0,273,231.85969837121002,112.17501828432705,nan,-0.06637947771652364,1.7151333485179525,0.368057678949781
H2,map-corridor-01,7013,H2_center_d08_map-corridor-01,2003,1.0,center,8.0,collision,0,1,0,193,273.548129332562,65.73720942569966,nan,-0.016509579793833495,1.6892467383163927,0.43122592263630605
H2,map-corridor-01,7013,H2_center_d08_map-corridor-01,2004,1.0,center,8.0,collision,0,1,0,255,287.5548326500364,50.11901892403751,nan,-0.048573830391205775,1.9231034438091243,0.39384200664726654
H2,map-corridor-01,7013,H2_center_d08_map-corridor-01,2005,1.0,center,8.0,collision,0,1,0,702,188.094425852318,182.88450960712456,nan,-0.008409208185256034,1.7247756925604536,0.3395144909045975
H2,map-corridor-01,7013,H2_center_d08_map-corridor-01,2006,1.0,center,8.0,collision,0,1,0,137,289.11908445566763,48.448792346492134,nan,-0.3746426845436446,1.7277605256044266,0.5196961440253381
H2,map-corridor-01,7013,H2_center_d08_map-corridor-01,2007,1.0,center,8.0,collision,0,1,0,506,180.27838736804432,178.2979953898583,nan,-0.13529712430394625,2.0845496480589727,0.38316886630871766
H2,map-corridor-01,7013,H2_center_d08_map-corridor-01,2008,1.0,center,8.0,collision,0,1,0,264,233.0625519043244,112.64884143645054,nan,-0.01912062365315137,1.9767005144724754,0.4426489176513383
H2,map-corridor-01,7013,H2_center_d08_map-corridor-01,2009,1.0,center,8.0,collision,0,1,0,157,275.56993867119763,62.588693340217084,nan,-0.3348419352647696,2.5692328339382007,0.5248799101851614
H2,map-corridor-01,7013,H2_center_d08_map-corridor-01,2010,1.0,center,8.0,collision,0,1,0,154,274.8992248196862,63.337742435764724,nan,-0.02969369250087084,4.008062948957877,0.5807921141506052
H2,map-corridor-01,7013,H2_center_d08_map-corridor-01,2011,1.0,center,8.0,collision,0,1,0,592,176.14560959422607,179.45140380707505,nan,-0.03923308941742221,1.993322960140094,0.3807591924005795
H2,map-corridor-01,7013,H2_center_d08_map-corridor-01,2012,1.0,center,8.0,collision,0,1,0,155,275.3145564929263,62.14496167154855,nan,-0.22800963766007953,1.7654552022372891,0.45918983862369944
H2,map-corridor-01,7013,H2_center_d08_map-corridor-01,2013,1.0,center,8.0,collision,0,1,0,180,267.66509272444137,77.82858214033438,nan,-0.1896013724674006,1.9520767148848026,0.517062070028264
H2,map-corridor-01,7013,H2_center_d08_map-corridor-01,2014,1.0,center,8.0,collision,0,1,0,117,285.79908117787807,49.81372419615277,nan,-0.26803816102263767,2.460343718075942,0.6425688891753109
H2,map-corridor-01,7013,H2_center_d08_map-corridor-01,2015,1.0,center,8.0,collision,0,1,0,336,276.19255826175066,62.42454357457274,nan,-0.1360630054394747,1.8533194439752638,0.3764134262938547
H2,map-corridor-01,7013,H2_center_d08_map-corridor-01,2016,1.0,center,8.0,collision,0,1,0,126,289.64485450592974,47.9921073971243,nan,-0.045969014725464774,4.331410645568259,0.7383503794036642
H2,map-corridor-01,7013,H2_center_d08_map-corridor-01,2017,1.0,center,8.0,collision,0,1,0,121,286.72437096781374,49.99190863273419,nan,-0.4031762422491241,1.6110581503820012,0.5927325800171837
H2,map-corridor-01,7013,H2_center_d08_map-corridor-01,2018,1.0,center,8.0,collision,0,1,0,299,273.1858225538462,67.86576886587059,nan,-0.03115993973853648,3.0567079780842747,0.4076202728504684
H2,map-corridor-01,7013,H2_center_d08_map-corridor-01,2019,1.0,center,8.0,collision,0,1,0,128,280.666294767701,55.18745956575093,nan,-0.4304729922235637,1.6078086713261868,0.5525945135012904
H2,map-corridor-01,7013,H2_center_d08_map-corridor-01,2020,1.0,center,8.0,collision,0,1,0,357,268.9813931095631,75.3162780188701,nan,-0.081287630848486,1.6839993581247554,0.32767242022440396
H2,map-corridor-01,7013,H2_center_d08_map-corridor-01,2021,1.0,center,8.0,collision,0,1,0,540,181.17032539640599,179.55685741782753,nan,-0.03170996802202808,1.6322466031379343,0.3738018877853087
H2,map-corridor-01,7013,H2_center_d08_map-corridor-01,2022,1.0,center,8.0,collision,0,1,0,188,268.2559541533095,76.54989225130882,nan,-0.2770728676627314,1.582513908940516,0.4143391754746907
H2,map-corridor-01,7013,H2_center_d08_map-corridor-01,2023,1.0,center,8.0,collision,0,1,0,110,283.90749500590357,51.6467385659043,nan,-0.041022078415323904,5.2285371876665225,0.8993220249198446
H2,map-corridor-01,7013,H2_center_d08_map-corridor-01,2024,1.0,center,8.0,collision,0,1,0,444,235.97855078662073,115.84714171135228,nan,-0.0890590731032983,1.694308655819277,0.38570151634772765
H2,map-corridor-01,7013,H2_center_d08_map-corridor-01,2025,1.0,center,8.0,collision,0,1,0,129,284.63146873036425,50.76155353359118,nan,-0.4915073941164394,1.7812354823558094,0.48820761179441746
H2,map-corridor-01,7013,H2_center_d08_map-corridor-01,2026,1.0,center,8.0,collision,0,1,0,150,273.35432135008614,66.4226586422858,nan,-0.08218989263111354,3.921251788785995,0.6844916372005206
H2,map-corridor-01,7013,H2_center_d08_map-corridor-01,2027,1.0,center,8.0,collision,0,1,0,128,283.21601210687686,52.35134365840578,nan,-0.05209240441534746,1.725186971902882,0.57332026639221
H2,map-corridor-01,7013,H2_center_d08_map-corridor-01,2028,1.0,center,8.0,collision,0,1,0,623,189.06411591214018,182.8700429253489,nan,-0.2123845040196386,2.289968816344234,0.3803180447193273
H2,map-corridor-01,7013,H2_center_d08_map-corridor-01,2029,1.0,center,8.0,collision,0,1,0,476,188.58313694321873,177.57450579300638,nan,-0.05570082043249158,1.65179758551825,0.4106342645315186
H2,map-corridor-01,7013,H2_center_d08_map-corridor-01,2030,1.0,center,8.0,timeout,0,0,1,1507,16.215252235211537,381.3329762195595,nan,1.4682122493209158,1.690079800889508,0.3685738887470007
H2,map-corridor-01,7013,H2_center_d08_map-corridor-01,2031,1.0,center,8.0,collision,0,1,0,270,264.15177942767184,88.20053278667743,nan,-0.18604227977734666,2.96745252293941,0.456850752440879
H2,map-corridor-01,7013,H2_center_d08_map-corridor-01,2032,1.0,center,8.0,collision,0,1,0,308,275.60964159520415,63.09773391379431,nan,-0.21295038043633951,1.6877474950131721,0.33256213536610285
H2,map-corridor-01,7013,H2_center_d08_map-corridor-01,2033,1.0,center,8.0,collision,0,1,0,129,282.50895481248085,53.252513530902064,nan,-0.0883592139424394,4.858771601901231,0.7543928029808209
H2,map-corridor-01,7013,H2_center_d08_map-corridor-01,2034,1.0,center,8.0,collision,0,1,0,128,284.39076280833893,52.02510098439201,nan,-0.4029571506629992,5.4961448114913365,0.7625577079038517
H2,map-corridor-01,7013,H2_center_d08_map-corridor-01,2035,1.0,center,8.0,collision,0,1,0,158,276.01749052303586,61.3726116113766,nan,-0.20297923665943074,1.975090593345545,0.512568351912498
H2,map-corridor-01,7013,H2_center_d08_map-corridor-01,2036,1.0,center,8.0,collision,0,1,0,119,285.66678025181903,50.089589867038114,nan,-0.007264786678575774,1.7032451778481799,0.5745154900671723
H2,map-corridor-01,7013,H2_center_d08_map-corridor-01,2037,1.0,center,8.0,collision,0,1,0,133,289.22979939908663,48.2560389461253,nan,-0.3380287320164044,2.1831471144502594,0.5030746167330953
H2,map-corridor-01,7013,H2_center_d08_map-corridor-01,2038,1.0,center,8.0,collision,0,1,0,501,234.52211083113932,112.54865511861306,nan,-0.055246666446748804,1.6231070706644233,0.34300713549394285
H2,map-corridor-01,7013,H2_center_d08_map-corridor-01,2039,1.0,center,8.0,collision,0,1,0,242,289.80897147969546,48.34621795750466,nan,-0.159486586611294,1.6767983357309553,0.33713065032151646
H2,map-corridor-01,7013,H2_center_d08_map-corridor-01,2040,1.0,center,8.0,collision,0,1,0,192,289.42849735257255,47.990721128148046,nan,-0.183867972935019,1.9488714863013785,0.47520944944067395
H2,map-corridor-01,7013,H2_center_d08_map-corridor-01,2041,1.0,center,8.0,collision,0,1,0,327,284.72838747464215,51.795868450447415,nan,-0.031134652036989507,1.6870655677692048,0.3329868991706964
H2,map-corridor-01,7013,H2_center_d08_map-corridor-01,2042,1.0,center,8.0,collision,0,1,0,284,278.01349553160827,58.79885857969696,nan,-0.11620556802539284,1.6539645547197848,0.3366659761295549
H2,map-corridor-01,7013,H2_center_d08_map-corridor-01,2043,1.0,center,8.0,collision,0,1,0,314,228.67698843772916,121.54329123327376,nan,-0.12923620523164736,3.0893202578076875,0.4912671284691829
H2,map-corridor-01,7013,H2_center_d08_map-corridor-01,2044,1.0,center,8.0,collision,0,1,0,374,266.5985309171851,84.19532484702259,nan,-0.049584307362366076,1.8962286460303328,0.33746087827388016
H2,map-corridor-01,7013,H2_center_d08_map-corridor-01,2045,1.0,center,8.0,collision,0,1,0,234,229.2539319295516,113.31760690576259,nan,-0.27369958551926743,1.5647875557091093,0.4464066715963916
H2,map-corridor-01,7013,H2_center_d08_map-corridor-01,2046,1.0,center,8.0,collision,0,1,0,192,272.47351435689205,68.56612430494465,nan,-0.09529263975638003,1.662616616837741,0.4420419664704665
H2,map-corridor-01,7013,H2_center_d08_map-corridor-01,2047,1.0,center,8.0,collision,0,1,0,292,274.1075347087258,66.03809644880609,nan,-0.07200824068787881,2.938042785385012,0.4879803126365229
H2,map-corridor-01,7013,H2_center_d08_map-corridor-01,2048,1.0,center,8.0,collision,0,1,0,172,289.03769361670453,48.346641019178925,nan,-0.2038638225287812,1.6189436632595908,0.434654454272465
H2,map-corridor-01,7013,H2_center_d08_map-corridor-01,2049,1.0,center,8.0,collision,0,1,0,221,268.6537901057028,75.92463717227106,nan,-0.15301308904892608,1.624012748397062,0.4325326232450865
H2,map-corridor-01,7013,H2_center_d08_map-corridor-01,2050,1.0,center,8.0,collision,0,1,0,296,228.84536330242517,113.8158293067964,nan,-0.23566735710458886,1.6466662573974447,0.3678679824531215
H2,map-barrier-01,7019,H2_center_d08_map-barrier-01,2001,1.0,center,8.0,collision,0,1,0,767,169.37034497462716,191.38373571023158,nan,-0.013458662247558095,2.307712898417276,0.37891033390806295
H2,map-barrier-01,7019,H2_center_d08_map-barrier-01,2002,1.0,center,8.0,collision,0,1,0,317,212.90671254708477,133.67858376243302,nan,-0.32570303180833093,1.7414692039209743,0.3582563893562874
H2,map-barrier-01,7019,H2_center_d08_map-barrier-01,2003,1.0,center,8.0,collision,0,1,0,464,170.8869470211144,177.0900634113147,nan,-0.2607932740838521,1.680040081464226,0.34874472301557524
H2,map-barrier-01,7019,H2_center_d08_map-barrier-01,2004,1.0,center,8.0,collision,0,1,0,683,207.49451612962088,137.54842548814332,nan,-0.20862861581352377,1.7150244497632199,0.3435985234794663
H2,map-barrier-01,7019,H2_center_d08_map-barrier-01,2005,1.0,center,8.0,timeout,0,0,1,1507,18.02281260790525,363.7949044919141,nan,1.8995527110763517,1.7114663983433118,0.32390657380489346
H2,map-barrier-01,7019,H2_center_d08_map-barrier-01,2006,1.0,center,8.0,collision,0,1,0,346,214.67016872387373,133.87493175337528,nan,-0.13129529952351504,1.6792176290248526,0.39927449840340895
H2,map-barrier-01,7019,H2_center_d08_map-barrier-01,2007,1.0,center,8.0,collision,0,1,0,375,220.01732538452697,133.40434385907582,nan,-0.2544560833938192,2.2338680320829454,0.4272088882236841
H2,map-barrier-01,7019,H2_center_d08_map-barrier-01,2008,1.0,center,8.0,collision,0,1,0,311,211.39909857864424,135.30625207759493,nan,-0.3538398737065904,1.9156393892967252,0.4147187858618559
H2,map-barrier-01,7019,H2_center_d08_map-barrier-01,2009,1.0,center,8.0,collision,0,1,0,358,174.3091434098628,169.01604149772788,nan,-0.2946635694734425,2.023746235376473,0.43916288474596243
H2,map-barrier-01,7019,H2_center_d08_map-barrier-01,2010,1.0,center,8.0,collision,0,1,0,383,170.66595962008728,177.961860586203,nan,-0.16199801831814398,2.5558752246085934,0.43170179329829655
H2,map-barrier-01,7019,H2_center_d08_map-barrier-01,2011,1.0,center,8.0,collision,0,1,0,447,219.12409582940896,133.35231543651713,nan,-0.1619316177931296,2.094958385428969,0.4050396969370844
H2,map-barrier-01,7019,H2_center_d08_map-barrier-01,2012,1.0,center,8.0,collision,0,1,0,382,172.04644036576795,173.65388456599612,nan,-0.2883664408981872,1.672665674094012,0.38718540410544716
H2,map-barrier-01,7019,H2_center_d08_map-barrier-01,2013,1.0,center,8.0,collision,0,1,0,407,169.05858790849325,186.59539634340067,nan,-0.214523018552228,1.765960429244677,0.4000903687857879
H2,map-barrier-01,7019,H2_center_d08_map-barrier-01,2014,1.0,center,8.0,collision,0,1,0,273,204.23180785401564,136.91404247968603,nan,-0.05298738522532176,2.029758036369784,0.45436873676898076
H2,map-barrier-01,7019,H2_center_d08_map-barrier-01,2015,1.0,center,8.0,collision,0,1,0,790,175.33154857291544,168.4068190649441,nan,-0.05696176396625674,1.7586256276854668,0.3433621461672102
H2,map-barrier-01,7019,H2_center_d08_map-barrier-01,2016,1.0,center,8.0,collision,0,1,0,284,208.8811790673049,134.85015204221463,nan,-0.22263425293829187,2.8046616532237714,0.497891447151327
H2,map-barrier-01,7019,H2_center_d08_map-barrier-01,2017,1.0,center,8.0,collision,0,1,0,257,204.31081810841084,137.13873174309003,nan,-0.09907962004638193,1.637316171361026,0.49563890702379976
H2,map-barrier-01,7019,H2_center_d08_map-barrier-01,2018,1.0,center,8.0,collision,0,1,0,743,170.57831020477354,181.89624575220958,nan,-0.0027183699132251604,2.219491703112278,0.3415589500093512
H2,map-barrier-01,7019,H2_center_d08_map-barrier-01,2019,1.0,center,8.0,success,1,0,0,679,2.9349540949246933,358.3975690596276,0.9358606909779719,7.67879126157313,1.6121425142462027,0.45134264512143246
H2,map-barrier-01,7019,H2_center_d08_map-barrier-01,2020,1.0,center,8.0,collision,0,1,0,839,168.83831245605543,189.4913822294259,nan,-0.12707170177520766,1.6450190802849505,0.31585222099775223
H2,map-barrier-01,7019,H2_center_d08_map-barrier-01,2021,1.0,center,8.0,collision,0,1,0,395,221.89935294895017,134.40553746760088,nan,-0.17429812666685507,1.6631795526756932,0.39042882648255267
H2,map-barrier-01,7019,H2_center_d08_map-barrier-01,2022,1.0,center,8.0,collision,0,1,0,406,169.91692206419015,182.54940685867194,nan,-0.20345044025751235,1.591914776788784,0.38537233962313716
H2,map-barrier-01,7019,H2_center_d08_map-barrier-01,2023,1.0,center,8.0,success,1,0,0,576,2.735789795402069,333.7884639644535,1.0,11.430415563641867,2.3631278077039193,0.4405829919910241
H2,map-barrier-01,7019,H2_center_d08_map-barrier-01,2024,1.0,center,8.0,collision,0,1,0,523,218.04467036654512,137.28861571236376,nan,-0.22612036901929855,1.6830804619190844,0.3845483033325682
H2,map-barrier-01,7019,H2_center_d08_map-barrier-01,2025,1.0,center,8.0,success,1,0,0,758,2.8938422643077,361.9149001985068,0.9267653706465228,1.633516582727381,1.658664073054508,0.4291390466439232
H2,map-barrier-01,7019,H2_center_d08_map-barrier-01,2026,1.0,center,8.0,collision,0,1,0,321,173.81888325560897,169.92306794221474,nan,-0.11510990125390208,2.7370415024408947,0.4789105251720507
H2,map-barrier-01,7019,H2_center_d08_map-barrier-01,2027,1.0,center,8.0,success,1,0,0,707,2.801368305746886,357.8393374903392,0.9373206394169109,5.608741808243363,1.6651826211406693,0.4498126890509171
H2,map-barrier-01,7019,H2_center_d08_map-barrier-01,2028,1.0,center,8.0,collision,0,1,0,701,167.78270144822417,206.49908828780354,nan,-0.21799893372218548,2.2044196487969985,0.36953973276585395
H2,map-barrier-01,7019,H2_center_d08_map-barrier-01,2029,1.0,center,8.0,collision,0,1,0,379,224.97665950677637,133.776699471968,nan,-0.07912194644114297,1.7050266906094624,0.43448589456949227
H2,map-barrier-01,7019,H2_center_d08_map-barrier-01,2030,1.0,center,8.0,collision,0,1,0,785,168.20905366553777,215.18195970846838,nan,-0.11104894363811013,1.681447944054183,0.40063387730748296
H2,map-barrier-01,7019,H2_center_d08_map-barrier-01,2031,1.0,center,8.0,collision,0,1,0,587,168.1721923040832,196.33491951334523,nan,-0.11856784415755328,2.276623931940996,0.3786392263429699
H2,map-barrier-01,7019,H2_center_d08_map-barrier-01,2032,1.0,center,8.0,collision,0,1,0,782,175.06916584361636,167.07103663754208,nan,-0.03599641955574384,1.7071047370795729,0.33887489785854746
H2,map-barrier-01,7019,H2_center_d08_map-barrier-01,2033,1.0,center,8.0,success,1,0,0,596,2.5907448295456006,333.7652421324144,1.0,13.230375981653944,2.3506869201859533,0.40070475348489376
H2,map-barrier-01,7019,H2_center_d08_map-barrier-01,2034,1.0,center,8.0,success,1,0,0,775,2.8773417310822955,371.29188714153986,0.9033598854184148,2.954292188651991,2.292014826983405,0.4976772677721237
H2,map-barrier-01,7019,H2_center_d08_map-barrier-01,2035,1.0,center,8.0,collision,0,1,0,348,172.4037764110767,171.9239828374623,nan,-0.41241333475568354,1.7830280333933695,0.3944370180593491
H2,map-barrier-01,7019,H2_center_d08_map-barrier-01,2036,1.0,center,8.0,collision,0,1,0,272,198.59851403190754,139.64635237075817,nan,-0.3949587006014781,1.6531207552700713,0.4399412704501889
H2,map-barrier-01,7019,H2_center_d08_map-barrier-01,2037,1.0,center,8.0,collision,0,1,0,307,204.6880426876333,136.37174014586986,nan,-0.16477397528220195,1.8365106254087453,0.4021793897813326
H2,map-barrier-01,7019,H2_center_d08_map-barrier-01,2038,1.0,center,8.0,collision,0,1,0,581,212.5200094863614,135.5179846274656,nan,-0.18380048721064668,1.6093761947878955,0.3390296425167887
H2,map-barrier-01,7019,H2_center_d08_map-barrier-01,2039,1.0,center,8.0,collision,0,1,0,651,198.67045068234145,141.78086617378992,nan,-0.24467427392318086,1.6951498442833812,0.3252218846922003
H2,map-barrier-01,7019,H2_center_d08_map-barrier-01,2040,1.0,center,8.0,collision,0,1,0,555,218.3527762000946,137.7880362099799,nan,-0.20041241825771294,1.7585488673875698,0.39023920527913625
H2,map-barrier-01,7019,H2_center_d08_map-barrier-01,2041,1.0,center,8.0,timeout,0,0,1,1507,75.52999298139386,269.2143925674527,nan,1.3106336967778796,1.6999907034758954,0.3484892598132988
H2,map-barrier-01,7019,H2_center_d08_map-barrier-01,2042,1.0,center,8.0,collision,0,1,0,823,156.95064597150096,182.4390471414698,nan,-0.0018892172302713561,1.6503416547083225,0.33269781954049366
H2,map-barrier-01,7019,H2_center_d08_map-barrier-01,2043,1.0,center,8.0,collision,0,1,0,337,217.78471783015098,133.3945433986336,nan,-0.0511110745147505,3.015886174075249,0.4871867749063644
H2,map-barrier-01,7019,H2_center_d08_map-barrier-01,2044,1.0,center,8.0,collision,0,1,0,784,168.46277007852677,195.26925591011877,nan,-0.2021184176033728,1.7680232142594199,0.3323533822119448
H2,map-barrier-01,7019,H2_center_d08_map-barrier-01,2045,1.0,center,8.0,collision,0,1,0,274,209.78374061864085,134.584461600133,nan,-0.061623460562088894,1.5479323700460261,0.41936122356100614
H2,map-barrier-01,7019,H2_center_d08_map-barrier-01,2046,1.0,center,8.0,collision,0,1,0,612,169.039681225376,188.76007758072495,nan,-0.08502416302610527,1.6487120150457288,0.381734541101298
H2,map-barrier-01,7019,H2_center_d08_map-barrier-01,2047,1.0,center,8.0,collision,0,1,0,874,170.0972016586749,186.00297639886966,nan,-0.07426784305550882,2.1280707946162103,0.40588078722453974
H2,map-barrier-01,7019,H2_center_d08_map-barrier-01,2048,1.0,center,8.0,collision,0,1,0,374,207.25523831143548,135.6420448017977,nan,-0.26524878432704213,1.6219788251503695,0.36757759644186705
H2,map-barrier-01,7019,H2_center_d08_map-barrier-01,2049,1.0,center,8.0,collision,0,1,0,553,168.12854885374438,195.9842523018683,nan,-0.05533406189235279,1.6839890124067787,0.3792142409959189
H2,map-barrier-01,7019,H2_center_d08_map-barrier-01,2050,1.0,center,8.0,collision,0,1,0,348,211.42576809994756,134.8776246645877,nan,-0.2540231137260207,1.6449387900865233,0.3615067717204566
H2,map-mixed-01,7027,H2_center_d08_map-mixed-01,2001,1.0,center,8.0,collision,0,1,0,260,282.7993246842374,60.811722886051925,nan,-0.09465066106763942,3.5653610799068103,0.4292726372891396
H2,map-mixed-01,7027,H2_center_d08_map-mixed-01,2002,1.0,center,8.0,collision,0,1,0,311,215.5076611305817,130.6563028104529,nan,-0.32740903461188964,1.7458622580923424,0.360010831635022
H2,map-mixed-01,7027,H2_center_d08_map-mixed-01,2003,1.0,center,8.0,collision,0,1,0,161,284.20922128993686,54.600232467310605,nan,-0.21689901650688626,1.6765591362189012,0.4584494828122807
H2,map-mixed-01,7027,H2_center_d08_map-mixed-01,2004,1.0,center,8.0,collision,0,1,0,669,210.3393182463528,134.38687308175463,nan,-0.09840196637767917,1.7118274690517454,0.3434450940811391
H2,map-mixed-01,7027,H2_center_d08_map-mixed-01,2005,1.0,center,8.0,timeout,0,0,1,1507,18.02281260790525,363.7949044919141,nan,3.2712937008411727,1.7114663983433118,0.32390657380489346
H2,map-mixed-01,7027,H2_center_d08_map-mixed-01,2006,1.0,center,8.0,collision,0,1,0,339,217.0015583254956,130.97433539094055,nan,-0.23225421601785,1.6834135036410074,0.4018599991224966
H2,map-mixed-01,7027,H2_center_d08_map-mixed-01,2007,1.0,center,8.0,collision,0,1,0,366,222.756274230155,130.21003910654406,nan,-0.10115599656143104,2.2561783551479015,0.42996035791273796
H2,map-mixed-01,7027,H2_center_d08_map-mixed-01,2008,1.0,center,8.0,collision,0,1,0,303,214.70886252276907,131.80183428766605,nan,-0.024560359467756143,1.8974520510081658,0.4156038886344534
H2,map-mixed-01,7027,H2_center_d08_map-mixed-01,2009,1.0,center,8.0,collision,0,1,0,154,277.224900621863,60.822007371640375,nan,-0.13027657492770572,2.603625676303312,0.5246112457443988
H2,map-mixed-01,7027,H2_center_d08_map-mixed-01,2010,1.0,center,8.0,collision,0,1,0,143,279.7998223499362,58.109552237077175,nan,-0.15899613470391927,4.161108776246575,0.6038121531551089
H2,map-mixed-01,7027,H2_center_d08_map-mixed-01,2011,1.0,center,8.0,collision,0,1,0,438,221.86819584851062,130.3461309308125,nan,-0.2685751827568481,2.0995470564429137,0.4107651834778828
H2,map-mixed-01,7027,H2_center_d08_map-mixed-01,2012,1.0,center,8.0,collision,0,1,0,147,279.10313450070703,58.30181150428886,nan,-0.15014219878164425,1.7846277006988325,0.4757746769561555
H2,map-mixed-01,7027,H2_center_d08_map-mixed-01,2013,1.0,center,8.0,collision,0,1,0,149,281.8833601701543,61.00806919327803,nan,-0.27503480920844225,2.0021408706255626,0.5616949188628756
H2,map-mixed-01,7027,H2_center_d08_map-mixed-01,2014,1.0,center,8.0,collision,0,1,0,268,206.93334580891067,133.91906631645168,nan,-0.09447166231655046,2.0463145747685703,0.45467352725684584
H2,map-mixed-01,7027,H2_center_d08_map-mixed-01,2015,1.0,center,8.0,collision,0,1,0,335,276.41854479893334,62.19017739784365,nan,-0.11206315357175356,1.852116705232416,0.3761246346905841
H2,map-mixed-01,7027,H2_center_d08_map-mixed-01,2016,1.0,center,8.0,collision,0,1,0,278,211.4793547363488,131.97220212054611,nan,-0.3968316488656285,2.842963815817173,0.502704056933054
H2,map-mixed-01,7027,H2_center_d08_map-mixed-01,2017,1.0,center,8.0,collision,0,1,0,252,207.37739342608174,133.97076350620955,nan,-0.12404085710576851,1.6401318161812486,0.4959930998857428
H2,map-mixed-01,7027,H2_center_d08_map-mixed-01,2018,1.0,center,8.0,collision,0,1,0,261,282.25751161403866,57.52701572652882,nan,-0.18932211797827847,3.2802634698208495,0.4284871114091938
H2,map-mixed-01,7027,H2_center_d08_map-mixed-01,2019,1.0,center,8.0,collision,0,1,0,274,188.1428181022935,147.95346358963073,nan,-0.4946835932180136,1.6119584788974004,0.447807330735857
H2,map-mixed-01,7027,H2_center_d08_map-mixed-01,2020,1.0,center,8.0,collision,0,1,0,290,282.0572451225909,61.16396014590954,nan,-0.04643603237646943,1.6812795264895892,0.32888417712456325
H2,map-mixed-01,7027,H2_center_d08_map-mixed-01,2021,1.0,center,8.0,collision,0,1,0,385,224.65608703586636,131.23591123875025,nan,-0.06405073425784735,1.6698468819705612,0.39279359331598646
H2,map-mixed-01,7027,H2_center_d08_map-mixed-01,2022,1.0,center,8.0,collision,0,1,0,157,281.5307783493066,62.06395608650446,nan,-0.16564123392370078,1.584779375910966,0.45592407883929026
H2,map-mixed-01,7027,H2_center_d08_map-mixed-01,2023,1.0,center,8.0,collision,0,1,0,257,191.71468580495858,143.9074172873438,nan,-0.00010078402328872471,3.162057176781523,0.5471941931994497
H2,map-mixed-01,7027,H2_center_d08_map-mixed-01,2024,1.0,center,8.0,collision,0,1,0,512,220.47279376234044,134.10839437300803,nan,-0.04655137835584355,1.681667349997443,0.38702519975187033
H2,map-mixed-01,7027,H2_center_d08_map-mixed-01,2025,1.0,center,8.0,success,1,0,0,758,2.8938422643077,361.9149001985068,0.9267653706465228,3.0741680693833104,1.658664073054508,0.4291390466439232
H2,map-mixed-01,7027,H2_center_d08_map-mixed-01,2026,1.0,center,8.0,collision,0,1,0,130,284.1989933827925,55.023174275646305,nan,-0.22812182367835732,4.249936361861677,0.7496627578372568
H2,map-mixed-01,7027,H2_center_d08_map-mixed-01,2027,1.0,center,8.0,success,1,0,0,707,2.801368305746886,357.8393374903392,0.9373206394169109,0.6517788793970922,1.6651826211406693,0.4498126890509171
H2,map-mixed-01,7027,H2_center_d08_map-mixed-01,2028,1.0,center,8.0,collision,0,1,0,689,170.83352155475797,203.06158421269862,nan,-0.17002820135832053,2.219028098719998,0.36978355450490025
H2,map-mixed-01,7027,H2_center_d08_map-mixed-01,2029,1.0,center,8.0,collision,0,1,0,378,225.32628836423973,133.34544524337144,nan,-0.03461739046685425,1.7083866431118706,0.43433607748744213
H2,map-mixed-01,7027,H2_center_d08_map-mixed-01,2030,1.0,center,8.0,collision,0,1,0,772,171.11090030668166,212.09654568713404,nan,-0.15302223749489485,1.681367500109962,0.40036875129391675
H2,map-mixed-01,7027,H2_center_d08_map-mixed-01,2031,1.0,center,8.0,collision,0,1,0,577,171.33100033295057,192.53151926018484,nan,-0.10411791945278992,2.2803015548235757,0.37326296684318233
H2,map-mixed-01,7027,H2_center_d08_map-mixed-01,2032,1.0,center,8.0,collision,0,1,0,289,279.9758863495486,58.70761932603034,nan,-0.09338541337489659,1.667925235480587,0.3178454874422712
H2,map-mixed-01,7027,H2_center_d08_map-mixed-01,2033,1.0,center,8.0,collision,0,1,0,288,190.2649491229627,145.65259619802643,nan,-0.41892232185966805,3.1076100682216103,0.49539046140264503
H2,map-mixed-01,7027,H2_center_d08_map-mixed-01,2034,1.0,center,8.0,success,1,0,0,775,2.8773417310822955,371.29188714153986,0.9033598854184148,1.1301141920550564,2.292014826983405,0.4976772677721237
H2,map-mixed-01,7027,H2_center_d08_map-mixed-01,2035,1.0,center,8.0,collision,0,1,0,157,276.5836591932589,60.788137963711236,nan,-0.182674029426785,1.9777794742764272,0.5147697570051645
H2,map-mixed-01,7027,H2_center_d08_map-mixed-01,2036,1.0,center,8.0,collision,0,1,0,266,201.80971371632535,136.28536363977526,nan,-0.1504917134278969,1.657369790837598,0.44518210959220966
H2,map-mixed-01,7027,H2_center_d08_map-mixed-01,2037,1.0,center,8.0,collision,0,1,0,301,207.51376639704347,133.3816756802498,nan,-0.2868748125279694,1.852245290218139,0.4008104838400378
H2,map-mixed-01,7027,H2_center_d08_map-mixed-01,2038,1.0,center,8.0,collision,0,1,0,570,215.16666884381578,132.4915979775154,nan,-0.19291341569459064,1.6104540452009461,0.34030089577670447
H2,map-mixed-01,7027,H2_center_d08_map-mixed-01,2039,1.0,center,8.0,collision,0,1,0,639,202.01130514794022,138.3755184234426,nan,-0.07095799926676705,1.6997231971643643,0.32458646951381265
H2,map-mixed-01,7027,H2_center_d08_map-mixed-01,2040,1.0,center,8.0,collision,0,1,0,542,221.0208015214175,134.6689404351946,nan,-0.11472053409266891,1.76989760170715,0.39275271330594563
H2,map-mixed-01,7027,H2_center_d08_map-mixed-01,2041,1.0,center,8.0,timeout,0,0,1,1507,75.52999298139386,269.2143925674527,nan,3.1307602959049396,1.6999907034758954,0.3484892598132988
H2,map-mixed-01,7027,H2_center_d08_map-mixed-01,2042,1.0,center,8.0,collision,0,1,0,327,272.01816409455705,65.09221334126579,nan,-0.01227166258063761,1.6405521597598707,0.34603233758462265
H2,map-mixed-01,7027,H2_center_d08_map-mixed-01,2043,1.0,center,8.0,collision,0,1,0,331,220.4051238862345,130.47681945678994,nan,-0.2119514059799883,3.0329862590737133,0.48766763311281447
H2,map-mixed-01,7027,H2_center_d08_map-mixed-01,2044,1.0,center,8.0,collision,0,1,0,322,279.5958786230374,69.922820485647,nan,-0.01670936923162003,1.932179803629726,0.3489232521650014
H2,map-mixed-01,7027,H2_center_d08_map-mixed-01,2045,1.0,center,8.0,collision,0,1,0,269,212.1143248839351,131.95393550907397,nan,-0.4637259774899576,1.558354626475022,0.423041557714465
H2,map-mixed-01,7027,H2_center_d08_map-mixed-01,2046,1.0,center,8.0,collision,0,1,0,157,284.7565596912573,55.91938602957707,nan,-0.19849741635194817,1.6410986178212639,0.48105843057691355
H2,map-mixed-01,7027,H2_center_d08_map-mixed-01,2047,1.0,center,8.0,collision,0,1,0,257,282.99904544657267,56.82187188183266,nan,-0.03721755836217966,3.101734908131112,0.5146611217918806
H2,map-mixed-01,7027,H2_center_d08_map-mixed-01,2048,1.0,center,8.0,collision,0,1,0,366,210.36773657729867,132.3235854106029,nan,-0.06781353641179066,1.6212187619206628,0.3720500671156904
H2,map-mixed-01,7027,H2_center_d08_map-mixed-01,2049,1.0,center,8.0,collision,0,1,0,185,281.6579311650375,61.9259580554333,nan,-0.09839818305627546,1.6404303668645879,0.4651453376762829
H2,map-mixed-01,7027,H2_center_d08_map-mixed-01,2050,1.0,center,8.0,collision,0,1,0,340,213.93625258746764,131.73412218239528,nan,-0.11137499177507948,1.6371954111070346,0.3619094164127699
H2,map-random-01,7001,H2_center_d012_map-random-01,2001,1.0,center,12.0,collision,0,1,0,272,279.7835396130722,64.22029396029338,nan,-0.13967656768519277,3.474457909474781,0.4254490541131404
H2,map-random-01,7001,H2_center_d012_map-random-01,2002,1.0,center,12.0,success,1,0,0,1016,2.9143220090474777,382.65648661429157,0.8765308007519909,9.06359732060259,1.6429953387472267,0.3372677206693353
H2,map-random-01,7001,H2_center_d012_map-random-01,2003,1.0,center,12.0,collision,0,1,0,164,283.4458746737727,55.4370585308162,nan,-0.14493078097632406,1.6861586491777156,0.4798460799968598
H2,map-random-01,7001,H2_center_d012_map-random-01,2004,1.0,center,12.0,collision,0,1,0,1225,95.50172489473253,258.4971023571343,nan,-0.1919444135103987,1.707368392871345,0.3389525302287561
H2,map-random-01,7001,H2_center_d012_map-random-01,2005,1.0,center,12.0,timeout,0,0,1,1507,18.02281260790525,363.7949044919141,nan,7.646719277394081,1.7114663983433118,0.32390657380489346
H2,map-random-01,7001,H2_center_d012_map-random-01,2006,1.0,center,12.0,success,1,0,0,1056,2.924189448459213,380.1028682855482,0.8824195358952018,6.424896468994512,1.653742439635601,0.34518154465444767
H2,map-random-01,7001,H2_center_d012_map-random-01,2007,1.0,center,12.0,success,1,0,0,1274,2.979764055175503,367.13667452595877,0.9135840135231518,1.8688633370139274,1.8346797410496054,0.3579796049686905
H2,map-random-01,7001,H2_center_d012_map-random-01,2008,1.0,center,12.0,success,1,0,0,1023,2.901226697167456,390.91754315284754,0.8580075325343589,9.881966916628908,1.768240549055232,0.37605003401190845
H2,map-random-01,7001,H2_center_d012_map-random-01,2009,1.0,center,12.0,collision,0,1,0,136,286.6214893653432,50.780897985207915,nan,-0.07854857986897201,2.7347154072506377,0.554122496945945
H2,map-random-01,7001,H2_center_d012_map-random-01,2010,1.0,center,12.0,collision,0,1,0,132,285.0727354732603,52.561681048436625,nan,-0.25960456062646386,4.394840314826527,0.6300464062595785
H2,map-random-01,7001,H2_center_d012_map-random-01,2011,1.0,center,12.0,success,1,0,0,1395,2.934947281510389,373.029042039421,0.8991530385709834,4.858774436930395,1.7837984818517754,0.3646988085873485
H2,map-random-01,7001,H2_center_d012_map-random-01,2012,1.0,center,12.0,collision,0,1,0,135,284.836361616111,52.45333447102842,nan,-0.3724545786765461,1.8015828952733113,0.49747787320198883
H2,map-random-01,7001,H2_center_d012_map-random-01,2013,1.0,center,12.0,collision,0,1,0,155,279.09308627713494,64.29742668100351,nan,-0.07210013672850835,2.028755335803893,0.5542429109521797
H2,map-random-01,7001,H2_center_d012_map-random-01,2014,1.0,center,12.0,success,1,0,0,919,2.9690950997199916,382.7819763452344,0.8762434423570119,4.547706884259793,1.767642360237827,0.3761810538841963
H2,map-random-01,7001,H2_center_d012_map-random-01,2015,1.0,center,12.0,collision,0,1,0,283,286.3953243609895,51.87951412116986,nan,-0.030161595152492282,1.8576754483572795,0.3824567332874712
H2,map-random-01,7001,H2_center_d012_map-random-01,2016,1.0,center,12.0,collision,0,1,0,572,82.07937413628551,274.0704938376871,nan,-0.07986367849724729,2.245354511067874,0.40578409232886964
H2,map-random-01,7001,H2_center_d012_map-random-01,2017,1.0,center,12.0,collision,0,1,0,495,85.33514751006429,267.3708012948548,nan,-0.08578766549162253,1.6828617712948297,0.40088888641231857
H2,map-random-01,7001,H2_center_d012_map-random-01,2018,1.0,center,12.0,collision,0,1,0,253,284.5528650825568,55.01913074184205,nan,-0.006786849706038822,3.3454892502312092,0.43429022386312693
H2,map-random-01,7001,H2_center_d012_map-random-01,2019,1.0,center,12.0,collision,0,1,0,125,282.6661084636413,53.1833486198168,nan,-0.12511664788746302,1.5957798346628207,0.5604782755871999
H2,map-random-01,7001,H2_center_d012_map-random-01,2020,1.0,center,12.0,collision,0,1,0,307,279.22056688006506,64.19136280251782,nan,-0.13307998057445047,1.7001543301867796,0.32567716078768144
H2,map-random-01,7001,H2_center_d012_map-random-01,2021,1.0,center,12.0,success,1,0,0,1416,2.9947136715329155,380.21100622583504,0.8821685620161767,13.64111491528911,1.6281736230524544,0.35284148597545306
H2,map-random-01,7001,H2_center_d012_map-random-01,2022,1.0,center,12.0,collision,0,1,0,164,278.50482265058696,65.39811856882437,nan,-0.3136757333539464,1.584537099222927,0.447871013323022
H2,map-random-01,7001,H2_center_d012_map-random-01,2023,1.0,center,12.0,collision,0,1,0,280,178.3876182338995,157.2695911325043,nan,-0.3369307954968406,3.0891620681797747,0.529284771530076
H2,map-random-01,7001,H2_center_d012_map-random-01,2024,1.0,center,12.0,collision,0,1,0,1196,82.67041447784598,292.30562003302214,nan,-0.10383366571859654,1.62692331991083,0.3552049966080317
H2,map-random-01,7001,H2_center_d012_map-random-01,2025,1.0,center,12.0,collision,0,1,0,377,148.438641612544,188.87067708320615,nan,-0.062024101261101805,1.6143561512403322,0.38905149777646464
H2,map-random-01,7001,H2_center_d012_map-random-01,2026,1.0,center,12.0,collision,0,1,0,132,283.2452793558451,56.03740515117313,nan,-0.3279907362701593,4.242103395450618,0.7514290744328611
H2,map-random-01,7001,H2_center_d012_map-random-01,2027,1.0,center,12.0,collision,0,1,0,347,146.46655539125933,190.81208784192748,nan,-0.03529432966695367,1.7394176056196982,0.42846635885701884
H2,map-random-01,7001,H2_center_d012_map-random-01,2028,1.0,center,12.0,collision,0,1,0,488,221.73045437671735,145.3635326487198,nan,-0.21283157429846256,2.473596962586641,0.4013334312225628
H2,map-random-01,7001,H2_center_d012_map-random-01,2029,1.0,center,12.0,success,1,0,0,1332,2.862481268525986,396.4849280053004,0.845959513044805,24.78487839043964,1.6746908541531456,0.361164528756391
H2,map-random-01,7001,H2_center_d012_map-random-01,2030,1.0,center,12.0,collision,0,1,0,517,221.3773735573089,148.5286514063999,nan,-0.13908278144903363,1.6707483311641267,0.4010726219874422
H2,map-random-01,7001,H2_center_d012_map-random-01,2031,1.0,center,12.0,collision,0,1,0,473,204.6728716292409,153.26349886601696,nan,-0.1297486747862564,2.382555853401564,0.3843575045878753
H2,map-random-01,7001,H2_center_d012_map-random-01,2032,1.0,center,12.0,collision,0,1,0,265,284.96889956812606,53.61520465853893,nan,-0.04215319452400479,1.6728489130433641,0.33202871687831337
H2,map-random-01,7001,H2_center_d012_map-random-01,2033,1.0,center,12.0,collision,0,1,0,309,178.13183940037896,157.7875943731201,nan,-0.10591055713530295,2.987609211562888,0.48100475953922106
H2,map-random-01,7001,H2_center_d012_map-random-01,2034,1.0,center,12.0,collision,0,1,0,463,80.93664821500269,257.91207917278575,nan,-0.04983493177340392,2.7248765023059898,0.46205908988778016
H2,map-random-01,7001,H2_center_d012_map-random-01,2035,1.0,center,12.0,collision,0,1,0,140,285.9035377431538,51.197643071263016,nan,-0.2981463982061996,1.9760002154325673,0.5321737661596619
H2,map-random-01,7001,H2_center_d012_map-random-01,2036,1.0,center,12.0,collision,0,1,0,364,148.93237824844223,192.66665473553246,nan,-0.11262571959694156,1.6502304878958225,0.41814977188230124
H2,map-random-01,7001,H2_center_d012_map-random-01,2037,1.0,center,12.0,collision,0,1,0,579,88.06662662986304,262.539607720371,nan,-0.004140716005409217,1.7090769755116981,0.360557041609242
H2,map-random-01,7001,H2_center_d012_map-random-01,2038,1.0,center,12.0,collision,0,1,0,1311,96.48091807777064,260.9622463687033,nan,-0.04072599481986572,1.6512283072651726,0.34957336827965935
H2,map-random-01,7001,H2_center_d012_map-random-01,2039,1.0,center,12.0,collision,0,1,0,862,148.3468866989199,192.98283835567423,nan,-0.15926771576465626,1.6605822647667763,0.3266798811300539
H2,map-random-01,7001,H2_center_d012_map-random-01,2040,1.0,center,12.0,collision,0,1,0,1347,87.22903296280619,281.6809667395951,nan,-0.06995166325397406,1.7218173238801155,0.34529864860636567
H2,map-random-01,7001,H2_center_d012_map-random-01,2041,1.0,center,12.0,timeout,0,0,1,1507,75.52300450663057,269.21131475411954,nan,0.7113613919515359,1.6999937178608424,0.34845797609148876
H2,map-random-01,7001,H2_center_d012_map-random-01,2042,1.0,center,12.0,collision,0,1,0,226,287.9005581281932,48.721330487702616,nan,-0.0073615452878499354,1.6839681946034608,0.3591845540987399
H2,map-random-01,7001,H2_center_d012_map-random-01,2043,1.0,center,12.0,success,1,0,0,1214,2.895255982218135,399.3527262247626,0.8398845797191173,25.792870637466162,2.035961969874048,0.39564308549657373
H2,map-random-01,7001,H2_center_d012_map-random-01,2044,1.0,center,12.0,collision,0,1,0,619,206.59473572512434,152.9841060853981,nan,-0.1361855621164949,1.795482100418162,0.33424523805591694
H2,map-random-01,7001,H2_center_d012_map-random-01,2045,1.0,center,12.0,success,1,0,0,861,2.893673402757592,382.3597431918114,0.8772110626110275,5.006152388813428,1.5836286963592194,0.3818357844934163
H2,map-random-01,7001,H2_center_d012_map-random-01,2046,1.0,center,12.0,collision,0,1,0,166,282.10598615444906,58.68358200086782,nan,-0.16085351706708906,1.6490357980239483,0.4800864443528059
H2,map-random-01,7001,H2_center_d012_map-random-01,2047,1.0,center,12.0,collision,0,1,0,253,284.213500444828,55.53570011332789,nan,-0.026005382427115364,3.1223546401482634,0.5230482868634667
H2,map-random-01,7001,H2_center_d012_map-random-01,2048,1.0,center,12.0,success,1,0,0,1170,2.9630967251975906,369.2691768667792,0.9083081330288609,4.711466108533487,1.6199823095866868,0.3272761519616717
H2,map-random-01,7001,H2_center_d012_map-random-01,2049,1.0,center,12.0,collision,0,1,0,192,279.019979134649,64.72704782877423,nan,-0.04254381092269455,1.6370015033182272,0.462891203784895
H2,map-random-01,7001,H2_center_d012_map-random-01,2050,1.0,center,12.0,success,1,0,0,1207,2.9212531274830416,383.6411206892898,0.8742811407242671,15.718548745028869,1.6716492616574379,0.3449915215785326
H2,map-corridor-01,7013,H2_center_d012_map-corridor-01,2001,1.0,center,12.0,collision,0,1,0,341,268.09347877947795,78.66922520469888,nan,-0.0424937871726101,3.0692049266501047,0.418044746296123
H2,map-corridor-01,7013,H2_center_d012_map-corridor-01,2002,1.0,center,12.0,collision,0,1,0,273,231.85969837121002,112.17501828432705,nan,-0.06637947771652364,1.7151333485179525,0.368057678949781
H2,map-corridor-01,7013,H2_center_d012_map-corridor-01,2003,1.0,center,12.0,collision,0,1,0,194,273.26475579182977,66.05723103661276,nan,-0.216281440668034,1.6804970271264972,0.429377160342284
H2,map-corridor-01,7013,H2_center_d012_map-corridor-01,2004,1.0,center,12.0,collision,0,1,0,255,287.5548326500364,50.11901892403751,nan,-0.048573830391205775,1.9231034438091243,0.39384200664726654
H2,map-corridor-01,7013,H2_center_d012_map-corridor-01,2005,1.0,center,12.0,collision,0,1,0,702,188.094425852318,182.88450960712456,nan,-0.008409208185256034,1.7247756925604536,0.3395144909045975
H2,map-corridor-01,7013,H2_center_d012_map-corridor-01,2006,1.0,center,12.0,collision,0,1,0,137,289.11908445566763,48.448792346492134,nan,-0.3746426845436446,1.7277605256044266,0.5196961440253381
H2,map-corridor-01,7013,H2_center_d012_map-corridor-01,2007,1.0,center,12.0,collision,0,1,0,506,180.27838736804432,178.2979953898583,nan,-0.13529712430394625,2.0845496480589727,0.38316886630871766
H2,map-corridor-01,7013,H2_center_d012_map-corridor-01,2008,1.0,center,12.0,collision,0,1,0,264,233.0625519043244,112.64884143645054,nan,-0.01912062365315137,1.9767005144724754,0.4426489176513383
H2,map-corridor-01,7013,H2_center_d012_map-corridor-01,2009,1.0,center,12.0,collision,0,1,0,157,275.6046879096018,62.556861357138594,nan,-0.30220898138431096,2.572253627245108,0.5207271619627658
H2,map-corridor-01,7013,H2_center_d012_map-corridor-01,2010,1.0,center,12.0,collision,0,1,0,155,274.5248894180817,63.75899234568376,nan,-0.29635324558893217,3.9837037781557454,0.5813759261602022
H2,map-corridor-01,7013,H2_center_d012_map-corridor-01,2011,1.0,center,12.0,collision,0,1,0,592,176.14560959422607,179.45140380707505,nan,-0.03923308941742221,1.993322960140094,0.3807591924005795
H2,map-corridor-01,7013,H2_center_d012_map-corridor-01,2012,1.0,center,12.0,collision,0,1,0,155,275.36309475797646,62.09883016022173,nan,-0.1795476735424657,1.7685337483501524,0.46344979218428994
H2,map-corridor-01,7013,H2_center_d012_map-corridor-01,2013,1.0,center,12.0,collision,0,1,0,180,267.66509272444137,77.82858214033438,nan,-0.1896013724674006,1.9520767148848026,0.517062070028264
H2,map-corridor-01,7013,H2_center_d012_map-corridor-01,2014,1.0,center,12.0,collision,0,1,0,117,285.79908117787807,49.81372419615277,nan,-0.26803816102263767,2.460343718075942,0.6425688891753109
H2,map-corridor-01,7013,H2_center_d012_map-corridor-01,2015,1.0,center,12.0,collision,0,1,0,336,276.3098664813107,62.31219864234177,nan,-0.029758856538002476,1.8542257376237323,0.37750901914733254
H2,map-corridor-01,7013,H2_center_d012_map-corridor-01,2016,1.0,center,12.0,collision,0,1,0,126,289.64485450592974,47.9921073971243,nan,-0.045969014725464774,4.331410645568259,0.7383503794036642
H2,map-corridor-01,7013,H2_center_d012_map-corridor-01,2017,1.0,center,12.0,collision,0,1,0,121,286.72437096781374,49.99190863273419,nan,-0.4031762422491241,1.6110581503820012,0.5927325800171837
H2,map-corridor-01,7013,H2_center_d012_map-corridor-01,2018,1.0,center,12.0,collision,0,1,0,301,273.01305906821716,68.27431670948314,nan,-0.0174643898260598,3.048958743197343,0.4105128788953897
H2,map-corridor-01,7013,H2_center_d012_map-corridor-01,2019,1.0,center,12.0,collision,0,1,0,128,280.666294767701,55.18745956575093,nan,-0.4304729922235637,1.6078086713261868,0.5525945135012904
H2,map-corridor-01,7013,H2_center_d012_map-corridor-01,2020,1.0,center,12.0,collision,0,1,0,357,268.9813931095631,75.3162780188701,nan,-0.081287630848486,1.6839993581247554,0.32767242022440396
H2,map-corridor-01,7013,H2_center_d012_map-corridor-01,2021,1.0,center,12.0,collision,0,1,0,540,181.17032539640599,179.55685741782753,nan,-0.03170996802202808,1.6322466031379343,0.3738018877853087
H2,map-corridor-01,7013,H2_center_d012_map-corridor-01,2022,1.0,center,12.0,collision,0,1,0,188,268.2559541533095,76.54989225130882,nan,-0.2770728676627314,1.582513908940516,0.4143391754746907
H2,map-corridor-01,7013,H2_center_d012_map-corridor-01,2023,1.0,center,12.0,collision,0,1,0,110,283.90749500590357,51.6467385659043,nan,-0.041022078415323904,5.2285371876665225,0.8993220249198446
H2,map-corridor-01,7013,H2_center_d012_map-corridor-01,2024,1.0,center,12.0,collision,0,1,0,444,235.97855078662073,115.84714171135228,nan,-0.0890590731032983,1.694308655819277,0.38570151634772765
H2,map-corridor-01,7013,H2_center_d012_map-corridor-01,2025,1.0,center,12.0,collision,0,1,0,129,284.63146873036425,50.76155353359118,nan,-0.4915073941164394,1.7812354823558094,0.48820761179441746
H2,map-corridor-01,7013,H2_center_d012_map-corridor-01,2026,1.0,center,12.0,collision,0,1,0,150,273.37894584432274,66.40581835410221,nan,-0.05166449726869615,3.9193290605159388,0.6827207418473427
H2,map-corridor-01,7013,H2_center_d012_map-corridor-01,2027,1.0,center,12.0,collision,0,1,0,128,283.21601210687686,52.35134365840578,nan,-0.05209240441534746,1.725186971902882,0.57332026639221
H2,map-corridor-01,7013,H2_center_d012_map-corridor-01,2028,1.0,center,12.0,collision,0,1,0,623,189.18359704431836,182.75774912565913,nan,-0.09315847607842898,2.289914690276227,0.38193291020418774
H2,map-corridor-01,7013,H2_center_d012_map-corridor-01,2029,1.0,center,12.0,collision,0,1,0,476,188.58313694321873,177.57450579300638,nan,-0.05570082043249158,1.65179758551825,0.4106342645315186
H2,map-corridor-01,7013,H2_center_d012_map-corridor-01,2030,1.0,center,12.0,timeout,0,0,1,1507,16.215252235211537,381.3329762195595,nan,1.4682122493209158,1.690079800889508,0.3685738887470007
H2,map-corridor-01,7013,H2_center_d012_map-corridor-01,2031,1.0,center,12.0,collision,0,1,0,270,264.15177942767184,88.20053278667743,nan,-0.18604227977734666,2.96745252293941,0.456850752440879
H2,map-corridor-01,7013,H2_center_d012_map-corridor-01,2032,1.0,center,12.0,collision,0,1,0,308,275.7525650288821,62.952529795018116,nan,-0.07063895542242449,1.6870451172583907,0.3269714938468028
H2,map-corridor-01,7013,H2_center_d012_map-corridor-01,2033,1.0,center,12.0,collision,0,1,0,129,282.50895481248085,53.252513530902064,nan,-0.0883592139424394,4.858771601901231,0.7543928029808209
H2,map-corridor-01,7013,H2_center_d012_map-corridor-01,2034,1.0,center,12.0,collision,0,1,0,128,284.39076280833893,52.02510098439201,nan,-0.4029571506629992,5.4961448114913365,0.7625577079038517
H2,map-corridor-01,7013,H2_center_d012_map-corridor-01,2035,1.0,center,12.0,collision,0,1,0,158,276.04100224754416,61.34990580026792,nan,-0.18132815166246274,1.982353607152424,0.5134751330441735
H2,map-corridor-01,7013,H2_center_d012_map-corridor-01,2036,1.0,center,12.0,collision,0,1,0,119,285.66678025181903,50.089589867038114,nan,-0.007264786678575774,1.7032451778481799,0.5745154900671723
H2,map-corridor-01,7013,H2_center_d012_map-corridor-01,2037,1.0,center,12.0,collision,0,1,0,133,289.22979939908663,48.2560389461253,nan,-0.3380287320164044,2.1831471144502594,0.5030746167330953
H2,map-corridor-01,7013,H2_center_d012_map-corridor-01,2038,1.0,center,12.0,collision,0,1,0,501,234.52211083113932,112.54865511861306,nan,-0.055246666446748804,1.6231070706644233,0.34300713549394285
H2,map-corridor-01,7013,H2_center_d012_map-corridor-01,2039,1.0,center,12.0,collision,0,1,0,242,289.80897147969546,48.34621795750466,nan,-0.159486586611294,1.6767983357309553,0.33713065032151646
H2,map-corridor-01,7013,H2_center_d012_map-corridor-01,2040,1.0,center,12.0,collision,0,1,0,192,289.42849735257255,47.990721128148046,nan,-0.183867972935019,1.9488714863013785,0.47520944944067395
H2,map-corridor-01,7013,H2_center_d012_map-corridor-01,2041,1.0,center,12.0,collision,0,1,0,327,284.72838747464215,51.795868450447415,nan,-0.031134652036989507,1.6870655677692048,0.3329868991706964
H2,map-corridor-01,7013,H2_center_d012_map-corridor-01,2042,1.0,center,12.0,collision,0,1,0,284,278.02469983042096,58.78692183364254,nan,-0.10775871631765455,1.65391549218726,0.33588648676931915
H2,map-corridor-01,7013,H2_center_d012_map-corridor-01,2043,1.0,center,12.0,collision,0,1,0,314,228.67698843772916,121.54329123327376,nan,-0.12923620523164736,3.0893202578076875,0.4912671284691829
H2,map-corridor-01,7013,H2_center_d012_map-corridor-01,2044,1.0,center,12.0,collision,0,1,0,374,266.5985309171851,84.19532484702259,nan,-0.049584307362366076,1.8962286460303328,0.33746087827388016
H2,map-corridor-01,7013,H2_center_d012_map-corridor-01,2045,1.0,center,12.0,collision,0,1,0,234,229.2539319295516,113.31760690576259,nan,-0.27369958551926743,1.5647875557091093,0.4464066715963916
H2,map-corridor-01,7013,H2_center_d012_map-corridor-01,2046,1.0,center,12.0,collision,0,1,0,192,272.48839939965757,68.55719606377288,nan,-0.07408204050159384,1.662727714529403,0.4431031357816879
H2,map-corridor-01,7013,H2_center_d012_map-corridor-01,2047,1.0,center,12.0,collision,0,1,0,293,273.9820298340553,66.20550786006405,nan,-0.12102175915780577,2.9350557427943813,0.4888762752076674
H2,map-corridor-01,7013,H2_center_d012_map-corridor-01,2048,1.0,center,12.0,collision,0,1,0,172,289.03769361670453,48.346641019178925,nan,-0.2038638225287812,1.6189436632595908,0.434654454272465
H2,map-corridor-01,7013,H2_center_d012_map-corridor-01,2049,1.0,center,12.0,collision,0,1,0,221,268.6537901057028,75.92463717227106,nan,-0.15301308904892608,1.624012748397062,0.4325326232450865
H2,map-corridor-01,7013,H2_center_d012_map-corridor-01,2050,1.0,center,12.0,collision,0,1,0,296,228.84536330242517,113.8158293067964,nan,-0.23566735710458886,1.6466662573974447,0.3678679824531215
H2,map-barrier-01,7019,H2_center_d012_map-barrier-01,2001,1.0,center,12.0,collision,0,1,0,767,169.37034497462716,191.38373571023158,nan,-0.013458662247558095,2.307712898417276,0.37891033390806295
H2,map-barrier-01,7019,H2_center_d012_map-barrier-01,2002,1.0,center,12.0,collision,0,1,0,317,212.90671254708477,133.67858376243302,nan,-0.32570303180833093,1.7414692039209743,0.3582563893562874
H2,map-barrier-01,7019,H2_center_d012_map-barrier-01,2003,1.0,center,12.0,collision,0,1,0,464,170.8869470211144,177.0900634113147,nan,-0.2607932740838521,1.680040081464226,0.34874472301557524
H2,map-barrier-01,7019,H2_center_d012_map-barrier-01,2004,1.0,center,12.0,collision,0,1,0,683,207.49451612962088,137.54842548814332,nan,-0.20862861581352377,1.7150244497632199,0.3435985234794663
H2,map-barrier-01,7019,H2_center_d012_map-barrier-01,2005,1.0,center,12.0,timeout,0,0,1,1507,18.02281260790525,363.7949044919141,nan,1.8995527110763517,1.7114663983433118,0.32390657380489346
H2,map-barrier-01,7019,H2_center_d012_map-barrier-01,2006,1.0,center,12.0,collision,0,1,0,346,214.67016872387373,133.87493175337528,nan,-0.13129529952351504,1.6792176290248526,0.39927449840340895
H2,map-barrier-01,7019,H2_center_d012_map-barrier-01,2007,1.0,center,12.0,collision,0,1,0,375,220.01732538452697,133.40434385907582,nan,-0.2544560833938192,2.2338680320829454,0.4272088882236841
H2,map-barrier-01,7019,H2_center_d012_map-barrier-01,2008,1.0,center,12.0,collision,0,1,0,311,211.39909857864424,135.30625207759493,nan,-0.3538398737065904,1.9156393892967252,0.4147187858618559
H2,map-barrier-01,7019,H2_center_d012_map-barrier-01,2009,1.0,center,12.0,collision,0,1,0,358,174.3091434098628,169.01604149772788,nan,-0.2946635694734425,2.023746235376473,0.43916288474596243
H2,map-barrier-01,7019,H2_center_d012_map-barrier-01,2010,1.0,center,12.0,collision,0,1,0,383,170.66595962008728,177.961860586203,nan,-0.16199801831814398,2.5558752246085934,0.43170179329829655
H2,map-barrier-01,7019,H2_center_d012_map-barrier-01,2011,1.0,center,12.0,collision,0,1,0,447,219.12409582940896,133.35231543651713,nan,-0.1619316177931296,2.094958385428969,0.4050396969370844
H2,map-barrier-01,7019,H2_center_d012_map-barrier-01,2012,1.0,center,12.0,collision,0,1,0,382,172.04644036576795,173.65388456599612,nan,-0.2883664408981872,1.672665674094012,0.38718540410544716
H2,map-barrier-01,7019,H2_center_d012_map-barrier-01,2013,1.0,center,12.0,collision,0,1,0,407,169.05858790849325,186.59539634340067,nan,-0.214523018552228,1.765960429244677,0.4000903687857879
H2,map-barrier-01,7019,H2_center_d012_map-barrier-01,2014,1.0,center,12.0,collision,0,1,0,273,204.23180785401564,136.91404247968603,nan,-0.05298738522532176,2.029758036369784,0.45436873676898076
H2,map-barrier-01,7019,H2_center_d012_map-barrier-01,2015,1.0,center,12.0,collision,0,1,0,790,175.33154857291544,168.4068190649441,nan,-0.05696176396625674,1.7586256276854668,0.3433621461672102
H2,map-barrier-01,7019,H2_center_d012_map-barrier-01,2016,1.0,center,12.0,collision,0,1,0,284,208.8811790673049,134.85015204221463,nan,-0.22263425293829187,2.8046616532237714,0.497891447151327
H2,map-barrier-01,7019,H2_center_d012_map-barrier-01,2017,1.0,center,12.0,collision,0,1,0,257,204.31081810841084,137.13873174309003,nan,-0.09907962004638193,1.637316171361026,0.49563890702379976
H2,map-barrier-01,7019,H2_center_d012_map-barrier-01,2018,1.0,center,12.0,collision,0,1,0,743,170.57831020477354,181.89624575220958,nan,-0.0027183699132251604,2.219491703112278,0.3415589500093512
H2,map-barrier-01,7019,H2_center_d012_map-barrier-01,2019,1.0,center,12.0,success,1,0,0,679,2.9349540949246933,358.3975690596276,0.9358606909779719,7.67879126157313,1.6121425142462027,0.45134264512143246
H2,map-barrier-01,7019,H2_center_d012_map-barrier-01,2020,1.0,center,12.0,collision,0,1,0,839,168.83831245605543,189.4913822294259,nan,-0.12707170177520766,1.6450190802849505,0.31585222099775223
H2,map-barrier-01,7019,H2_center_d012_map-barrier-01,2021,1.0,center,12.0,collision,0,1,0,395,221.89935294895017,134.40553746760088,nan,-0.17429812666685507,1.6631795526756932,0.39042882648255267
H2,map-barrier-01,7019,H2_center_d012_map-barrier-01,2022,1.0,center,12.0,collision,0,1,0,406,169.91692206419015,182.54940685867194,nan,-0.20345044025751235,1.591914776788784,0.38537233962313716
H2,map-barrier-01,7019,H2_center_d012_map-barrier-01,2023,1.0,center,12.0,success,1,0,0,576,2.735789795402069,333.7884639644535,1.0,11.430415563641867,2.3631278077039193,0.4405829919910241
H2,map-barrier-01,7019,H2_center_d012_map-barrier-01,2024,1.0,center,12.0,collision,0,1,0,523,218.04467036654512,137.28861571236376,nan,-0.22612036901929855,1.6830804619190844,0.3845483033325682
H2,map-barrier-01,7019,H2_center_d012_map-barrier-01,2025,1.0,center,12.0,success,1,0,0,758,2.8938422643077,361.9149001985068,0.9267653706465228,1.633516582727381,1.658664073054508,0.4291390466439232
H2,map-barrier-01,7019,H2_center_d012_map-barrier-01,2026,1.0,center,12.0,collision,0,1,0,321,173.81888325560897,169.92306794221474,nan,-0.11510990125390208,2.7370415024408947,0.4789105251720507
H2,map-barrier-01,7019,H2_center_d012_map-barrier-01,2027,1.0,center,12.0,success,1,0,0,707,2.801368305746886,357.8393374903392,0.9373206394169109,5.608741808243363,1.6651826211406693,0.4498126890509171
H2,map-barrier-01,7019,H2_center_d012_map-barrier-01,2028,1.0,center,12.0,collision,0,1,0,701,167.78270144822417,206.49908828780354,nan,-0.21799893372218548,2.2044196487969985,0.36953973276585395
H2,map-barrier-01,7019,H2_center_d012_map-barrier-01,2029,1.0,center,12.0,collision,0,1,0,379,224.97665950677637,133.776699471968,nan,-0.07912194644114297,1.7050266906094624,0.43448589456949227
H2,map-barrier-01,7019,H2_center_d012_map-barrier-01,2030,1.0,center,12.0,collision,0,1,0,785,168.20905366553777,215.18195970846838,nan,-0.11104894363811013,1.681447944054183,0.40063387730748296
H2,map-barrier-01,7019,H2_center_d012_map-barrier-01,2031,1.0,center,12.0,collision,0,1,0,587,168.1721923040832,196.33491951334523,nan,-0.11856784415755328,2.276623931940996,0.3786392263429699
H2,map-barrier-01,7019,H2_center_d012_map-barrier-01,2032,1.0,center,12.0,collision,0,1,0,782,175.06916584361636,167.07103663754208,nan,-0.03599641955574384,1.7071047370795729,0.33887489785854746
H2,map-barrier-01,7019,H2_center_d012_map-barrier-01,2033,1.0,center,12.0,success,1,0,0,596,2.5907448295456006,333.7652421324144,1.0,13.230375981653944,2.3506869201859533,0.40070475348489376
H2,map-barrier-01,7019,H2_center_d012_map-barrier-01,2034,1.0,center,12.0,success,1,0,0,775,2.8773417310822955,371.29188714153986,0.9033598854184148,2.954292188651991,2.292014826983405,0.4976772677721237
H2,map-barrier-01,7019,H2_center_d012_map-barrier-01,2035,1.0,center,12.0,collision,0,1,0,348,172.4037764110767,171.9239828374623,nan,-0.41241333475568354,1.7830280333933695,0.3944370180593491
H2,map-barrier-01,7019,H2_center_d012_map-barrier-01,2036,1.0,center,12.0,collision,0,1,0,272,198.59851403190754,139.64635237075817,nan,-0.3949587006014781,1.6531207552700713,0.4399412704501889
H2,map-barrier-01,7019,H2_center_d012_map-barrier-01,2037,1.0,center,12.0,collision,0,1,0,307,204.6880426876333,136.37174014586986,nan,-0.16477397528220195,1.8365106254087453,0.4021793897813326
H2,map-barrier-01,7019,H2_center_d012_map-barrier-01,2038,1.0,center,12.0,collision,0,1,0,581,212.5200094863614,135.5179846274656,nan,-0.18380048721064668,1.6093761947878955,0.3390296425167887
H2,map-barrier-01,7019,H2_center_d012_map-barrier-01,2039,1.0,center,12.0,collision,0,1,0,651,198.67045068234145,141.78086617378992,nan,-0.24467427392318086,1.6951498442833812,0.3252218846922003
H2,map-barrier-01,7019,H2_center_d012_map-barrier-01,2040,1.0,center,12.0,collision,0,1,0,555,218.3527762000946,137.7880362099799,nan,-0.20041241825771294,1.7585488673875698,0.39023920527913625
H2,map-barrier-01,7019,H2_center_d012_map-barrier-01,2041,1.0,center,12.0,timeout,0,0,1,1507,75.52999298139386,269.2143925674527,nan,1.3106336967778796,1.6999907034758954,0.3484892598132988
H2,map-barrier-01,7019,H2_center_d012_map-barrier-01,2042,1.0,center,12.0,collision,0,1,0,823,156.95064597150096,182.4390471414698,nan,-0.0018892172302713561,1.6503416547083225,0.33269781954049366
H2,map-barrier-01,7019,H2_center_d012_map-barrier-01,2043,1.0,center,12.0,collision,0,1,0,337,217.78471783015098,133.3945433986336,nan,-0.0511110745147505,3.015886174075249,0.4871867749063644
H2,map-barrier-01,7019,H2_center_d012_map-barrier-01,2044,1.0,center,12.0,collision,0,1,0,784,168.46277007852677,195.26925591011877,nan,-0.2021184176033728,1.7680232142594199,0.3323533822119448
H2,map-barrier-01,7019,H2_center_d012_map-barrier-01,2045,1.0,center,12.0,collision,0,1,0,274,209.78374061864085,134.584461600133,nan,-0.061623460562088894,1.5479323700460261,0.41936122356100614
H2,map-barrier-01,7019,H2_center_d012_map-barrier-01,2046,1.0,center,12.0,collision,0,1,0,612,169.039681225376,188.76007758072495,nan,-0.08502416302610527,1.6487120150457288,0.381734541101298
H2,map-barrier-01,7019,H2_center_d012_map-barrier-01,2047,1.0,center,12.0,collision,0,1,0,874,170.0972016586749,186.00297639886966,nan,-0.07426784305550882,2.1280707946162103,0.40588078722453974
H2,map-barrier-01,7019,H2_center_d012_map-barrier-01,2048,1.0,center,12.0,collision,0,1,0,374,207.25523831143548,135.6420448017977,nan,-0.26524878432704213,1.6219788251503695,0.36757759644186705
H2,map-barrier-01,7019,H2_center_d012_map-barrier-01,2049,1.0,center,12.0,collision,0,1,0,553,168.12854885374438,195.9842523018683,nan,-0.05533406189235279,1.6839890124067787,0.3792142409959189
H2,map-barrier-01,7019,H2_center_d012_map-barrier-01,2050,1.0,center,12.0,collision,0,1,0,348,211.42576809994756,134.8776246645877,nan,-0.2540231137260207,1.6449387900865233,0.3615067717204566
H2,map-mixed-01,7027,H2_center_d012_map-mixed-01,2001,1.0,center,12.0,collision,0,1,0,260,282.8111796238601,60.80105152426084,nan,-0.0834961000122263,3.565919361225762,0.4287359740788498
H2,map-mixed-01,7027,H2_center_d012_map-mixed-01,2002,1.0,center,12.0,collision,0,1,0,311,215.5076611305817,130.6563028104529,nan,-0.32740903461188964,1.7458622580923424,0.360010831635022
H2,map-mixed-01,7027,H2_center_d012_map-mixed-01,2003,1.0,center,12.0,collision,0,1,0,161,284.20922128993686,54.600232467310605,nan,-0.21689901650688626,1.6765591362189012,0.4584494828122807
H2,map-mixed-01,7027,H2_center_d012_map-mixed-01,2004,1.0,center,12.0,collision,0,1,0,669,210.33985662295493,134.38610193608844,nan,-0.09755952948651725,1.7119299541617792,0.34348697621249114
H2,map-mixed-01,7027,H2_center_d012_map-mixed-01,2005,1.0,center,12.0,timeout,0,0,1,1507,18.02281260790525,363.7949044919141,nan,3.2712937008411727,1.7114663983433118,0.32390657380489346
H2,map-mixed-01,7027,H2_center_d012_map-mixed-01,2006,1.0,center,12.0,collision,0,1,0,339,217.0015583254956,130.97433539094055,nan,-0.23225421601785,1.6834135036410074,0.4018599991224966
H2,map-mixed-01,7027,H2_center_d012_map-mixed-01,2007,1.0,center,12.0,collision,0,1,0,366,222.756274230155,130.21003910654406,nan,-0.10115599656143104,2.2561783551479015,0.42996035791273796
H2,map-mixed-01,7027,H2_center_d012_map-mixed-01,2008,1.0,center,12.0,collision,0,1,0,303,214.70893436906283,131.8017592073328,nan,-0.024489849557170373,1.8973034042673786,0.41562876585051967
H2,map-mixed-01,7027,H2_center_d012_map-mixed-01,2009,1.0,center,12.0,collision,0,1,0,154,277.22521141578875,60.82149569500727,nan,-0.1295642521155571,2.6023554392377277,0.5243655462218448
H2,map-mixed-01,7027,H2_center_d012_map-mixed-01,2010,1.0,center,12.0,collision,0,1,0,143,279.8000394053519,58.10925912379484,nan,-0.15866233368472393,4.1614687366768965,0.6039171361204213
H2,map-mixed-01,7027,H2_center_d012_map-mixed-01,2011,1.0,center,12.0,collision,0,1,0,438,221.86819584851062,130.3461309308125,nan,-0.2685751827568481,2.0995470564429137,0.4107651834778828
H2,map-mixed-01,7027,H2_center_d012_map-mixed-01,2012,1.0,center,12.0,collision,0,1,0,147,279.1035685947858,58.30127868810936,nan,-0.14942597857591267,1.7841388253793722,0.47589193190988743
H2,map-mixed-01,7027,H2_center_d012_map-mixed-01,2013,1.0,center,12.0,collision,0,1,0,149,281.89253065227217,61.001077538232096,nan,-0.2659332820398248,2.0034235903631217,0.5628700680245291
H2,map-mixed-01,7027,H2_center_d012_map-mixed-01,2014,1.0,center,12.0,collision,0,1,0,268,206.93334580891067,133.91906631645168,nan,-0.09447166231655046,2.0463145747685703,0.45467352725684584
H2,map-mixed-01,7027,H2_center_d012_map-mixed-01,2015,1.0,center,12.0,collision,0,1,0,335,276.4200906127264,62.18751778099087,nan,-0.10783659675583124,1.852462748022749,0.3763807503373809
H2,map-mixed-01,7027,H2_center_d012_map-mixed-01,2016,1.0,center,12.0,collision,0,1,0,278,211.48017323177507,131.97116354453374,nan,-0.3957560944962495,2.842982001578632,0.5029507030415717
H2,map-mixed-01,7027,H2_center_d012_map-mixed-01,2017,1.0,center,12.0,collision,0,1,0,252,207.37739342608174,133.97076350620955,nan,-0.12404085710576851,1.6401318161812486,0.4959930998857428
H2,map-mixed-01,7027,H2_center_d012_map-mixed-01,2018,1.0,center,12.0,collision,0,1,0,261,282.25751161403866,57.52701572652882,nan,-0.18932211797827847,3.2802634698208495,0.4284871114091938
H2,map-mixed-01,7027,H2_center_d012_map-mixed-01,2019,1.0,center,12.0,collision,0,1,0,274,188.19674132933642,147.9018290928894,nan,-0.4332005884332659,1.6128445042526673,0.44702099875074797
H2,map-mixed-01,7027,H2_center_d012_map-mixed-01,2020,1.0,center,12.0,collision,0,1,0,291,281.96080110146795,61.29058188578258,nan,-0.10571404734275092,1.679115195860937,0.3293763714068027
H2,map-mixed-01,7027,H2_center_d012_map-mixed-01,2021,1.0,center,12.0,collision,0,1,0,385,224.65608703586636,131.23591123875025,nan,-0.06405073425784735,1.6698468819705612,0.39279359331598646
H2,map-mixed-01,7027,H2_center_d012_map-mixed-01,2022,1.0,center,12.0,collision,0,1,0,157,281.541724249452,62.05548363496794,nan,-0.1541932109787254,1.5857660328930117,0.45690887165914773
H2,map-mixed-01,7027,H2_center_d012_map-mixed-01,2023,1.0,center,12.0,collision,0,1,0,258,191.17327859430065,144.44928918123102,nan,-0.47527669658126115,3.154770689938655,0.547028767348055
H2,map-mixed-01,7027,H2_center_d012_map-mixed-01,2024,1.0,center,12.0,collision,0,1,0,512,220.47279376234044,134.10839437300803,nan,-0.04655137835584355,1.681667349997443,0.38702519975187033
H2,map-mixed-01,7027,H2_center_d012_map-mixed-01,2025,1.0,center,12.0,success,1,0,0,758,2.8938422643077,361.9149001985068,0.9267653706465228,3.0741680693833104,1.658664073054508,0.4291390466439232
H2,map-mixed-01,7027,H2_center_d012_map-mixed-01,2026,1.0,center,12.0,collision,0,1,0,130,284.1989933827925,55.023174275646305,nan,-0.22812182367835732,4.249936361861677,0.7496627578372568
H2,map-mixed-01,7027,H2_center_d012_map-mixed-01,2027,1.0,center,12.0,success,1,0,0,707,2.889876315800747,357.9158924354639,0.9371201550806983,0.7255505856726998,1.665539001762139,0.45137447536731456
H2,map-mixed-01,7027,H2_center_d012_map-mixed-01,2028,1.0,center,12.0,collision,0,1,0,689,170.83352155475797,203.06158421269862,nan,-0.17002820135832053,2.219028098719998,0.36978355450490025
H2,map-mixed-01,7027,H2_center_d012_map-mixed-01,2029,1.0,center,12.0,collision,0,1,0,378,225.32628836423973,133.34544524337144,nan,-0.03461739046685425,1.7083866431118706,0.43433607748744213
H2,map-mixed-01,7027,H2_center_d012_map-mixed-01,2030,1.0,center,12.0,collision,0,1,0,772,171.11090030668166,212.09654568713404,nan,-0.15302223749489485,1.681367500109962,0.40036875129391675
H2,map-mixed-01,7027,H2_center_d012_map-mixed-01,2031,1.0,center,12.0,collision,0,1,0,577,171.33100033295057,192.53151926018484,nan,-0.10411791945278992,2.2803015548235757,0.37326296684318233
H2,map-mixed-01,7027,H2_center_d012_map-mixed-01,2032,1.0,center,12.0,collision,0,1,0,289,279.977251758144,58.706114031863024,nan,-0.09136141199815029,1.6677258896935159,0.31791508146265435
H2,map-mixed-01,7027,H2_center_d012_map-mixed-01,2033,1.0,center,12.0,collision,0,1,0,288,190.30026162865065,145.6172861883593,nan,-0.38717225764941077,3.1118578527989547,0.4988943659715173
H2,map-mixed-01,7027,H2_center_d012_map-mixed-01,2034,1.0,center,12.0,success,1,0,0,775,2.875740609488648,371.3150221431607,0.9033036010475517,1.1407708854075174,2.2920154804199795,0.497451253396296
H2,map-mixed-01,7027,H2_center_d012_map-mixed-01,2035,1.0,center,12.0,collision,0,1,0,157,276.58404822845193,60.787540236902345,nan,-0.18169184754084,1.976622408664581,0.5144598365328076
H2,map-mixed-01,7027,H2_center_d012_map-mixed-01,2036,1.0,center,12.0,collision,0,1,0,266,201.80971371632535,136.28536363977526,nan,-0.1504917134278969,1.657369790837598,0.44518210959220966
H2,map-mixed-01,7027,H2_center_d012_map-mixed-01,2037,1.0,center,12.0,collision,0,1,0,301,207.51376639704347,133.3816756802498,nan,-0.2868748125279694,1.852245290218139,0.4008104838400378
H2,map-mixed-01,7027,H2_center_d012_map-mixed-01,2038,1.0,center,12.0,collision,0,1,0,570,215.16673231827775,132.4915345636809,nan,-0.1928544104150376,1.6105626859561222,0.3403105292306121
H2,map-mixed-01,7027,H2_center_d012_map-mixed-01,2039,1.0,center,12.0,collision,0,1,0,639,202.01130514794022,138.3755184234426,nan,-0.07095799926676705,1.6997231971643643,0.32458646951381265
H2,map-mixed-01,7027,H2_center_d012_map-mixed-01,2040,1.0,center,12.0,collision,0,1,0,542,221.0208015214175,134.6689404351946,nan,-0.11472053409266891,1.76989760170715,0.39275271330594563
H2,map-mixed-01,7027,H2_center_d012_map-mixed-01,2041,1.0,center,12.0,timeout,0,0,1,1507,75.52999298139386,269.2143925674527,nan,3.1307602959049396,1.6999907034758954,0.3484892598132988
H2,map-mixed-01,7027,H2_center_d012_map-mixed-01,2042,1.0,center,12.0,collision,0,1,0,327,272.01816409455705,65.09221334126579,nan,-0.01227166258063761,1.6405521597598707,0.34603233758462265
H2,map-mixed-01,7027,H2_center_d012_map-mixed-01,2043,1.0,center,12.0,collision,0,1,0,331,220.4051238862345,130.47681945678994,nan,-0.2119514059799883,3.0329862590737133,0.48766763311281447
H2,map-mixed-01,7027,H2_center_d012_map-mixed-01,2044,1.0,center,12.0,collision,0,1,0,322,279.5969059406957,69.92231280068457,nan,-0.015324109402953923,1.9323185386927553,0.34887179223929865
H2,map-mixed-01,7027,H2_center_d012_map-mixed-01,2045,1.0,center,12.0,collision,0,1,0,269,212.11522459424754,131.95284860598977,nan,-0.46262861107334174,1.558522805267292,0.423077657172007
H2,map-mixed-01,7027,H2_center_d012_map-mixed-01,2046,1.0,center,12.0,collision,0,1,0,157,284.7565596912573,55.91938602957707,nan,-0.19849741635194817,1.6410986178212639,0.48105843057691355
H2,map-mixed-01,7027,H2_center_d012_map-mixed-01,2047,1.0,center,12.0,collision,0,1,0,257,282.99904544657267,56.82187188183266,nan,-0.03721755836217966,3.101734908131112,0.5146611217918806
H2,map-mixed-01,7027,H2_center_d012_map-mixed-01,2048,1.0,center,12.0,collision,0,1,0,366,210.36791490551497,132.32334027215933,nan,-0.06753593626169163,1.6212418362872594,0.37199719964153277
H2,map-mixed-01,7027,H2_center_d012_map-mixed-01,2049,1.0,center,12.0,collision,0,1,0,185,281.67313560466187,61.91328818951995,nan,-0.08248087896684808,1.6402916928913853,0.4631287128428855
H2,map-mixed-01,7027,H2_center_d012_map-mixed-01,2050,1.0,center,12.0,collision,0,1,0,340,213.93668112943342,131.7336712252075,nan,-0.11092196785432407,1.6371750585643452,0.3620058641168468
H2,map-random-01,7001,H2_surface_d04_map-random-01,2001,1.0,surface,4.0,timeout,0,0,1,1507,70.83988564667722,343.58040056180494,nan,2.569360984202973,2.179036552262217,0.4377450236260953
H2,map-random-01,7001,H2_surface_d04_map-random-01,2002,1.0,surface,4.0,success,1,0,0,1016,2.9143220090474777,382.65648661429157,0.8765308007519909,9.06359732060259,1.6429953387472267,0.3372677206693353
H2,map-random-01,7001,H2_surface_d04_map-random-01,2003,1.0,surface,4.0,timeout,0,0,1,1507,202.6855985499992,214.09389955264314,nan,2.4705219572800132,2.299840222483593,0.7362095212764002
H2,map-random-01,7001,H2_surface_d04_map-random-01,2004,1.0,surface,4.0,timeout,0,0,1,1507,66.5444151114348,304.5902645901358,nan,2.820742620860628,1.7477746175707496,0.380586812341926
H2,map-random-01,7001,H2_surface_d04_map-random-01,2005,1.0,surface,4.0,timeout,0,0,1,1507,18.02281260790525,363.7949044919141,nan,7.646719277394081,1.7114663983433118,0.32390657380489346
H2,map-random-01,7001,H2_surface_d04_map-random-01,2006,1.0,surface,4.0,success,1,0,0,1056,2.924189448459213,380.1028682855482,0.8824195358952018,6.424896468994512,1.653742439635601,0.34518154465444767
H2,map-random-01,7001,H2_surface_d04_map-random-01,2007,1.0,surface,4.0,success,1,0,0,1338,2.880438265617835,374.25321574859464,0.8962119295463341,2.994965116824734,1.8581097622963005,0.39242954324120954
H2,map-random-01,7001,H2_surface_d04_map-random-01,2008,1.0,surface,4.0,success,1,0,0,1023,2.901226697167456,390.91754315284754,0.8580075325343589,9.881966916628908,1.768240549055232,0.37605003401190845
H2,map-random-01,7001,H2_surface_d04_map-random-01,2009,1.0,surface,4.0,timeout,0,0,1,1507,202.5409994994337,230.93335656958615,nan,2.211446669446559,2.8372315012443403,0.9370722548488134
H2,map-random-01,7001,H2_surface_d04_map-random-01,2010,1.0,surface,4.0,timeout,0,0,1,1507,202.68337932144857,223.07110140429972,nan,2.263868152681688,2.7777098567870504,0.8754558941972486
H2,map-random-01,7001,H2_surface_d04_map-random-01,2011,1.0,surface,4.0,success,1,0,0,1395,2.934947281510389,373.029042039421,0.8991530385709834,4.858774436930395,1.7837984818517754,0.3646988085873485
H2,map-random-01,7001,H2_surface_d04_map-random-01,2012,1.0,surface,4.0,timeout,0,0,1,1507,202.79347217954884,235.62347758390808,nan,2.251780552104563,2.571342697719521,0.8823759888121736
H2,map-random-01,7001,H2_surface_d04_map-random-01,2013,1.0,surface,4.0,success,1,0,0,1297,2.978239024857793,440.4039351153805,0.761596729459502,2.0845602186318932,2.2798921317166925,0.5878665370863364
H2,map-random-01,7001,H2_surface_d04_map-random-01,2014,1.0,surface,4.0,success,1,0,0,919,2.9690950997199916,382.7819763452344,0.8762434423570119,4.547706884259793,1.767642360237827,0.3761810538841963
H2,map-random-01,7001,H2_surface_d04_map-random-01,2015,1.0,surface,4.0,timeout,0,0,1,1507,204.42020174080486,200.94922529369177,nan,2.756217531372428,1.909442336637133,0.5199288431166116
H2,map-random-01,7001,H2_surface_d04_map-random-01,2016,1.0,surface,4.0,success,1,0,0,921,2.8594397658599675,393.00319888449553,0.8534541132922082,2.778658968470296,2.141786572269631,0.47622973364087257
H2,map-random-01,7001,H2_surface_d04_map-random-01,2017,1.0,surface,4.0,success,1,0,0,894,2.835522860550673,387.42819495078675,0.8657351245888909,3.0332211745545834,1.7497073632847597,0.4339341304469787
H2,map-random-01,7001,H2_surface_d04_map-random-01,2018,1.0,surface,4.0,timeout,0,0,1,1507,202.78345345417387,214.31911296986658,nan,2.378856652801602,2.3359447478542883,0.6031252499797581
H2,map-random-01,7001,H2_surface_d04_map-random-01,2019,1.0,surface,4.0,success,1,0,0,889,2.90632101406514,389.08510898085694,0.8620484024781085,1.9627951015535814,2.5097242093433714,0.6913278001346428
H2,map-random-01,7001,H2_surface_d04_map-random-01,2020,1.0,surface,4.0,timeout,0,0,1,1507,202.97828458306796,206.45953724136766,nan,2.976001069351753,1.9297442903845086,0.5752960889421429
H2,map-random-01,7001,H2_surface_d04_map-random-01,2021,1.0,surface,4.0,success,1,0,0,1416,2.9947136715329155,380.21100622583504,0.8821685620161767,13.64111491528911,1.6281736230524544,0.35284148597545306
H2,map-random-01,7001,H2_surface_d04_map-random-01,2022,1.0,surface,4.0,timeout,0,0,1,1507,202.5768635879337,225.36692114605398,nan,2.3178465433574047,2.563879203503262,0.8532008564477785
H2,map-random-01,7001,H2_surface_d04_map-random-01,2023,1.0,surface,4.0,success,1,0,0,647,2.959019912420913,350.8198153472579,0.9560754038165254,2.103224345752807,3.2977833263056393,0.803268530392948
H2,map-random-01,7001,H2_surface_d04_map-random-01,2024,1.0,surface,4.0,timeout,0,0,1,1507,33.5923336231808,354.00285849288184,nan,2.634636344383395,1.7376986302623811,0.3892722089257708
H2,map-random-01,7001,H2_surface_d04_map-random-01,2025,1.0,surface,4.0,success,1,0,0,914,2.975583013515427,383.574530572289,0.8744329195281557,1.8878548901739414,2.6404623872559947,0.7438967804633989
H2,map-random-01,7001,H2_surface_d04_map-random-01,2026,1.0,surface,4.0,timeout,0,0,1,1507,202.87417291387092,220.7134404228782,nan,2.1302469164122755,2.911725959255083,0.8768794244466271
H2,map-random-01,7001,H2_surface_d04_map-random-01,2027,1.0,surface,4.0,success,1,0,0,948,2.9898031944249097,408.69731266129304,0.8206811893156217,1.8820507383601661,2.670310005270844,0.7462889117249255
H2,map-random-01,7001,H2_surface_d04_map-random-01,2028,1.0,surface,4.0,timeout,0,0,1,1507,25.990985439610725,384.84263686424237,nan,2.9317079010878615,1.9690152347724177,0.39049205545066873
H2,map-random-01,7001,H2_surface_d04_map-random-01,2029,1.0,surface,4.0,success,1,0,0,1332,2.862481268525986,396.4849280053004,0.845959513044805,24.78487839043964,1.6746908541531456,0.361164528756391
H2,map-random-01,7001,H2_surface_d04_map-random-01,2030,1.0,surface,4.0,timeout,0,0,1,1507,32.75534313824544,378.78373651204413,nan,2.868926509485661,1.7441095520920904,0.3936336402427781
H2,map-random-01,7001,H2_surface_d04_map-random-01,2031,1.0,surface,4.0,timeout,0,0,1,1507,203.5918477361839,209.32438700723807,nan,2.699848158964528,2.2709722538320016,0.661518958190422
H2,map-random-01,7001,H2_surface_d04_map-random-01,2032,1.0,surface,4.0,timeout,0,0,1,1507,202.88386438816212,195.57266002153267,nan,2.8442614660730925,1.9405032960472266,0.5236711948149447
H2,map-random-01,7001,H2_surface_d04_map-random-01,2033,1.0,surface,4.0,success,1,0,0,681,2.75649903029825,356.15619975073344,0.9417502681680547,1.9445702087306977,3.3017794368529696,0.7289602688506926
H2,map-random-01,7001,H2_surface_d04_map-random-01,2034,1.0,surface,4.0,success,1,0,0,681,2.8081994430101367,355.09432256540185,0.9445664864528834,1.8051088897895795,3.3830923921891687,0.8203855826518194
H2,map-random-01,7001,H2_surface_d04_map-random-01,2035,1.0,surface,4.0,timeout,0,0,1,1507,202.64065733250834,236.1531423522168,nan,2.0108768614865795,2.971811580855138,0.9698537816219159
H2,map-random-01,7001,H2_surface_d04_map-random-01,2036,1.0,surface,4.0,success,1,0,0,895,2.9678259076653632,402.8333562697749,0.8326276645282235,2.6722897552728,1.8825006303084262,0.5125128843404816
H2,map-random-01,7001,H2_surface_d04_map-random-01,2037,1.0,surface,4.0,success,1,0,0,967,2.938926004817507,375.7619693551393,0.8926134733660775,2.7371975760540863,1.8294554226192492,0.43098193503039933
H2,map-random-01,7001,H2_surface_d04_map-random-01,2038,1.0,surface,4.0,timeout,0,0,1,1507,96.8034012018871,267.9570686585916,nan,2.984579012418109,1.722569996794231,0.3821667570254259
H2,map-random-01,7001,H2_surface_d04_map-random-01,2039,1.0,surface,4.0,timeout,0,0,1,1507,32.055580793611995,321.17648733987073,nan,2.879275120488046,1.7653163387505575,0.38437527437091906
H2,map-random-01,7001,H2_surface_d04_map-random-01,2040,1.0,surface,4.0,timeout,0,0,1,1507,74.40476763869023,307.0744416351965,nan,3.121240449976,1.767640745880597,0.381138935407809
H2,map-random-01,7001,H2_surface_d04_map-random-01,2041,1.0,surface,4.0,timeout,0,0,1,1507,85.20981988191596,264.53804372943677,nan,3.207065849186705,1.7142605876737123,0.3704633776304723
H2,map-random-01,7001,H2_surface_d04_map-random-01,2042,1.0,surface,4.0,timeout,0,0,1,1507,202.99868097876825,192.6183868724008,nan,2.8484996779157044,1.8285945568267201,0.46023464183718044
H2,map-random-01,7001,H2_surface_d04_map-random-01,2043,1.0,surface,4.0,success,1,0,0,1214,2.895255982218135,399.3527262247626,0.8398845797191173,25.792870637466162,2.035961969874048,0.39564308549657373
H2,map-random-01,7001,H2_surface_d04_map-random-01,2044,1.0,surface,4.0,timeout,0,0,1,1507,202.76848092454054,207.61353172381735,nan,2.8075841895840483,2.074445303512857,0.5743713903120965
H2,map-random-01,7001,H2_surface_d04_map-random-01,2045,1.0,surface,4.0,success,1,0,0,861,2.893673402757592,382.3597431918114,0.8772110626110275,5.006152388813428,1.5836286963592194,0.3818357844934163
H2,map-random-01,7001,H2_surface_d04_map-random-01,2046,1.0,surface,4.0,timeout,0,0,1,1507,52.37341211689015,358.2130025992999,nan,2.6133009067450814,1.835941459825749,0.44247890634152465
H2,map-random-01,7001,H2_surface_d04_map-random-01,2047,1.0,surface,4.0,timeout,0,0,1,1507,202.7135861300256,207.91851158460918,nan,2.749062135030229,2.245730804494451,0.6165151098423503
H2,map-random-01,7001,H2_surface_d04_map-random-01,2048,1.0,surface,4.0,success,1,0,0,1170,2.9630967251975906,369.2691768667792,0.9083081330288609,4.711466108533487,1.6199823095866868,0.3272761519616717
H2,map-random-01,7001,H2_surface_d04_map-random-01,2049,1.0,surface,4.0,success,1,0,0,1479,2.9679327397246222,414.00610753161266,0.8101576052216989,2.5688393661919235,1.8753107842974894,0.4341146128929788
H2,map-random-01,7001,H2_surface_d04_map-random-01,2050,1.0,surface,4.0,success,1,0,0,1207,2.9212531274830416,383.6411206892898,0.8742811407242671,15.718548745028869,1.6716492616574379,0.3449915215785326
H2,map-corridor-01,7013,H2_surface_d04_map-corridor-01,2001,1.0,surface,4.0,timeout,0,0,1,1507,45.69132298196331,353.9639793556553,nan,2.8641467676845025,2.0878679723205154,0.43991354600055044
H2,map-corridor-01,7013,H2_surface_d04_map-corridor-01,2002,1.0,surface,4.0,timeout,0,0,1,1507,209.0466773089718,209.8342501104158,nan,2.1176218756123717,2.233855315860221,0.6176841054648282
H2,map-corridor-01,7013,H2_surface_d04_map-corridor-01,2003,1.0,surface,4.0,success,1,0,0,1424,2.9521834838218712,437.944710144111,0.7658733827715323,2.537307777001004,1.9789702280316281,0.524502932173599
H2,map-corridor-01,7013,H2_surface_d04_map-corridor-01,2004,1.0,surface,4.0,timeout,0,0,1,1507,283.73222236415467,107.31950834095763,nan,2.723652640125607,1.8778753436544529,0.46613697581850844
H2,map-corridor-01,7013,H2_surface_d04_map-corridor-01,2005,1.0,surface,4.0,timeout,0,0,1,1507,93.56205786159268,309.83406393166615,nan,2.4658233503363003,1.9111822808514134,0.4347991836206243
H2,map-corridor-01,7013,H2_surface_d04_map-corridor-01,2006,1.0,surface,4.0,timeout,0,0,1,1507,285.0457888992171,137.21917229450122,nan,2.1732617439150133,2.3093762002009584,0.6727557844718831
H2,map-corridor-01,7013,H2_surface_d04_map-corridor-01,2007,1.0,surface,4.0,timeout,0,0,1,1507,152.82395658244494,267.3866681602817,nan,2.3378763975532593,2.30269939439304,0.6060351239345761
H2,map-corridor-01,7013,H2_surface_d04_map-corridor-01,2008,1.0,surface,4.0,timeout,0,0,1,1507,97.33205100442456,314.1018985993095,nan,2.0797946062071304,2.3353645673999117,0.6669739307885363
H2,map-corridor-01,7013,H2_surface_d04_map-corridor-01,2009,1.0,surface,4.0,success,1,0,0,1151,2.986398980645426,434.1088247062498,0.7726408161638545,2.0653939781118424,2.788813018562484,0.7408306266519037
H2,map-corridor-01,7013,H2_surface_d04_map-corridor-01,2010,1.0,surface,4.0,success,1,0,0,1237,2.79557782321496,446.54306259500794,0.7511262064531694,2.289686244866459,2.477725947697867,0.6042113266492034
H2,map-corridor-01,7013,H2_surface_d04_map-corridor-01,2011,1.0,surface,4.0,timeout,0,0,1,1507,162.33319044061588,259.4161216290212,nan,2.342789982318572,2.3197117537568195,0.659089346819824
H2,map-corridor-01,7013,H2_surface_d04_map-corridor-01,2012,1.0,surface,4.0,success,1,0,0,1139,2.8780761006185562,427.4288695193344,0.7847158218445899,2.0831413186095347,2.472353764974625,0.6805159655013959
H2,map-corridor-01,7013,H2_surface_d04_map-corridor-01,2013,1.0,surface,4.0,success,1,0,0,1247,2.856900585298333,434.06301966836617,0.7727223500431558,2.304761034961686,2.1182072760771016,0.5460442569462045
H2,map-corridor-01,7013,H2_surface_d04_map-corridor-01,2014,1.0,surface,4.0,timeout,0,0,1,1507,267.5355457815981,147.91487886171058,nan,1.8979885390075495,2.5418266318092084,0.7641736095393952
H2,map-corridor-01,7013,H2_surface_d04_map-corridor-01,2015,1.0,surface,4.0,timeout,0,0,1,1507,88.76872471394714,283.94088538371585,nan,2.961617756833924,1.768315690684222,0.40124206334676876
H2,map-corridor-01,7013,H2_surface_d04_map-corridor-01,2016,1.0,surface,4.0,timeout,0,0,1,1507,22.58413226441984,379.6126388569406,nan,2.0551562678987736,2.4653123816579554,0.6103057836908554
H2,map-corridor-01,7013,H2_surface_d04_map-corridor-01,2017,1.0,surface,4.0,timeout,0,0,1,1507,90.59790480634065,319.1055633931651,nan,1.7438243401197155,2.4935121182740674,0.7358714826951027
H2,map-corridor-01,7013,H2_surface_d04_map-corridor-01,2018,1.0,surface,4.0,timeout,0,0,1,1507,190.04375145514797,228.54676485551542,nan,2.8601178670287326,2.125709899995667,0.4949939484637613
H2,map-corridor-01,7013,H2_surface_d04_map-corridor-01,2019,1.0,surface,4.0,success,1,0,0,1042,2.9402617504750888,437.9157647418425,0.7659240055509249,1.873738456648617,3.120403586965926,0.9186759882097291
H2,map-corridor-01,7013,H2_surface_d04_map-corridor-01,2020,1.0,surface,4.0,timeout,0,0,1,1507,154.75715047164792,257.0681839965476,nan,2.94127267023093,1.8009655670893792,0.44100908541939177
H2,map-corridor-01,7013,H2_surface_d04_map-corridor-01,2021,1.0,surface,4.0,timeout,0,0,1,1507,161.84941451535255,247.07208454399756,nan,2.234488078542455,2.0629740981610363,0.5831167819202122
H2,map-corridor-01,7013,H2_surface_d04_map-corridor-01,2022,1.0,surface,4.0,success,1,0,0,1272,2.9763266886393747,444.53733316437035,0.7545152490059784,2.2717603994675386,2.205970771188798,0.5946685633761848
H2,map-corridor-01,7013,H2_surface_d04_map-corridor-01,2023,1.0,surface,4.0,success,1,0,0,1082,2.893086668562756,448.2140259776164,0.7483259719358241,1.8291651025952973,3.710946573333796,1.130468830218181
H2,map-corridor-01,7013,H2_surface_d04_map-corridor-01,2024,1.0,surface,4.0,timeout,0,0,1,1507,72.65551134483903,329.2909747495014,nan,2.747633811725924,1.8523954551535102,0.4737023032199109
H2,map-corridor-01,7013,H2_surface_d04_map-corridor-01,2025,1.0,surface,4.0,success,1,0,0,1262,2.97307449023677,423.29912921956293,0.7923715724229451,2.016755844924674,2.4628974989437036,0.7249843428754911
H2,map-corridor-01,7013,H2_surface_d04_map-corridor-01,2026,1.0,surface,4.0,success,1,0,0,1105,2.9963535010378544,432.32376030072123,0.7758310493775766,2.161740634193606,2.9532658224567068,0.8285613083166177
H2,map-corridor-01,7013,H2_surface_d04_map-corridor-01,2027,1.0,surface,4.0,success,1,0,0,1121,2.954859990112374,414.86166624730345,0.8084868376945362,2.1701369825810914,2.4536774771133825,0.816046795099105
H2,map-corridor-01,7013,H2_surface_d04_map-corridor-01,2028,1.0,surface,4.0,timeout,0,0,1,1507,31.435100156308437,383.0843924728362,nan,2.5821268750433006,2.0359928219042507,0.401453446627428
H2,map-corridor-01,7013,H2_surface_d04_map-corridor-01,2029,1.0,surface,4.0,timeout,0,0,1,1507,152.98474404342056,256.68834239897313,nan,2.349106419983258,2.0815296354769246,0.5851688761297165
H2,map-corridor-01,7013,H2_surface_d04_map-corridor-01,2030,1.0,surface,4.0,timeout,0,0,1,1507,28.075289720671968,378.66556899948046,nan,3.015144882219822,1.727391892576283,0.39282151151430156
H2,map-corridor-01,7013,H2_surface_d04_map-corridor-01,2031,1.0,surface,4.0,timeout,0,0,1,1507,24.996490196752028,388.76426036015,nan,2.5528722568468822,2.133062612929446,0.46604372427302454
H2,map-corridor-01,7013,H2_surface_d04_map-corridor-01,2032,1.0,surface,4.0,timeout,0,0,1,1507,129.75876720343499,253.07850643979253,nan,2.8081150187571873,1.855069322848875,0.44119670345099454
H2,map-corridor-01,7013,H2_surface_d04_map-corridor-01,2033,1.0,surface,4.0,success,1,0,0,1257,2.957706248828857,460.54067307993535,0.7282965788490777,1.957954082382571,3.672205103719923,1.0755315787426103
H2,map-corridor-01,7013,H2_surface_d04_map-corridor-01,2034,1.0,surface,4.0,success,1,0,0,1429,2.952218966126303,457.8083957748498,0.7326431750061727,1.8120242865196121,3.258215251823795,0.9833995779178676
H2,map-corridor-01,7013,H2_surface_d04_map-corridor-01,2035,1.0,surface,4.0,success,1,0,0,1086,2.999745582306097,446.4845572827294,0.7512246306260828,1.9699561409921955,2.9478775283242094,0.8766203738454849
H2,map-corridor-01,7013,H2_surface_d04_map-corridor-01,2036,1.0,surface,4.0,success,1,0,0,1328,2.9296102433086055,419.8379102988739,0.7989040255707183,2.0196295947171308,2.4932308131772007,0.7646313836662256
H2,map-corridor-01,7013,H2_surface_d04_map-corridor-01,2037,1.0,surface,4.0,timeout,0,0,1,1507,269.3726765897667,142.03485345266648,nan,2.2258860347487612,2.310195560368653,0.6891831857645371
H2,map-corridor-01,7013,H2_surface_d04_map-corridor-01,2038,1.0,surface,4.0,timeout,0,0,1,1507,222.82773084225988,174.1107089769758,nan,2.7652557970588845,1.8615032629851076,0.4977379352923824
H2,map-corridor-01,7013,H2_surface_d04_map-corridor-01,2039,1.0,surface,4.0,timeout,0,0,1,1507,209.34118287106975,192.2532273622903,nan,2.9234978810026386,1.8736059988864353,0.4908249327440293
H2,map-corridor-01,7013,H2_surface_d04_map-corridor-01,2040,1.0,surface,4.0,timeout,0,0,1,1507,162.27107072371757,250.4112739237547,nan,2.577840581464585,2.0312541964787916,0.532050667196855
H2,map-corridor-01,7013,H2_surface_d04_map-corridor-01,2041,1.0,surface,4.0,timeout,0,0,1,1507,263.31424511934216,143.8631742583242,nan,2.9829446739978422,1.929836001469873,0.5504829127627434
H2,map-corridor-01,7013,H2_surface_d04_map-corridor-01,2042,1.0,surface,4.0,timeout,0,0,1,1507,119.18127087805792,256.0830973905159,nan,3.107132042817689,1.7238565050383508,0.3928478662574321
H2,map-corridor-01,7013,H2_surface_d04_map-corridor-01,2043,1.0,surface,4.0,success,1,0,0,1462,2.985557920231833,431.1143217225708,0.7780075486353489,2.5120702264109696,2.351497270620988,0.5858931705507058
H2,map-corridor-01,7013,H2_surface_d04_map-corridor-01,2044,1.0,surface,4.0,timeout,0,0,1,1507,94.68103685143407,308.80245452999816,nan,2.7923885635563437,1.8973135151594214,0.4472978790373738
H2,map-corridor-01,7013,H2_surface_d04_map-corridor-01,2045,1.0,surface,4.0,success,1,0,0,1059,2.87988193485034,419.38349696036414,0.7997696596455918,2.1416043169140284,2.5561819690927385,0.7673349777879458
H2,map-corridor-01,7013,H2_surface_d04_map-corridor-01,2046,1.0,surface,4.0,timeout,0,0,1,1507,48.38539826914996,365.6915633155397,nan,2.494333196215358,1.8800777170687022,0.4568199063103967
H2,map-corridor-01,7013,H2_surface_d04_map-corridor-01,2047,1.0,surface,4.0,timeout,0,0,1,1507,129.13613255721367,281.1312963465829,nan,2.668309870461297,2.315038644563626,0.5608989295693697
H2,map-corridor-01,7013,H2_surface_d04_map-corridor-01,2048,1.0,surface,4.0,timeout,0,0,1,1507,253.2604335345549,180.93301729633708,nan,2.2919074013117324,2.1129550938081842,0.5946611259965711
H2,map-corridor-01,7013,H2_surface_d04_map-corridor-01,2049,1.0,surface,4.0,success,1,0,0,1481,2.8774605997782667,415.4021991577674,0.8074348121050307,2.596986642180859,1.856311664802687,0.4411692107834908
H2,map-corridor-01,7013,H2_surface_d04_map-corridor-01,2050,1.0,surface,4.0,timeout,0,0,1,1507,218.17237253965746,186.03138447287077,nan,2.330496015924396,2.216987338868639,0.6652542512485375
H2,map-barrier-01,7019,H2_surface_d04_map-barrier-01,2001,1.0,surface,4.0,timeout,0,0,1,1507,91.84428558444591,318.3613446636547,nan,2.8930410835764633,2.0543612650579215,0.40207017110666654
H2,map-barrier-01,7019,H2_surface_d04_map-barrier-01,2002,1.0,surface,4.0,success,1,0,0,1296,2.983924756489208,412.93150688210727,0.8122659352334883,2.045106475997443,2.302628679384009,0.6362480749569477
H2,map-barrier-01,7019,H2_surface_d04_map-barrier-01,2003,1.0,surface,4.0,success,1,0,0,1404,2.9333265299231277,433.4840813201847,0.7737543570307583,2.589282843504378,1.8838831893054997,0.48061878237937855
H2,map-barrier-01,7019,H2_surface_d04_map-barrier-01,2004,1.0,surface,4.0,timeout,0,0,1,1507,137.52311120124924,242.53181116884627,nan,2.7440890564696474,1.8387111148077608,0.44918573531747463
H2,map-barrier-01,7019,H2_surface_d04_map-barrier-01,2005,1.0,surface,4.0,timeout,0,0,1,1507,21.74491088522793,362.1129425776587,nan,3.5828647762206023,1.7168680642188707,0.3318711195290095
H2,map-barrier-01,7019,H2_surface_d04_map-barrier-01,2006,1.0,surface,4.0,timeout,0,0,1,1507,15.375591074713672,410.5774155741998,nan,2.211193264791774,2.1414343073809228,0.5516488355030743
H2,map-barrier-01,7019,H2_surface_d04_map-barrier-01,2007,1.0,surface,4.0,timeout,0,0,1,1507,200.33198902231274,224.02032710004642,nan,2.360621441825117,2.1914329395869876,0.5886627687755089
H2,map-barrier-01,7019,H2_surface_d04_map-barrier-01,2008,1.0,surface,4.0,success,1,0,0,1321,2.9457251556485438,406.8560014497817,0.8243953522370943,2.1912601780505554,2.2991525176813585,0.6937938750689333
H2,map-barrier-01,7019,H2_surface_d04_map-barrier-01,2009,1.0,surface,4.0,success,1,0,0,1281,2.944198771009651,446.14665903126706,0.7517935858877789,2.3461705086808706,2.118744064292299,0.5727947855149844
H2,map-barrier-01,7019,H2_surface_d04_map-barrier-01,2010,1.0,surface,4.0,success,1,0,0,1235,2.9670564161891915,437.9497984993567,0.7658644844095326,2.5300993954271007,2.2274696710893602,0.5277612153552654
H2,map-barrier-01,7019,H2_surface_d04_map-barrier-01,2011,1.0,surface,4.0,timeout,0,0,1,1507,205.47238305339945,207.5084101019985,nan,2.4628653534285263,2.1632870739133323,0.6228303131413088
H2,map-barrier-01,7019,H2_surface_d04_map-barrier-01,2012,1.0,surface,4.0,success,1,0,0,1279,2.7881495130967595,432.7297099890583,0.7751032316072068,2.1637759620250847,2.048203056464499,0.5393977043498503
H2,map-barrier-01,7019,H2_surface_d04_map-barrier-01,2013,1.0,surface,4.0,success,1,0,0,1283,2.886968575181215,432.6203670520057,0.7752991356152414,2.3628545865281296,1.9667417098280988,0.5126620235141737
H2,map-barrier-01,7019,H2_surface_d04_map-barrier-01,2014,1.0,surface,4.0,success,1,0,0,1112,2.870554215292711,397.1603811221342,0.8445207844682363,1.8143080168094912,2.544173792168781,0.7506664949924472
H2,map-barrier-01,7019,H2_surface_d04_map-barrier-01,2015,1.0,surface,4.0,timeout,0,0,1,1507,173.0612417636796,222.89823857749997,nan,2.929251949590565,1.8177738430891368,0.44818303241800006
H2,map-barrier-01,7019,H2_surface_d04_map-barrier-01,2016,1.0,surface,4.0,success,1,0,0,1038,2.8617130359391614,395.7760322680951,0.8474747566264059,2.0926252503718104,2.6370431089930593,0.6864122161879478
H2,map-barrier-01,7019,H2_surface_d04_map-barrier-01,2017,1.0,surface,4.0,success,1,0,0,966,2.8165037323514075,400.38195579019657,0.8377255562454122,1.7992612118884779,2.5592770766817066,0.7463917657417185
H2,map-barrier-01,7019,H2_surface_d04_map-barrier-01,2018,1.0,surface,4.0,timeout,0,0,1,1507,171.73698098763236,242.60219124029135,nan,2.5250797380479924,2.173500434751232,0.5014043048057645
H2,map-barrier-01,7019,H2_surface_d04_map-barrier-01,2019,1.0,surface,4.0,success,1,0,0,679,2.9349540949246933,358.3975690596276,0.9358606909779719,7.67879126157313,1.6121425142462027,0.45134264512143246
H2,map-barrier-01,7019,H2_surface_d04_map-barrier-01,2020,1.0,surface,4.0,timeout,0,0,1,1507,164.98599803201597,244.65696013783256,nan,2.9818633071799354,1.782314044491362,0.4363023044072331
H2,map-barrier-01,7019,H2_surface_d04_map-barrier-01,2021,1.0,surface,4.0,timeout,0,0,1,1507,210.1764372897206,198.07224069304164,nan,2.4839293625465757,2.0081582682953067,0.581565611046811
H2,map-barrier-01,7019,H2_surface_d04_map-barrier-01,2022,1.0,surface,4.0,success,1,0,0,1296,2.9795961051030484,443.81932831794205,0.7557358934685428,2.3194307344350875,2.0461268442213014,0.5565266172680255
H2,map-barrier-01,7019,H2_surface_d04_map-barrier-01,2023,1.0,surface,4.0,success,1,0,0,576,2.735789795402069,333.7884639644535,1.0,11.430415563641867,2.3631278077039193,0.4405829919910241
H2,map-barrier-01,7019,H2_surface_d04_map-barrier-01,2024,1.0,surface,4.0,timeout,0,0,1,1507,197.33782918881693,208.27349838083518,nan,2.5412302107719995,1.8937602195854264,0.5281549360680683
H2,map-barrier-01,7019,H2_surface_d04_map-barrier-01,2025,1.0,surface,4.0,success,1,0,0,767,2.8552935013424303,362.4413424096867,0.9254192537611687,2.2545339239649396,2.1213206438697942,0.5565221616724999
H2,map-barrier-01,7019,H2_surface_d04_map-barrier-01,2026,1.0,surface,4.0,success,1,0,0,1252,2.936131929920152,446.60318667676006,0.7510250858727745,2.0866529678567076,2.6097513420643184,0.6954622494902521
H2,map-barrier-01,7019,H2_surface_d04_map-barrier-01,2027,1.0,surface,4.0,success,1,0,0,707,2.801368305746886,357.8393374903392,0.9373206394169109,5.608741808243363,1.6651826211406693,0.4498126890509171
H2,map-barrier-01,7019,H2_surface_d04_map-barrier-01,2028,1.0,surface,4.0,timeout,0,0,1,1507,47.3666622188667,372.58085116585937,nan,2.6721681889757463,2.037211222465265,0.4111565709601863
H2,map-barrier-01,7019,H2_surface_d04_map-barrier-01,2029,1.0,surface,4.0,timeout,0,0,1,1507,202.74888943734956,209.33392771490458,nan,2.2018004402459868,2.2362077099563877,0.6663349518023065
H2,map-barrier-01,7019,H2_surface_d04_map-barrier-01,2030,1.0,surface,4.0,timeout,0,0,1,1507,43.84228800659671,369.6917254326622,nan,2.695860240710573,1.7896800280874838,0.4260151109465914
H2,map-barrier-01,7019,H2_surface_d04_map-barrier-01,2031,1.0,surface,4.0,timeout,0,0,1,1507,45.02473891178675,373.41196830549757,nan,2.4824666004547,2.1167592867833647,0.4635889780401985
H2,map-barrier-01,7019,H2_surface_d04_map-barrier-01,2032,1.0,surface,4.0,timeout,0,0,1,1507,56.77955628610049,301.8960693001717,nan,2.655924384949689,1.808626687888179,0.3894470816326266
H2,map-barrier-01,7019,H2_surface_d04_map-barrier-01,2033,1.0,surface,4.0,success,1,0,0,596,2.5907448295456006,333.7652421324144,1.0,13.230375981653944,2.3506869201859533,0.40070475348489376
H2,map-barrier-01,7019,H2_surface_d04_map-barrier-01,2034,1.0,surface,4.0,success,1,0,0,598,2.9994786585362547,339.5947990959619,0.9876776603112495,3.0577635305427835,2.5814396246070443,0.4696295960437731
H2,map-barrier-01,7019,H2_surface_d04_map-barrier-01,2035,1.0,surface,4.0,success,1,0,0,1153,2.965051990081939,437.3640590989869,0.7668901676922117,2.084159668392118,2.5048154718007662,0.7315174918275079
H2,map-barrier-01,7019,H2_surface_d04_map-barrier-01,2036,1.0,surface,4.0,success,1,0,0,885,2.9894170026186373,391.68555343018335,0.8563251661635619,1.941670389801402,2.4471638400689524,0.7337242180438883
H2,map-barrier-01,7019,H2_surface_d04_map-barrier-01,2037,1.0,surface,4.0,success,1,0,0,1097,2.8936629132620078,390.6707102194081,0.8585496374596288,2.072473871662197,2.342552470364203,0.6443676902332692
H2,map-barrier-01,7019,H2_surface_d04_map-barrier-01,2038,1.0,surface,4.0,timeout,0,0,1,1507,199.87203763877937,191.45502750881457,nan,2.58917526465504,1.8568461293777403,0.4801952234711832
H2,map-barrier-01,7019,H2_surface_d04_map-barrier-01,2039,1.0,surface,4.0,timeout,0,0,1,1507,49.30408730808447,308.3956738916939,nan,2.7023260082167724,1.7581228030201148,0.3742435256340544
H2,map-barrier-01,7019,H2_surface_d04_map-barrier-01,2040,1.0,surface,4.0,timeout,0,0,1,1507,204.75733883010358,188.3129571932012,nan,2.6732601579961397,1.9228788416515594,0.4799862743420028
H2,map-barrier-01,7019,H2_surface_d04_map-barrier-01,2041,1.0,surface,4.0,timeout,0,0,1,1507,83.77251450697615,262.2375702929236,nan,3.195454926687195,1.7174411327853663,0.3645970390729893
H2,map-barrier-01,7019,H2_surface_d04_map-barrier-01,2042,1.0,surface,4.0,timeout,0,0,1,1507,30.33601148520616,313.42894508537927,nan,3.2233223603141177,1.6698904396434078,0.34179548465310483
H2,map-barrier-01,7019,H2_surface_d04_map-barrier-01,2043,1.0,surface,4.0,timeout,0,0,1,1507,137.69968374339317,275.74276542202483,nan,2.0744286837974926,2.536891142590195,0.6626271986020885
H2,map-barrier-01,7019,H2_surface_d04_map-barrier-01,2044,1.0,surface,4.0,timeout,0,0,1,1507,172.18212262529323,247.14027673027596,nan,2.678578816125736,1.923920180656388,0.47275549603366657
H2,map-barrier-01,7019,H2_surface_d04_map-barrier-01,2045,1.0,surface,4.0,success,1,0,0,1121,2.9879642957488577,399.83003830508085,0.8388819360516422,1.9923650673551947,2.456519259524586,0.7471636105891052
H2,map-barrier-01,7019,H2_surface_d04_map-barrier-01,2046,1.0,surface,4.0,timeout,0,0,1,1507,59.58004979032088,349.5616013381263,nan,2.994977458984181,1.732064650447454,0.4233518115303073
H2,map-barrier-01,7019,H2_surface_d04_map-barrier-01,2047,1.0,surface,4.0,timeout,0,0,1,1507,171.71512570235808,236.2870369625648,nan,2.568219733119861,2.1750802695872244,0.5349129851166683
H2,map-barrier-01,7019,H2_surface_d04_map-barrier-01,2048,1.0,surface,4.0,timeout,0,0,1,1507,206.60325400337896,205.46812254086444,nan,2.24985474666056,2.0917202737824114,0.5797605806544153
H2,map-barrier-01,7019,H2_surface_d04_map-barrier-01,2049,1.0,surface,4.0,success,1,0,0,1499,2.9882412769082856,412.2347537683237,0.8136388151627539,2.7967975666904294,1.7917812643616613,0.42796475624387725
H2,map-barrier-01,7019,H2_surface_d04_map-barrier-01,2050,1.0,surface,4.0,timeout,0,0,1,1507,188.11927275893495,213.2776029593901,nan,2.263659504610388,2.208854993703227,0.6561976885907378
H2,map-mixed-01,7027,H2_surface_d04_map-mixed-01,2001,1.0,surface,4.0,timeout,0,0,1,1507,98.02512130040125,319.1990385302271,nan,2.8811100264339373,2.0723554394577173,0.4132990342939701
H2,map-mixed-01,7027,H2_surface_d04_map-mixed-01,2002,1.0,surface,4.0,success,1,0,0,1205,2.8164370179936125,413.89906792479485,0.8103671223678915,2.0356763148199235,2.3178718631691906,0.6296967221854336
H2,map-mixed-01,7027,H2_surface_d04_map-mixed-01,2003,1.0,surface,4.0,success,1,0,0,1468,2.990095046910903,453.6196096275655,0.7394085033059962,2.3967102396228124,2.1121549982847942,0.5751899943536347
H2,map-mixed-01,7027,H2_surface_d04_map-mixed-01,2004,1.0,surface,4.0,timeout,0,0,1,1507,135.68440041754283,241.8832520728359,nan,2.7864210355608776,1.7973396651141555,0.4175933218557638
H2,map-mixed-01,7027,H2_surface_d04_map-mixed-01,2005,1.0,surface,4.0,timeout,0,0,1,1507,21.361065051702088,362.3018046681835,nan,3.5828647762206023,1.7174871071784181,0.3317429167081122
H2,map-mixed-01,7027,H2_surface_d04_map-mixed-01,2006,1.0,surface,4.0,timeout,0,0,1,1507,7.586131730047481,420.7523196696529,nan,2.2259876057968313,2.125343253501766,0.5741992629963837
H2,map-mixed-01,7027,H2_surface_d04_map-mixed-01,2007,1.0,surface,4.0,timeout,0,0,1,1507,203.63616239510498,222.12203471520354,nan,2.3706936194047614,2.234917827156711,0.6290672504677745
H2,map-mixed-01,7027,H2_surface_d04_map-mixed-01,2008,1.0,surface,4.0,success,1,0,0,1275,2.8403842777657022,406.5127955606374,0.8250913631448953,2.149134433454435,2.3632351557307896,0.7145524849895957
H2,map-mixed-01,7027,H2_surface_d04_map-mixed-01,2009,1.0,surface,4.0,success,1,0,0,1337,2.9545748989466216,463.24633582293654,0.7240428486695467,2.2885514168103,2.353291149305822,0.6699675518757159
H2,map-mixed-01,7027,H2_surface_d04_map-mixed-01,2010,1.0,surface,4.0,success,1,0,0,967,2.9221552709401055,385.3150584077925,0.8704829705097901,2.411195885325654,2.554799572153655,0.6122029083697127
H2,map-mixed-01,7027,H2_surface_d04_map-mixed-01,2011,1.0,surface,4.0,timeout,0,0,1,1507,208.78906715916156,200.85495277577098,nan,2.531337228700963,2.1038471017034794,0.5944537801059709
H2,map-mixed-01,7027,H2_surface_d04_map-mixed-01,2012,1.0,surface,4.0,success,1,0,0,990,2.996890945330822,390.92791790832496,0.857984762049213,2.2834338267193175,2.603745039723783,0.7582583210900451
H2,map-mixed-01,7027,H2_surface_d04_map-mixed-01,2013,1.0,surface,4.0,success,1,0,0,1387,2.7670449626197935,455.1299398023928,0.7369548062924536,2.374278602798725,2.2943451452125188,0.6370159536921136
H2,map-mixed-01,7027,H2_surface_d04_map-mixed-01,2014,1.0,surface,4.0,success,1,0,0,1094,2.7676709143208256,395.75509017727836,0.8475196022740266,1.8048570086389049,2.5028303222835517,0.7113551416935997
H2,map-mixed-01,7027,H2_surface_d04_map-mixed-01,2015,1.0,surface,4.0,timeout,0,0,1,1507,68.86238976453582,293.6170498302796,nan,2.9696028030537676,1.8608390797438727,0.44823555536131826
H2,map-mixed-01,7027,H2_surface_d04_map-mixed-01,2016,1.0,surface,4.0,success,1,0,0,990,2.942505232815373,392.8533096582404,0.8537797401191705,2.0332604179599514,2.6945540110605557,0.6828126064360673
H2,map-mixed-01,7027,H2_surface_d04_map-mixed-01,2017,1.0,surface,4.0,success,1,0,0,941,2.949558056065897,398.94337239944105,0.84074638114088,1.759695664130419,2.4387065058865933,0.6927078287957089
H2,map-mixed-01,7027,H2_surface_d04_map-mixed-01,2018,1.0,surface,4.0,timeout,0,0,1,1507,174.61601618932912,248.3033761633283,nan,2.458697027703671,2.3578961707632247,0.6002579651570787
H2,map-mixed-01,7027,H2_surface_d04_map-mixed-01,2019,1.0,surface,4.0,success,1,0,0,1274,2.830342518334008,467.3168986073922,0.7177360750798726,1.9583303158180172,2.461411129845734,0.7467591911672281
H2,map-mixed-01,7027,H2_surface_d04_map-mixed-01,2020,1.0,surface,4.0,timeout,0,0,1,1507,170.57302144858517,252.44501942126834,nan,2.9491102515882517,1.8868095791614785,0.4906101922495197
H2,map-mixed-01,7027,H2_surface_d04_map-mixed-01,2021,1.0,surface,4.0,timeout,0,0,1,1507,213.5543394159363,197.18025874312457,nan,2.3809233667652165,2.0503277331255667,0.5944503097383858
H2,map-mixed-01,7027,H2_surface_d04_map-mixed-01,2022,1.0,surface,4.0,success,1,0,0,1323,2.88710983330798,449.3214072968485,0.7464816747611059,2.3140810088041093,2.144070522455043,0.587942377562996
H2,map-mixed-01,7027,H2_surface_d04_map-mixed-01,2023,1.0,surface,4.0,success,1,0,0,647,2.7375121566316736,353.4888503310367,0.9488565093661714,2.0450904394203633,3.2125706833522005,0.7573372147686811
H2,map-mixed-01,7027,H2_surface_d04_map-mixed-01,2024,1.0,surface,4.0,timeout,0,0,1,1507,200.0762345711836,207.6697986418946,nan,2.533024947503236,1.9184416669326727,0.5560288420318531
H2,map-mixed-01,7027,H2_surface_d04_map-mixed-01,2025,1.0,surface,4.0,success,1,0,0,765,2.9771345194466123,364.02008068987675,0.9214057531917252,3.1880337025792067,1.722652780611569,0.4400446293618439
H2,map-mixed-01,7027,H2_surface_d04_map-mixed-01,2026,1.0,surface,4.0,success,1,0,0,1360,2.9621167534301147,467.8528991823123,0.7169137932268456,2.059865386031805,2.783215817560237,0.7113817985955792
H2,map-mixed-01,7027,H2_surface_d04_map-mixed-01,2027,1.0,surface,4.0,success,1,0,0,728,2.801803500285881,365.8685370998035,0.916750588295253,2.978396248091741,1.7413964191364495,0.5021537753362796
H2,map-mixed-01,7027,H2_surface_d04_map-mixed-01,2028,1.0,surface,4.0,timeout,0,0,1,1507,50.268406769233586,370.1667860524954,nan,2.7319893826366553,2.013543391242908,0.4151516806998305
H2,map-mixed-01,7027,H2_surface_d04_map-mixed-01,2029,1.0,surface,4.0,success,1,0,0,1450,2.805253931671351,411.7627346090976,0.8145715200366211,2.1991425514218834,1.9381026400266934,0.4377977071451299
H2,map-mixed-01,7027,H2_surface_d04_map-mixed-01,2030,1.0,surface,4.0,timeout,0,0,1,1507,59.04324982004241,362.23319976672116,nan,2.764057377573849,1.8816149259025299,0.4620192187626762
H2,map-mixed-01,7027,H2_surface_d04_map-mixed-01,2031,1.0,surface,4.0,timeout,0,0,1,1507,66.813374776719,362.81892505643475,nan,2.5996518619392432,2.232529136687351,0.5315476161307644
H2,map-mixed-01,7027,H2_surface_d04_map-mixed-01,2032,1.0,surface,4.0,timeout,0,0,1,1507,60.296744361267386,299.5290049026621,nan,3.0074686482271744,1.810902264827962,0.41094308530508367
H2,map-mixed-01,7027,H2_surface_d04_map-mixed-01,2033,1.0,surface,4.0,success,1,0,0,694,2.9857592372007886,355.1609572078379,0.9443892686343015,1.9994977743305782,3.3008541313570534,0.7588490916750203
H2,map-mixed-01,7027,H2_surface_d04_map-mixed-01,2034,1.0,surface,4.0,success,1,0,0,784,2.878955527410548,378.71239380628595,0.8856594136090861,2.5401017942292015,2.5065157292490383,0.5779296591622238
H2,map-mixed-01,7027,H2_surface_d04_map-mixed-01,2035,1.0,surface,4.0,success,1,0,0,810,2.9623735900010724,376.21784599360126,0.8915318616509041,2.2987104295122833,2.488355568202434,0.7124983039084299
H2,map-mixed-01,7027,H2_surface_d04_map-mixed-01,2036,1.0,surface,4.0,success,1,0,0,865,2.9028162941772506,393.5515322809663,0.8522649999124149,1.9429415574929862,2.24498127179302,0.6456331045981604
H2,map-mixed-01,7027,H2_surface_d04_map-mixed-01,2037,1.0,surface,4.0,success,1,0,0,1016,2.958818465281369,379.2678394809068,0.8843623468945718,2.0895751040932566,2.2942595852304932,0.5805275896399147
H2,map-mixed-01,7027,H2_surface_d04_map-mixed-01,2038,1.0,surface,4.0,timeout,0,0,1,1507,202.71888740308813,186.15839721223676,nan,2.606932812388095,1.847154882518069,0.4671288878351842
H2,map-mixed-01,7027,H2_surface_d04_map-mixed-01,2039,1.0,surface,4.0,timeout,0,0,1,1507,38.78017828035288,315.23387730984484,nan,2.7568239992343706,1.7904503656205024,0.3924914249365815
H2,map-mixed-01,7027,H2_surface_d04_map-mixed-01,2040,1.0,surface,4.0,timeout,0,0,1,1507,208.0822162992517,185.37257754131102,nan,2.6751565562629054,1.9272494330264476,0.4881020651577206
H2,map-mixed-01,7027,H2_surface_d04_map-mixed-01,2041,1.0,surface,4.0,timeout,0,0,1,1507,76.24419830220671,269.69599388646026,nan,3.394949787192461,1.7113793186711939,0.35435244247941927
H2,map-mixed-01,7027,H2_surface_d04_map-mixed-01,2042,1.0,surface,4.0,timeout,0,0,1,1507,59.898671754134426,295.6497081884726,nan,2.7356872792508398,1.7678218216757582,0.390514176441281
H2,map-mixed-01,7027,H2_surface_d04_map-mixed-01,2043,1.0,surface,4.0,timeout,0,0,1,1507,128.0182812346488,285.8959278192163,nan,2.0552355554791717,2.5106257897896542,0.6416964024302226
H2,map-mixed-01,7027,H2_surface_d04_map-mixed-01,2044,1.0,surface,4.0,timeout,0,0,1,1507,175.0598433314711,249.9196857123709,nan,2.807999920614627,1.9858517695916926,0.5086972012456623
H2,map-mixed-01,7027,H2_surface_d04_map-mixed-01,2045,1.0,surface,4.0,success,1,0,0,1069,2.922893364082827,396.8687874205782,0.8451412841129289,2.0014041830063576,2.4464049341208534,0.7381390632590802
H2,map-mixed-01,7027,H2_surface_d04_map-mixed-01,2046,1.0,surface,4.0,timeout,0,0,1,1507,78.02240648432911,351.0650644545656,nan,2.563580765287753,2.033356088973548,0.5426247759997206
H2,map-mixed-01,7027,H2_surface_d04_map-mixed-01,2047,1.0,surface,4.0,timeout,0,0,1,1507,174.6362515551704,245.72627613063383,nan,2.690746676746464,2.331343677107928,0.6314759995901051
H2,map-mixed-01,7027,H2_surface_d04_map-mixed-01,2048,1.0,surface,4.0,timeout,0,0,1,1507,69.2198633945241,337.7737923169371,nan,2.292430014944159,1.9350656336731333,0.5022934187485106
H2,map-mixed-01,7027,H2_surface_d04_map-mixed-01,2049,1.0,surface,4.0,timeout,0,0,1,1507,8.648868768422831,412.9699564691838,nan,2.587916180446342,1.9012672588719757,0.4602419230346751
H2,map-mixed-01,7027,H2_surface_d04_map-mixed-01,2050,1.0,surface,4.0,timeout,0,0,1,1507,115.61148839106669,287.13020254690787,nan,2.2036827447215472,2.21083735560938,0.6368227762364251
H2,map-random-01,7001,H2_surface_d06_map-random-01,2001,1.0,surface,6.0,timeout,0,0,1,1507,74.66174303505046,344.48700201817235,nan,3.243625925745107,2.046005761147356,0.41938194358693714
H2,map-random-01,7001,H2_surface_d06_map-random-01,2002,1.0,surface,6.0,success,1,0,0,1016,2.9143220090474777,382.65648661429157,0.8765308007519909,9.06359732060259,1.6429953387472267,0.3372677206693353
H2,map-random-01,7001,H2_surface_d06_map-random-01,2003,1.0,surface,6.0,timeout,0,0,1,1507,204.1590126602563,226.5299229018931,nan,3.0995664124078957,1.9131647037082624,0.6858869251601488
H2,map-random-01,7001,H2_surface_d06_map-random-01,2004,1.0,surface,6.0,timeout,0,0,1,1507,71.09538822305959,302.22327459057135,nan,3.5655747961029585,1.718662043605759,0.3841058877880327
H2,map-random-01,7001,H2_surface_d06_map-random-01,2005,1.0,surface,6.0,timeout,0,0,1,1507,18.02281260790525,363.7949044919141,nan,7.646719277394081,1.7114663983433118,0.32390657380489346
H2,map-random-01,7001,H2_surface_d06_map-random-01,2006,1.0,surface,6.0,success,1,0,0,1056,2.924189448459213,380.1028682855482,0.8824195358952018,6.424896468994512,1.653742439635601,0.34518154465444767
H2,map-random-01,7001,H2_surface_d06_map-random-01,2007,1.0,surface,6.0,success,1,0,0,1350,2.8845008531761795,375.28145663067744,0.893756381240688,3.929382217530417,1.835205636651574,0.38795083875439657
H2,map-random-01,7001,H2_surface_d06_map-random-01,2008,1.0,surface,6.0,success,1,0,0,1023,2.901226697167456,390.91754315284754,0.8580075325343589,9.881966916628908,1.768240549055232,0.37605003401190845
H2,map-random-01,7001,H2_surface_d06_map-random-01,2009,1.0,surface,6.0,timeout,0,0,1,1507,203.4783811040362,240.09861183643633,nan,2.6736198635766613,2.304342801168826,0.8322057392054656
H2,map-random-01,7001,H2_surface_d06_map-random-01,2010,1.0,surface,6.0,timeout,0,0,1,1507,203.75282278177266,232.35663531487188,nan,2.784406588599083,2.3253864085083555,0.7550137755242858
H2,map-random-01,7001,H2_surface_d06_map-random-01,2011,1.0,surface,6.0,success,1,0,0,1405,2.9384274193453006,374.25851891163325,0.8961992304152807,4.994856934888716,1.7879946718711721,0.3690343082182938
H2,map-random-01,7001,H2_surface_d06_map-random-01,2012,1.0,surface,6.0,timeout,0,0,1,1507,204.00015211321565,233.19800450392754,nan,2.8579106626003394,2.081424719906785,0.72365090441656
H2,map-random-01,7001,H2_surface_d06_map-random-01,2013,1.0,surface,6.0,success,1,0,0,1309,2.929241349166678,444.75534598037484,0.7541453962416648,2.5675017824884154,1.9971592459066407,0.55457746534839
H2,map-random-01,7001,H2_surface_d06_map-random-01,2014,1.0,surface,6.0,success,1,0,0,928,2.8271555747588786,385.0447175966201,0.8710941386718369,4.664408443375395,1.7744860251172458,0.38484502281680655
H2,map-random-01,7001,H2_surface_d06_map-random-01,2015,1.0,surface,6.0,timeout,0,0,1,1507,207.28908405145006,199.17932806601445,nan,3.596636399201742,1.7480861649617945,0.45150124635336714
H2,map-random-01,7001,H2_surface_d06_map-random-01,2016,1.0,surface,6.0,success,1,0,0,925,2.955392311091603,393.67180244868206,0.8520046255248155,3.6231816821778864,2.0688485392188096,0.46399439218051125
H2,map-random-01,7001,H2_surface_d06_map-random-01,2017,1.0,surface,6.0,success,1,0,0,887,2.880506584492629,385.5663497131443,0.8699156367626707,3.987267831808949,1.702662374368086,0.4151021606571777
H2,map-random-01,7001,H2_surface_d06_map-random-01,2018,1.0,surface,6.0,timeout,0,0,1,1507,204.40448801571065,214.83105566317874,nan,2.9537634780830047,2.08940557853899,0.5235252445823317
H2,map-random-01,7001,H2_surface_d06_map-random-01,2019,1.0,surface,6.0,success,1,0,0,890,2.9005812294764866,389.9147631542558,0.860214150168701,2.355802032212125,2.218382089922337,0.6662947726603047
H2,map-random-01,7001,H2_surface_d06_map-random-01,2020,1.0,surface,6.0,timeout,0,0,1,1507,204.50657087303242,200.2472558482728,nan,3.9376904164605975,1.7285030051977697,0.4600591179669632
H2,map-random-01,7001,H2_surface_d06_map-random-01,2021,1.0,surface,6.0,success,1,0,0,1416,2.9947136715329155,380.21100622583504,0.8821685620161767,13.64111491528911,1.6281736230524544,0.35284148597545306
H2,map-random-01,7001,H2_surface_d06_map-random-01,2022,1.0,surface,6.0,timeout,0,0,1,1507,203.30783434811775,229.11774774827416,nan,2.856630378400709,2.051110392047727,0.7144664987763858
H2,map-random-01,7001,H2_surface_d06_map-random-01,2023,1.0,surface,6.0,success,1,0,0,676,2.8495765434117892,358.8472936789325,0.9346878255268838,2.536405830465668,3.045108468718822,0.8589399545044226
H2,map-random-01,7001,H2_surface_d06_map-random-01,2024,1.0,surface,6.0,timeout,0,0,1,1507,34.99057985088737,353.426545979152,nan,3.312644121060515,1.6896079338621983,0.3847985912196147
H2,map-random-01,7001,H2_surface_d06_map-random-01,2025,1.0,surface,6.0,success,1,0,0,858,2.961817912214277,372.0317420912898,0.9015633847250188,2.7583742414015546,1.9357579437904202,0.6184324532094564
H2,map-random-01,7001,H2_surface_d06_map-random-01,2026,1.0,surface,6.0,timeout,0,0,1,1507,203.7332480051019,222.8563385570793,nan,2.598285038206356,2.3651009817936637,0.7053760229801501
H2,map-random-01,7001,H2_surface_d06_map-random-01,2027,1.0,surface,6.0,success,1,0,0,940,2.98609015442368,407.9716551272635,0.8221409316300172,2.3938390808474,2.328097441607612,0.6982632716776853
H2,map-random-01,7001,H2_surface_d06_map-random-01,2028,1.0,surface,6.0,timeout,0,0,1,1507,28.88155861409413,383.8321956216254,nan,3.804770044911166,1.9367860633151972,0.3787344721961728
H2,map-random-01,7001,H2_surface_d06_map-random-01,2029,1.0,surface,6.0,success,1,0,0,1332,2.862481268525986,396.4849280053004,0.845959513044805,24.78487839043964,1.6746908541531456,0.361164528756391
H2,map-random-01,7001,H2_surface_d06_map-random-01,2030,1.0,surface,6.0,timeout,0,0,1,1507,33.82526355021561,378.4458779341403,nan,3.8119205606063673,1.703206623694254,0.388079679920968
H2,map-random-01,7001,H2_surface_d06_map-random-01,2031,1.0,surface,6.0,timeout,0,0,1,1507,204.75509843949524,207.0625478866635,nan,3.455099597177309,2.0004522250024674,0.5234214356498011
H2,map-random-01,7001,H2_surface_d06_map-random-01,2032,1.0,surface,6.0,timeout,0,0,1,1507,204.23605308407923,199.94450686662344,nan,3.782366130313676,1.7676700128990355,0.47394466572979155
H2,map-random-01,7001,H2_surface_d06_map-random-01,2033,1.0,surface,6.0,success,1,0,0,692,2.8997444196252786,358.2964461268997,0.9361248213614001,2.3023379196260123,2.969785726455379,0.7305526235251869
H2,map-random-01,7001,H2_surface_d06_map-random-01,2034,1.0,surface,6.0,success,1,0,0,711,2.8047127552806796,361.4892132019205,0.9278567226226337,2.194123106318443,3.2687659948676218,0.8561900341192893
H2,map-random-01,7001,H2_surface_d06_map-random-01,2035,1.0,surface,6.0,timeout,0,0,1,1507,203.54535016011195,257.2841020969228,nan,2.4552999670735574,2.440059907934827,0.9288214985798675
H2,map-random-01,7001,H2_surface_d06_map-random-01,2036,1.0,surface,6.0,success,1,0,0,882,2.919589099986697,401.98524689245875,0.8343843442460942,3.0006846981846143,1.805085460849088,0.499588843308634
H2,map-random-01,7001,H2_surface_d06_map-random-01,2037,1.0,surface,6.0,success,1,0,0,989,2.8392746226461374,379.84581974897446,0.8830166851556461,3.469676868340059,1.7540241291673033,0.4368729269868015
H2,map-random-01,7001,H2_surface_d06_map-random-01,2038,1.0,surface,6.0,timeout,0,0,1,1507,98.47279593542002,269.04049178621517,nan,3.9140534152260913,1.6812875150531426,0.3721820298732855
H2,map-random-01,7001,H2_surface_d06_map-random-01,2039,1.0,surface,6.0,timeout,0,0,1,1507,39.510760179693705,317.5979093027631,nan,3.6945914307779817,1.714988343671859,0.3859447644452043
H2,map-random-01,7001,H2_surface_d06_map-random-01,2040,1.0,surface,6.0,timeout,0,0,1,1507,77.97903547716825,305.020168300084,nan,4.146599413307783,1.7400920237271331,0.37075687380540284
H2,map-random-01,7001,H2_surface_d06_map-random-01,2041,1.0,surface,6.0,timeout,0,0,1,1507,92.37758356608047,264.16491237409707,nan,4.067463234967647,1.7197557286275083,0.38714017345386764
H2,map-random-01,7001,H2_surface_d06_map-random-01,2042,1.0,surface,6.0,timeout,0,0,1,1507,204.8884147921689,195.66191905762727,nan,3.5685094785471847,1.693271149293926,0.41806063428108564
H2,map-random-01,7001,H2_surface_d06_map-random-01,2043,1.0,surface,6.0,success,1,0,0,1214,2.895255982218135,399.3527262247626,0.8398845797191173,25.792870637466162,2.035961969874048,0.39564308549657373
H2,map-random-01,7001,H2_surface_d06_map-random-01,2044,1.0,surface,6.0,timeout,0,0,1,1507,204.34448578341292,213.12296012854188,nan,3.606241943392127,1.8516419311304888,0.5298630661714341
H2,map-random-01,7001,H2_surface_d06_map-random-01,2045,1.0,surface,6.0,success,1,0,0,866,2.9449738162039263,383.5063553066373,0.874588365965375,5.070078378537944,1.5822714781259808,0.3847344565588329
H2,map-random-01,7001,H2_surface_d06_map-random-01,2046,1.0,surface,6.0,timeout,0,0,1,1507,54.482719266110834,357.60116964086626,nan,3.2958158997390896,1.7213978031343187,0.4110641054832772
H2,map-random-01,7001,H2_surface_d06_map-random-01,2047,1.0,surface,6.0,timeout,0,0,1,1507,204.6747644743643,206.9999284428534,nan,3.574670937539267,2.0399036503950585,0.5251703136517986
H2,map-random-01,7001,H2_surface_d06_map-random-01,2048,1.0,surface,6.0,success,1,0,0,1207,2.9836942670284823,371.63003290352185,0.9025379192430437,4.919676333738442,1.6248612965275149,0.3303122709546716
H2,map-random-01,7001,H2_surface_d06_map-random-01,2049,1.0,surface,6.0,success,1,0,0,1494,2.902394074811456,416.0836482125533,0.8061124201007452,3.281152057238785,1.7539706883147084,0.4224524460793029
H2,map-random-01,7001,H2_surface_d06_map-random-01,2050,1.0,surface,6.0,success,1,0,0,1207,2.9212531274830416,383.6411206892898,0.8742811407242671,15.718548745028869,1.6716492616574379,0.3449915215785326
H2,map-corridor-01,7013,H2_surface_d06_map-corridor-01,2001,1.0,surface,6.0,timeout,0,0,1,1507,54.121216902609426,348.61740148327016,nan,3.495223558747199,2.0291641736415684,0.42277371561761024
H2,map-corridor-01,7013,H2_surface_d06_map-corridor-01,2002,1.0,surface,6.0,success,1,0,0,1309,2.9678087915312967,430.4815603221302,0.7791511357048149,2.4429469605770384,2.091459681077237,0.662685539649715
H2,map-corridor-01,7013,H2_surface_d06_map-corridor-01,2003,1.0,surface,6.0,success,1,0,0,1438,2.9192885610985875,441.4896486030949,0.7597238070841084,3.1733630831857624,1.8062949236397672,0.4832586114145607
H2,map-corridor-01,7013,H2_surface_d06_map-corridor-01,2004,1.0,surface,6.0,timeout,0,0,1,1507,284.97576166440365,115.24750066811556,nan,3.555239619265862,1.7630344670584548,0.4553333258819913
H2,map-corridor-01,7013,H2_surface_d06_map-corridor-01,2005,1.0,surface,6.0,timeout,0,0,1,1507,97.05581671412989,307.619076772134,nan,3.066440784768733,1.797512662576681,0.40427391548553265
H2,map-corridor-01,7013,H2_surface_d06_map-corridor-01,2006,1.0,surface,6.0,timeout,0,0,1,1507,286.06011593151925,136.40224520530884,nan,2.611177090186949,1.9694163060630143,0.5628428497268071
H2,map-corridor-01,7013,H2_surface_d06_map-corridor-01,2007,1.0,surface,6.0,timeout,0,0,1,1507,153.98539189499118,269.7685884763023,nan,2.8961907565463036,2.021771779693841,0.5483018229900766
H2,map-corridor-01,7013,H2_surface_d06_map-corridor-01,2008,1.0,surface,6.0,timeout,0,0,1,1507,106.7759278228808,306.1490683332554,nan,2.5245060981902583,2.008293226863582,0.5742905036459749
H2,map-corridor-01,7013,H2_surface_d06_map-corridor-01,2009,1.0,surface,6.0,success,1,0,0,1155,2.956243931915677,435.38137325517584,0.7703825134209071,2.5067757561531607,2.39023084859336,0.6945134016275035
H2,map-corridor-01,7013,H2_surface_d06_map-corridor-01,2010,1.0,surface,6.0,success,1,0,0,1238,2.988877135654089,447.3049871239011,0.7498467629024257,2.720422254125296,2.2665625603945716,0.5715250596197505
H2,map-corridor-01,7013,H2_surface_d06_map-corridor-01,2011,1.0,surface,6.0,timeout,0,0,1,1507,161.42195706581737,251.7243910217636,nan,3.338141260131893,1.9024059445279027,0.49981929080598525
H2,map-corridor-01,7013,H2_surface_d06_map-corridor-01,2012,1.0,surface,6.0,success,1,0,0,1144,2.817080948490843,426.7535437098972,0.7859576131674186,2.637732297218861,2.104829858291002,0.6536607452731374
H2,map-corridor-01,7013,H2_surface_d06_map-corridor-01,2013,1.0,surface,6.0,success,1,0,0,1250,2.9245699737136435,434.196479234953,0.7724848373159443,2.878173834035721,1.9103989201760994,0.5228118008924016
H2,map-corridor-01,7013,H2_surface_d06_map-corridor-01,2014,1.0,surface,6.0,timeout,0,0,1,1507,268.89115025012063,147.2670928277982,nan,2.2710359250429875,2.1523136426196503,0.6292811842361652
H2,map-corridor-01,7013,H2_surface_d06_map-corridor-01,2015,1.0,surface,6.0,timeout,0,0,1,1507,98.32743672970956,279.5905834911458,nan,3.958705428701336,1.7237817758644138,0.39844136935188335
H2,map-corridor-01,7013,H2_surface_d06_map-corridor-01,2016,1.0,surface,6.0,timeout,0,0,1,1507,26.683717308815247,378.92955643633456,nan,2.4806867590708492,2.2322264154444325,0.6049611072559776
H2,map-corridor-01,7013,H2_surface_d06_map-corridor-01,2017,1.0,surface,6.0,timeout,0,0,1,1507,96.79569937833905,318.64644009772195,nan,2.1446587160354227,2.2191461050019146,0.692159577265612
H2,map-corridor-01,7013,H2_surface_d06_map-corridor-01,2018,1.0,surface,6.0,timeout,0,0,1,1507,165.0714554286181,252.7526608398469,nan,3.6345926960167247,1.9908640890082387,0.4418446847639889
H2,map-corridor-01,7013,H2_surface_d06_map-corridor-01,2019,1.0,surface,6.0,success,1,0,0,1071,2.998007451397456,443.1220191906705,0.7569251404783953,2.223981537302052,2.664221051552672,0.8347399754716572
H2,map-corridor-01,7013,H2_surface_d06_map-corridor-01,2020,1.0,surface,6.0,timeout,0,0,1,1507,157.40217607655515,257.4044713856681,nan,3.838483427283279,1.6933012728869443,0.3984927017093538
H2,map-corridor-01,7013,H2_surface_d06_map-corridor-01,2021,1.0,surface,6.0,timeout,0,0,1,1507,164.48754676332058,250.18053248122797,nan,2.790688791981694,1.8135731641164234,0.5102865611101368
H2,map-corridor-01,7013,H2_surface_d06_map-corridor-01,2022,1.0,surface,6.0,success,1,0,0,1286,2.968136191653446,447.3185691760129,0.749823995106695,2.8392170718443595,1.9590796829686623,0.5681438665492906
H2,map-corridor-01,7013,H2_surface_d06_map-corridor-01,2023,1.0,surface,6.0,success,1,0,0,1083,2.890545439190975,447.21661283651224,0.7499949398069062,2.2077496463411634,3.118772979422926,1.0113078248928393
H2,map-corridor-01,7013,H2_surface_d06_map-corridor-01,2024,1.0,surface,6.0,timeout,0,0,1,1507,77.89262848558606,325.95657426517494,nan,3.516270522417538,1.7123526873404495,0.42665131933383055
H2,map-corridor-01,7013,H2_surface_d06_map-corridor-01,2025,1.0,surface,6.0,success,1,0,0,1270,2.9354747961688363,429.90720628137205,0.7801920780212375,2.41017615799705,2.1797213406891913,0.743459574874886
H2,map-corridor-01,7013,H2_surface_d06_map-corridor-01,2026,1.0,surface,6.0,success,1,0,0,1120,2.944303620575314,436.09190080441294,0.7691273238651589,2.6100593896050697,2.530059664748383,0.7667697764276399
H2,map-corridor-01,7013,H2_surface_d06_map-corridor-01,2027,1.0,surface,6.0,success,1,0,0,1128,2.9886191855309514,415.2596112488558,0.8077120614168389,2.6291373116890497,2.012182837617005,0.6673224857523136
H2,map-corridor-01,7013,H2_surface_d06_map-corridor-01,2028,1.0,surface,6.0,timeout,0,0,1,1507,36.842396701385994,382.28117328615895,nan,3.22471120112084,1.9853738995420878,0.4071655669539678
H2,map-corridor-01,7013,H2_surface_d06_map-corridor-01,2029,1.0,surface,6.0,timeout,0,0,1,1507,18.332107909211153,408.6678982518266,nan,3.2616031538444137,1.830049227262624,0.5001734853291768
H2,map-corridor-01,7013,H2_surface_d06_map-corridor-01,2030,1.0,surface,6.0,timeout,0,0,1,1507,30.015260280188738,378.5082954364368,nan,3.857827416074109,1.7107029858946075,0.3934266263431325
H2,map-corridor-01,7013,H2_surface_d06_map-corridor-01,2031,1.0,surface,6.0,timeout,0,0,1,1507,27.226111080858892,386.77213992359935,nan,3.299262019552856,1.990721480705496,0.4493469714069101
H2,map-corridor-01,7013,H2_surface_d06_map-corridor-01,2032,1.0,surface,6.0,timeout,0,0,1,1507,131.15556200626278,253.91285490456704,nan,3.51737598583984,1.7482540826553836,0.4084603097737855
H2,map-corridor-01,7013,H2_surface_d06_map-corridor-01,2033,1.0,surface,6.0,success,1,0,0,1255,2.923621011594601,453.2946022951028,0.7399386512143168,2.4754460554437117,2.6615059938327463,0.841145054857485
H2,map-corridor-01,7013,H2_surface_d06_map-corridor-01,2034,1.0,surface,6.0,success,1,0,0,1022,2.884167211402235,416.4262148854348,0.805449284016005,2.3011860262602326,2.901955715837903,0.8249475206904138
H2,map-corridor-01,7013,H2_surface_d06_map-corridor-01,2035,1.0,surface,6.0,success,1,0,0,1088,2.9997880697818142,447.03313175875587,0.7503027690707601,2.4660268715191194,2.5096297082523673,0.8342160597855259
H2,map-corridor-01,7013,H2_surface_d06_map-corridor-01,2036,1.0,surface,6.0,success,1,0,0,1344,2.9710212930507813,426.4602406379319,0.7864981648071956,2.4196088827039475,2.1455595577696673,0.7409887196717639
H2,map-corridor-01,7013,H2_surface_d06_map-corridor-01,2037,1.0,surface,6.0,timeout,0,0,1,1507,270.22037501754005,143.94040726696574,nan,2.708527343559517,1.9661583192600516,0.5869316955968367
H2,map-corridor-01,7013,H2_surface_d06_map-corridor-01,2038,1.0,surface,6.0,timeout,0,0,1,1507,224.32006942421626,177.95041776956936,nan,3.6563277839135537,1.717366699946953,0.44555081960362797
H2,map-corridor-01,7013,H2_surface_d06_map-corridor-01,2039,1.0,surface,6.0,timeout,0,0,1,1507,277.0564987461625,134.2595377166192,nan,3.854338006371076,1.7280404440715627,0.46586147681179857
H2,map-corridor-01,7013,H2_surface_d06_map-corridor-01,2040,1.0,surface,6.0,timeout,0,0,1,1507,164.39960679492592,250.44733604935502,nan,3.2565301577669388,1.8452839176246514,0.4858588028371809
H2,map-corridor-01,7013,H2_surface_d06_map-corridor-01,2041,1.0,surface,6.0,timeout,0,0,1,1507,265.98176221352065,146.15714235657447,nan,3.948548348149778,1.7531096032681763,0.4969482096948053
H2,map-corridor-01,7013,H2_surface_d06_map-corridor-01,2042,1.0,surface,6.0,timeout,0,0,1,1507,128.4304266251312,252.8832539310152,nan,4.10007063562599,1.67165221466422,0.38195302230958567
H2,map-corridor-01,7013,H2_surface_d06_map-corridor-01,2043,1.0,surface,6.0,success,1,0,0,1455,2.925607132156592,428.58543769473965,0.782598210590311,2.9728052410241794,2.164817242533683,0.5486042261935246
H2,map-corridor-01,7013,H2_surface_d06_map-corridor-01,2044,1.0,surface,6.0,timeout,0,0,1,1507,99.82995790221626,308.60508437027215,nan,3.4629508132021556,1.8152056686754658,0.44016622682205747
H2,map-corridor-01,7013,H2_surface_d06_map-corridor-01,2045,1.0,surface,6.0,success,1,0,0,1101,2.934664906993438,424.6546482793498,0.7898422823911402,2.435049638901515,2.1056183546356704,0.6751631306270461
H2,map-corridor-01,7013,H2_surface_d06_map-corridor-01,2046,1.0,surface,6.0,timeout,0,0,1,1507,45.433966696664186,368.4721318903561,nan,3.1220010846818766,1.7518853038989124,0.4360436104836244
H2,map-corridor-01,7013,H2_surface_d06_map-corridor-01,2047,1.0,surface,6.0,timeout,0,0,1,1507,168.65073545374796,252.0331664780676,nan,3.6981217226739957,2.041847146882756,0.499473027932724
H2,map-corridor-01,7013,H2_surface_d06_map-corridor-01,2048,1.0,surface,6.0,timeout,0,0,1,1507,254.3411450301651,184.8103741117686,nan,2.826787104947485,1.8555322093038924,0.5258775505017623
H2,map-corridor-01,7013,H2_surface_d06_map-corridor-01,2049,1.0,surface,6.0,success,1,0,0,1488,2.870361066229733,415.8007666282419,0.8066608422702866,3.2909681544620923,1.7419887836799741,0.42394916328883575
H2,map-corridor-01,7013,H2_surface_d06_map-corridor-01,2050,1.0,surface,6.0,timeout,0,0,1,1507,150.15797808067776,272.5037257225269,nan,2.4815957205182277,2.0756112063936274,0.5933202569860627
H2,map-barrier-01,7019,H2_surface_d06_map-barrier-01,2001,1.0,surface,6.0,timeout,0,0,1,1507,96.71166288285607,316.3857051600883,nan,3.6945024351745417,2.010565886778867,0.3940903408150234
H2,map-barrier-01,7019,H2_surface_d06_map-barrier-01,2002,1.0,surface,6.0,success,1,0,0,1298,2.9554834878772858,412.6690500203542,0.8127825350808958,2.447164178712228,2.0059927623819256,0.5740179905305072
H2,map-barrier-01,7019,H2_surface_d06_map-barrier-01,2003,1.0,surface,6.0,success,1,0,0,1419,2.9202835221646506,435.8798575994264,0.7695014825236786,3.298468710841348,1.753325614648473,0.4418778252580456
H2,map-barrier-01,7019,H2_surface_d06_map-barrier-01,2004,1.0,surface,6.0,timeout,0,0,1,1507,141.66637904382145,240.05691618966748,nan,3.5050456730905353,1.7462385923482036,0.4187979070397935
H2,map-barrier-01,7019,H2_surface_d06_map-barrier-01,2005,1.0,surface,6.0,timeout,0,0,1,1507,24.83465502877217,361.32764613289186,nan,4.580435393796312,1.7131363163773106,0.33705564171768004
H2,map-barrier-01,7019,H2_surface_d06_map-barrier-01,2006,1.0,surface,6.0,timeout,0,0,1,1507,17.365083457329174,410.1738027353339,nan,2.7109646752858225,1.944444762020256,0.536023607808899
H2,map-barrier-01,7019,H2_surface_d06_map-barrier-01,2007,1.0,surface,6.0,timeout,0,0,1,1507,201.45577253738756,224.57084548957062,nan,2.9227641796948376,1.9632411634456544,0.516041729392528
H2,map-barrier-01,7019,H2_surface_d06_map-barrier-01,2008,1.0,surface,6.0,success,1,0,0,1322,2.9780804426648633,407.97116673766516,0.8221419158296668,2.6465673030528762,2.029512057631387,0.63202106003985
H2,map-barrier-01,7019,H2_surface_d06_map-barrier-01,2009,1.0,surface,6.0,success,1,0,0,1293,2.9316029014011624,448.14654624488514,0.7484386512301424,2.895972582715899,1.9191613323215106,0.48779137849571524
H2,map-barrier-01,7019,H2_surface_d06_map-barrier-01,2010,1.0,surface,6.0,success,1,0,0,1247,2.872584053073473,440.01559824558524,0.7622688785631788,3.1947115068981873,2.0621883038326074,0.4701391822095702
H2,map-barrier-01,7019,H2_surface_d06_map-barrier-01,2011,1.0,surface,6.0,timeout,0,0,1,1507,207.19058120725472,204.57843413099135,nan,3.093823950471773,1.9054235793032777,0.5057157085533698
H2,map-barrier-01,7019,H2_surface_d06_map-barrier-01,2012,1.0,surface,6.0,success,1,0,0,1285,2.838734068198629,432.88427223889175,0.7748264793502796,2.6496781347424587,1.82775860344905,0.4654808570572328
H2,map-barrier-01,7019,H2_surface_d06_map-barrier-01,2013,1.0,surface,6.0,success,1,0,0,1294,2.898708431368639,433.84225171930956,0.7731155628474256,2.9008223521045693,1.8017238398493045,0.4646112075356053
H2,map-barrier-01,7019,H2_surface_d06_map-barrier-01,2014,1.0,surface,6.0,success,1,0,0,1115,2.922120414539661,397.4908396163952,0.843818682585645,2.1867525816437023,2.326520742113963,0.7106342574111684
H2,map-barrier-01,7019,H2_surface_d06_map-barrier-01,2015,1.0,surface,6.0,timeout,0,0,1,1507,175.63663453239155,225.08361125943694,nan,3.842521696004468,1.7297736703187452,0.40556728575325873
H2,map-barrier-01,7019,H2_surface_d06_map-barrier-01,2016,1.0,surface,6.0,success,1,0,0,1044,2.8495520674716484,397.1822464521391,0.844474292647886,2.495001297169921,2.3655149881534756,0.6471996045205393
H2,map-barrier-01,7019,H2_surface_d06_map-barrier-01,2017,1.0,surface,6.0,success,1,0,0,961,2.797655393764054,400.0078415754831,0.8385090534823308,2.1802516399822593,2.348863882841975,0.7155744053829773
H2,map-barrier-01,7019,H2_surface_d06_map-barrier-01,2018,1.0,surface,6.0,timeout,0,0,1,1507,173.21548664987665,243.3571938163047,nan,3.1590511722353085,2.0232345588888307,0.4430622034629131
H2,map-barrier-01,7019,H2_surface_d06_map-barrier-01,2019,1.0,surface,6.0,success,1,0,0,679,2.9349540949246933,358.3975690596276,0.9358606909779719,7.67879126157313,1.6121425142462027,0.45134264512143246
H2,map-barrier-01,7019,H2_surface_d06_map-barrier-01,2020,1.0,surface,6.0,timeout,0,0,1,1507,166.2577443025654,246.05336415390383,nan,3.871340603425068,1.694933490553488,0.41227274237122774
H2,map-barrier-01,7019,H2_surface_d06_map-barrier-01,2021,1.0,surface,6.0,timeout,0,0,1,1507,212.01909583986648,199.24810745749602,nan,3.0919034868441884,1.75937674540452,0.5021788332460706
H2,map-barrier-01,7019,H2_surface_d06_map-barrier-01,2022,1.0,surface,6.0,success,1,0,0,1302,2.98433217520745,443.41507756282124,0.7564248795248713,2.8704943753991756,1.808865040528659,0.4894872346572501
H2,map-barrier-01,7019,H2_surface_d06_map-barrier-01,2023,1.0,surface,6.0,success,1,0,0,576,2.735789795402069,333.7884639644535,1.0,11.430415563641867,2.3631278077039193,0.4405829919910241
H2,map-barrier-01,7019,H2_surface_d06_map-barrier-01,2024,1.0,surface,6.0,timeout,0,0,1,1507,198.88167044630106,205.942558589397,nan,3.1965359504481796,1.7283733290007355,0.4441425249975456
H2,map-barrier-01,7019,H2_surface_d06_map-barrier-01,2025,1.0,surface,6.0,success,1,0,0,778,2.8994477263605885,364.62230919473495,0.9198839132079407,2.5632179206307293,2.0395754114933444,0.5694014688047462
H2,map-barrier-01,7019,H2_surface_d06_map-barrier-01,2026,1.0,surface,6.0,success,1,0,0,1263,2.990194225282162,446.6724563670797,0.7509086173635143,2.518739092452705,2.249927546439572,0.5912215928882031
H2,map-barrier-01,7019,H2_surface_d06_map-barrier-01,2027,1.0,surface,6.0,success,1,0,0,706,2.9642803528655035,357.5850843429545,0.93798710100358,5.612904800400889,1.6626066406420714,0.4491153791194693
H2,map-barrier-01,7019,H2_surface_d06_map-barrier-01,2028,1.0,surface,6.0,timeout,0,0,1,1507,51.13056855552834,369.74084382928527,nan,3.4434109391017955,1.9560568437560208,0.3881149052185606
H2,map-barrier-01,7019,H2_surface_d06_map-barrier-01,2029,1.0,surface,6.0,timeout,0,0,1,1507,204.05582526870214,210.2384226709286,nan,2.6946543108544883,1.9204848094637512,0.543402801633815
H2,map-barrier-01,7019,H2_surface_d06_map-barrier-01,2030,1.0,surface,6.0,timeout,0,0,1,1507,45.07258819231073,368.855973148905,nan,3.3888215579030714,1.7420209753422793,0.4220192311119799
H2,map-barrier-01,7019,H2_surface_d06_map-barrier-01,2031,1.0,surface,6.0,timeout,0,0,1,1507,48.55088798495344,372.3635224615763,nan,3.1152550207646925,1.9787179157465464,0.4394730162606991
H2,map-barrier-01,7019,H2_surface_d06_map-barrier-01,2032,1.0,surface,6.0,timeout,0,0,1,1507,62.198574435991766,297.7306942580783,nan,3.417837532207212,1.7461329730921042,0.3819000856029962
H2,map-barrier-01,7019,H2_surface_d06_map-barrier-01,2033,1.0,surface,6.0,success,1,0,0,596,2.5907448295456006,333.7652421324144,1.0,13.230375981653944,2.3506869201859533,0.40070475348489376
H2,map-barrier-01,7019,H2_surface_d06_map-barrier-01,2034,1.0,surface,6.0,success,1,0,0,596,2.5556014353760728,337.64748186082295,0.9933739022026035,3.2925831764321423,2.6415758284646906,0.5041150341021371
H2,map-barrier-01,7019,H2_surface_d06_map-barrier-01,2035,1.0,surface,6.0,success,1,0,0,1164,2.956531338433417,436.7438508992409,0.7679792077996522,2.52416496328172,2.0648071525524476,0.584678909861774
H2,map-barrier-01,7019,H2_surface_d06_map-barrier-01,2036,1.0,surface,6.0,success,1,0,0,889,2.9187984641515423,391.8581268114882,0.8559480426096274,2.316315117291822,2.2298592190715305,0.7111114255481478
H2,map-barrier-01,7019,H2_surface_d06_map-barrier-01,2037,1.0,surface,6.0,success,1,0,0,1103,2.8062420449134278,391.4804140008917,0.856773888627298,2.4977621821045375,2.0342076360385475,0.5856397570090122
H2,map-barrier-01,7019,H2_surface_d06_map-barrier-01,2038,1.0,surface,6.0,timeout,0,0,1,1507,201.35004498495528,193.55991877275548,nan,3.269325834170928,1.7478645270246231,0.43227269096839327
H2,map-barrier-01,7019,H2_surface_d06_map-barrier-01,2039,1.0,surface,6.0,timeout,0,0,1,1507,53.17593353566979,307.22980824344063,nan,3.516471854543653,1.6946567442912799,0.3612742667645125
H2,map-barrier-01,7019,H2_surface_d06_map-barrier-01,2040,1.0,surface,6.0,timeout,0,0,1,1507,206.95398508687163,187.55856393412012,nan,3.403766118038959,1.799438781500054,0.4260444447709103
H2,map-barrier-01,7019,H2_surface_d06_map-barrier-01,2041,1.0,surface,6.0,timeout,0,0,1,1507,86.06706094631956,259.9180428087663,nan,4.401158787350613,1.7029709492739493,0.35869663088062864
H2,map-barrier-01,7019,H2_surface_d06_map-barrier-01,2042,1.0,surface,6.0,timeout,0,0,1,1507,31.03636779149914,313.02267353525804,nan,4.141948579309449,1.6464084750508865,0.33792553380248314
H2,map-barrier-01,7019,H2_surface_d06_map-barrier-01,2043,1.0,surface,6.0,timeout,0,0,1,1507,145.56784539311406,272.13074917340214,nan,2.5021320078527935,2.2657669084331262,0.6306417211694051
H2,map-barrier-01,7019,H2_surface_d06_map-barrier-01,2044,1.0,surface,6.0,timeout,0,0,1,1507,173.52024425397764,251.86269309127943,nan,3.4201649371492238,1.8236427347814606,0.4529985866360356
H2,map-barrier-01,7019,H2_surface_d06_map-barrier-01,2045,1.0,surface,6.0,success,1,0,0,1131,2.968164560690693,399.9083478320594,0.838717667293665,2.3743011332996957,2.12440042928186,0.6900447052559082
H2,map-barrier-01,7019,H2_surface_d06_map-barrier-01,2046,1.0,surface,6.0,timeout,0,0,1,1507,63.20618228832411,348.2619871379237,nan,3.9530416482347164,1.6789644987300587,0.39150436305725284
H2,map-barrier-01,7019,H2_surface_d06_map-barrier-01,2047,1.0,surface,6.0,timeout,0,0,1,1507,173.48977782136348,238.32880938991414,nan,3.2723884824895038,2.043429083017073,0.49789418779358385
H2,map-barrier-01,7019,H2_surface_d06_map-barrier-01,2048,1.0,surface,6.0,timeout,0,0,1,1507,208.1131653227444,207.49325084939443,nan,2.754278356064731,1.8407837899681034,0.5160636508127733
H2,map-barrier-01,7019,H2_surface_d06_map-barrier-01,2049,1.0,surface,6.0,timeout,0,0,1,1507,6.524777450495905,412.7851620628005,nan,3.5627460794072476,1.71439818489878,0.41790675851528614
H2,map-barrier-01,7019,H2_surface_d06_map-barrier-01,2050,1.0,surface,6.0,timeout,0,0,1,1507,191.24375109187596,209.99926331279983,nan,2.769342088207253,1.905897332860267,0.5290759654214635
H2,map-mixed-01,7027,H2_surface_d06_map-mixed-01,2001,1.0,surface,6.0,timeout,0,0,1,1507,110.93558252015836,312.4573488321805,nan,3.753704157885842,2.0335432959985464,0.42891035544631756
H2,map-mixed-01,7027,H2_surface_d06_map-mixed-01,2002,1.0,surface,6.0,success,1,0,0,1228,2.8082786750803694,417.5776303388064,0.8032283634370682,2.442346959922901,2.0121938210297325,0.5938315926258062
H2,map-mixed-01,7027,H2_surface_d06_map-mixed-01,2003,1.0,surface,6.0,success,1,0,0,1486,2.9866489249967603,456.68669506741696,0.7344426720718338,2.8272104784306897,1.9483874387884637,0.5463100390547404
H2,map-mixed-01,7027,H2_surface_d06_map-mixed-01,2004,1.0,surface,6.0,timeout,0,0,1,1507,140.58089171223781,243.7155044037545,nan,3.6416672676100035,1.7287868088157519,0.4280401075257141
H2,map-mixed-01,7027,H2_surface_d06_map-mixed-01,2005,1.0,surface,6.0,timeout,0,0,1,1507,24.788022239553268,361.3502227604803,nan,4.580435393796312,1.7130874720828322,0.337086763283818
H2,map-mixed-01,7027,H2_surface_d06_map-mixed-01,2006,1.0,surface,6.0,timeout,0,0,1,1507,10.48119025720725,419.81397335773704,nan,2.7235204747241255,1.895179712977468,0.5095748119862064
H2,map-mixed-01,7027,H2_surface_d06_map-mixed-01,2007,1.0,surface,6.0,timeout,0,0,1,1507,204.80857674118695,221.6374925988506,nan,2.9405546942274867,1.9615064878099318,0.5206424735754599
H2,map-mixed-01,7027,H2_surface_d06_map-mixed-01,2008,1.0,surface,6.0,success,1,0,0,1311,2.8704773229383043,415.70654388579055,0.8068436774887952,2.58472180919577,2.079566909564574,0.6623880154220049
H2,map-mixed-01,7027,H2_surface_d06_map-mixed-01,2009,1.0,surface,6.0,success,1,0,0,1355,2.9125344840260974,465.98106364364037,0.7197936199430496,2.7905686670072996,2.038562901586399,0.5569364409426533
H2,map-mixed-01,7027,H2_surface_d06_map-mixed-01,2010,1.0,surface,6.0,success,1,0,0,976,2.940542067479646,386.13247241575664,0.8686402221666184,2.936608073117071,2.4098904008447666,0.6653650706373457
H2,map-mixed-01,7027,H2_surface_d06_map-mixed-01,2011,1.0,surface,6.0,timeout,0,0,1,1507,210.5023089261029,195.9403084727067,nan,3.215068962625196,1.8702142866729672,0.45741058658051786
H2,map-mixed-01,7027,H2_surface_d06_map-mixed-01,2012,1.0,surface,6.0,success,1,0,0,1019,2.976907494224679,393.6792131985697,0.8519885871032499,2.787713491664391,2.2439013059859207,0.8025906203442593
H2,map-mixed-01,7027,H2_surface_d06_map-mixed-01,2013,1.0,surface,6.0,success,1,0,0,1402,2.8805117209551114,459.00781955124285,0.7307287203797274,2.9562963694378226,1.9631740838016134,0.5994131715573685
H2,map-mixed-01,7027,H2_surface_d06_map-mixed-01,2014,1.0,surface,6.0,success,1,0,0,1106,2.9047754617274046,400.2620136041057,0.8379765883972159,2.1873591035354707,2.300832524868937,0.6837120142637928
H2,map-mixed-01,7027,H2_surface_d06_map-mixed-01,2015,1.0,surface,6.0,timeout,0,0,1,1507,77.3264316025981,288.0122607184744,nan,3.7361641753795816,1.741396293117951,0.4135454688317275
H2,map-mixed-01,7027,H2_surface_d06_map-mixed-01,2016,1.0,surface,6.0,success,1,0,0,1034,2.978959918816654,401.42957150027087,0.8355393335160466,2.4235534145699376,2.395159037845235,0.6477617898611653
H2,map-mixed-01,7027,H2_surface_d06_map-mixed-01,2017,1.0,surface,6.0,success,1,0,0,949,2.8854036351736556,400.87262068100074,0.8367001868453252,2.133231938673916,2.3099161941462296,0.6748786665029195
H2,map-mixed-01,7027,H2_surface_d06_map-mixed-01,2018,1.0,surface,6.0,timeout,0,0,1,1507,57.67232180785892,312.0533355388556,nan,3.4108738763854904,2.043855693334235,0.4884940986304389
H2,map-mixed-01,7027,H2_surface_d06_map-mixed-01,2019,1.0,surface,6.0,success,1,0,0,892,2.9883971049197786,389.57681440478643,0.8609603657687477,2.333594492141259,2.206663744814914,0.645632286606215
H2,map-mixed-01,7027,H2_surface_d06_map-mixed-01,2020,1.0,surface,6.0,timeout,0,0,1,1507,175.5396006560571,256.9711759350288,nan,3.65785938066891,1.7684904728333635,0.4892698282228713
H2,map-mixed-01,7027,H2_surface_d06_map-mixed-01,2021,1.0,surface,6.0,timeout,0,0,1,1507,215.39321491554605,198.52394371090938,nan,2.924934232071479,1.7916437869425157,0.5177965820635638
H2,map-mixed-01,7027,H2_surface_d06_map-mixed-01,2022,1.0,surface,6.0,success,1,0,0,1329,2.9442998822013395,449.63046014207407,0.7459685816636749,2.8494238986434794,1.8995419168761067,0.5318979521321602
H2,map-mixed-01,7027,H2_surface_d06_map-mixed-01,2023,1.0,surface,6.0,success,1,0,0,649,2.471795200623346,354.36520433259545,0.9465099635182115,2.454856814980289,2.9076444575017453,0.7455866972910009
H2,map-mixed-01,7027,H2_surface_d06_map-mixed-01,2024,1.0,surface,6.0,timeout,0,0,1,1507,201.3304829850073,202.22570033576028,nan,3.200186941717007,1.72748690936165,0.4405682237571048
H2,map-mixed-01,7027,H2_surface_d06_map-mixed-01,2025,1.0,surface,6.0,success,1,0,0,777,2.9698718180773183,367.30777776989703,0.9131584380309228,3.7397058009268918,1.7130868098703245,0.4525752203644543
H2,map-mixed-01,7027,H2_surface_d06_map-mixed-01,2026,1.0,surface,6.0,success,1,0,0,1374,2.9121695131730787,469.5383432034764,0.7143403759884569,2.4192954063770356,2.4124435288564783,0.6348412683465515
H2,map-mixed-01,7027,H2_surface_d06_map-mixed-01,2027,1.0,surface,6.0,success,1,0,0,732,2.9531567049785075,367.473945766061,0.9127455170345472,3.6364736279479075,1.7052482247646996,0.5088857789848924
H2,map-mixed-01,7027,H2_surface_d06_map-mixed-01,2028,1.0,surface,6.0,timeout,0,0,1,1507,52.69423651232967,368.86393298284315,nan,3.5003266895869842,1.9447005061261915,0.38289302554650034
H2,map-mixed-01,7027,H2_surface_d06_map-mixed-01,2029,1.0,surface,6.0,success,1,0,0,1470,2.842185153753438,415.2965803730232,0.8076401600121532,2.6813641346623087,1.848015053850887,0.4355791991368892
H2,map-mixed-01,7027,H2_surface_d06_map-mixed-01,2030,1.0,surface,6.0,timeout,0,0,1,1507,72.60077892751158,357.15675440540053,nan,3.385322616922452,1.8186153546470372,0.4822798466785821
H2,map-mixed-01,7027,H2_surface_d06_map-mixed-01,2031,1.0,surface,6.0,timeout,0,0,1,1507,73.10560477407434,359.4406489059359,nan,3.2877543720812383,2.0147011148505314,0.4822360939405651
H2,map-mixed-01,7027,H2_surface_d06_map-mixed-01,2032,1.0,surface,6.0,timeout,0,0,1,1507,77.36392504452881,292.2005729291899,nan,3.8266915187670567,1.7568578559261472,0.43448569775120327
H2,map-mixed-01,7027,H2_surface_d06_map-mixed-01,2033,1.0,surface,6.0,success,1,0,0,693,2.943241760998774,354.7000973760815,0.9456163082733515,2.3917689334486454,3.0002912999689544,0.7483669863584634
H2,map-mixed-01,7027,H2_surface_d06_map-mixed-01,2034,1.0,surface,6.0,success,1,0,0,783,2.9869381955702834,378.3480841324497,0.8865122110874764,3.227597621458969,2.383805182155422,0.5630195744961373
H2,map-mixed-01,7027,H2_surface_d06_map-mixed-01,2035,1.0,surface,6.0,success,1,0,0,893,2.9436596564481294,383.53991220807757,0.8745118459614242,2.4692142343845376,2.458430528311562,0.7568186506311776
H2,map-mixed-01,7027,H2_surface_d06_map-mixed-01,2036,1.0,surface,6.0,success,1,0,0,887,2.9245398837448624,399.13505181469304,0.840342623630785,2.303388043199263,2.2167790579151916,0.6906635325439868
H2,map-mixed-01,7027,H2_surface_d06_map-mixed-01,2037,1.0,surface,6.0,success,1,0,0,1054,2.9937182982800667,385.81416365649227,0.8693568775344372,2.505358285336513,2.0396184976381746,0.5641879834176853
H2,map-mixed-01,7027,H2_surface_d06_map-mixed-01,2038,1.0,surface,6.0,timeout,0,0,1,1507,204.63395516790945,190.33478368722655,nan,3.307977500613106,1.7336255200273478,0.4312925327774289
H2,map-mixed-01,7027,H2_surface_d06_map-mixed-01,2039,1.0,surface,6.0,timeout,0,0,1,1507,48.55914796256813,308.7210340424459,nan,3.5300150473616583,1.7219613403083804,0.3883942512169429
H2,map-mixed-01,7027,H2_surface_d06_map-mixed-01,2040,1.0,surface,6.0,timeout,0,0,1,1507,210.2717314588352,185.48773739650164,nan,3.4078315598562057,1.7902763596660634,0.4372224073403212
H2,map-mixed-01,7027,H2_surface_d06_map-mixed-01,2041,1.0,surface,6.0,timeout,0,0,1,1507,78.84973227547479,268.57483663892094,nan,4.468327577828215,1.702937842094389,0.3521599415809718
H2,map-mixed-01,7027,H2_surface_d06_map-mixed-01,2042,1.0,surface,6.0,timeout,0,0,1,1507,75.40690118528991,283.34557915706915,nan,3.5376165477934194,1.6828836459274377,0.3841125860989997
H2,map-mixed-01,7027,H2_surface_d06_map-mixed-01,2043,1.0,surface,6.0,timeout,0,0,1,1507,132.02841033302226,289.0164928868833,nan,2.465442505294206,2.2725208735635576,0.6128408079373958
H2,map-mixed-01,7027,H2_surface_d06_map-mixed-01,2044,1.0,surface,6.0,timeout,0,0,1,1507,176.33690114863853,256.5064554586405,nan,3.573134192545794,1.8359997093533231,0.4993151520006986
H2,map-mixed-01,7027,H2_surface_d06_map-mixed-01,2045,1.0,surface,6.0,success,1,0,0,1094,2.9606287230415256,401.1699463250345,0.8360800695504085,2.394944056508777,2.145543396639779,0.7116380113296499
H2,map-mixed-01,7027,H2_surface_d06_map-mixed-01,2046,1.0,surface,6.0,timeout,0,0,1,1507,82.65233209094676,350.5542723924542,nan,3.2189787946362856,1.8191110715335927,0.5051329636886629
H2,map-mixed-01,7027,H2_surface_d06_map-mixed-01,2047,1.0,surface,6.0,timeout,0,0,1,1507,176.45327724333373,245.3558921813713,nan,3.425623567787092,2.07867849061499,0.5530460185205675
H2,map-mixed-01,7027,H2_surface_d06_map-mixed-01,2048,1.0,surface,6.0,timeout,0,0,1,1507,72.03087450776027,337.0080688331053,nan,2.8291703897527327,1.7692554901650124,0.4675983474024011
H2,map-mixed-01,7027,H2_surface_d06_map-mixed-01,2049,1.0,surface,6.0,timeout,0,0,1,1507,18.67668764297505,410.35600142163247,nan,3.161668174838198,1.8241340607054508,0.4746596067341819
H2,map-mixed-01,7027,H2_surface_d06_map-mixed-01,2050,1.0,surface,6.0,timeout,0,0,1,1507,120.90705812401163,279.9341143058169,nan,2.6939198739086976,1.9229921785228223,0.523787423274858
H2,map-random-01,7001,H2_surface_d08_map-random-01,2001,1.0,surface,8.0,timeout,0,0,1,1507,74.72476909015131,347.0635964389028,nan,3.6921979980519666,2.0134185107822242,0.41256512237282406
H2,map-random-01,7001,H2_surface_d08_map-random-01,2002,1.0,surface,8.0,success,1,0,0,1016,2.9143220090474777,382.65648661429157,0.8765308007519909,9.06359732060259,1.6429953387472267,0.3372677206693353
H2,map-random-01,7001,H2_surface_d08_map-random-01,2003,1.0,surface,8.0,timeout,0,0,1,1507,205.28267140047979,218.79305244893482,nan,3.565608135334571,1.8025772955344057,0.5710206187596945
H2,map-random-01,7001,H2_surface_d08_map-random-01,2004,1.0,surface,8.0,timeout,0,0,1,1507,75.39067977633172,299.1155638136081,nan,4.071303976571542,1.7081529126062227,0.37017633146152307
H2,map-random-01,7001,H2_surface_d08_map-random-01,2005,1.0,surface,8.0,timeout,0,0,1,1507,18.180029168257416,363.70304523043393,nan,7.65696163152726,1.7116036711648224,0.3238950400784163
H2,map-random-01,7001,H2_surface_d08_map-random-01,2006,1.0,surface,8.0,success,1,0,0,1062,2.8383160101005105,381.02188116791876,0.8802911675226103,6.5059570662399,1.6559528277410713,0.34547294805451956
H2,map-random-01,7001,H2_surface_d08_map-random-01,2007,1.0,surface,8.0,success,1,0,0,1357,2.9772095368146494,375.9593918319059,0.8921447473107221,4.6296268988129015,1.8293305625336649,0.3856764864119734
H2,map-random-01,7001,H2_surface_d08_map-random-01,2008,1.0,surface,8.0,success,1,0,0,1023,2.901226697167456,390.91754315284754,0.8580075325343589,9.881966916628908,1.768240549055232,0.37605003401190845
H2,map-random-01,7001,H2_surface_d08_map-random-01,2009,1.0,surface,8.0,timeout,0,0,1,1507,203.81479087853708,232.33967363380057,nan,3.032845929267708,2.0729247572612297,0.6990465245213081
H2,map-random-01,7001,H2_surface_d08_map-random-01,2010,1.0,surface,8.0,timeout,0,0,1,1507,204.65993482970129,227.5277129295883,nan,3.136560511819269,2.187558086113975,0.668945885660797
H2,map-random-01,7001,H2_surface_d08_map-random-01,2011,1.0,surface,8.0,success,1,0,0,1459,2.9219264710552206,378.6309550600478,0.8858499077862642,5.387637446778492,1.7796323483396908,0.3784733737702985
H2,map-random-01,7001,H2_surface_d08_map-random-01,2012,1.0,surface,8.0,timeout,0,0,1,1507,204.9147332464489,236.11120401444174,nan,3.1378718435583295,1.9153257209293866,0.6518879009106795
H2,map-random-01,7001,H2_surface_d08_map-random-01,2013,1.0,surface,8.0,success,1,0,0,1270,2.842531358348055,439.2590955877553,0.7635816764958943,2.939621233670593,1.879442744492471,0.5219164925279993
H2,map-random-01,7001,H2_surface_d08_map-random-01,2014,1.0,surface,8.0,success,1,0,0,935,2.979935273800083,387.1832058197822,0.8662829161580115,4.9128587221726026,1.7742846841478461,0.39132385809754594
H2,map-random-01,7001,H2_surface_d08_map-random-01,2015,1.0,surface,8.0,timeout,0,0,1,1507,209.68476379047237,198.62251967901383,nan,4.17339706961431,1.7267211431063814,0.426396520000406
H2,map-random-01,7001,H2_surface_d08_map-random-01,2016,1.0,surface,8.0,success,1,0,0,931,2.837712095024825,394.5881774648965,0.8500259657546566,4.281476550543417,2.0429882927148415,0.4564087667010623
H2,map-random-01,7001,H2_surface_d08_map-random-01,2017,1.0,surface,8.0,success,1,0,0,885,2.945948261244875,385.363887709365,0.8703726719664228,4.632781256136448,1.681866068393863,0.4087805775407832
H2,map-random-01,7001,H2_surface_d08_map-random-01,2018,1.0,surface,8.0,timeout,0,0,1,1507,205.65746588522416,217.0779940915109,nan,3.3789278766202955,2.019924477382225,0.4770070754157455
H2,map-random-01,7001,H2_surface_d08_map-random-01,2019,1.0,surface,8.0,success,1,0,0,885,2.8526937189589967,388.34466117429713,0.8636920502801233,2.589469727481003,2.0729172484995084,0.6543841019193726
H2,map-random-01,7001,H2_surface_d08_map-random-01,2020,1.0,surface,8.0,timeout,0,0,1,1507,205.5118535293259,210.83108116408675,nan,4.595163127746687,1.7004048778261562,0.4548246269445908
H2,map-random-01,7001,H2_surface_d08_map-random-01,2021,1.0,surface,8.0,success,1,0,0,1416,2.9947136715329155,380.21100622583504,0.8821685620161767,13.64111491528911,1.6281736230524544,0.35284148597545306
H2,map-random-01,7001,H2_surface_d08_map-random-01,2022,1.0,surface,8.0,timeout,0,0,1,1507,204.94053002700917,230.60475884839218,nan,3.2276489316543007,1.9115797071856673,0.6521601205116937
H2,map-random-01,7001,H2_surface_d08_map-random-01,2023,1.0,surface,8.0,success,1,0,0,696,2.983303078040185,360.8560264272012,0.9294848140568157,2.806244073222615,2.8224765801104854,0.8450957237885439
H2,map-random-01,7001,H2_surface_d08_map-random-01,2024,1.0,surface,8.0,timeout,0,0,1,1507,36.53526041414405,352.87417241599303,nan,3.802931511510593,1.6710114209258546,0.38158210853352686
H2,map-random-01,7001,H2_surface_d08_map-random-01,2025,1.0,surface,8.0,success,1,0,0,880,2.964641446534184,371.2894674097828,0.9033657727079684,3.1039146323566342,1.886234935660647,0.624806838529466
H2,map-random-01,7001,H2_surface_d08_map-random-01,2026,1.0,surface,8.0,timeout,0,0,1,1507,204.1140765151426,226.97237135138735,nan,2.881615244918933,2.1986207280255408,0.6645046749818112
H2,map-random-01,7001,H2_surface_d08_map-random-01,2027,1.0,surface,8.0,success,1,0,0,939,2.9789759223597096,407.5848956861673,0.8229210654636918,2.7043186255349227,2.1297026516851525,0.6714116755848284
H2,map-random-01,7001,H2_surface_d08_map-random-01,2028,1.0,surface,8.0,timeout,0,0,1,1507,30.94169192646737,382.9204437305772,nan,4.407734633052485,1.9249248880635155,0.369942305997737
H2,map-random-01,7001,H2_surface_d08_map-random-01,2029,1.0,surface,8.0,success,1,0,0,1332,2.862481268525986,396.4849280053004,0.845959513044805,24.78487839043964,1.6746908541531456,0.361164528756391
H2,map-random-01,7001,H2_surface_d08_map-random-01,2030,1.0,surface,8.0,timeout,0,0,1,1507,35.56911769226583,378.2761188571785,nan,4.502691116537008,1.69392863528532,0.38518022511662525
H2,map-random-01,7001,H2_surface_d08_map-random-01,2031,1.0,surface,8.0,timeout,0,0,1,1507,205.99197749933683,207.55460559289526,nan,3.998161603154756,1.9410939738502464,0.4638884994098817
H2,map-random-01,7001,H2_surface_d08_map-random-01,2032,1.0,surface,8.0,timeout,0,0,1,1507,205.55597764872104,204.20894202258398,nan,4.33188890440114,1.7367215114788368,0.4568667579590713
H2,map-random-01,7001,H2_surface_d08_map-random-01,2033,1.0,surface,8.0,success,1,0,0,681,2.8402438958530745,355.74159908469295,0.9428478353050747,2.510261562821995,2.850454116859987,0.739002727404508
H2,map-random-01,7001,H2_surface_d08_map-random-01,2034,1.0,surface,8.0,success,1,0,0,685,2.6402346784931843,356.9117764721301,0.9397565973874762,2.3624036106257336,3.216824307937125,0.8420333869512701
H2,map-random-01,7001,H2_surface_d08_map-random-01,2035,1.0,surface,8.0,timeout,0,0,1,1507,204.19347032298026,255.24814894269892,nan,2.6465514445686154,2.217123256411223,0.8175359144776942
H2,map-random-01,7001,H2_surface_d08_map-random-01,2036,1.0,surface,8.0,success,1,0,0,890,2.9914882167410126,402.8128283089113,0.8326700965137765,3.6102169259225008,1.72396756977301,0.49471624725349356
H2,map-random-01,7001,H2_surface_d08_map-random-01,2037,1.0,surface,8.0,success,1,0,0,996,2.9218999293404067,380.80773235950755,0.8807862029133358,4.06212712445938,1.726058128932609,0.43156071983637756
H2,map-random-01,7001,H2_surface_d08_map-random-01,2038,1.0,surface,8.0,timeout,0,0,1,1507,99.84328748627354,269.87455247279826,nan,4.626731202307874,1.675581997723765,0.3756367188992202
H2,map-random-01,7001,H2_surface_d08_map-random-01,2039,1.0,surface,8.0,timeout,0,0,1,1507,45.84639132408944,312.7841736978456,nan,4.362790533488436,1.6883013430132243,0.37852318943271845
H2,map-random-01,7001,H2_surface_d08_map-random-01,2040,1.0,surface,8.0,timeout,0,0,1,1507,81.32686814628387,303.80904033884656,nan,4.949791126304277,1.7379830401734726,0.3643078294281652
H2,map-random-01,7001,H2_surface_d08_map-random-01,2041,1.0,surface,8.0,timeout,0,0,1,1507,91.12928087558288,264.71188429955464,nan,4.870196631499255,1.7087442921589937,0.38525358073906635
H2,map-random-01,7001,H2_surface_d08_map-random-01,2042,1.0,surface,8.0,timeout,0,0,1,1507,206.47579194396215,198.02787585345607,nan,4.045087207341882,1.6804992997664787,0.4207609651572748
H2,map-random-01,7001,H2_surface_d08_map-random-01,2043,1.0,surface,8.0,success,1,0,0,1214,2.895255982218135,399.3527262247626,0.8398845797191173,25.792870637466162,2.035961969874048,0.39564308549657373
H2,map-random-01,7001,H2_surface_d08_map-random-01,2044,1.0,surface,8.0,timeout,0,0,1,1507,205.6781015324932,218.79503498672892,nan,3.9020509239060948,1.8126630879961845,0.5034217284834405
H2,map-random-01,7001,H2_surface_d08_map-random-01,2045,1.0,surface,8.0,success,1,0,0,879,2.9699136275421147,386.4269113844043,0.8679783595385101,5.306455300046757,1.5857585576795687,0.3973551255987966
H2,map-random-01,7001,H2_surface_d08_map-random-01,2046,1.0,surface,8.0,timeout,0,0,1,1507,57.35303403409825,356.4227215650317,nan,3.776927791315188,1.6932105409969982,0.39789365918623726
H2,map-random-01,7001,H2_surface_d08_map-random-01,2047,1.0,surface,8.0,timeout,0,0,1,1507,205.1979288711081,207.45813263394348,nan,3.754939587641843,2.014529261691683,0.4888877164278065
H2,map-random-01,7001,H2_surface_d08_map-random-01,2048,1.0,surface,8.0,success,1,0,0,1251,2.9630257527184973,375.8868084362722,0.8923170196376654,5.469901927370332,1.6244997392898994,0.3378199473110896
H2,map-random-01,7001,H2_surface_d08_map-random-01,2049,1.0,surface,8.0,success,1,0,0,1506,2.943207636916929,417.59553272030723,0.8031939289197713,3.749382545743117,1.7151435187529787,0.4168563757201428
H2,map-random-01,7001,H2_surface_d08_map-random-01,2050,1.0,surface,8.0,success,1,0,0,1207,2.9212531274830416,383.6411206892898,0.8742811407242671,15.718548745028869,1.6716492616574379,0.3449915215785326
H2,map-corridor-01,7013,H2_surface_d08_map-corridor-01,2001,1.0,surface,8.0,timeout,0,0,1,1507,91.48806999700398,323.8882960196511,nan,3.9582735670767875,2.0099922189507504,0.4399650491579467
H2,map-corridor-01,7013,H2_surface_d08_map-corridor-01,2002,1.0,surface,8.0,timeout,0,0,1,1507,6.734544667687258,426.18836625319307,nan,2.725167121908612,1.8790930581455196,0.5478799845650391
H2,map-corridor-01,7013,H2_surface_d08_map-corridor-01,2003,1.0,surface,8.0,success,1,0,0,1432,2.906997601016989,440.6803171775168,0.7611190778231582,3.5805371290757506,1.7495592356026102,0.4595310979106554
H2,map-corridor-01,7013,H2_surface_d08_map-corridor-01,2004,1.0,surface,8.0,timeout,0,0,1,1507,286.25302436790747,113.17888633703436,nan,4.178855922484786,1.717505478672691,0.4027620198386945
H2,map-corridor-01,7013,H2_surface_d08_map-corridor-01,2005,1.0,surface,8.0,timeout,0,0,1,1507,99.31962778427948,305.7892582418517,nan,3.497104006516869,1.7682361366614767,0.3857248485980939
H2,map-corridor-01,7013,H2_surface_d08_map-corridor-01,2006,1.0,surface,8.0,timeout,0,0,1,1507,287.0485404636555,136.96796114055854,nan,2.911448630349277,1.8636804962286053,0.5290107335571915
H2,map-corridor-01,7013,H2_surface_d08_map-corridor-01,2007,1.0,surface,8.0,timeout,0,0,1,1507,154.8187295939322,268.9117830807758,nan,3.302013334605334,1.9116752987682952,0.5029762362113597
H2,map-corridor-01,7013,H2_surface_d08_map-corridor-01,2008,1.0,surface,8.0,timeout,0,0,1,1507,118.74708265255323,294.0059833780997,nan,2.780902601517866,1.9183924203892735,0.5178662920229048
H2,map-corridor-01,7013,H2_surface_d08_map-corridor-01,2009,1.0,surface,8.0,success,1,0,0,1221,2.8538469275261136,438.0877480526967,0.7656233211630986,2.740859108714661,2.1713826166167576,0.6861880646835314
H2,map-corridor-01,7013,H2_surface_d08_map-corridor-01,2010,1.0,surface,8.0,success,1,0,0,1244,2.8841980556188664,447.54031965309383,0.7494524669530517,3.213515068952759,2.149029311329882,0.5429794616164888
H2,map-corridor-01,7013,H2_surface_d08_map-corridor-01,2011,1.0,surface,8.0,timeout,0,0,1,1507,160.79715121090766,244.39520219236857,nan,3.8456111429094335,1.8203076651394512,0.4423175415790268
H2,map-corridor-01,7013,H2_surface_d08_map-corridor-01,2012,1.0,surface,8.0,success,1,0,0,1206,2.909155013206842,433.68869455297045,0.7733893016757016,2.9904131344782456,2.017120266541692,0.6677658839862342
H2,map-corridor-01,7013,H2_surface_d08_map-corridor-01,2013,1.0,surface,8.0,success,1,0,0,1248,2.912402090216649,433.5301951122564,0.7736720542340051,3.3474693326891867,1.806355560776468,0.4986254620253545
H2,map-corridor-01,7013,H2_surface_d08_map-corridor-01,2014,1.0,surface,8.0,timeout,0,0,1,1507,269.1114367901312,149.10949842174233,nan,2.5069402116818083,2.0308621307491372,0.5969131554007926
H2,map-corridor-01,7013,H2_surface_d08_map-corridor-01,2015,1.0,surface,8.0,timeout,0,0,1,1507,107.37467336391416,272.9803426681418,nan,4.633829003501593,1.7029767524417407,0.38478528141413343
H2,map-corridor-01,7013,H2_surface_d08_map-corridor-01,2016,1.0,surface,8.0,timeout,0,0,1,1507,30.47877706123475,378.9990589667825,nan,2.7610350105049264,2.1541235457938344,0.588688072535476
H2,map-corridor-01,7013,H2_surface_d08_map-corridor-01,2017,1.0,surface,8.0,timeout,0,0,1,1507,100.24397886463649,310.80361012970144,nan,2.3596970553847285,2.0840467949336396,0.6009255332565906
H2,map-corridor-01,7013,H2_surface_d08_map-corridor-01,2018,1.0,surface,8.0,timeout,0,0,1,1507,166.24346402557362,257.5971267769373,nan,4.2303905931626815,1.9598429850659316,0.42662185538086567
H2,map-corridor-01,7013,H2_surface_d08_map-corridor-01,2019,1.0,surface,8.0,success,1,0,0,1114,2.9893928682114286,451.453138504358,0.7429568387455804,2.452065490998237,2.376008680698684,0.7933830097715708
H2,map-corridor-01,7013,H2_surface_d08_map-corridor-01,2020,1.0,surface,8.0,timeout,0,0,1,1507,156.71515368996543,259.5151762896414,nan,4.602716235934338,1.6801639492975373,0.3908622374583661
H2,map-corridor-01,7013,H2_surface_d08_map-corridor-01,2021,1.0,surface,8.0,timeout,0,0,1,1507,166.40484566155544,252.58888474675524,nan,3.1423162909066833,1.7451324963247072,0.4803778398067272
H2,map-corridor-01,7013,H2_surface_d08_map-corridor-01,2022,1.0,surface,8.0,success,1,0,0,1289,2.96578329027151,447.3056846387532,0.7498455936142367,3.2085066595364395,1.851186878844731,0.5418365831201114
H2,map-corridor-01,7013,H2_surface_d08_map-corridor-01,2023,1.0,surface,8.0,success,1,0,0,1087,2.8614550309064173,450.36859781910846,0.7447459664132416,2.417943591937224,2.8623420108339883,0.943931124093125
H2,map-corridor-01,7013,H2_surface_d08_map-corridor-01,2024,1.0,surface,8.0,timeout,0,0,1,1507,83.02609188661766,325.2001265011255,nan,4.061652738874607,1.6740456183316799,0.4179988512276386
H2,map-corridor-01,7013,H2_surface_d08_map-corridor-01,2025,1.0,surface,8.0,success,1,0,0,1275,2.9892100594178257,427.6688576448757,0.7842754753573471,2.6725167257457088,2.021735769777183,0.669899981395851
H2,map-corridor-01,7013,H2_surface_d08_map-corridor-01,2026,1.0,surface,8.0,success,1,0,0,1195,2.9422671350117997,447.7756595456332,0.7490585731375302,2.7851636243261737,2.5394384157048515,0.7744593783756628
H2,map-corridor-01,7013,H2_surface_d08_map-corridor-01,2027,1.0,surface,8.0,success,1,0,0,1139,2.9601518055940708,419.1971862376424,0.8001251144725595,2.939136356427227,1.9736622043043577,0.6323599331542882
H2,map-corridor-01,7013,H2_surface_d08_map-corridor-01,2028,1.0,surface,8.0,timeout,0,0,1,1507,38.535898785887355,381.13573232499755,nan,3.725140475224819,1.9596202129787226,0.4048814172845222
H2,map-corridor-01,7013,H2_surface_d08_map-corridor-01,2029,1.0,surface,8.0,timeout,0,0,1,1507,14.643515679197657,411.3956263770546,nan,3.619890457888374,1.7450831155852382,0.44926823527610343
H2,map-corridor-01,7013,H2_surface_d08_map-corridor-01,2030,1.0,surface,8.0,timeout,0,0,1,1507,30.42814874340788,378.5018394366368,nan,4.45946935821862,1.7027500010465157,0.3919159800157385
H2,map-corridor-01,7013,H2_surface_d08_map-corridor-01,2031,1.0,surface,8.0,timeout,0,0,1,1507,30.646536226122215,383.99316071165913,nan,3.930452681229781,1.9329396879986724,0.43478592066919575
H2,map-corridor-01,7013,H2_surface_d08_map-corridor-01,2032,1.0,surface,8.0,timeout,0,0,1,1507,131.28859032656294,253.67960187008208,nan,4.147955187150416,1.7153014216383824,0.3829073525084598
H2,map-corridor-01,7013,H2_surface_d08_map-corridor-01,2033,1.0,surface,8.0,success,1,0,0,1261,2.9132834696711516,453.9882270292983,0.7388081378668057,2.6828529332480002,2.4775929663080305,0.7699615738874946
H2,map-corridor-01,7013,H2_surface_d08_map-corridor-01,2034,1.0,surface,8.0,timeout,0,0,1,1507,8.104233314805672,478.1628423512577,nan,2.1935498929531208,2.8783587131797193,0.8946907925553489
H2,map-corridor-01,7013,H2_surface_d08_map-corridor-01,2035,1.0,surface,8.0,success,1,0,0,1105,2.8625995989015625,454.44376249440467,0.7380675549025677,2.6257034012133245,2.4713369882774687,0.8100264465443063
H2,map-corridor-01,7013,H2_surface_d08_map-corridor-01,2036,1.0,surface,8.0,success,1,0,0,1351,2.997157061726447,425.5084398759522,0.7882574473088009,2.682979431315637,1.979577907165597,0.6633198809702823
H2,map-corridor-01,7013,H2_surface_d08_map-corridor-01,2037,1.0,surface,8.0,timeout,0,0,1,1507,269.9779966074872,144.64068002824712,nan,3.0359382788865545,1.855584744511509,0.5376767754108157
H2,map-corridor-01,7013,H2_surface_d08_map-corridor-01,2038,1.0,surface,8.0,timeout,0,0,1,1507,162.4445776020187,233.23389040230657,nan,4.129054921805066,1.6835506047804234,0.4159984249680404
H2,map-corridor-01,7013,H2_surface_d08_map-corridor-01,2039,1.0,surface,8.0,timeout,0,0,1,1507,277.3576582783806,131.50533467693958,nan,4.358610019806811,1.6989248269015504,0.4065033379772342
H2,map-corridor-01,7013,H2_surface_d08_map-corridor-01,2040,1.0,surface,8.0,timeout,0,0,1,1507,166.15008879285026,250.63581580513338,nan,3.7400850406342983,1.7898532961070284,0.46214114728213634
H2,map-corridor-01,7013,H2_surface_d08_map-corridor-01,2041,1.0,surface,8.0,timeout,0,0,1,1507,267.5347856243989,139.63009677193952,nan,4.574994024581208,1.7287259192920228,0.45058203606588687
H2,map-corridor-01,7013,H2_surface_d08_map-corridor-01,2042,1.0,surface,8.0,timeout,0,0,1,1507,131.3488072677383,250.5521881216405,nan,4.833046966827986,1.6491503358088293,0.36487956806349503
H2,map-corridor-01,7013,H2_surface_d08_map-corridor-01,2043,1.0,surface,8.0,success,1,0,0,1417,2.898889849061257,441.9482969443345,0.7589353753459875,3.6511662892660275,2.047889574824813,0.4534072833254263
H2,map-corridor-01,7013,H2_surface_d08_map-corridor-01,2044,1.0,surface,8.0,timeout,0,0,1,1507,101.59019153629052,306.56567071706013,nan,3.9735663689886707,1.7891328451763875,0.4212280405980522
H2,map-corridor-01,7013,H2_surface_d08_map-corridor-01,2045,1.0,surface,8.0,success,1,0,0,1072,2.954995304700206,421.36297404791287,0.7960125053295006,2.9190315905574558,1.9484833024526873,0.6497326415318383
H2,map-corridor-01,7013,H2_surface_d08_map-corridor-01,2046,1.0,surface,8.0,timeout,0,0,1,1507,48.84931305616977,366.5641568137223,nan,3.582047416269532,1.7153434760834556,0.4269200522900461
H2,map-corridor-01,7013,H2_surface_d08_map-corridor-01,2047,1.0,surface,8.0,timeout,0,0,1,1507,174.12670618696745,247.12221391308216,nan,4.386656315184204,1.9851194644967036,0.4598369060471993
H2,map-corridor-01,7013,H2_surface_d08_map-corridor-01,2048,1.0,surface,8.0,timeout,0,0,1,1507,253.88321106720934,190.6678278978046,nan,3.1836270770778867,1.7822998507897239,0.5200121126484989
H2,map-corridor-01,7013,H2_surface_d08_map-corridor-01,2049,1.0,surface,8.0,success,1,0,0,1503,2.915800470217311,417.50186482940285,0.8033741280701149,3.777269565921628,1.6976125013063414,0.41357463613548656
H2,map-corridor-01,7013,H2_surface_d08_map-corridor-01,2050,1.0,surface,8.0,timeout,0,0,1,1507,16.35859482497254,421.94487221958923,nan,3.8357227575289383,1.7499458924836797,0.46975181564832796
H2,map-barrier-01,7019,H2_surface_d08_map-barrier-01,2001,1.0,surface,8.0,timeout,0,0,1,1507,99.96444626069608,314.8384095520855,nan,4.279173551900087,1.994234243098378,0.3832476028333107
H2,map-barrier-01,7019,H2_surface_d08_map-barrier-01,2002,1.0,surface,8.0,success,1,0,0,1301,2.8294936996153424,413.3672551639895,0.8114096906197996,2.7080575407871095,1.9032186496394599,0.5509678117045236
H2,map-barrier-01,7019,H2_surface_d08_map-barrier-01,2003,1.0,surface,8.0,success,1,0,0,1428,2.870820089595827,437.2338134547881,0.7671186132077394,3.8058470039399594,1.7122951469134895,0.41618057607799125
H2,map-barrier-01,7019,H2_surface_d08_map-barrier-01,2004,1.0,surface,8.0,timeout,0,0,1,1507,143.97004886743588,237.81022772373007,nan,4.077296945370719,1.7180115724057317,0.3920482177602299
H2,map-barrier-01,7019,H2_surface_d08_map-barrier-01,2005,1.0,surface,8.0,timeout,0,0,1,1507,26.23121781795549,360.85620675727097,nan,5.491810246624338,1.7118452860663103,0.3346414926926141
H2,map-barrier-01,7019,H2_surface_d08_map-barrier-01,2006,1.0,surface,8.0,timeout,0,0,1,1507,18.483514358983527,411.50957116580156,nan,3.0396065109680137,1.8576508523332045,0.5295956517818098
H2,map-barrier-01,7019,H2_surface_d08_map-barrier-01,2007,1.0,surface,8.0,timeout,0,0,1,1507,202.74902219160785,226.3563767385702,nan,3.3115451604251973,1.9160870044807203,0.5014382257861044
H2,map-barrier-01,7019,H2_surface_d08_map-barrier-01,2008,1.0,surface,8.0,success,1,0,0,1325,2.9064184664891943,406.50575983095484,0.8251056436800517,2.952616189944422,1.9040501182556708,0.5813171046946283
H2,map-barrier-01,7019,H2_surface_d08_map-barrier-01,2009,1.0,surface,8.0,success,1,0,0,1302,2.791715322443719,450.9670204637895,0.7437577060070191,3.278506596076255,1.8663327743703453,0.4891789220876893
H2,map-barrier-01,7019,H2_surface_d08_map-barrier-01,2010,1.0,surface,8.0,success,1,0,0,1257,2.8529762329908817,441.8608974371009,0.7590854917699846,3.663758127743705,2.0170998661150605,0.44719328662136215
H2,map-barrier-01,7019,H2_surface_d08_map-barrier-01,2011,1.0,surface,8.0,timeout,0,0,1,1507,207.95187074498807,206.68737964885918,nan,3.5470299136595145,1.8570474769897207,0.4838980920272775
H2,map-barrier-01,7019,H2_surface_d08_map-barrier-01,2012,1.0,surface,8.0,success,1,0,0,1295,2.847710433898356,434.3406174341321,0.7722284841938217,2.9745151043491944,1.768508637898525,0.4405794260276611
H2,map-barrier-01,7019,H2_surface_d08_map-barrier-01,2013,1.0,surface,8.0,success,1,0,0,1297,2.9720003794283363,434.66365799512937,0.7716545665953212,3.280671058830677,1.7550716956881496,0.46079931142433184
H2,map-barrier-01,7019,H2_surface_d08_map-barrier-01,2014,1.0,surface,8.0,success,1,0,0,1118,2.8230891405455147,395.5910877415768,0.8478709632712403,2.3982783053676258,2.1802508877760935,0.634161334653423
H2,map-barrier-01,7019,H2_surface_d08_map-barrier-01,2015,1.0,surface,8.0,timeout,0,0,1,1507,177.78395558882738,224.11346577183156,nan,4.523863935158502,1.7097014928690173,0.38059725451168275
H2,map-barrier-01,7019,H2_surface_d08_map-barrier-01,2016,1.0,surface,8.0,success,1,0,0,1052,2.935020240801,398.8604980690701,0.8409210695186115,2.7652317500038635,2.2631624868694837,0.6356902400109783
H2,map-barrier-01,7019,H2_surface_d08_map-barrier-01,2017,1.0,surface,8.0,success,1,0,0,956,2.9368531495324683,398.93714591205224,0.8407595032499465,2.3859460480977077,2.2157373756132053,0.6926705608386913
H2,map-barrier-01,7019,H2_surface_d08_map-barrier-01,2018,1.0,surface,8.0,timeout,0,0,1,1507,173.94052503726468,246.36543146296543,nan,3.581935580789434,1.9826525931821104,0.43007181229733354
H2,map-barrier-01,7019,H2_surface_d08_map-barrier-01,2019,1.0,surface,8.0,success,1,0,0,679,2.930767421805965,358.3904865350636,0.9358791854876795,7.680613330608649,1.6120621871702334,0.45149849990607216
H2,map-barrier-01,7019,H2_surface_d08_map-barrier-01,2020,1.0,surface,8.0,timeout,0,0,1,1507,168.9113567080285,245.43695155643945,nan,4.501203587227025,1.679125689764163,0.3936644773414496
H2,map-barrier-01,7019,H2_surface_d08_map-barrier-01,2021,1.0,surface,8.0,timeout,0,0,1,1507,212.72423491285255,199.747179375315,nan,3.495232560417719,1.709218870260453,0.4637319519312231
H2,map-barrier-01,7019,H2_surface_d08_map-barrier-01,2022,1.0,surface,8.0,success,1,0,0,1313,2.9524481859583176,445.27822294995815,0.7532598257396994,3.2289389689593406,1.752395985152747,0.46547135877882206
H2,map-barrier-01,7019,H2_surface_d08_map-barrier-01,2023,1.0,surface,8.0,success,1,0,0,576,2.735789795402069,333.7884639644535,1.0,11.430415563641867,2.3631278077039193,0.4405829919910241
H2,map-barrier-01,7019,H2_surface_d08_map-barrier-01,2024,1.0,surface,8.0,timeout,0,0,1,1507,199.7194697733037,204.76930744298866,nan,3.655127171273449,1.6933348121170724,0.4142185638249195
H2,map-barrier-01,7019,H2_surface_d08_map-barrier-01,2025,1.0,surface,8.0,success,1,0,0,783,2.986914600311363,365.6942407833941,0.917187527773063,2.780582087780649,1.9886296795038445,0.5760198194819524
H2,map-barrier-01,7019,H2_surface_d08_map-barrier-01,2026,1.0,surface,8.0,success,1,0,0,1273,2.965000571134909,447.72699855036285,0.7491399842112484,2.793398292102637,2.1395789689496234,0.5401249313791503
H2,map-barrier-01,7019,H2_surface_d08_map-barrier-01,2027,1.0,surface,8.0,success,1,0,0,705,2.8462154293946433,357.0308939171691,0.9394430631618769,5.675233442625481,1.6721317657787784,0.44931491544402263
H2,map-barrier-01,7019,H2_surface_d08_map-barrier-01,2028,1.0,surface,8.0,timeout,0,0,1,1507,53.580226955395425,369.1742778511546,nan,4.00754678966365,1.9327147742488384,0.37458969149244764
H2,map-barrier-01,7019,H2_surface_d08_map-barrier-01,2029,1.0,surface,8.0,timeout,0,0,1,1507,204.97595262346928,208.7403439173786,nan,3.013003978748632,1.8328509201338539,0.5098074934928144
H2,map-barrier-01,7019,H2_surface_d08_map-barrier-01,2030,1.0,surface,8.0,timeout,0,0,1,1507,47.71365404344523,367.3637260588677,nan,3.8702319100361535,1.7232658685528115,0.4149051534179978
H2,map-barrier-01,7019,H2_surface_d08_map-barrier-01,2031,1.0,surface,8.0,timeout,0,0,1,1507,52.33209396172302,371.34089475482426,nan,3.556671873658985,1.9404889196558888,0.4282020708945529
H2,map-barrier-01,7019,H2_surface_d08_map-barrier-01,2032,1.0,surface,8.0,timeout,0,0,1,1507,63.935492629936036,296.8534607370823,nan,4.012661380744791,1.7227502998962774,0.3741465589610114
H2,map-barrier-01,7019,H2_surface_d08_map-barrier-01,2033,1.0,surface,8.0,success,1,0,0,596,2.5907448295456006,333.7652421324144,1.0,13.230375981653944,2.3506869201859533,0.40070475348489376
H2,map-barrier-01,7019,H2_surface_d08_map-barrier-01,2034,1.0,surface,8.0,success,1,0,0,597,2.562959222039099,337.4839515421378,0.993855248797185,3.4742921037460284,2.6510674023870933,0.5219837334930099
H2,map-barrier-01,7019,H2_surface_d08_map-barrier-01,2035,1.0,surface,8.0,success,1,0,0,1172,2.954258251747129,437.56368232793386,0.7665403006952345,2.817423327638437,1.9529667111552895,0.5392292506221933
H2,map-barrier-01,7019,H2_surface_d08_map-barrier-01,2036,1.0,surface,8.0,success,1,0,0,891,2.99029652963887,391.46989764003536,0.8567969048117847,2.5528381984715907,2.1000633445423644,0.6961843726431006
H2,map-barrier-01,7019,H2_surface_d08_map-barrier-01,2037,1.0,surface,8.0,success,1,0,0,1103,2.969865566930953,392.2602145264349,0.8550706500527975,2.7695471742760844,1.9471239147452313,0.5748550344188512
H2,map-barrier-01,7019,H2_surface_d08_map-barrier-01,2038,1.0,surface,8.0,timeout,0,0,1,1507,202.9922863295398,198.9922301995506,nan,3.7649946335120603,1.715134362410045,0.4333097592426104
H2,map-barrier-01,7019,H2_surface_d08_map-barrier-01,2039,1.0,surface,8.0,timeout,0,0,1,1507,54.069048794339054,306.693787523379,nan,4.112308696018047,1.6798862955591913,0.35618665504837704
H2,map-barrier-01,7019,H2_surface_d08_map-barrier-01,2040,1.0,surface,8.0,timeout,0,0,1,1507,208.2135779832809,191.29038513051023,nan,3.933246632045325,1.7726531998184083,0.4164601542015336
H2,map-barrier-01,7019,H2_surface_d08_map-barrier-01,2041,1.0,surface,8.0,timeout,0,0,1,1507,89.04416845938515,257.3244033975858,nan,5.42775629759001,1.7008576523673924,0.3544408868131856
H2,map-barrier-01,7019,H2_surface_d08_map-barrier-01,2042,1.0,surface,8.0,timeout,0,0,1,1507,31.034062134379077,313.21732062849765,nan,5.0926715850299615,1.6414144784767768,0.33457639047142956
H2,map-barrier-01,7019,H2_surface_d08_map-barrier-01,2043,1.0,surface,8.0,timeout,0,0,1,1507,149.84644047222787,268.8619145974452,nan,2.7752515426802233,2.1946391101121736,0.6106914623400257
H2,map-barrier-01,7019,H2_surface_d08_map-barrier-01,2044,1.0,surface,8.0,timeout,0,0,1,1507,174.66714582232368,248.2414190323742,nan,3.9729999779927425,1.785534721985611,0.4162952183899723
H2,map-barrier-01,7019,H2_surface_d08_map-barrier-01,2045,1.0,surface,8.0,success,1,0,0,1138,2.9297859115954967,399.4634509408835,0.8396517774904162,2.627815832909988,1.9577257639794594,0.6329864554967298
H2,map-barrier-01,7019,H2_surface_d08_map-barrier-01,2046,1.0,surface,8.0,timeout,0,0,1,1507,65.26394674661337,346.9718805328563,nan,4.669557110266538,1.6679446906095048,0.37975005271462325
H2,map-barrier-01,7019,H2_surface_d08_map-barrier-01,2047,1.0,surface,8.0,timeout,0,0,1,1507,173.70853795044331,231.8898304830808,nan,3.785136921250711,1.9991631850158844,0.44884959712992234
H2,map-barrier-01,7019,H2_surface_d08_map-barrier-01,2048,1.0,surface,8.0,timeout,0,0,1,1507,209.3689633185638,208.67348684425332,nan,3.1042604613745937,1.7594353819799704,0.4873590088996205
H2,map-barrier-01,7019,H2_surface_d08_map-barrier-01,2049,1.0,surface,8.0,timeout,0,0,1,1507,8.042557746458439,411.91188264306163,nan,4.0849265809175535,1.6927046843446834,0.3991895696720451
H2,map-barrier-01,7019,H2_surface_d08_map-barrier-01,2050,1.0,surface,8.0,timeout,0,0,1,1507,193.17502574465266,207.530973875548,nan,3.1059107008514957,1.818173851297425,0.4903445791700135
H2,map-mixed-01,7027,H2_surface_d08_map-mixed-01,2001,1.0,surface,8.0,timeout,0,0,1,1507,129.7793888963742,300.1724587013994,nan,3.993962824596343,2.012632479162552,0.4213634665013051
H2,map-mixed-01,7027,H2_surface_d08_map-mixed-01,2002,1.0,surface,8.0,success,1,0,0,1234,2.8074065214673536,418.4336154191948,0.8015852079402085,2.6998911591319796,1.9110036213727168,0.5671031252253862
H2,map-mixed-01,7027,H2_surface_d08_map-mixed-01,2003,1.0,surface,8.0,timeout,0,0,1,1507,8.728770068331615,458.65997994549537,nan,2.969645206019622,1.8692939579950605,0.541840647975934
H2,map-mixed-01,7027,H2_surface_d08_map-mixed-01,2004,1.0,surface,8.0,timeout,0,0,1,1507,142.67953932007205,240.13239004648955,nan,4.244973362495273,1.7055376612446551,0.3953525016479369
H2,map-mixed-01,7027,H2_surface_d08_map-mixed-01,2005,1.0,surface,8.0,timeout,0,0,1,1507,26.03436310412576,360.9555045453577,nan,5.491810246624338,1.7120068629552998,0.33471259951167864
H2,map-mixed-01,7027,H2_surface_d08_map-mixed-01,2006,1.0,surface,8.0,timeout,0,0,1,1507,11.741051482005007,422.8340318816446,nan,3.0615760057323484,1.8424152263260882,0.5234562236898552
H2,map-mixed-01,7027,H2_surface_d08_map-mixed-01,2007,1.0,surface,8.0,timeout,0,0,1,1507,206.09664310510834,222.5690463770268,nan,3.3224750012504387,1.9054247252557295,0.4913639389588723
H2,map-mixed-01,7027,H2_surface_d08_map-mixed-01,2008,1.0,surface,8.0,success,1,0,0,1313,2.989050314525838,413.4023133209939,0.8113408798574695,2.879550230733173,1.9430715730995225,0.6157503043142253
H2,map-mixed-01,7027,H2_surface_d08_map-mixed-01,2009,1.0,surface,8.0,success,1,0,0,1375,2.93660566013114,470.0680649402698,0.7135353827271549,3.140475862400784,1.9386033324048972,0.5541338131824346
H2,map-mixed-01,7027,H2_surface_d08_map-mixed-01,2010,1.0,surface,8.0,success,1,0,0,1036,2.9961573945737694,396.5153359431529,0.8458946381661645,3.023191983234759,2.342370450040429,0.6918025161875572
H2,map-mixed-01,7027,H2_surface_d08_map-mixed-01,2011,1.0,surface,8.0,timeout,0,0,1,1507,211.26934737937765,198.95575608984174,nan,3.7048818861376134,1.8349469144356687,0.45500024850434045
H2,map-mixed-01,7027,H2_surface_d08_map-mixed-01,2012,1.0,surface,8.0,success,1,0,0,1464,2.9116956252031394,468.0033418503705,0.7166833367019106,3.125978733183743,1.8937834239016165,0.6013831825752556
H2,map-mixed-01,7027,H2_surface_d08_map-mixed-01,2013,1.0,surface,8.0,success,1,0,0,1405,2.870921000723144,458.90733597312857,0.730888722695443,3.354833788327788,1.8336501734552384,0.5534972215982623
H2,map-mixed-01,7027,H2_surface_d08_map-mixed-01,2014,1.0,surface,8.0,success,1,0,0,1107,2.888565474127456,399.09598623781596,0.840424880708026,2.4052615639055688,2.17215760183367,0.6539098793608591
H2,map-mixed-01,7027,H2_surface_d08_map-mixed-01,2015,1.0,surface,8.0,timeout,0,0,1,1507,181.39187068577368,231.49147949948065,nan,4.485958826886139,1.711291467235194,0.4203661760653167
H2,map-mixed-01,7027,H2_surface_d08_map-mixed-01,2016,1.0,surface,8.0,success,1,0,0,1038,2.9751099760205326,402.4416868526967,0.8334380050139703,2.6812293480308966,2.289344504556279,0.635454064653598
H2,map-mixed-01,7027,H2_surface_d08_map-mixed-01,2017,1.0,surface,8.0,success,1,0,0,961,2.961106867813082,404.42116188206256,0.8293586692250811,2.332917497978954,2.2275612739962494,0.66631767128587
H2,map-mixed-01,7027,H2_surface_d08_map-mixed-01,2018,1.0,surface,8.0,timeout,0,0,1,1507,176.85059609412917,249.85962970666793,nan,3.995000305801767,1.995721553803862,0.4818991325092289
H2,map-mixed-01,7027,H2_surface_d08_map-mixed-01,2019,1.0,surface,8.0,success,1,0,0,909,2.9446932137456403,397.54979655758837,0.8436935436247458,2.5847038360034844,2.0977934688091584,0.705220862043772
H2,map-mixed-01,7027,H2_surface_d08_map-mixed-01,2020,1.0,surface,8.0,timeout,0,0,1,1507,177.0672341465211,254.4774720223002,nan,4.2350257812202585,1.703177826927937,0.45139468400326815
H2,map-mixed-01,7027,H2_surface_d08_map-mixed-01,2021,1.0,surface,8.0,timeout,0,0,1,1507,216.09146155724676,198.86270995067377,nan,3.298782579602644,1.7398156198712096,0.4814606951770418
H2,map-mixed-01,7027,H2_surface_d08_map-mixed-01,2022,1.0,surface,8.0,success,1,0,0,1346,2.9483036410589736,453.2561819056924,0.7400013723249256,3.198689337315443,1.835935925421003,0.5308915630764348
H2,map-mixed-01,7027,H2_surface_d08_map-mixed-01,2023,1.0,surface,8.0,success,1,0,0,672,2.922903357929814,361.3848462985128,0.928124684973402,2.7179557710824156,2.9650060960914613,0.8816573873037266
H2,map-mixed-01,7027,H2_surface_d08_map-mixed-01,2024,1.0,surface,8.0,timeout,0,0,1,1507,202.77045294064163,201.83359595524075,nan,3.673264951256172,1.6901956426851021,0.4135831543112803
H2,map-mixed-01,7027,H2_surface_d08_map-mixed-01,2025,1.0,surface,8.0,success,1,0,0,788,2.850539599962545,370.57524587107525,0.9051068584911879,4.055551409712052,1.704697986295138,0.47727894512611974
H2,map-mixed-01,7027,H2_surface_d08_map-mixed-01,2026,1.0,surface,8.0,success,1,0,0,1390,2.8939799749879667,473.6545633350273,0.7081325138373569,2.657721257001855,2.2917207612959087,0.6224567304363967
H2,map-mixed-01,7027,H2_surface_d08_map-mixed-01,2027,1.0,surface,8.0,success,1,0,0,731,2.8369262835975326,367.20788047531227,0.9134068587820474,3.9165256402338855,1.7131716205135814,0.5201642880076077
H2,map-mixed-01,7027,H2_surface_d08_map-mixed-01,2028,1.0,surface,8.0,timeout,0,0,1,1507,67.44070876335863,362.1420351421166,nan,3.905182867821935,1.965419295988604,0.40552452771804093
H2,map-mixed-01,7027,H2_surface_d08_map-mixed-01,2029,1.0,surface,8.0,success,1,0,0,1473,2.8098294654056706,415.50606830304633,0.8072329677272956,2.9894097506127753,1.8091945238190397,0.4280125277646003
H2,map-mixed-01,7027,H2_surface_d08_map-mixed-01,2030,1.0,surface,8.0,timeout,0,0,1,1507,82.89968604276659,353.2733849721702,nan,3.752472471890159,1.7823551923589576,0.4871766296050185
H2,map-mixed-01,7027,H2_surface_d08_map-mixed-01,2031,1.0,surface,8.0,timeout,0,0,1,1507,77.74521910497998,358.40660167978865,nan,3.777208632215391,1.9487601550377054,0.47573898557882277
H2,map-mixed-01,7027,H2_surface_d08_map-mixed-01,2032,1.0,surface,8.0,timeout,0,0,1,1507,106.96031392746166,263.192484817141,nan,4.498802821662579,1.7245040341392626,0.414232005933233
H2,map-mixed-01,7027,H2_surface_d08_map-mixed-01,2033,1.0,surface,8.0,success,1,0,0,714,2.974652299887425,359.95230271888886,0.9318184495319454,2.6366927694832754,3.021407953630341,0.8382645578900305
H2,map-mixed-01,7027,H2_surface_d08_map-mixed-01,2034,1.0,surface,8.0,success,1,0,0,783,2.982134703862417,378.27867787681737,0.8866748676069747,3.7071538539065685,2.338720263110526,0.5564679070780137
H2,map-mixed-01,7027,H2_surface_d08_map-mixed-01,2035,1.0,surface,8.0,success,1,0,0,1228,2.902665653675558,454.0397353359169,0.7387243241537407,3.0044544812760203,2.0161456053320084,0.6298263228659858
H2,map-mixed-01,7027,H2_surface_d08_map-mixed-01,2036,1.0,surface,8.0,success,1,0,0,886,2.8832095699842104,398.4259001280948,0.8418383356030152,2.5396839454030555,2.105925390442426,0.6925504937604918
H2,map-mixed-01,7027,H2_surface_d08_map-mixed-01,2037,1.0,surface,8.0,success,1,0,0,1070,2.937306567475303,388.44654793476786,0.8634655100121889,2.7894302004765734,1.9366878177135547,0.5552424215164735
H2,map-mixed-01,7027,H2_surface_d08_map-mixed-01,2038,1.0,surface,8.0,timeout,0,0,1,1507,206.27590367532738,198.02203278396024,nan,3.8028513585600905,1.7078508247905653,0.43969980192123015
H2,map-mixed-01,7027,H2_surface_d08_map-mixed-01,2039,1.0,surface,8.0,timeout,0,0,1,1507,50.74234475659406,306.2694895968607,nan,4.103025823572693,1.6900028998131127,0.3658105251904594
H2,map-mixed-01,7027,H2_surface_d08_map-mixed-01,2040,1.0,surface,8.0,timeout,0,0,1,1507,211.52972182460496,186.83669008672982,nan,3.929519387946243,1.769454478428737,0.4165186263833537
H2,map-mixed-01,7027,H2_surface_d08_map-mixed-01,2041,1.0,surface,8.0,timeout,0,0,1,1507,80.73474353862309,267.1957293437267,nan,5.851211728407405,1.7006815859595854,0.35238259386105136
H2,map-mixed-01,7027,H2_surface_d08_map-mixed-01,2042,1.0,surface,8.0,timeout,0,0,1,1507,179.9085588255371,212.43300207438526,nan,4.1368963914790555,1.6620635903102636,0.383406287632522
H2,map-mixed-01,7027,H2_surface_d08_map-mixed-01,2043,1.0,surface,8.0,timeout,0,0,1,1507,137.1359484864427,286.6231155857661,nan,2.7235638387939503,2.193776251623265,0.5895231229066429
H2,map-mixed-01,7027,H2_surface_d08_map-mixed-01,2044,1.0,surface,8.0,timeout,0,0,1,1507,177.4663125459857,253.3212146532357,nan,4.0981849283961935,1.7869506597451907,0.46107333821158464
H2,map-mixed-01,7027,H2_surface_d08_map-mixed-01,2045,1.0,surface,8.0,success,1,0,0,1112,2.9624782160423195,402.6326057314371,0.8330428083827193,2.6464059660170136,1.9631004671346435,0.6583114896598907
H2,map-mixed-01,7027,H2_surface_d08_map-mixed-01,2046,1.0,surface,8.0,timeout,0,0,1,1507,106.14013143527029,340.0962115482073,nan,3.447048129316745,1.778442945417664,0.5001805851904441
H2,map-mixed-01,7027,H2_surface_d08_map-mixed-01,2047,1.0,surface,8.0,timeout,0,0,1,1507,176.6921023046502,242.73708254985962,nan,3.9123744892359227,2.0329286400031967,0.5234725117873976
H2,map-mixed-01,7027,H2_surface_d08_map-mixed-01,2048,1.0,surface,8.0,timeout,0,0,1,1507,76.67762697020325,333.8961890670655,nan,3.1947508006756777,1.7217692140297554,0.4495220690847547
H2,map-mixed-01,7027,H2_surface_d08_map-mixed-01,2049,1.0,surface,8.0,timeout,0,0,1,1507,23.681321985703757,409.17303622743657,nan,3.8352156554502557,1.7222184203545208,0.45463422624631533
H2,map-mixed-01,7027,H2_surface_d08_map-mixed-01,2050,1.0,surface,8.0,timeout,0,0,1,1507,124.88805219684834,274.099853245855,nan,3.0104660551292994,1.8338343828607961,0.48953787692228284
H2,map-random-01,7001,H2_surface_d012_map-random-01,2001,1.0,surface,12.0,timeout,0,0,1,1507,77.37351610503767,347.1533880623489,nan,4.24727100269908,2.000141532177248,0.409487728761271
H2,map-random-01,7001,H2_surface_d012_map-random-01,2002,1.0,surface,12.0,success,1,0,0,1021,2.8253238805691168,383.763629533534,0.8740020439994814,9.159300814890226,1.6458813271712394,0.33813104669809924
H2,map-random-01,7001,H2_surface_d012_map-random-01,2003,1.0,surface,12.0,timeout,0,0,1,1507,205.48725110686593,215.76347279866718,nan,4.139618556359224,1.7351395174589255,0.5063705182440899
H2,map-random-01,7001,H2_surface_d012_map-random-01,2004,1.0,surface,12.0,timeout,0,0,1,1507,76.24669679436346,298.703397945116,nan,4.923718932462118,1.6943465632409367,0.360367713041051
H2,map-random-01,7001,H2_surface_d012_map-random-01,2005,1.0,surface,12.0,timeout,0,0,1,1507,20.812860521429023,362.4730552621281,nan,8.139629844116364,1.711617873205075,0.3236637949768499
H2,map-random-01,7001,H2_surface_d012_map-random-01,2006,1.0,surface,12.0,success,1,0,0,1074,2.940649966587343,382.6999189658527,0.8764313238720498,6.876125468831892,1.6564380136400683,0.34565885806099766
H2,map-random-01,7001,H2_surface_d012_map-random-01,2007,1.0,surface,12.0,success,1,0,0,1366,2.840294302843924,377.3423599530295,0.8888750170182839,5.671015515600487,1.8246527398194738,0.3760137780007999
H2,map-random-01,7001,H2_surface_d012_map-random-01,2008,1.0,surface,12.0,success,1,0,0,1025,2.8849319598071768,391.4477726965111,0.8568453316632141,9.915788423400008,1.7661101335089566,0.37604114058986726
H2,map-random-01,7001,H2_surface_d012_map-random-01,2009,1.0,surface,12.0,timeout,0,0,1,1507,205.26082829187996,235.27174428160464,nan,3.446847742178747,1.9440268176934317,0.6445947065735265
H2,map-random-01,7001,H2_surface_d012_map-random-01,2010,1.0,surface,12.0,timeout,0,0,1,1507,205.40254559237866,224.85899785295967,nan,3.5729882646600686,2.0971239381257987,0.5975320545583493
H2,map-random-01,7001,H2_surface_d012_map-random-01,2011,1.0,surface,12.0,success,1,0,0,1483,2.9970359006545144,380.96718704631303,0.8804175478351465,6.075837718933324,1.7756594730771886,0.37800464526395955
H2,map-random-01,7001,H2_surface_d012_map-random-01,2012,1.0,surface,12.0,timeout,0,0,1,1507,206.0700322393236,236.38420407553457,nan,3.282505823179349,1.8037162271202603,0.6038539032805088
H2,map-random-01,7001,H2_surface_d012_map-random-01,2013,1.0,surface,12.0,success,1,0,0,1267,2.8798374018925625,438.86029523749903,0.7642755570846385,3.3806813355417233,1.801489874855019,0.5022012207973682
H2,map-random-01,7001,H2_surface_d012_map-random-01,2014,1.0,surface,12.0,success,1,0,0,940,2.7539609470701834,388.6885770936879,0.8629278460738572,5.8255664698812275,1.7642734566630425,0.3885333987400458
H2,map-random-01,7001,H2_surface_d012_map-random-01,2015,1.0,surface,12.0,timeout,0,0,1,1507,211.29428867933743,200.6564157098864,nan,5.038059405913771,1.7076091296729214,0.400923009607051
H2,map-random-01,7001,H2_surface_d012_map-random-01,2016,1.0,surface,12.0,success,1,0,0,937,2.895213610860133,395.4518801054641,0.8481694322341242,5.123186011144526,2.0332094032098045,0.44762376996444736
H2,map-random-01,7001,H2_surface_d012_map-random-01,2017,1.0,surface,12.0,success,1,0,0,891,2.9063899375571256,386.8613784432702,0.8670035710844509,5.538841050018305,1.6678672652369007,0.4047935798212735
H2,map-random-01,7001,H2_surface_d012_map-random-01,2018,1.0,surface,12.0,timeout,0,0,1,1507,207.9962810247116,215.24765376916804,nan,4.086961818437615,1.9657825568315266,0.4282852804843511
H2,map-random-01,7001,H2_surface_d012_map-random-01,2019,1.0,surface,12.0,success,1,0,0,881,2.942706951722857,387.36462671235216,0.8658771955293589,2.866848438721121,1.9710835278963923,0.6448692845944088
H2,map-random-01,7001,H2_surface_d012_map-random-01,2020,1.0,surface,12.0,timeout,0,0,1,1507,207.3552434668563,211.3581778899361,nan,5.294239224898485,1.676398975823909,0.4254907866510616
H2,map-random-01,7001,H2_surface_d012_map-random-01,2021,1.0,surface,12.0,success,1,0,0,1416,2.9947136715329155,380.21100622583504,0.8821685620161767,13.64111491528911,1.6281736230524544,0.35284148597545306
H2,map-random-01,7001,H2_surface_d012_map-random-01,2022,1.0,surface,12.0,timeout,0,0,1,1507,206.93098360765507,239.64700976678859,nan,3.7334743189020116,1.856806989415283,0.6364045918720755
H2,map-random-01,7001,H2_surface_d012_map-random-01,2023,1.0,surface,12.0,success,1,0,0,707,2.7522556884913563,361.79375757323044,0.9270756877475376,3.0429833942479547,2.70109488414525,0.8256488988750699
H2,map-random-01,7001,H2_surface_d012_map-random-01,2024,1.0,surface,12.0,timeout,0,0,1,1507,40.21022706898739,351.0884894377283,nan,4.460238812297334,1.6555362676405347,0.37628118005473266
H2,map-random-01,7001,H2_surface_d012_map-random-01,2025,1.0,surface,12.0,success,1,0,0,923,2.9313448607253685,373.86205416901817,0.8971496114268229,3.541899433414983,1.8010862816039797,0.5699513416825898
H2,map-random-01,7001,H2_surface_d012_map-random-01,2026,1.0,surface,12.0,timeout,0,0,1,1507,205.11050859378216,236.42040331015264,nan,3.1419363230061776,2.1342785241898214,0.6517966953552041
H2,map-random-01,7001,H2_surface_d012_map-random-01,2027,1.0,surface,12.0,success,1,0,0,941,2.8306561668078642,408.1174040528466,0.8218473245545211,3.0865871885541196,1.9806551260579481,0.6404549049112406
H2,map-random-01,7001,H2_surface_d012_map-random-01,2028,1.0,surface,12.0,timeout,0,0,1,1507,33.21094461497407,381.8808542410449,nan,5.2934570972392265,1.916160077494821,0.3600797070906367
H2,map-random-01,7001,H2_surface_d012_map-random-01,2029,1.0,surface,12.0,success,1,0,0,1332,2.862481268525986,396.4849280053004,0.845959513044805,24.78487839043964,1.6746908541531456,0.361164528756391
H2,map-random-01,7001,H2_surface_d012_map-random-01,2030,1.0,surface,12.0,timeout,0,0,1,1507,38.645943280900646,378.11601408305785,nan,5.329781359847232,1.6915638985995287,0.3840782961141865
H2,map-random-01,7001,H2_surface_d012_map-random-01,2031,1.0,surface,12.0,timeout,0,0,1,1507,206.44981742406006,211.2915884739886,nan,4.673657147313023,1.9162606361447696,0.4343612221530363
H2,map-random-01,7001,H2_surface_d012_map-random-01,2032,1.0,surface,12.0,timeout,0,0,1,1507,207.26654153506618,201.67265580020103,nan,5.202464104602768,1.7164298265792646,0.41765258196175414
H2,map-random-01,7001,H2_surface_d012_map-random-01,2033,1.0,surface,12.0,success,1,0,0,674,2.848514709672627,353.9178530043027,0.947706349871225,2.722228184445811,2.774696488004249,0.7390629719841098
H2,map-random-01,7001,H2_surface_d012_map-random-01,2034,1.0,surface,12.0,success,1,0,0,653,2.495599062673503,349.8252522301026,0.9587935533148636,2.624062937115326,2.9802676304530085,0.7259322268030225
H2,map-random-01,7001,H2_surface_d012_map-random-01,2035,1.0,surface,12.0,timeout,0,0,1,1507,205.75205291885607,252.97445484226017,nan,2.891798215964755,2.040810208667893,0.738391598667002
H2,map-random-01,7001,H2_surface_d012_map-random-01,2036,1.0,surface,12.0,success,1,0,0,897,2.985685721150438,403.1460950856666,0.831981757267661,4.893817728752019,1.664592387739266,0.47035492126915507
H2,map-random-01,7001,H2_surface_d012_map-random-01,2037,1.0,surface,12.0,success,1,0,0,1002,2.9873551261163245,381.49311371188287,0.8792038036059601,4.904315213958952,1.704795205131698,0.42201837243544843
H2,map-random-01,7001,H2_surface_d012_map-random-01,2038,1.0,surface,12.0,timeout,0,0,1,1507,99.93741168130101,267.2507148377248,nan,5.674155906633352,1.6702906387323793,0.3620487206653898
H2,map-random-01,7001,H2_surface_d012_map-random-01,2039,1.0,surface,12.0,timeout,0,0,1,1507,47.75857728848521,312.1423407422444,nan,5.137200300864407,1.6757255044340544,0.3729357154671698
H2,map-random-01,7001,H2_surface_d012_map-random-01,2040,1.0,surface,12.0,timeout,0,0,1,1507,83.91371283795061,303.35165310919274,nan,5.856195022957124,1.7372178003165561,0.36368210611463253
H2,map-random-01,7001,H2_surface_d012_map-random-01,2041,1.0,surface,12.0,timeout,0,0,1,1507,101.58340528105566,256.39237669422965,nan,5.719932451561505,1.7067263683901581,0.3882121902582494
H2,map-random-01,7001,H2_surface_d012_map-random-01,2042,1.0,surface,12.0,timeout,0,0,1,1507,210.19435916016664,197.78472251400302,nan,4.663665412426508,1.6617343046893713,0.4060720930181043
H2,map-random-01,7001,H2_surface_d012_map-random-01,2043,1.0,surface,12.0,success,1,0,0,1214,2.895255982218135,399.3527262247626,0.8398845797191173,25.792870637466162,2.035961969874048,0.39564308549657373
H2,map-random-01,7001,H2_surface_d012_map-random-01,2044,1.0,surface,12.0,timeout,0,0,1,1507,100.3268034537672,306.16391190515264,nan,4.728987436698763,1.761772938680171,0.4011151194091508
H2,map-random-01,7001,H2_surface_d012_map-random-01,2045,1.0,surface,12.0,success,1,0,0,902,2.9883824251482936,390.73436831175377,0.8584097633238037,5.804132791767984,1.5898523426384954,0.41476397453312575
H2,map-random-01,7001,H2_surface_d012_map-random-01,2046,1.0,surface,12.0,timeout,0,0,1,1507,58.91579533285902,357.7821291614837,nan,4.404427792824819,1.6769840807719265,0.39912706944597076
H2,map-random-01,7001,H2_surface_d012_map-random-01,2047,1.0,surface,12.0,timeout,0,0,1,1507,206.24426992340847,204.58835465670768,nan,5.289590275609896,1.9758276411576066,0.43746755810737004
H2,map-random-01,7001,H2_surface_d012_map-random-01,2048,1.0,surface,12.0,success,1,0,0,1271,2.8694672288800316,378.6577233563059,0.885787284759427,6.402782231055462,1.6275310636959848,0.3438012755397064
H2,map-random-01,7001,H2_surface_d012_map-random-01,2049,1.0,surface,12.0,timeout,0,0,1,1507,6.466648916238436,417.1155649726773,nan,4.387348111813836,1.6835459993048798,0.40430822674708783
H2,map-random-01,7001,H2_surface_d012_map-random-01,2050,1.0,surface,12.0,success,1,0,0,1207,2.9212531274830416,383.6411206892898,0.8742811407242671,15.718548745028869,1.6716492616574379,0.3449915215785326
H2,map-corridor-01,7013,H2_surface_d012_map-corridor-01,2001,1.0,surface,12.0,timeout,0,0,1,1507,103.67710127953661,318.0819248871761,nan,5.470722451287977,1.9819260295164947,0.37556783870158833
H2,map-corridor-01,7013,H2_surface_d012_map-corridor-01,2002,1.0,surface,12.0,timeout,0,0,1,1507,7.377141134291441,427.3647653395001,nan,3.0556349035530843,1.8118555636248845,0.5288287177772821
H2,map-corridor-01,7013,H2_surface_d012_map-corridor-01,2003,1.0,surface,12.0,success,1,0,0,1432,2.868392210524083,441.64412623260347,0.7594580720141082,3.978475793457747,1.7230371523586931,0.44361122837055716
H2,map-corridor-01,7013,H2_surface_d012_map-corridor-01,2004,1.0,surface,12.0,timeout,0,0,1,1507,287.87422154122294,116.13547719500778,nan,4.978341658269649,1.7022324978533605,0.3821597331150055
H2,map-corridor-01,7013,H2_surface_d012_map-corridor-01,2005,1.0,surface,12.0,timeout,0,0,1,1507,101.51183562177489,306.9538436410475,nan,4.048714674818489,1.7370368740046698,0.3800266625737634
H2,map-corridor-01,7013,H2_surface_d012_map-corridor-01,2006,1.0,surface,12.0,timeout,0,0,1,1507,287.61672667334363,136.75949850014734,nan,3.289138766385122,1.805333575751838,0.5026945201414214
H2,map-corridor-01,7013,H2_surface_d012_map-corridor-01,2007,1.0,surface,12.0,timeout,0,0,1,1507,156.27794647531124,269.17043379724265,nan,3.766735826938003,1.8867720680153004,0.48614760638704446
H2,map-corridor-01,7013,H2_surface_d012_map-corridor-01,2008,1.0,surface,12.0,success,1,0,0,1286,2.7806622006433614,434.8731457448083,0.7712828439900804,3.277053708656865,1.9511700756801889,0.6115583596060505
H2,map-corridor-01,7013,H2_surface_d012_map-corridor-01,2009,1.0,surface,12.0,success,1,0,0,1297,2.966037695401294,454.6844605929234,0.7376768411825261,3.372537482582743,1.9447053246605446,0.5617559190385597
H2,map-corridor-01,7013,H2_surface_d012_map-corridor-01,2010,1.0,surface,12.0,success,1,0,0,1261,2.976591362103613,450.47530346779604,0.7445695558512379,3.7936080672974555,2.065740448891905,0.5124681922025425
H2,map-corridor-01,7013,H2_surface_d012_map-corridor-01,2011,1.0,surface,12.0,timeout,0,0,1,1507,161.7286764732755,244.75289221226075,nan,4.517926191277752,1.8008479221941067,0.41914396810493093
H2,map-corridor-01,7013,H2_surface_d012_map-corridor-01,2012,1.0,surface,12.0,success,1,0,0,1308,2.9466916182381944,447.2828042086104,0.7498839514262544,3.5180724851203635,1.7566715360143625,0.5250600538571725
H2,map-corridor-01,7013,H2_surface_d012_map-corridor-01,2013,1.0,surface,12.0,success,1,0,0,1254,2.8631891124771363,435.0925991081781,0.7708938219415097,3.9427973194645602,1.7345052768007876,0.47738777500446017
H2,map-corridor-01,7013,H2_surface_d012_map-corridor-01,2014,1.0,surface,12.0,timeout,0,0,1,1507,269.4909180598839,147.93305151913077,nan,2.7811317122577393,1.9371893397473072,0.553333407484613
H2,map-corridor-01,7013,H2_surface_d012_map-corridor-01,2015,1.0,surface,12.0,timeout,0,0,1,1507,137.2053576278155,259.0598052046381,nan,5.418832062653242,1.6957239674595908,0.3704770386328138
H2,map-corridor-01,7013,H2_surface_d012_map-corridor-01,2016,1.0,surface,12.0,timeout,0,0,1,1507,36.817434236379896,376.0456221008252,nan,3.108039497925432,2.075734935939337,0.5609946353848376
H2,map-corridor-01,7013,H2_surface_d012_map-corridor-01,2017,1.0,surface,12.0,timeout,0,0,1,1507,104.10358917741625,306.3915467965776,nan,2.5855571670090782,1.974819010549209,0.5496675043902627
H2,map-corridor-01,7013,H2_surface_d012_map-corridor-01,2018,1.0,surface,12.0,timeout,0,0,1,1507,178.96019828440458,250.4681944215426,nan,5.24439141729539,1.9405093428133533,0.41619746117508777
H2,map-corridor-01,7013,H2_surface_d012_map-corridor-01,2019,1.0,surface,12.0,success,1,0,0,1170,2.892289651355224,460.9520774749042,0.7276465667805334,2.7324457649200795,2.1647891492126288,0.79214320105069
H2,map-corridor-01,7013,H2_surface_d012_map-corridor-01,2020,1.0,surface,12.0,timeout,0,0,1,1507,161.32001343439688,254.86168505682247,nan,5.570617500442907,1.6654661020164145,0.36352964768620666
H2,map-corridor-01,7013,H2_surface_d012_map-corridor-01,2021,1.0,surface,12.0,timeout,0,0,1,1507,85.59561120471605,337.1562844509247,nan,3.976940176297953,1.6876876440156594,0.4523478769312553
H2,map-corridor-01,7013,H2_surface_d012_map-corridor-01,2022,1.0,surface,12.0,success,1,0,0,1282,2.996941740435045,445.4860693027624,0.7529083842058731,3.653419561983071,1.762497876887003,0.5048246064189312
H2,map-corridor-01,7013,H2_surface_d012_map-corridor-01,2023,1.0,surface,12.0,success,1,0,0,1082,2.8946292209213476,449.67468343483307,0.7458952193237629,2.6673967029965695,2.640266967562662,0.8755749932462418
H2,map-corridor-01,7013,H2_surface_d012_map-corridor-01,2024,1.0,surface,12.0,timeout,0,0,1,1507,88.51427234950079,326.2474712395584,nan,4.778014186101593,1.656108906046448,0.4249563233015908
H2,map-corridor-01,7013,H2_surface_d012_map-corridor-01,2025,1.0,surface,12.0,success,1,0,0,1280,2.9819909862945035,427.42326030189884,0.7847261199310037,2.9988437932049123,1.9048913236548501,0.6235147678457659
H2,map-corridor-01,7013,H2_surface_d012_map-corridor-01,2026,1.0,surface,12.0,success,1,0,0,1265,2.9051495112976102,460.89776887272336,0.7277323069827917,3.0056600083690213,2.2456331833656726,0.6781746690340991
H2,map-corridor-01,7013,H2_surface_d012_map-corridor-01,2027,1.0,surface,12.0,success,1,0,0,1166,2.8755555660065464,430.2832983048766,0.7795101458651413,2.8001726355273084,2.0124249471043165,0.6576260670863062
H2,map-corridor-01,7013,H2_surface_d012_map-corridor-01,2028,1.0,surface,12.0,timeout,0,0,1,1507,44.27948321184412,378.73267626347746,nan,4.340543239322187,1.9377745879200534,0.39724957908670844
H2,map-corridor-01,7013,H2_surface_d012_map-corridor-01,2029,1.0,surface,12.0,timeout,0,0,1,1507,19.432283514481373,407.12956111475825,nan,4.233952179011737,1.714976448220548,0.4205000800605439
H2,map-corridor-01,7013,H2_surface_d012_map-corridor-01,2030,1.0,surface,12.0,timeout,0,0,1,1507,43.57921825278541,372.48699206378893,nan,4.935414453747313,1.7059648252267365,0.4053993380983349
H2,map-corridor-01,7013,H2_surface_d012_map-corridor-01,2031,1.0,surface,12.0,timeout,0,0,1,1507,32.32550680905428,381.7555985757632,nan,4.6389285739143915,1.9049070184383095,0.4138448539957884
H2,map-corridor-01,7013,H2_surface_d012_map-corridor-01,2032,1.0,surface,12.0,timeout,0,0,1,1507,132.5569829120836,253.1549462820504,nan,4.8387670808740495,1.7095668897612966,0.3719150390446752
H2,map-corridor-01,7013,H2_surface_d012_map-corridor-01,2033,1.0,surface,12.0,success,1,0,0,1263,2.872655237872341,457.9625032878748,0.7323966355693753,2.9403521963399726,2.3702154166158644,0.757104991884422
H2,map-corridor-01,7013,H2_surface_d012_map-corridor-01,2034,1.0,surface,12.0,success,1,0,0,1377,2.8842065229161555,457.4136879830117,0.7332753816440788,2.4837101197684035,2.588330124381726,0.7819414290773157
H2,map-corridor-01,7013,H2_surface_d012_map-corridor-01,2035,1.0,surface,12.0,success,1,0,0,1150,2.8428673781748297,455.1365288326923,0.7369441373673281,2.849112191271189,2.14325170193699,0.7108000650528586
H2,map-corridor-01,7013,H2_surface_d012_map-corridor-01,2036,1.0,surface,12.0,success,1,0,0,1358,2.9876795120284916,425.9379487047691,0.7874625814509234,3.0066889309641383,1.8524902479095262,0.6063952522004562
H2,map-corridor-01,7013,H2_surface_d012_map-corridor-01,2037,1.0,surface,12.0,timeout,0,0,1,1507,270.87859882687525,142.96634643734183,nan,3.4424158019522793,1.7925717285585399,0.4874397841776228
H2,map-corridor-01,7013,H2_surface_d012_map-corridor-01,2038,1.0,surface,12.0,timeout,0,0,1,1507,161.27659272760482,235.37322140544373,nan,5.115526053138113,1.6786286663924275,0.39783321999068283
H2,map-corridor-01,7013,H2_surface_d012_map-corridor-01,2039,1.0,surface,12.0,timeout,0,0,1,1507,278.0142698102114,134.4575213884032,nan,5.143134670908601,1.6829914390865282,0.3925106830387456
H2,map-corridor-01,7013,H2_surface_d012_map-corridor-01,2040,1.0,surface,12.0,timeout,0,0,1,1507,167.881232497485,251.45900554438464,nan,4.368980592277666,1.7696082857353677,0.44500330181685177
H2,map-corridor-01,7013,H2_surface_d012_map-corridor-01,2041,1.0,surface,12.0,timeout,0,0,1,1507,269.4180096329294,137.21421466655192,nan,5.120267348481953,1.7181477538587586,0.41013390840792946
H2,map-corridor-01,7013,H2_surface_d012_map-corridor-01,2042,1.0,surface,12.0,timeout,0,0,1,1507,132.80959459035603,247.37153666654135,nan,6.102744164369511,1.6403851089193298,0.3488462514701358
H2,map-corridor-01,7013,H2_surface_d012_map-corridor-01,2043,1.0,surface,12.0,success,1,0,0,1404,2.8483943211593052,439.75694868841504,0.7627172182846387,5.180735444179941,1.996621835177728,0.43140374353013705
H2,map-corridor-01,7013,H2_surface_d012_map-corridor-01,2044,1.0,surface,12.0,timeout,0,0,1,1507,107.50253823371483,302.8913248384153,nan,4.881932177338925,1.7638425663650088,0.402177898418389
H2,map-corridor-01,7013,H2_surface_d012_map-corridor-01,2045,1.0,surface,12.0,success,1,0,0,1076,2.9392114009132904,421.09984862924847,0.7965098959707196,3.435927122462516,1.765830279500282,0.5948776266291939
H2,map-corridor-01,7013,H2_surface_d012_map-corridor-01,2046,1.0,surface,12.0,timeout,0,0,1,1507,53.69297052814889,363.33587769699864,nan,4.180310807477454,1.6875785610854834,0.40989705249327785
H2,map-corridor-01,7013,H2_surface_d012_map-corridor-01,2047,1.0,surface,12.0,timeout,0,0,1,1507,178.50812806502077,243.03537867148273,nan,5.2934888717097195,1.9664584865293153,0.43174920398751054
H2,map-corridor-01,7013,H2_surface_d012_map-corridor-01,2048,1.0,surface,12.0,timeout,0,0,1,1507,255.0832030014012,188.20811744684738,nan,3.628020062871613,1.7120306041895146,0.4694999167478273
H2,map-corridor-01,7013,H2_surface_d012_map-corridor-01,2049,1.0,surface,12.0,timeout,0,0,1,1507,7.097345348513874,417.7041839010186,nan,4.38832478105774,1.679423075430529,0.40417636585049366
H2,map-corridor-01,7013,H2_surface_d012_map-corridor-01,2050,1.0,surface,12.0,timeout,0,0,1,1507,20.238230067734552,422.29636975061715,nan,3.825801148338516,1.76594068218198,0.479932206953552
H2,map-barrier-01,7019,H2_surface_d012_map-barrier-01,2001,1.0,surface,12.0,timeout,0,0,1,1507,104.29175662947183,312.19860424889225,nan,5.07325280129335,1.9846890927574516,0.3707359725371201
H2,map-barrier-01,7019,H2_surface_d012_map-barrier-01,2002,1.0,surface,12.0,success,1,0,0,1301,2.8969377145112283,413.2361914585134,0.8116670406847503,3.0159705106531476,1.8275048188042229,0.525493434145084
H2,map-barrier-01,7019,H2_surface_d012_map-barrier-01,2003,1.0,surface,12.0,success,1,0,0,1430,2.873677954281073,437.2434165734507,0.7671017650842648,4.476375213736716,1.6856465229517097,0.39125098489803584
H2,map-barrier-01,7019,H2_surface_d012_map-barrier-01,2004,1.0,surface,12.0,timeout,0,0,1,1507,146.5105939029385,237.14565650752593,nan,4.856798120562004,1.7025332195113043,0.38750690148885364
H2,map-barrier-01,7019,H2_surface_d012_map-barrier-01,2005,1.0,surface,12.0,timeout,0,0,1,1507,28.311330021789225,359.720880385966,nan,7.076550899117585,1.711570267940849,0.3295893439492034
H2,map-barrier-01,7019,H2_surface_d012_map-barrier-01,2006,1.0,surface,12.0,timeout,0,0,1,1507,22.25539127738532,408.539343826514,nan,3.4445854193502043,1.790119418974769,0.4926038798662386
H2,map-barrier-01,7019,H2_surface_d012_map-barrier-01,2007,1.0,surface,12.0,timeout,0,0,1,1507,204.00961762493304,223.9217303207373,nan,3.7957521251035757,1.872321315910401,0.46841206606131164
H2,map-barrier-01,7019,H2_surface_d012_map-barrier-01,2008,1.0,surface,12.0,success,1,0,0,1326,2.9440082306691244,405.5200739203678,0.8271112040949992,3.328474960430867,1.841730465644484,0.5423231844500545
H2,map-barrier-01,7019,H2_surface_d012_map-barrier-01,2009,1.0,surface,12.0,success,1,0,0,1308,2.9968838389088526,452.5112670805561,0.7412195475019161,3.7508999324891477,1.829052485081809,0.46599418297975626
H2,map-barrier-01,7019,H2_surface_d012_map-barrier-01,2010,1.0,surface,12.0,success,1,0,0,1269,2.990332172032541,444.6951431846039,0.7542474923899303,4.266885767985642,1.9875011444452746,0.4440888625536731
H2,map-barrier-01,7019,H2_surface_d012_map-barrier-01,2011,1.0,surface,12.0,timeout,0,0,1,1507,208.40168210429428,204.46998100913012,nan,4.141295228315684,1.8208335714944277,0.4456249606060809
H2,map-barrier-01,7019,H2_surface_d012_map-barrier-01,2012,1.0,surface,12.0,success,1,0,0,1308,2.947059140308982,436.40266061097043,0.7685796327533592,3.3794727728015914,1.7239194965795104,0.4206176459324029
H2,map-barrier-01,7019,H2_surface_d012_map-barrier-01,2013,1.0,surface,12.0,success,1,0,0,1322,2.885875696003272,437.06964665405235,0.7674067489990927,3.7600106236706097,1.7129106637791516,0.43750139765427165
H2,map-barrier-01,7019,H2_surface_d012_map-barrier-01,2014,1.0,surface,12.0,success,1,0,0,1120,2.906647310095948,396.4337707154324,0.8460686788102425,2.65399043580598,2.0671878708867015,0.6196605501503076
H2,map-barrier-01,7019,H2_surface_d012_map-barrier-01,2015,1.0,surface,12.0,timeout,0,0,1,1507,179.01460894290415,223.5681393983492,nan,5.437774012352065,1.6996989903526147,0.36520507582214556
H2,map-barrier-01,7019,H2_surface_d012_map-barrier-01,2016,1.0,surface,12.0,success,1,0,0,1053,2.994022756763652,398.2500946049721,0.842209960948446,3.0956522728590414,2.1824969949239534,0.6020764306060152
H2,map-barrier-01,7019,H2_surface_d012_map-barrier-01,2017,1.0,surface,12.0,success,1,0,0,956,2.8151550295799725,397.71538886599615,0.8433422643798668,2.6294180761217376,2.0680277008684613,0.6530698354671542
H2,map-barrier-01,7019,H2_surface_d012_map-barrier-01,2018,1.0,surface,12.0,timeout,0,0,1,1507,175.81029983651194,244.72497324195615,nan,4.119035319568525,1.9567108798671793,0.40726685883263974
H2,map-barrier-01,7019,H2_surface_d012_map-barrier-01,2019,1.0,surface,12.0,success,1,0,0,679,2.8568266287795194,358.23985544151174,0.9362726997854359,7.791265672754831,1.6144480147172424,0.4564938006970703
H2,map-barrier-01,7019,H2_surface_d012_map-barrier-01,2020,1.0,surface,12.0,timeout,0,0,1,1507,171.69072875695713,242.07153195247795,nan,5.330719511630534,1.6673610727828718,0.3668016774476627
H2,map-barrier-01,7019,H2_surface_d012_map-barrier-01,2021,1.0,surface,12.0,timeout,0,0,1,1507,214.0794342248998,195.64477977871707,nan,3.9989544311447958,1.6662348002708198,0.41397878077435624
H2,map-barrier-01,7019,H2_surface_d012_map-barrier-01,2022,1.0,surface,12.0,success,1,0,0,1326,2.900017901740618,448.30556846618936,0.7481731662904042,3.678456592224336,1.7158924102530004,0.4619906188428347
H2,map-barrier-01,7019,H2_surface_d012_map-barrier-01,2023,1.0,surface,12.0,success,1,0,0,576,2.7437620804292657,333.7869603893148,1.0,11.431579509903898,2.3631696722956947,0.44053318283296417
H2,map-barrier-01,7019,H2_surface_d012_map-barrier-01,2024,1.0,surface,12.0,timeout,0,0,1,1507,201.64298400785992,209.32038892534788,nan,4.258748876244908,1.672971557422621,0.416238326166131
H2,map-barrier-01,7019,H2_surface_d012_map-barrier-01,2025,1.0,surface,12.0,success,1,0,0,788,2.8540045417011966,366.8583988842701,0.9142770007312212,3.056155148037317,1.9254083790240104,0.5793444547855761
H2,map-barrier-01,7019,H2_surface_d012_map-barrier-01,2026,1.0,surface,12.0,success,1,0,0,1283,2.8906146396723997,450.0194700027067,0.7453237448214209,3.123681929373589,2.0681561499956356,0.5060410965291416
H2,map-barrier-01,7019,H2_surface_d012_map-barrier-01,2027,1.0,surface,12.0,success,1,0,0,703,2.916582176937474,356.2359295459177,0.9415394933703203,5.820570773254318,1.679561054444135,0.45107526906648615
H2,map-barrier-01,7019,H2_surface_d012_map-barrier-01,2028,1.0,surface,12.0,timeout,0,0,1,1507,56.57829831885924,369.197427997893,nan,4.728238776182039,1.9205131580776615,0.37231069050539994
H2,map-barrier-01,7019,H2_surface_d012_map-barrier-01,2029,1.0,surface,12.0,timeout,0,0,1,1507,206.1620612494455,206.46795458623887,nan,3.400988236700545,1.7826792801251312,0.47203263641649734
H2,map-barrier-01,7019,H2_surface_d012_map-barrier-01,2030,1.0,surface,12.0,timeout,0,0,1,1507,51.58137940518852,365.07153832107986,nan,4.500317478543565,1.7093504092361516,0.40452940235262763
H2,map-barrier-01,7019,H2_surface_d012_map-barrier-01,2031,1.0,surface,12.0,timeout,0,0,1,1507,54.77706024772371,369.24214993582575,nan,4.129564376693125,1.9141998066546555,0.4028129562040515
H2,map-barrier-01,7019,H2_surface_d012_map-barrier-01,2032,1.0,surface,12.0,timeout,0,0,1,1507,69.25363421152971,293.52416041586304,nan,4.828557855466567,1.7109476973425912,0.3683463179674609
H2,map-barrier-01,7019,H2_surface_d012_map-barrier-01,2033,1.0,surface,12.0,success,1,0,0,596,2.5907448295456006,333.7652421324144,1.0,13.230375981653944,2.3506869201859533,0.40070475348489376
H2,map-barrier-01,7019,H2_surface_d012_map-barrier-01,2034,1.0,surface,12.0,success,1,0,0,599,2.636980819254417,337.7014060170476,0.9932152802705138,3.7039030769927743,2.641269603267267,0.5351890636473968
H2,map-barrier-01,7019,H2_surface_d012_map-barrier-01,2035,1.0,surface,12.0,success,1,0,0,1181,2.8310602490791426,439.58430201110167,0.7630167753726969,3.1823700609629384,1.8831941075785048,0.5144428747959879
H2,map-barrier-01,7019,H2_surface_d012_map-barrier-01,2036,1.0,surface,12.0,success,1,0,0,895,2.9279543530944085,390.99257080519715,0.8578428892759672,2.8365112345757666,1.981451529478048,0.6800713621480607
H2,map-barrier-01,7019,H2_surface_d012_map-barrier-01,2037,1.0,surface,12.0,success,1,0,0,1107,2.885832400451657,392.06029988340725,0.8555066573297891,3.099543331032862,1.8657991140861236,0.5438850314568285
H2,map-barrier-01,7019,H2_surface_d012_map-barrier-01,2038,1.0,surface,12.0,timeout,0,0,1,1507,203.91217708668185,200.2796275024138,nan,4.40320503195376,1.690896303697923,0.4192612376840702
H2,map-barrier-01,7019,H2_surface_d012_map-barrier-01,2039,1.0,surface,12.0,timeout,0,0,1,1507,56.76903452804187,306.9174985518033,nan,4.879200223839206,1.6723982006214606,0.3522843009846537
H2,map-barrier-01,7019,H2_surface_d012_map-barrier-01,2040,1.0,surface,12.0,timeout,0,0,1,1507,209.05981914787193,196.50872416222873,nan,4.62506540863788,1.755509974764436,0.4180942078694998
H2,map-barrier-01,7019,H2_surface_d012_map-barrier-01,2041,1.0,surface,12.0,timeout,0,0,1,1507,94.1246711835791,253.76444394076282,nan,6.877896732991831,1.701212049802047,0.3598450072471561
H2,map-barrier-01,7019,H2_surface_d012_map-barrier-01,2042,1.0,surface,12.0,timeout,0,0,1,1507,31.806393774936907,312.64806979944467,nan,6.506353650896429,1.6387006768023702,0.32992000178026454
H2,map-barrier-01,7019,H2_surface_d012_map-barrier-01,2043,1.0,surface,12.0,timeout,0,0,1,1507,154.4834931463145,267.17570600041626,nan,3.1021109826746454,2.13100698513956,0.596758883192218
H2,map-barrier-01,7019,H2_surface_d012_map-barrier-01,2044,1.0,surface,12.0,timeout,0,0,1,1507,176.40190830377426,246.74227628462918,nan,4.73116578824289,1.768047403434066,0.39302399291494755
H2,map-barrier-01,7019,H2_surface_d012_map-barrier-01,2045,1.0,surface,12.0,success,1,0,0,1144,2.9595519248738436,399.56226683030485,0.8394441229041733,2.940683334492576,1.8462086819230732,0.5916466621024414
H2,map-barrier-01,7019,H2_surface_d012_map-barrier-01,2046,1.0,surface,12.0,timeout,0,0,1,1507,68.15327122135385,345.3796588390886,nan,5.637303943877498,1.663032407600666,0.37049394772275074
H2,map-barrier-01,7019,H2_surface_d012_map-barrier-01,2047,1.0,surface,12.0,timeout,0,0,1,1507,174.38249086374736,229.44060245123285,nan,4.478410483226611,1.9747324465581828,0.420704762724688
H2,map-barrier-01,7019,H2_surface_d012_map-barrier-01,2048,1.0,surface,12.0,timeout,0,0,1,1507,210.0119434939247,204.86191006517123,nan,3.546438666765539,1.7078290625034016,0.4429156093727195
H2,map-barrier-01,7019,H2_surface_d012_map-barrier-01,2049,1.0,surface,12.0,timeout,0,0,1,1507,9.45585573539267,411.1972375842099,nan,4.729501352472965,1.6734556228759703,0.3787181135800351
H2,map-barrier-01,7019,H2_surface_d012_map-barrier-01,2050,1.0,surface,12.0,timeout,0,0,1,1507,194.9953619411409,208.26307270709097,nan,3.5165615212707166,1.7616121522561983,0.4645109568340229
H2,map-mixed-01,7027,H2_surface_d012_map-mixed-01,2001,1.0,surface,12.0,timeout,0,0,1,1507,145.97329198171067,289.48326876163355,nan,4.712659790884814,1.993562779353533,0.4147860655853197
H2,map-mixed-01,7027,H2_surface_d012_map-mixed-01,2002,1.0,surface,12.0,success,1,0,0,1235,2.9841835932085212,417.363557747184,0.8036403523954566,3.0111195346335506,1.8449318339830338,0.5672836105285217
H2,map-mixed-01,7027,H2_surface_d012_map-mixed-01,2003,1.0,surface,12.0,timeout,0,0,1,1507,14.964565021705655,458.1637662302265,nan,3.252842683061472,1.8164535274977478,0.5254886088513374
H2,map-mixed-01,7027,H2_surface_d012_map-mixed-01,2004,1.0,surface,12.0,timeout,0,0,1,1507,145.34021551471832,240.01434027773684,nan,5.019253428475338,1.6966662151793475,0.392729719249917
H2,map-mixed-01,7027,H2_surface_d012_map-mixed-01,2005,1.0,surface,12.0,timeout,0,0,1,1507,26.966812158205457,360.3827894623745,nan,7.143307017544283,1.711621686909762,0.3296232277391891
H2,map-mixed-01,7027,H2_surface_d012_map-mixed-01,2006,1.0,surface,12.0,timeout,0,0,1,1507,9.148633198896741,421.0655421477246,nan,3.478289399259353,1.7897420627569323,0.5119332375728404
H2,map-mixed-01,7027,H2_surface_d012_map-mixed-01,2007,1.0,surface,12.0,timeout,0,0,1,1507,207.35794084053398,220.5953110021959,nan,3.803632521819452,1.8668432087513767,0.4649569673537748
H2,map-mixed-01,7027,H2_surface_d012_map-mixed-01,2008,1.0,surface,12.0,success,1,0,0,1310,2.9304429841341593,410.2999969077579,0.8174755036626875,3.245478102290434,1.8736775457984303,0.5902136255476097
H2,map-mixed-01,7027,H2_surface_d012_map-mixed-01,2009,1.0,surface,12.0,success,1,0,0,1390,2.8515003673667767,474.59193950172204,0.7067338669449768,3.5768284112270123,1.875598657173373,0.5315918497305843
H2,map-mixed-01,7027,H2_surface_d012_map-mixed-01,2010,1.0,surface,12.0,success,1,0,0,1362,2.8506527914911137,468.1872745634104,0.7164017794754076,3.5987180584395437,2.0660982548177134,0.558319988550937
H2,map-mixed-01,7027,H2_surface_d012_map-mixed-01,2011,1.0,surface,12.0,timeout,0,0,1,1507,211.7225280054008,200.10595789858053,nan,4.348675295737209,1.8094367744136377,0.4336912542334753
H2,map-mixed-01,7027,H2_surface_d012_map-mixed-01,2012,1.0,surface,12.0,success,1,0,0,1434,2.9628110555706213,461.37780020250193,0.7269751524190253,3.577378175452907,1.7375668995934617,0.5101250196853068
H2,map-mixed-01,7027,H2_surface_d012_map-mixed-01,2013,1.0,surface,12.0,success,1,0,0,1417,2.9671183991050265,461.29445138992685,0.7271065056480598,3.8363944334714475,1.750085906010021,0.5220840933815826
H2,map-mixed-01,7027,H2_surface_d012_map-mixed-01,2014,1.0,surface,12.0,success,1,0,0,1105,2.8673667262208062,398.59147755241884,0.8414886306264755,2.6725117030354113,2.0618008927047384,0.6322838831221795
H2,map-mixed-01,7027,H2_surface_d012_map-mixed-01,2015,1.0,surface,12.0,timeout,0,0,1,1507,182.41219662067664,229.54447012277515,nan,5.707479462226425,1.7014157090198123,0.38993728296346775
H2,map-mixed-01,7027,H2_surface_d012_map-mixed-01,2016,1.0,surface,12.0,success,1,0,0,1036,2.885250626892052,400.2281280958831,0.8380475360907514,2.994840964485533,2.211734429424816,0.6220527124908096
H2,map-mixed-01,7027,H2_surface_d012_map-mixed-01,2017,1.0,surface,12.0,success,1,0,0,960,2.870905794731704,403.04196134378407,0.832196715961474,2.570878076065455,2.096774114190898,0.6559101462416478
H2,map-mixed-01,7027,H2_surface_d012_map-mixed-01,2018,1.0,surface,12.0,timeout,0,0,1,1507,178.71948953078382,251.33304680374437,nan,4.384717140599079,1.9624285360256777,0.45846295148149174
H2,map-mixed-01,7027,H2_surface_d012_map-mixed-01,2019,1.0,surface,12.0,success,1,0,0,923,2.991393301427175,403.99408592650826,0.830235412619342,2.8607090048369628,2.0277238777537465,0.7054265684808463
H2,map-mixed-01,7027,H2_surface_d012_map-mixed-01,2020,1.0,surface,12.0,timeout,0,0,1,1507,178.8050207978168,250.4110168818781,nan,5.029762796669118,1.6747769220300082,0.4016810459015
H2,map-mixed-01,7027,H2_surface_d012_map-mixed-01,2021,1.0,surface,12.0,timeout,0,0,1,1507,217.44400505456605,194.24718689091736,nan,3.7599080434176955,1.6884238257906383,0.42590121629561245
H2,map-mixed-01,7027,H2_surface_d012_map-mixed-01,2022,1.0,surface,12.0,success,1,0,0,1461,2.966793143027065,470.569074504133,0.7127756896868125,3.679802754039301,1.7689077503868686,0.531388605241474
H2,map-mixed-01,7027,H2_surface_d012_map-mixed-01,2023,1.0,surface,12.0,success,1,0,0,724,2.6702716289358457,364.51071363974734,0.9201655371821542,3.0232855584889506,2.667520604804838,0.789521710904789
H2,map-mixed-01,7027,H2_surface_d012_map-mixed-01,2024,1.0,surface,12.0,timeout,0,0,1,1507,204.90242310696226,205.26646529645998,nan,4.301780304562385,1.6692304829344207,0.4121922790006239
H2,map-mixed-01,7027,H2_surface_d012_map-mixed-01,2025,1.0,surface,12.0,success,1,0,0,786,2.9557279769260076,370.2501165022592,0.9059016639713113,4.2940659789687246,1.7076402019310652,0.4998513812428592
H2,map-mixed-01,7027,H2_surface_d012_map-mixed-01,2026,1.0,surface,12.0,success,1,0,0,1404,2.883556468018938,478.50163907090973,0.7009593473414699,2.9505797765711343,2.18490035974491,0.6235146371139952
H2,map-mixed-01,7027,H2_surface_d012_map-mixed-01,2027,1.0,surface,12.0,success,1,0,0,725,2.8684967136497783,365.1981516813151,0.9184334451880232,4.460434044382708,1.7022350919589924,0.5250863566513791
H2,map-mixed-01,7027,H2_surface_d012_map-mixed-01,2028,1.0,surface,12.0,timeout,0,0,1,1507,75.70522967561584,365.3093384358202,nan,4.481975835390699,1.9423920228821205,0.42835998746063975
H2,map-mixed-01,7027,H2_surface_d012_map-mixed-01,2029,1.0,surface,12.0,success,1,0,0,1482,2.9322865553463284,416.50861154720565,0.8052899443759862,3.368442569030095,1.7732217136360138,0.4189742826663494
H2,map-mixed-01,7027,H2_surface_d012_map-mixed-01,2030,1.0,surface,12.0,timeout,0,0,1,1507,73.06620626656009,366.19104530863405,nan,4.262731019052646,1.7191894811823045,0.42245138316411807
H2,map-mixed-01,7027,H2_surface_d012_map-mixed-01,2031,1.0,surface,12.0,timeout,0,0,1,1507,83.92497231611462,356.76829320445813,nan,4.414481440215063,1.922045053029634,0.4594261880892095
H2,map-mixed-01,7027,H2_surface_d012_map-mixed-01,2032,1.0,surface,12.0,timeout,0,0,1,1507,179.31394662103884,225.44067830057887,nan,5.252418241206789,1.720288204162564,0.40435939049151404
H2,map-mixed-01,7027,H2_surface_d012_map-mixed-01,2033,1.0,surface,12.0,success,1,0,0,755,2.9913727037611437,367.84191232818887,0.9118324622173973,2.9172725533972965,3.012045863593206,0.9070972668080791
H2,map-mixed-01,7027,H2_surface_d012_map-mixed-01,2034,1.0,surface,12.0,success,1,0,0,783,2.993169901274137,378.09255294439896,0.8871113541194047,4.052352729491588,2.330597349291976,0.5624102551210866
H2,map-mixed-01,7027,H2_surface_d012_map-mixed-01,2035,1.0,surface,12.0,success,1,0,0,1273,2.9257809109056185,457.4695248792889,0.7331858809905909,3.340814823039338,1.889632209732596,0.5719329062764178
H2,map-mixed-01,7027,H2_surface_d012_map-mixed-01,2036,1.0,surface,12.0,success,1,0,0,881,2.867478999747698,396.2696868236789,0.8464190115410215,2.82874002651819,1.9953473993342132,0.6822229611876502
H2,map-mixed-01,7027,H2_surface_d012_map-mixed-01,2037,1.0,surface,12.0,success,1,0,0,1074,2.969604588955637,387.6801576547559,0.8651724624082107,3.129344383915111,1.8575636466916328,0.5388310405832005
H2,map-mixed-01,7027,H2_surface_d012_map-mixed-01,2038,1.0,surface,12.0,timeout,0,0,1,1507,207.1901276497548,196.79691515428743,nan,4.439969352123342,1.6861110438811382,0.4193694215441743
H2,map-mixed-01,7027,H2_surface_d012_map-mixed-01,2039,1.0,surface,12.0,timeout,0,0,1,1507,53.05514345086482,303.9001268890901,nan,4.880623365109031,1.6776420326534187,0.3536064745387111
H2,map-mixed-01,7027,H2_surface_d012_map-mixed-01,2040,1.0,surface,12.0,timeout,0,0,1,1507,212.38116547748655,191.0674201938283,nan,4.5983914492231435,1.754845686966752,0.4147187965769217
H2,map-mixed-01,7027,H2_surface_d012_map-mixed-01,2041,1.0,surface,12.0,timeout,0,0,1,1507,87.27285144914165,262.27812644906635,nan,5.917739098477767,1.703309848362059,0.36538175558274266
H2,map-mixed-01,7027,H2_surface_d012_map-mixed-01,2042,1.0,surface,12.0,timeout,0,0,1,1507,182.62267356025654,215.20411967931489,nan,4.946344046999911,1.6477453282006926,0.3590711198067993
H2,map-mixed-01,7027,H2_surface_d012_map-mixed-01,2043,1.0,surface,12.0,timeout,0,0,1,1507,140.74224998504977,284.8032385616691,nan,3.0300732444301275,2.136139975598305,0.5725145536612409
H2,map-mixed-01,7027,H2_surface_d012_map-mixed-01,2044,1.0,surface,12.0,timeout,0,0,1,1507,179.17141270929673,251.84360147743195,nan,4.719107897252158,1.7711542028573042,0.4274881316539554
H2,map-mixed-01,7027,H2_surface_d012_map-mixed-01,2045,1.0,surface,12.0,success,1,0,0,1110,2.890428697851318,400.8655952335734,0.8367148505960811,2.940918895266492,1.8517674365639256,0.6164850348219602
H2,map-mixed-01,7027,H2_surface_d012_map-mixed-01,2046,1.0,surface,12.0,timeout,0,0,1,1507,140.35765549066727,311.5849246295165,nan,4.025914439060609,1.7284649636138323,0.47817554760588493
H2,map-mixed-01,7027,H2_surface_d012_map-mixed-01,2047,1.0,surface,12.0,timeout,0,0,1,1507,177.36856010575556,238.77933882452822,nan,4.568845834033815,1.9959359299756931,0.4835449066158242
H2,map-mixed-01,7027,H2_surface_d012_map-mixed-01,2048,1.0,surface,12.0,timeout,0,0,1,1507,77.75751434315448,330.53617179408354,nan,3.6518490883463244,1.6852343243419752,0.4335000020525881
H2,map-mixed-01,7027,H2_surface_d012_map-mixed-01,2049,1.0,surface,12.0,timeout,0,0,1,1507,32.19941754868649,406.40861888090876,nan,4.17770723841501,1.704805558637666,0.4382997706984096
H2,map-mixed-01,7027,H2_surface_d012_map-mixed-01,2050,1.0,surface,12.0,timeout,0,0,1,1507,129.5659917855446,269.28227494874346,nan,3.4021871882400916,1.7820876510523807,0.475226578290475
