config,map_id,map_seed,unit,eval_seed,wind_scale,apf_basis,apf_d0,status,success,collision,timeout,steps,final_dist_m,path_length_m,path_efficiency,min_obstacle_distance_m,jitter_index,acceleration_index
H3,map-random-01,7001,H3_map-random-01_seed101,2001,0.0,center,,success,1,0,0,80,2.680508300580296,368.926215084951,0.9091525158973456,5.481041135712591,63.18904472807242,23.760629993455574
H3,map-random-01,7001,H3_map-random-01_seed101,2002,0.0,center,,success,1,0,0,80,2.5711672443684117,368.86958338632724,0.9092920959917808,5.457119823516522,55.62155902248464,23.642423673646157
H3,map-random-01,7001,H3_map-random-01_seed101,2003,0.0,center,,success,1,0,0,80,2.458310007381255,368.7924217724623,0.9094823451440387,5.454097118111058,56.75796186929341,23.70439819670697
H3,map-random-01,7001,H3_map-random-01_seed101,2004,0.0,center,,success,1,0,0,80,2.632958616242313,368.97173498850907,0.9090403540949125,5.459780831681452,56.566143751864004,23.67222966221754
H3,map-random-01,7001,H3_map-random-01_seed101,2005,0.0,center,,success,1,0,0,80,2.8533794239341317,368.8422808910459,0.9093594037394181,5.5316145417896765,58.28246814786165,23.56042266965596
H3,map-random-01,7001,H3_map-random-01_seed101,2006,0.0,center,,success,1,0,0,80,2.736840029061028,368.5785858547406,0.9100099937904585,5.5128796580138095,57.126985793854125,23.524088380897382
H3,map-random-01,7001,H3_map-random-01_seed101,2007,0.0,center,,success,1,0,0,80,2.7379365357800687,368.7892716744277,0.9094901136958052,5.496011897417753,60.96358328552643,23.652440644496515
H3,map-random-01,7001,H3_map-random-01_seed101,2008,0.0,center,,success,1,0,0,80,2.7534583081272723,368.7071553384021,0.9096926701005478,5.5081048090959674,59.47825834028313,23.590429969523953
H3,map-random-01,7001,H3_map-random-01_seed101,2009,0.0,center,,success,1,0,0,80,2.7200224027331985,368.97888591323857,0.9090227366121881,5.484512794479773,58.56733980544397,23.668617494056388
H3,map-random-01,7001,H3_map-random-01_seed101,2010,0.0,center,,success,1,0,0,80,2.507213507368256,368.679680295764,0.9097604629468434,5.468370455812294,60.72658559645413,23.698444166553717
H3,map-random-01,7001,H3_map-random-01_seed101,2011,0.0,center,,success,1,0,0,80,2.591229925839495,368.7895778706891,0.9094893585701476,5.468813580079768,58.8376483677221,23.699158238426214
H3,map-random-01,7001,H3_map-random-01_seed101,2012,0.0,center,,success,1,0,0,80,2.5131076870477203,368.51153444233495,0.910175571933024,5.469991715047248,60.31207333464668,23.720695037346776
H3,map-random-01,7001,H3_map-random-01_seed101,2013,0.0,center,,success,1,0,0,80,2.514013546289667,368.62830637433547,0.9098872518063369,5.470844337545555,58.855177548097636,23.680307931752434
H3,map-random-01,7001,H3_map-random-01_seed101,2014,0.0,center,,success,1,0,0,80,2.5321253116354,368.4433729651265,0.9103439530630812,5.480108185838926,59.65652456789648,23.62935454619763
H3,map-random-01,7001,H3_map-random-01_seed101,2015,0.0,center,,success,1,0,0,80,2.7915350570637156,369.05041147370275,0.9088465591613861,5.502164124035713,59.39965248710947,23.666870853249673
H3,map-random-01,7001,H3_map-random-01_seed101,2016,0.0,center,,success,1,0,0,80,2.568977525811837,368.53458933225784,0.9101186329150083,5.482324738558478,64.91161107499241,23.699756558340322
H3,map-random-01,7001,H3_map-random-01_seed101,2017,0.0,center,,success,1,0,0,80,2.841812314661738,368.75034833139625,0.9095861146781482,5.535673139871478,57.45597475412925,23.518764339113932
H3,map-random-01,7001,H3_map-random-01_seed101,2018,0.0,center,,success,1,0,0,80,2.8016318149894013,369.0777240121016,0.9087793025784747,5.507844449699502,64.12848853437583,23.744212309435998
H3,map-random-01,7001,H3_map-random-01_seed101,2019,0.0,center,,success,1,0,0,80,2.775907391393672,368.8779728930876,0.909271415678108,5.497955516085311,59.68331403164095,23.67890464110492
H3,map-random-01,7001,H3_map-random-01_seed101,2020,0.0,center,,success,1,0,0,80,2.7209841787769062,368.6085119351369,0.9099361131519116,5.504990842966319,57.86990126780254,23.55228195273719
H3,map-random-01,7001,H3_map-random-01_seed101,2021,0.0,center,,success,1,0,0,80,2.6021221420791916,368.94975821558603,0.9090945017749013,5.454869569139218,55.57343864742348,23.673391571246658
H3,map-random-01,7001,H3_map-random-01_seed101,2022,0.0,center,,success,1,0,0,80,2.588726123658987,368.58392939085434,0.909996800943788,5.473335026176513,59.831548879730704,23.701231968462636
H3,map-random-01,7001,H3_map-random-01_seed101,2023,0.0,center,,success,1,0,0,80,2.569535468657748,368.7058663575598,0.9096958503494431,5.474133889952703,62.61078036653055,23.715070715120923
H3,map-random-01,7001,H3_map-random-01_seed101,2024,0.0,center,,success,1,0,0,80,2.453000959235101,368.7884156077986,0.9094922248904711,5.454370144894767,56.854436062337776,23.708373387349265
H3,map-random-01,7001,H3_map-random-01_seed101,2025,0.0,center,,success,1,0,0,80,2.4607121053240717,368.8283117858648,0.9093938450682216,5.4513638837724985,57.22927076122013,23.719059107107128
H3,map-random-01,7001,H3_map-random-01_seed101,2026,0.0,center,,success,1,0,0,80,2.712128666005113,368.7144174277048,0.9096747530647716,5.498389222122771,64.84026489723006,23.69029296590188
H3,map-random-01,7001,H3_map-random-01_seed101,2027,0.0,center,,success,1,0,0,80,2.6737698806649095,368.66746822818175,0.9097905986577879,5.485808522707463,59.16010079275096,23.645248651593
H3,map-random-01,7001,H3_map-random-01_seed101,2028,0.0,center,,success,1,0,0,80,2.5123002996847354,368.75279458917123,0.9095800806029148,5.464287008849473,62.96039407808446,23.74638120151252
H3,map-random-01,7001,H3_map-random-01_seed101,2029,0.0,center,,success,1,0,0,80,2.645656945610436,368.8573984296032,0.90932213384621,5.471748494383497,57.60031863672968,23.66607129387182
H3,map-random-01,7001,H3_map-random-01_seed101,2030,0.0,center,,success,1,0,0,80,2.7966095007337257,368.9048726114289,0.9092051136398497,5.502963579111688,59.641526897996535,23.673798996881693
H3,map-random-01,7001,H3_map-random-01_seed101,2031,0.0,center,,success,1,0,0,80,2.6527304504675704,368.6828236367219,0.9097527064495463,5.485004546267613,66.5742708810984,23.76530250740797
H3,map-random-01,7001,H3_map-random-01_seed101,2032,0.0,center,,success,1,0,0,80,2.806580666875643,368.983354613192,0.9090117275793688,5.512208183804079,59.424670883483344,23.670665876100983
H3,map-random-01,7001,H3_map-random-01_seed101,2033,0.0,center,,success,1,0,0,80,2.4827098103750327,368.9113681862933,0.9091891048898028,5.450881653022071,62.277566370720905,23.790876975565123
H3,map-random-01,7001,H3_map-random-01_seed101,2034,0.0,center,,success,1,0,0,80,2.834986238294661,368.8224772684556,0.9094082310521242,5.532812351208207,62.0353365385438,23.60745647633016
H3,map-random-01,7001,H3_map-random-01_seed101,2035,0.0,center,,success,1,0,0,80,2.5816057688107588,368.71195153439754,0.9096808368406731,5.471951392197167,59.126406318119464,23.702907347857586
H3,map-random-01,7001,H3_map-random-01_seed101,2036,0.0,center,,success,1,0,0,80,2.6631441788167263,368.58147179284765,0.9100028685475479,5.490984486719024,58.39115526641499,23.59658261250204
H3,map-random-01,7001,H3_map-random-01_seed101,2037,0.0,center,,success,1,0,0,80,2.5687723043214317,368.92666312256586,0.909151411790309,5.452709609401557,56.50890224254861,23.662104139415895
H3,map-random-01,7001,H3_map-random-01_seed101,2038,0.0,center,,success,1,0,0,80,2.4994202996208053,368.6386896309134,0.9098616234795817,5.4683350091160845,57.53809059665693,23.66878447762625
H3,map-random-01,7001,H3_map-random-01_seed101,2039,0.0,center,,success,1,0,0,80,2.7302707995470175,368.6557556236271,0.9098195037198874,5.503423865753272,58.09191738049067,23.569570169361402
H3,map-random-01,7001,H3_map-random-01_seed101,2040,0.0,center,,success,1,0,0,80,2.457441054324488,368.5940327769565,0.9099718573792859,5.471831058605641,58.65635566890582,23.69920937173978
H3,map-random-01,7001,H3_map-random-01_seed101,2041,0.0,center,,success,1,0,0,80,2.6075032414795154,368.5585355401494,0.9100595001372044,5.480465476828663,59.13991377587546,23.65130466352302
H3,map-random-01,7001,H3_map-random-01_seed101,2042,0.0,center,,success,1,0,0,80,2.7524321485334036,368.59942117042357,0.909958554899331,5.516145153752035,57.11698384588755,23.52075730896676
H3,map-random-01,7001,H3_map-random-01_seed101,2043,0.0,center,,success,1,0,0,80,2.6307270333470743,368.539791100551,0.9101057870124435,5.491275722346757,63.20566629607518,23.64647985300823
H3,map-random-01,7001,H3_map-random-01_seed101,2044,0.0,center,,success,1,0,0,80,2.4912016884053303,368.56989259011334,0.9100314577185995,5.475239995507161,60.4515425234593,23.721196956908
H3,map-random-01,7001,H3_map-random-01_seed101,2045,0.0,center,,success,1,0,0,80,2.47540695495824,368.8235326485467,0.9094056288013002,5.452043086728234,56.72389539801184,23.699790275983936
H3,map-random-01,7001,H3_map-random-01_seed101,2046,0.0,center,,success,1,0,0,80,2.4612372122273345,368.8404637793548,0.909363883745725,5.450439160155747,57.39703939271523,23.725091052193527
H3,map-random-01,7001,H3_map-random-01_seed101,2047,0.0,center,,success,1,0,0,80,2.6566987443579917,368.7596732093484,0.9095631138455665,5.4791869852304265,65.58637714027428,23.784431486939205
H3,map-random-01,7001,H3_map-random-01_seed101,2048,0.0,center,,success,1,0,0,80,2.4627291319765114,368.82736566770075,0.9093961778507513,5.451461398237597,57.15474067455429,23.716067974272406
H3,map-random-01,7001,H3_map-random-01_seed101,2049,0.0,center,,success,1,0,0,80,2.5486748330760514,368.4446484853963,0.910340801539048,5.480117453281411,58.729478676637534,23.608204397850102
H3,map-random-01,7001,H3_map-random-01_seed101,2050,0.0,center,,success,1,0,0,80,2.7064481036623698,368.6295822828999,0.9098841024851944,5.498511811546671,58.19212331237309,23.57876435257093
H3,map-random-01,7001,H3_map-random-01_seed101,2001,0.5,center,,success,1,0,0,81,2.632458026379371,367.31182151535404,0.9131483850457777,5.792238550136313,62.551667906701596,23.283296491673365
H3,map-random-01,7001,H3_map-random-01_seed101,2002,0.5,center,,success,1,0,0,80,2.225752343404989,370.05647736774813,0.9063756943555686,4.851437972225151,56.51500379886302,23.851972343295614
H3,map-random-01,7001,H3_map-random-01_seed101,2003,0.5,center,,success,1,0,0,80,2.285685517083447,368.87908278585553,0.9092686798391422,5.58184368663955,57.765609756351566,23.635011348511984
H3,map-random-01,7001,H3_map-random-01_seed101,2004,0.5,center,,success,1,0,0,82,2.904404864386079,370.1256939949669,0.9062061944543884,5.5271215078353935,57.66876912163398,23.772716704883432
H3,map-random-01,7001,H3_map-random-01_seed101,2005,0.5,center,,success,1,0,0,80,2.804019564163781,369.5961178497327,0.9075046528528115,5.073766338553467,56.317439268964954,23.686313257496234
H3,map-random-01,7001,H3_map-random-01_seed101,2006,0.5,center,,success,1,0,0,80,1.8508266525342139,370.25158475955317,0.9058980715579888,5.186893193458604,55.11314202908916,23.648543893080845
H3,map-random-01,7001,H3_map-random-01_seed101,2007,0.5,center,,success,1,0,0,80,2.486259883011914,369.65541091894545,0.9073590882685985,5.2408898847541385,58.85530002626159,23.643829311282104
H3,map-random-01,7001,H3_map-random-01_seed101,2008,0.5,center,,success,1,0,0,80,2.578707543526953,369.967361477798,0.9065940176052439,5.067139698226122,57.40252079326557,23.755947306795207
H3,map-random-01,7001,H3_map-random-01_seed101,2009,0.5,center,,success,1,0,0,80,2.251851864096235,369.7865595361559,0.9070372840097065,5.555070096526762,60.78399733240301,23.846160415135817
H3,map-random-01,7001,H3_map-random-01_seed101,2010,0.5,center,,success,1,0,0,80,1.6438397918871044,369.8421102559395,0.906901045943245,5.738737522369915,59.77875166993352,23.78290800105902
H3,map-random-01,7001,H3_map-random-01_seed101,2011,0.5,center,,success,1,0,0,80,2.828577275347113,368.82306515907925,0.9094067814883018,5.294667145309642,56.32122578507671,23.673867962705742
H3,map-random-01,7001,H3_map-random-01_seed101,2012,0.5,center,,success,1,0,0,80,2.0580493869491923,369.2514340103246,0.9083517780342326,5.880499053009814,59.39017075159984,23.86048275469811
H3,map-random-01,7001,H3_map-random-01_seed101,2013,0.5,center,,success,1,0,0,80,2.690185388413948,367.90960350928844,0.9116646954188586,5.801007750617205,61.36381815995627,23.603967064706957
H3,map-random-01,7001,H3_map-random-01_seed101,2014,0.5,center,,success,1,0,0,80,1.8843242285699058,369.7338705813211,0.9071665414304981,5.213815957140331,58.230108323960614,23.859220333459476
H3,map-random-01,7001,H3_map-random-01_seed101,2015,0.5,center,,success,1,0,0,81,2.743176065166834,368.33812667269086,0.9106040682099074,5.741806025134892,57.54695307822513,23.360695783221797
H3,map-random-01,7001,H3_map-random-01_seed101,2016,0.5,center,,success,1,0,0,80,2.1519981510811608,369.4370819060814,0.9078953170982352,5.078840734087859,64.99964836962225,23.930362649631828
H3,map-random-01,7001,H3_map-random-01_seed101,2017,0.5,center,,success,1,0,0,80,2.083596105849772,370.6788617156927,0.9048538540140038,5.157294914348156,54.72332931404033,23.79654657342968
H3,map-random-01,7001,H3_map-random-01_seed101,2018,0.5,center,,success,1,0,0,81,2.857312038550904,368.067765197761,0.9112729457434401,5.868737279075127,66.54581212351334,23.604849997845328
H3,map-random-01,7001,H3_map-random-01_seed101,2019,0.5,center,,success,1,0,0,80,1.6266831083153594,371.118405337503,0.9037821670955373,5.5334532101308,57.42353164416545,23.896058618086265
H3,map-random-01,7001,H3_map-random-01_seed101,2020,0.5,center,,success,1,0,0,81,2.7832011655563362,367.58778708600397,0.9124628412817564,5.878392344767459,56.59924832734483,23.224845515337456
H3,map-random-01,7001,H3_map-random-01_seed101,2021,0.5,center,,success,1,0,0,81,2.3167036982762435,370.25769493115814,0.9058831219897567,5.233461587735472,55.488289729300426,23.615847353558976
H3,map-random-01,7001,H3_map-random-01_seed101,2022,0.5,center,,success,1,0,0,80,2.997680537516647,366.72315350266297,0.9146141808101923,6.026188089459952,57.95038715692217,23.436727454974026
H3,map-random-01,7001,H3_map-random-01_seed101,2023,0.5,center,,success,1,0,0,80,1.3550942255148029,370.4062611337904,0.9055197814375461,5.153873431832265,60.04910812577073,23.911816127661904
H3,map-random-01,7001,H3_map-random-01_seed101,2024,0.5,center,,success,1,0,0,81,2.3185413062410642,369.99014015903526,0.906538202560741,5.3959367229827055,57.75821373208437,23.74306725064378
H3,map-random-01,7001,H3_map-random-01_seed101,2025,0.5,center,,success,1,0,0,80,1.940558261315733,369.67948833423975,0.9072999915042967,5.25109165006076,55.07754820280381,23.844354012949527
H3,map-random-01,7001,H3_map-random-01_seed101,2026,0.5,center,,success,1,0,0,80,2.0593414991161794,369.4542467961114,0.9078531361694412,5.560232979530108,66.60891325655028,23.92449822390642
H3,map-random-01,7001,H3_map-random-01_seed101,2027,0.5,center,,success,1,0,0,80,1.4558943343493391,370.773498279169,0.904622898296862,5.303154552792329,57.29197952502353,23.801164782861974
H3,map-random-01,7001,H3_map-random-01_seed101,2028,0.5,center,,success,1,0,0,81,2.9006788630686997,367.0370142312415,0.913832075839775,6.078480186342832,66.17403183273153,23.447909933301226
H3,map-random-01,7001,H3_map-random-01_seed101,2029,0.5,center,,success,1,0,0,81,2.2222977919755493,370.44248959788507,0.9054312235863005,5.113426091043346,57.67403905390806,23.78936622277057
H3,map-random-01,7001,H3_map-random-01_seed101,2030,0.5,center,,success,1,0,0,81,2.7258702761005975,367.0689120791338,0.9137526649291939,5.826354316182471,61.15977979549166,23.43881273574423
H3,map-random-01,7001,H3_map-random-01_seed101,2031,0.5,center,,success,1,0,0,81,2.7691570342306595,367.0878232703545,0.9137055913128017,6.0850896370882035,63.06157425472771,23.226905954421245
H3,map-random-01,7001,H3_map-random-01_seed101,2032,0.5,center,,success,1,0,0,81,2.8980347654751113,368.34694849892134,0.9105822594481211,5.8560588915949054,58.352700166686205,23.40231807155039
H3,map-random-01,7001,H3_map-random-01_seed101,2033,0.5,center,,success,1,0,0,80,1.7961468792395634,369.9846084584483,0.9065517563621495,5.157229670428591,63.54869376268607,24.016901657646983
H3,map-random-01,7001,H3_map-random-01_seed101,2034,0.5,center,,success,1,0,0,80,1.9022410811950419,370.30293472936455,0.9057724505210919,5.261537758257416,61.5240527592559,23.882421783700185
H3,map-random-01,7001,H3_map-random-01_seed101,2035,0.5,center,,success,1,0,0,80,2.9141531545854567,368.04154034980445,0.9113378786160345,5.727698760530783,63.29880911090582,23.730940862084434
H3,map-random-01,7001,H3_map-random-01_seed101,2036,0.5,center,,success,1,0,0,80,1.828459369577628,370.10887896480415,0.9062473658106014,5.205623635502775,58.171156864354785,23.944176196687668
H3,map-random-01,7001,H3_map-random-01_seed101,2037,0.5,center,,success,1,0,0,80,2.3662291832327376,369.46207365805276,0.9078339037727585,5.168448290422832,55.63794659239009,23.83329499280885
H3,map-random-01,7001,H3_map-random-01_seed101,2038,0.5,center,,success,1,0,0,81,2.9022701723729094,369.1009776046921,0.9087220489136538,5.231395953605584,54.191306854487785,23.52022284987772
H3,map-random-01,7001,H3_map-random-01_seed101,2039,0.5,center,,success,1,0,0,81,2.6948069036447184,369.58094734257907,0.9075419039771647,5.429045378203828,59.313273198593414,23.64380993051272
H3,map-random-01,7001,H3_map-random-01_seed101,2040,0.5,center,,success,1,0,0,80,2.4439760711442804,368.7949679624626,0.9094760660050759,5.327876594225408,56.09868024009049,23.711963961072662
H3,map-random-01,7001,H3_map-random-01_seed101,2041,0.5,center,,success,1,0,0,82,2.9493138779801025,369.2346628385806,0.9083930366841011,5.536468888932098,57.86665193163931,23.562284236932282
H3,map-random-01,7001,H3_map-random-01_seed101,2042,0.5,center,,success,1,0,0,81,2.6287186013380723,368.9926759610259,0.9089887644826736,5.550255457424052,54.3011783584404,23.272970658161874
H3,map-random-01,7001,H3_map-random-01_seed101,2043,0.5,center,,success,1,0,0,80,2.500891406446322,368.9466781554895,0.9091020911255167,4.95997778018818,61.93338965959401,23.705749006527387
H3,map-random-01,7001,H3_map-random-01_seed101,2044,0.5,center,,success,1,0,0,81,2.9120126462315103,366.56687222022146,0.9150041153295079,5.8620957757633825,57.50376961536851,23.021027762740168
H3,map-random-01,7001,H3_map-random-01_seed101,2045,0.5,center,,success,1,0,0,80,2.186857994679303,370.0034838420445,0.9065055094674622,5.319639932026366,55.24079089029671,23.996165615734505
H3,map-random-01,7001,H3_map-random-01_seed101,2046,0.5,center,,success,1,0,0,80,2.886115012160854,367.868302916774,0.9117670480591833,5.884854659672302,61.953963872076415,23.825164505101174
H3,map-random-01,7001,H3_map-random-01_seed101,2047,0.5,center,,success,1,0,0,81,2.5898939579043874,367.12395570537973,0.9136156641713084,5.611019468532722,63.320892537891645,23.33564120872527
H3,map-random-01,7001,H3_map-random-01_seed101,2048,0.5,center,,success,1,0,0,81,2.6609985145468777,369.83156552380285,0.906926903737699,5.3540738393202805,60.402911054641436,23.89209573277993
H3,map-random-01,7001,H3_map-random-01_seed101,2049,0.5,center,,success,1,0,0,80,2.7280076624946643,367.7011329768558,0.9121815696066409,5.942667370339088,60.55630391197137,23.65523929081418
H3,map-random-01,7001,H3_map-random-01_seed101,2050,0.5,center,,success,1,0,0,80,2.3344363525704908,370.25598421173754,0.905887307504416,5.147699038682226,55.44442975592103,23.706404214069714
H3,map-random-01,7001,H3_map-random-01_seed101,2001,1.5,center,,success,1,0,0,82,2.5182962874641888,365.4004286089185,0.9179250224250611,5.116433807473162,59.835839008681106,22.62750680784173
H3,map-random-01,7001,H3_map-random-01_seed101,2002,1.5,center,,success,1,0,0,80,2.564427465502145,370.38060341808364,0.905582510341016,3.505156197699746,49.61235285845575,23.750891993450136
H3,map-random-01,7001,H3_map-random-01_seed101,2003,1.5,center,,success,1,0,0,80,1.9228511982422727,369.0404803385253,0.908871016852386,5.799494541578796,61.06548308731514,23.475018002782274
H3,map-random-01,7001,H3_map-random-01_seed101,2004,1.5,center,,success,1,0,0,83,2.9528756365617497,369.4397616475621,0.9078887316545611,5.690611745176284,60.89466526337429,23.606550371917724
H3,map-random-01,7001,H3_map-random-01_seed101,2005,1.5,center,,success,1,0,0,81,1.4016831620302037,373.1383085577371,0.8988897385567399,4.363694894187269,55.82467576989682,23.77616469216192
H3,map-random-01,7001,H3_map-random-01_seed101,2006,1.5,center,,success,1,0,0,80,1.7406371983783913,372.480978110695,0.900476041290061,4.545115551912088,56.55184709453153,24.277959999408214
H3,map-random-01,7001,H3_map-random-01_seed101,2007,1.5,center,,success,1,0,0,81,1.9523187430914553,372.8345247470164,0.8996221496723195,4.776802380071589,56.39108544708586,23.652679194905154
H3,map-random-01,7001,H3_map-random-01_seed101,2008,1.5,center,,success,1,0,0,81,1.6397489966739351,371.8558455802865,0.901989845289526,4.064991250118811,53.91483452630558,23.60980134511666
H3,map-random-01,7001,H3_map-random-01_seed101,2009,1.5,center,,success,1,0,0,80,1.440074478433778,371.2862958864664,0.9033734892481238,5.579689180888033,58.109641457029134,24.005903554707995
H3,map-random-01,7001,H3_map-random-01_seed101,2010,1.5,center,,success,1,0,0,79,2.975323008406494,368.613378642774,0.9099240994994298,6.259746787529742,63.6772840617145,23.78798759890785
H3,map-random-01,7001,H3_map-random-01_seed101,2011,1.5,center,,success,1,0,0,81,2.266098564743076,370.6446263959225,0.9049374326195772,4.902703166339197,59.70573607291415,23.904146972009578
H3,map-random-01,7001,H3_map-random-01_seed101,2012,1.5,center,,success,1,0,0,80,2.045112642488741,368.80218573888226,0.9094582667751437,6.5174550025572415,61.661022258020985,24.225045915226026
H3,map-random-01,7001,H3_map-random-01_seed101,2013,1.5,center,,success,1,0,0,80,2.2384382329533494,366.79679678643413,0.914430550003575,6.129343434891144,67.35373701871326,23.510086267797327
H3,map-random-01,7001,H3_map-random-01_seed101,2014,1.5,center,,success,1,0,0,79,2.4972808856962803,371.90670666127556,0.9018664912930777,3.7422416388820956,53.75727945089613,24.356274259786414
H3,map-random-01,7001,H3_map-random-01_seed101,2015,1.5,center,,success,1,0,0,82,2.2881039908086267,366.9982508111755,0.913928597435034,5.767256237427828,63.09333945895357,22.82144444064701
H3,map-random-01,7001,H3_map-random-01_seed101,2016,1.5,center,,success,1,0,0,82,2.3060077384058966,377.2734006403686,0.8890374886107973,4.054335163390675,61.01471706873345,24.56694863135775
H3,map-random-01,7001,H3_map-random-01_seed101,2017,1.5,center,,success,1,0,0,81,2.949680547631241,375.8205322646097,0.892474380268322,4.500226219719949,58.15945133186526,24.471276794272672
H3,map-random-01,7001,H3_map-random-01_seed101,2018,1.5,center,,success,1,0,0,81,2.9930541698187767,365.3572752348613,0.9180334411278877,5.465050689013791,67.27111306915444,23.07082247570254
H3,map-random-01,7001,H3_map-random-01_seed101,2019,1.5,center,,success,1,0,0,80,2.119949401364849,373.2711131366311,0.8985699263103596,5.64730436986676,60.64150284132703,24.409286014854334
H3,map-random-01,7001,H3_map-random-01_seed101,2020,1.5,center,,success,1,0,0,82,2.1214167148785577,366.47582153187767,0.9152314475289144,6.025886663526987,60.12338477931064,22.735903561787694
H3,map-random-01,7001,H3_map-random-01_seed101,2021,1.5,center,,success,1,0,0,81,2.5799949520829784,369.6323275575515,0.9074157524080341,4.89448089187357,58.69526337229791,23.510838114036147
H3,map-random-01,7001,H3_map-random-01_seed101,2022,1.5,center,,success,1,0,0,81,1.9376381485117216,366.6787215826842,0.9147250082504043,6.41803965046487,57.873530541078104,23.409296643868167
H3,map-random-01,7001,H3_map-random-01_seed101,2023,1.5,center,,success,1,0,0,92,2.733193361747583,384.8101753398113,0.8716250715792025,4.309697663946725,60.558196342009005,25.01850849907568
H3,map-random-01,7001,H3_map-random-01_seed101,2024,1.5,center,,success,1,0,0,82,2.7314674202167626,370.6382124038519,0.9049530928006458,5.262248392897478,60.93834609125397,23.724320463148846
H3,map-random-01,7001,H3_map-random-01_seed101,2025,1.5,center,,success,1,0,0,80,2.208607839522144,373.00091407056306,0.8992208436291304,4.777168118927001,57.96752977542123,24.46679350972992
H3,map-random-01,7001,H3_map-random-01_seed101,2026,1.5,center,,success,1,0,0,79,2.75361764747422,366.3472214572579,0.9155527242455178,5.545970017882718,71.71430748904967,24.005707806520913
H3,map-random-01,7001,H3_map-random-01_seed101,2027,1.5,center,,success,1,0,0,93,2.4943655645198795,385.47890931837264,0.8701129647224054,4.8641669823564335,61.347053304183255,24.651050062198006
H3,map-random-01,7001,H3_map-random-01_seed101,2028,1.5,center,,success,1,0,0,82,2.953781499268905,364.4707351363848,0.9202664694038003,5.415303771142208,67.98522400794256,22.749008291882785
H3,map-random-01,7001,H3_map-random-01_seed101,2029,1.5,center,,success,1,0,0,81,2.4522872108032603,369.96224046368053,0.9066065666717573,4.593516827857178,57.546546553380466,23.684370648971758
H3,map-random-01,7001,H3_map-random-01_seed101,2030,1.5,center,,success,1,0,0,82,2.1492832492102765,365.32365707009853,0.9181179212837283,5.002202798998619,58.5134296872513,22.93436472286085
H3,map-random-01,7001,H3_map-random-01_seed101,2031,1.5,center,,success,1,0,0,82,2.3730509200631578,365.31099327536526,0.9181497485681793,5.677745509937203,70.35102707054273,22.764817764279137
H3,map-random-01,7001,H3_map-random-01_seed101,2032,1.5,center,,success,1,0,0,82,2.279249544072729,367.9892824084388,0.9114672971716874,6.024312969063413,57.82711907527998,22.953293746969315
H3,map-random-01,7001,H3_map-random-01_seed101,2033,1.5,center,,success,1,0,0,80,2.0954357380050324,374.48789237427536,0.8956503092755497,3.592887848030564,66.57798667319291,25.009735876510902
H3,map-random-01,7001,H3_map-random-01_seed101,2034,1.5,center,,success,1,0,0,80,2.188508443235943,373.8262522048843,0.897235532942558,4.76412367745716,57.88464849261036,24.410588887813883
H3,map-random-01,7001,H3_map-random-01_seed101,2035,1.5,center,,success,1,0,0,81,2.5856757063426974,368.61713493194515,0.9099148271739799,6.191432492658388,63.21682116070662,23.81441507341479
H3,map-random-01,7001,H3_map-random-01_seed101,2036,1.5,center,,success,1,0,0,80,2.4764084460293385,374.61690792453396,0.8953418533168193,4.58152600140852,50.194588118967125,24.450732274920885
H3,map-random-01,7001,H3_map-random-01_seed101,2037,1.5,center,,success,1,0,0,79,2.243509181318328,370.22137365775546,0.9059719953798033,4.215010349146667,56.918274631805744,24.359164737913652
H3,map-random-01,7001,H3_map-random-01_seed101,2038,1.5,center,,success,1,0,0,84,2.9649848871655644,371.121219474738,0.9037753138979423,4.8907441966345395,61.31885237488926,24.04997575136836
H3,map-random-01,7001,H3_map-random-01_seed101,2039,1.5,center,,success,1,0,0,86,2.8369135090943667,372.31418282407435,0.9008794510077965,5.237594051463689,57.285736904161304,24.106690686348145
H3,map-random-01,7001,H3_map-random-01_seed101,2040,1.5,center,,success,1,0,0,80,2.7986459964848427,368.7181477029585,0.9096655499993911,5.009801118119299,60.675897665616084,23.924327112803145
H3,map-random-01,7001,H3_map-random-01_seed101,2041,1.5,center,,success,1,0,0,88,2.6781790491401427,372.58333486389665,0.9002286609182147,5.609426846628871,59.892518726919036,23.638978039951006
H3,map-random-01,7001,H3_map-random-01_seed101,2042,1.5,center,,success,1,0,0,81,2.627379811252769,368.4889567324967,0.910231339357229,5.6298124231574995,56.49945123995102,22.954220524543413
H3,map-random-01,7001,H3_map-random-01_seed101,2043,1.5,center,,success,1,0,0,89,2.371984476312739,376.43395295986954,0.8910200421286799,3.955020428376016,58.83829911607334,24.53640164016962
H3,map-random-01,7001,H3_map-random-01_seed101,2044,1.5,center,,success,1,0,0,84,2.107796135505983,364.7196103705661,0.9196385033538,4.340610492265652,59.350591332386955,22.330697778527963
H3,map-random-01,7001,H3_map-random-01_seed101,2045,1.5,center,,success,1,0,0,83,1.9483999291879437,378.6895267024352,0.885712894004923,5.2108591967913895,51.79876528985332,24.62540129820635
H3,map-random-01,7001,H3_map-random-01_seed101,2046,1.5,center,,success,1,0,0,80,2.9321465373364313,364.94210681756294,0.9190778218218659,6.18002605298065,63.36859139282966,23.76834805188016
H3,map-random-01,7001,H3_map-random-01_seed101,2047,1.5,center,,success,1,0,0,82,2.1631296446871517,365.1093062450286,0.918656936122771,5.1749064658830255,63.429836603052294,23.053670707202617
H3,map-random-01,7001,H3_map-random-01_seed101,2048,1.5,center,,success,1,0,0,81,2.988327830157317,368.08507827186634,0.9112300835439889,5.142267210112418,60.78900997983469,23.681641300079082
H3,map-random-01,7001,H3_map-random-01_seed101,2049,1.5,center,,success,1,0,0,80,2.7269502643011,365.4245220694286,0.9178645010617061,6.586172745350564,62.36311009994362,23.420376664811773
H3,map-random-01,7001,H3_map-random-01_seed101,2050,1.5,center,,success,1,0,0,81,2.1318112543506387,373.4196553540206,0.8982124851113762,4.484601550584596,55.20385424722194,23.869977997615432
H3,map-random-01,7001,H3_map-random-01_seed101,2001,2.0,center,,success,1,0,0,83,2.549160525462061,365.48397940573045,0.9177151818537673,4.682526266679005,69.68757050029237,22.711669009941048
H3,map-random-01,7001,H3_map-random-01_seed101,2002,2.0,center,,success,1,0,0,80,2.8046059083722046,370.6427680813099,0.904941969760456,2.692055777860883,53.034926152271474,23.8135858953457
H3,map-random-01,7001,H3_map-random-01_seed101,2003,2.0,center,,success,1,0,0,80,1.6846843819845991,369.092707862221,0.9087424093736745,5.885580037522191,65.32046609203097,23.513064449599945
H3,map-random-01,7001,H3_map-random-01_seed101,2004,2.0,center,,success,1,0,0,84,2.640505547322556,369.3377924868805,0.9081393874332067,5.77633986289031,61.62924883854189,23.54900449028978
H3,map-random-01,7001,H3_map-random-01_seed101,2005,2.0,center,,success,1,0,0,81,1.7681552188605916,373.4846907611215,0.8980560781258228,4.132605216747456,59.54564142471268,23.945248950061938
H3,map-random-01,7001,H3_map-random-01_seed101,2006,2.0,center,,success,1,0,0,81,2.3804746886410073,376.450135886377,0.8909817387506656,4.255526172227962,55.70144866846792,24.62287594366115
H3,map-random-01,7001,H3_map-random-01_seed101,2007,2.0,center,,success,1,0,0,81,2.4507790739003177,372.49635966530155,0.9004388577819766,4.582403737322318,58.92261129051946,23.71702052323268
H3,map-random-01,7001,H3_map-random-01_seed101,2008,2.0,center,,success,1,0,0,81,1.9548935450283298,372.1490330241198,0.9012792372437249,3.5816693655251304,59.18177437020803,23.824101723847505
H3,map-random-01,7001,H3_map-random-01_seed101,2009,2.0,center,,success,1,0,0,80,1.3844773693494175,372.03670576511945,0.901551356163027,5.5440462337005005,60.742908573036765,24.277838767364457
H3,map-random-01,7001,H3_map-random-01_seed101,2010,2.0,center,,success,1,0,0,79,2.8117003323780936,369.25534786356565,0.9083421501288522,6.4981607548397475,69.85322766977896,24.012499499762637
H3,map-random-01,7001,H3_map-random-01_seed101,2011,2.0,center,,success,1,0,0,81,2.635002381480283,370.42457976062974,0.9054750007186679,4.673535775519998,61.74421558847727,23.922216031570237
H3,map-random-01,7001,H3_map-random-01_seed101,2012,2.0,center,,success,1,0,0,79,2.645795846335758,367.2047094635883,0.913414746545421,6.678137102423414,61.04768270392972,24.274611180134503
H3,map-random-01,7001,H3_map-random-01_seed101,2013,2.0,center,,success,1,0,0,80,1.833833311996073,367.25669803973307,0.9132854442553444,6.071580510665489,64.9496642999115,23.3887658972923
H3,map-random-01,7001,H3_map-random-01_seed101,2014,2.0,center,,success,1,0,0,92,2.9084576816613468,386.6959091865428,0.8673745665697384,2.7022437689301237,59.86384196444631,25.354759148879687
H3,map-random-01,7001,H3_map-random-01_seed101,2015,2.0,center,,success,1,0,0,83,1.9539313487218453,366.5420413423059,0.9150661010035025,5.589395924964204,67.34998870856789,22.788193679092366
H3,map-random-01,7001,H3_map-random-01_seed101,2016,2.0,center,,success,1,0,0,83,2.701989885153097,379.3814462918955,0.8840975221727222,3.3135024831335045,60.15738846521004,24.97482125937457
H3,map-random-01,7001,H3_map-random-01_seed101,2017,2.0,center,,success,1,0,0,85,2.887643284850129,383.3892786061802,0.8748554415615358,4.2457315551830535,63.135572464534036,25.152728399922392
H3,map-random-01,7001,H3_map-random-01_seed101,2018,2.0,center,,success,1,0,0,82,2.222370825636306,366.3876840029943,0.9154516138763751,4.994015664130151,70.6022770526445,23.153609564147757
H3,map-random-01,7001,H3_map-random-01_seed101,2019,2.0,center,,success,1,0,0,96,2.7083904962023553,386.94445386414475,0.8668174288982836,5.7211958732353265,73.41897663779856,24.870899226678873
H3,map-random-01,7001,H3_map-random-01_seed101,2020,2.0,center,,success,1,0,0,82,2.836749013751266,365.5946348165219,0.9174374147839948,5.928574393656827,63.373343378625556,22.611184685520236
H3,map-random-01,7001,H3_map-random-01_seed101,2021,2.0,center,,success,1,0,0,81,2.448353484843732,369.82569145751546,0.9069413087638327,4.826043527054658,56.04714104945265,23.283363415150184
H3,map-random-01,7001,H3_map-random-01_seed101,2022,2.0,center,,success,1,0,0,81,2.0992057979455128,366.1245875952415,0.9161094556035979,6.413412613743004,60.32938662875118,23.401862955190076
H3,map-random-01,7001,H3_map-random-01_seed101,2023,2.0,center,,success,1,0,0,92,2.7712117867957757,388.22120052694277,0.8639667183804168,3.582304843690128,60.19214633388612,25.1552041599109
H3,map-random-01,7001,H3_map-random-01_seed101,2024,2.0,center,,success,1,0,0,82,2.8402515682259253,370.52036944006,0.9052409105924435,5.193859075195023,63.7128823127166,23.72745090523725
H3,map-random-01,7001,H3_map-random-01_seed101,2025,2.0,center,,success,1,0,0,81,2.775751648257518,376.2531845080126,0.8914481270465516,4.346161226322909,55.07081245137687,24.671046501596273
H3,map-random-01,7001,H3_map-random-01_seed101,2026,2.0,center,,success,1,0,0,79,2.007083679018019,367.1020090440804,0.9136702833590147,5.465257959176288,76.56272059324074,24.31488075011858
H3,map-random-01,7001,H3_map-random-01_seed101,2027,2.0,center,,success,1,0,0,91,2.921054839356216,387.2825251445312,0.8660607562910195,4.380862387028511,62.293688628320275,25.150646752701693
H3,map-random-01,7001,H3_map-random-01_seed101,2028,2.0,center,,success,1,0,0,83,2.2744494663804535,365.26511118817376,0.9182650802150526,5.569224039859582,68.97302358524368,22.806302331956427
H3,map-random-01,7001,H3_map-random-01_seed101,2029,2.0,center,,success,1,0,0,81,2.4593894727437084,369.9285765315923,0.9066890689271314,4.2649368848544,55.00234039157027,23.613080867989012
H3,map-random-01,7001,H3_map-random-01_seed101,2030,2.0,center,,success,1,0,0,82,2.5849346418204475,363.63377610272374,0.9223846041469417,3.929690147215296,64.7303020808773,22.927759621054953
H3,map-random-01,7001,H3_map-random-01_seed101,2031,2.0,center,,success,1,0,0,83,2.3497895662642825,364.4961159105273,0.920202388953032,4.990414648269733,71.81862849915531,22.628632447109805
H3,map-random-01,7001,H3_map-random-01_seed101,2032,2.0,center,,success,1,0,0,82,2.386822850774285,367.83231423606946,0.9118562552655639,5.866238575246073,59.42408801002573,22.76054106551738
H3,map-random-01,7001,H3_map-random-01_seed101,2033,2.0,center,,success,1,0,0,94,2.5607471625824383,386.98483215838695,0.8667269845028196,2.6191371872701197,74.16448978221305,25.63200938604739
H3,map-random-01,7001,H3_map-random-01_seed101,2034,2.0,center,,success,1,0,0,81,2.867403270131051,376.99356541456285,0.8896974044003456,4.162597829262911,60.633036259923905,24.768504573901055
H3,map-random-01,7001,H3_map-random-01_seed101,2035,2.0,center,,success,1,0,0,81,2.4798524811510902,368.6603875640228,0.9098080725223564,6.395653445295238,67.0818399145398,23.9143433598365
H3,map-random-01,7001,H3_map-random-01_seed101,2036,2.0,center,,success,1,0,0,92,2.7785470232227247,387.203589569425,0.8662373119989631,3.948113805845047,56.512454277471925,24.98000640583368
H3,map-random-01,7001,H3_map-random-01_seed101,2037,2.0,center,,success,1,0,0,79,1.832675553103039,370.81414818673437,0.9045237304593426,3.586808109000433,59.73305384052735,24.749086045005882
H3,map-random-01,7001,H3_map-random-01_seed101,2038,2.0,center,,success,1,0,0,85,2.7079749655528826,371.3609295011376,0.9031919353377776,4.76412486316055,65.13070469481461,24.178478103795406
H3,map-random-01,7001,H3_map-random-01_seed101,2039,2.0,center,,success,1,0,0,84,2.945733369624502,369.7134062661301,0.9072167547625546,5.128165303460011,60.18497542432855,23.93803758394252
H3,map-random-01,7001,H3_map-random-01_seed101,2040,2.0,center,,success,1,0,0,89,2.8665260014162977,376.76550257316285,0.8902359540197985,4.850195044870235,61.32241942435232,24.838881193836695
H3,map-random-01,7001,H3_map-random-01_seed101,2041,2.0,center,,success,1,0,0,87,2.8879333354715615,369.93016728421037,0.9066851700344816,5.574301186648357,63.10901658060667,23.239855652374896
H3,map-random-01,7001,H3_map-random-01_seed101,2042,2.0,center,,success,1,0,0,82,2.1503161926565455,369.0922705107069,0.9087434861772286,5.4393775851169295,52.75063486943992,22.7250951143317
H3,map-random-01,7001,H3_map-random-01_seed101,2043,2.0,center,,success,1,0,0,89,2.5852132793398637,376.6101524822549,0.8906031725758438,3.5403212327497475,57.15376318604354,24.557818735025876
H3,map-random-01,7001,H3_map-random-01_seed101,2044,2.0,center,,success,1,0,0,85,2.1397029468064126,363.7688150115488,0.9220421948877614,4.257446997548035,63.31863262569762,22.284648505179558
H3,map-random-01,7001,H3_map-random-01_seed101,2045,2.0,center,,success,1,0,0,84,2.308877155660278,380.93050293757386,0.8805023332036365,5.1484259219193405,50.62184378221485,24.83362004258432
H3,map-random-01,7001,H3_map-random-01_seed101,2046,2.0,center,,success,1,0,0,81,2.0461754062901325,365.5468224833671,0.9175574126081484,5.7234612247266945,61.51690248138742,23.853159816417396
H3,map-random-01,7001,H3_map-random-01_seed101,2047,2.0,center,,success,1,0,0,82,2.8631797607061364,363.5382958045552,0.922626860762122,3.8883743345610005,68.97610105565829,22.971225053237134
H3,map-random-01,7001,H3_map-random-01_seed101,2048,2.0,center,,success,1,0,0,81,2.7545487363909413,367.46007326848064,0.9127799753632138,5.074778485402364,61.91941167204764,23.743696406157902
H3,map-random-01,7001,H3_map-random-01_seed101,2049,2.0,center,,success,1,0,0,80,2.9553449326776433,364.6296258613218,0.9198654547958584,6.531751838232032,64.26915281312752,23.307705987837483
H3,map-random-01,7001,H3_map-random-01_seed101,2050,2.0,center,,success,1,0,0,82,2.0698975967540933,375.8537690507734,0.8923954586701471,4.23382544148127,56.567451556420714,24.138660894450844
H3,map-random-01,7001,H3_map-random-01_seed211,2001,0.0,center,,success,1,0,0,91,1.751431468900702,389.6919315333886,0.8607060333663354,2.532366922502078,60.17572576611149,24.72177407667781
H3,map-random-01,7001,H3_map-random-01_seed211,2002,0.0,center,,success,1,0,0,91,1.8388022155163388,389.4809957956706,0.8611721759100444,2.423512171467925,60.978719748332395,24.78312662453769
H3,map-random-01,7001,H3_map-random-01_seed211,2003,0.0,center,,success,1,0,0,91,1.909917885382074,389.2471482133924,0.8616895413735709,2.3112873894235086,60.35607841774282,24.750056630121804
H3,map-random-01,7001,H3_map-random-01_seed211,2004,0.0,center,,success,1,0,0,91,1.7927341034985158,389.53503686056814,0.8610527035724046,2.481304329007827,62.80297770625729,24.802103163486805
H3,map-random-01,7001,H3_map-random-01_seed211,2005,0.0,center,,success,1,0,0,91,1.584022105065903,390.23870357690384,0.8595000791838927,2.7137274506063847,62.14024748078405,24.954899374425118
H3,map-random-01,7001,H3_map-random-01_seed211,2006,0.0,center,,success,1,0,0,91,1.697563812791189,390.19817655099837,0.8595893491601974,2.5847812257402722,61.57769692831104,25.011732476611634
H3,map-random-01,7001,H3_map-random-01_seed211,2007,0.0,center,,success,1,0,0,91,1.6978868303302181,390.0041269407321,0.8600170445784536,2.5920689887779247,64.05721229269648,24.931883057451593
H3,map-random-01,7001,H3_map-random-01_seed211,2008,0.0,center,,success,1,0,0,91,1.6826710302915424,390.1121312763406,0.8597789449089873,2.6064990300440627,64.33795621497765,25.007798913880475
H3,map-random-01,7001,H3_map-random-01_seed211,2009,0.0,center,,success,1,0,0,91,1.715971898172594,389.8024733135509,0.8604619508280285,2.577945297955111,64.97685807916493,24.909530163690476
H3,map-random-01,7001,H3_map-random-01_seed211,2010,0.0,center,,success,1,0,0,91,1.8810342840721839,389.4909711973703,0.8611501201012514,2.3523448133641023,62.4626743653229,24.807205567844353
H3,map-random-01,7001,H3_map-random-01_seed211,2011,0.0,center,,success,1,0,0,91,1.826679207286884,389.6270687955102,0.8608493184568842,2.4373714124369115,64.24272397550149,24.876753976321172
H3,map-random-01,7001,H3_map-random-01_seed211,2012,0.0,center,,success,1,0,0,91,1.8753836144812221,389.67327058631037,0.8607472514609571,2.354577380615604,60.71884412660664,24.884859800718424
H3,map-random-01,7001,H3_map-random-01_seed211,2013,0.0,center,,success,1,0,0,91,1.8762688003410635,389.54587647269585,0.861028743679894,2.359299749638523,61.80431832632651,24.844515125570624
H3,map-random-01,7001,H3_map-random-01_seed211,2014,0.0,center,,success,1,0,0,91,1.8618791496198885,389.80342162577017,0.8604598574996045,2.369637998927172,64.85462512679243,25.0311297897567
H3,map-random-01,7001,H3_map-random-01_seed211,2015,0.0,center,,success,1,0,0,91,1.6474426757074978,389.8802333821249,0.8602903350994717,2.655560659117299,65.16171250945833,24.914069355512098
H3,map-random-01,7001,H3_map-random-01_seed211,2016,0.0,center,,success,1,0,0,91,1.8368583391412232,389.7635018502909,0.8605479862344843,2.40950116456104,59.59515945055157,24.81346858098179
H3,map-random-01,7001,H3_map-random-01_seed211,2017,0.0,center,,success,1,0,0,91,1.5953368448132699,390.2998980060515,0.8593653196900606,2.6991894923527866,61.968062655935704,24.9953347278518
H3,map-random-01,7001,H3_map-random-01_seed211,2018,0.0,center,,success,1,0,0,91,1.6372866198858822,389.8702264186205,0.8603124165342753,2.6653026862508113,59.86363199715444,24.73178984164942
H3,map-random-01,7001,H3_map-random-01_seed211,2019,0.0,center,,success,1,0,0,91,1.6620088039035175,390.0121782300065,0.8599992906559012,2.63570075127528,61.64855756673874,24.885474944746466
H3,map-random-01,7001,H3_map-random-01_seed211,2020,0.0,center,,success,1,0,0,91,1.7127085220987985,390.12286028072367,0.8597552996089868,2.5690519811069095,61.886577625112686,24.984480773218678
H3,map-random-01,7001,H3_map-random-01_seed211,2021,0.0,center,,success,1,0,0,91,1.8191785397927882,389.4777246639901,0.8611794086923283,2.4537798192592564,61.1001366014717,24.760049847050524
H3,map-random-01,7001,H3_map-random-01_seed211,2022,0.0,center,,success,1,0,0,91,1.8269246645690822,389.79866099151275,0.8604703663470806,2.4294542289452123,61.089913266927816,24.896248117997267
H3,map-random-01,7001,H3_map-random-01_seed211,2023,0.0,center,,success,1,0,0,91,1.8385836152551085,389.63461695608424,0.8608326417330948,2.416625975273876,62.56652106324612,24.81727992494088
H3,map-random-01,7001,H3_map-random-01_seed211,2024,0.0,center,,success,1,0,0,91,1.9125997731186148,389.23628815714227,0.8617135833171774,2.306656780296537,60.328570959722065,24.748814423489232
H3,map-random-01,7001,H3_map-random-01_seed211,2025,0.0,center,,success,1,0,0,91,1.9088654683922452,389.22043693460535,0.8617486770904639,2.3139669421168367,60.35973124955574,24.733600868090733
H3,map-random-01,7001,H3_map-random-01_seed211,2026,0.0,center,,success,1,0,0,91,1.7212587563058197,389.9699605086891,0.8600923932383121,2.560958676636645,59.99169837833517,24.825143165777646
H3,map-random-01,7001,H3_map-random-01_seed211,2027,0.0,center,,success,1,0,0,91,1.755959174958562,389.9450476463303,0.8601473429383736,2.5197058171003874,61.17983623643489,24.913344721549528
H3,map-random-01,7001,H3_map-random-01_seed211,2028,0.0,center,,success,1,0,0,91,1.8778689306178833,389.4326000688093,0.8612791958498196,2.3593950291526737,60.71906005178757,24.728703871347378
H3,map-random-01,7001,H3_map-random-01_seed211,2029,0.0,center,,success,1,0,0,91,1.7816804987919603,389.6823216785493,0.8607272590149724,2.4937117621330884,61.02987927084337,24.824930235737504
H3,map-random-01,7001,H3_map-random-01_seed211,2030,0.0,center,,success,1,0,0,91,1.6417078622568062,390.03956946292806,0.8599388956531193,2.6578688918440037,61.73670412359159,24.887353929754433
H3,map-random-01,7001,H3_map-random-01_seed211,2031,0.0,center,,success,1,0,0,91,1.7736916622009982,389.85543079266733,0.8603450667417947,2.4944915450536342,60.40187931183372,24.812648040896477
H3,map-random-01,7001,H3_map-random-01_seed211,2032,0.0,center,,success,1,0,0,91,1.632314364869957,389.98170407979893,0.8600664931612692,2.670076034734379,61.770829355264866,24.86317560495805
H3,map-random-01,7001,H3_map-random-01_seed211,2033,0.0,center,,success,1,0,0,91,1.896873949428395,389.2044577947912,0.8617840569591166,2.3336415801504415,58.53679598400159,24.624368253693316
H3,map-random-01,7001,H3_map-random-01_seed211,2034,0.0,center,,success,1,0,0,91,1.6022932544429749,390.1695344865487,0.8596524509950736,2.692400254853908,60.872510382838186,24.860929021908397
H3,map-random-01,7001,H3_map-random-01_seed211,2035,0.0,center,,success,1,0,0,91,1.8336569347541454,389.6408284287252,0.8608189187399883,2.4258009938070786,61.97027025106897,24.844311731868547
H3,map-random-01,7001,H3_map-random-01_seed211,2036,0.0,center,,success,1,0,0,91,1.7644417112626567,389.99957032595063,0.8600270927084409,2.504911508719985,61.160557323324326,24.95115848880458
H3,map-random-01,7001,H3_map-random-01_seed211,2037,0.0,center,,success,1,0,0,91,1.8407935067111167,389.4151592026098,0.8613177702475036,2.42180068700803,62.6759051782106,24.77875225133659
H3,map-random-01,7001,H3_map-random-01_seed211,2038,0.0,center,,success,1,0,0,91,1.8858545526500485,389.49981718970395,0.8611305623838293,2.345102756822332,60.62579852605714,24.822244248576357
H3,map-random-01,7001,H3_map-random-01_seed211,2039,0.0,center,,success,1,0,0,91,1.704424445530871,390.10500641471367,0.8597946478759103,2.58069355199828,61.480205016084135,24.96159525194589
H3,map-random-01,7001,H3_map-random-01_seed211,2040,0.0,center,,success,1,0,0,91,1.9087049287832427,389.422426094617,0.8613016974617551,2.3056788140897293,64.14557401044986,24.89900141228031
H3,map-random-01,7001,H3_map-random-01_seed211,2041,0.0,center,,success,1,0,0,91,1.812025261088176,389.8725154966183,0.8603073653389598,2.4494557642224484,61.20634112431718,24.921447896843965
H3,map-random-01,7001,H3_map-random-01_seed211,2042,0.0,center,,success,1,0,0,91,1.6828922826227233,390.218487389911,0.8595446076080516,2.602055816787953,61.64307494437416,25.012061136054278
H3,map-random-01,7001,H3_map-random-01_seed211,2043,0.0,center,,success,1,0,0,91,1.7908528876644838,389.92682052591226,0.8601875505064907,2.4651790206066835,61.72742768918765,24.90065834261004
H3,map-random-01,7001,H3_map-random-01_seed211,2044,0.0,center,,success,1,0,0,91,1.8898738042757566,389.54095972606723,0.8610396114976855,2.334886289244948,63.3017001055998,24.894299610021864
H3,map-random-01,7001,H3_map-random-01_seed211,2045,0.0,center,,success,1,0,0,91,1.9009565157837576,389.2651469687036,0.8616496987641562,2.3269357094826546,60.44033022072533,24.744921845507392
H3,map-random-01,7001,H3_map-random-01_seed211,2046,0.0,center,,success,1,0,0,91,1.9086615419333337,389.2106967926087,0.8617702426706225,2.3146187727588776,60.35954174209361,24.728024390550146
H3,map-random-01,7001,H3_map-random-01_seed211,2047,0.0,center,,success,1,0,0,91,1.7709273901277667,389.7852926167241,0.8604998776974824,2.501338373409567,59.31233790129138,24.76159155187377
H3,map-random-01,7001,H3_map-random-01_seed211,2048,0.0,center,,success,1,0,0,91,1.907804594755843,389.22685368399203,0.8617344704003477,2.3157220291653857,60.37080093771177,24.735277669920478
H3,map-random-01,7001,H3_map-random-01_seed211,2049,0.0,center,,success,1,0,0,91,1.8509914036681412,389.83487927666766,0.8603904228562531,2.3873892112196184,60.96420539401178,24.94388976673397
H3,map-random-01,7001,H3_map-random-01_seed211,2050,0.0,center,,success,1,0,0,91,1.726314241642625,390.0678031993939,0.859876651889452,2.554159965785928,61.368860048633046,24.957727861117576
H3,map-random-01,7001,H3_map-random-01_seed211,2001,0.5,center,,success,1,0,0,91,2.026835683049752,388.35904227538936,0.8636600673948662,2.4254405020715666,55.91574193293358,24.40985519993513
H3,map-random-01,7001,H3_map-random-01_seed211,2002,0.5,center,,success,1,0,0,92,1.0138190364224478,392.62133291240866,0.854284188118215,2.264861381003881,57.99882335043492,24.760755261909914
H3,map-random-01,7001,H3_map-random-01_seed211,2003,0.5,center,,success,1,0,0,91,1.8352147809303045,389.1414254726419,0.8619236469558265,2.7817783416829087,62.291096193486716,24.722592050233455
H3,map-random-01,7001,H3_map-random-01_seed211,2004,0.5,center,,success,1,0,0,91,1.9930122369921115,389.3388360903734,0.861486616626945,3.0016462972190965,63.57818987837848,24.727604369587723
H3,map-random-01,7001,H3_map-random-01_seed211,2005,0.5,center,,success,1,0,0,91,1.5280987331601934,390.8694737807828,0.8581130508367139,3.307097190066898,62.509012476387774,24.92205469560322
H3,map-random-01,7001,H3_map-random-01_seed211,2006,0.5,center,,success,1,0,0,92,1.6982961944137178,393.7252560998246,0.8518889541084684,2.7710360480215983,58.57723109644368,25.061730666579795
H3,map-random-01,7001,H3_map-random-01_seed211,2007,0.5,center,,success,1,0,0,91,2.1287304440228922,390.08080607509487,0.8598479889328323,2.7500776387006027,63.11245572490337,24.875712632492483
H3,map-random-01,7001,H3_map-random-01_seed211,2008,0.5,center,,success,1,0,0,92,0.8684431855247627,393.2437322088295,0.8529320855058183,2.3451808351140566,61.70341380410158,24.940402671825247
H3,map-random-01,7001,H3_map-random-01_seed211,2009,0.5,center,,success,1,0,0,91,2.5366577114450783,389.691856108589,0.8607061999558576,2.8604538791233205,65.8731837075914,24.8971411942152
H3,map-random-01,7001,H3_map-random-01_seed211,2010,0.5,center,,success,1,0,0,91,2.9919886190431875,389.4951254384916,0.8611409353258669,2.6263595012168266,61.846923862604534,24.690937843759244
H3,map-random-01,7001,H3_map-random-01_seed211,2011,0.5,center,,success,1,0,0,91,1.2826278606002897,390.1668417510984,0.8596583838842431,2.819041145341328,64.44108721558662,24.874494683868047
H3,map-random-01,7001,H3_map-random-01_seed211,2012,0.5,center,,success,1,0,0,91,2.8883678131358224,389.83237730182407,0.8603959449096252,2.2813338810053305,60.435911957756616,25.00728089847613
H3,map-random-01,7001,H3_map-random-01_seed211,2013,0.5,center,,success,1,0,0,91,0.7037257099490567,389.12379639117194,0.8619626960253874,1.570520898730095,63.127381868947296,24.724538983230396
H3,map-random-01,7001,H3_map-random-01_seed211,2014,0.5,center,,success,1,0,0,92,2.0543911960399406,393.5660475624126,0.8522335671543881,3.7552303278058576,62.59785702804955,25.12230313561733
H3,map-random-01,7001,H3_map-random-01_seed211,2015,0.5,center,,success,1,0,0,91,2.297154186596038,388.5972259228872,0.8631307025632934,3.0648944834619556,61.505883542096875,24.56475943256971
H3,map-random-01,7001,H3_map-random-01_seed211,2016,0.5,center,,success,1,0,0,92,2.6183480807917134,393.4101421169715,0.8525713008314919,3.6811561679438367,55.66559635486843,24.851743791630234
H3,map-random-01,7001,H3_map-random-01_seed211,2017,0.5,center,,success,1,0,0,92,2.775574394678892,393.6014920941841,0.8521568219683193,3.7238150536578747,59.64824718645911,24.892731439987838
H3,map-random-01,7001,H3_map-random-01_seed211,2018,0.5,center,,success,1,0,0,91,2.8660297940847386,388.73316528267435,0.8628288671512473,2.5679789102196793,57.46257305669883,24.66411624015692
H3,map-random-01,7001,H3_map-random-01_seed211,2019,0.5,center,,success,1,0,0,92,1.6293124365266587,392.8888451359714,0.853702518606476,2.808854314426939,59.69700701375057,24.83144632581564
H3,map-random-01,7001,H3_map-random-01_seed211,2020,0.5,center,,success,1,0,0,91,2.70435418900936,389.3977730598498,0.861356227051192,2.9379757648612355,58.74146835526582,24.79030285105583
H3,map-random-01,7001,H3_map-random-01_seed211,2021,0.5,center,,success,1,0,0,91,1.759840709273567,389.34740054366245,0.8614676665533681,3.2058892705818636,62.5864045721739,24.805840692707594
H3,map-random-01,7001,H3_map-random-01_seed211,2022,0.5,center,,success,1,0,0,91,2.2700338148203154,389.25745157115693,0.8616667330866881,2.227015148390322,62.91068469594073,25.009069497898427
H3,map-random-01,7001,H3_map-random-01_seed211,2023,0.5,center,,success,1,0,0,93,1.0541639032656227,396.0802199233347,0.8468239001934772,3.6983986379664384,58.67139679103339,24.856630494691036
H3,map-random-01,7001,H3_map-random-01_seed211,2024,0.5,center,,success,1,0,0,91,1.1096676111701251,389.570179744612,0.8609750285426138,2.764567525750835,61.48643052126634,24.704318154497564
H3,map-random-01,7001,H3_map-random-01_seed211,2025,0.5,center,,success,1,0,0,92,1.4787213266723973,392.60016854902807,0.8543302410301495,2.8606262729576657,58.007889123675504,24.8262326046083
H3,map-random-01,7001,H3_map-random-01_seed211,2026,0.5,center,,success,1,0,0,91,2.431315941816425,390.2762341627151,0.8594174260816718,1.9306456620989907,58.697589674440415,24.99386079528693
H3,map-random-01,7001,H3_map-random-01_seed211,2027,0.5,center,,success,1,0,0,92,2.456539070739544,393.3519846358016,0.8526973543441493,3.138553297797654,57.837803048418536,24.86467346765114
H3,map-random-01,7001,H3_map-random-01_seed211,2028,0.5,center,,success,1,0,0,91,1.9555458844074878,388.3034721952692,0.8637836657208621,2.8437989968718114,58.293081572686035,24.543994313842248
H3,map-random-01,7001,H3_map-random-01_seed211,2029,0.5,center,,success,1,0,0,91,1.8747680024991593,388.9798186813946,0.862281744492498,1.9476214495501551,60.48977891600548,24.78123118079756
H3,map-random-01,7001,H3_map-random-01_seed211,2030,0.5,center,,success,1,0,0,91,1.0763229030125903,389.62095126280235,0.8608628348600579,1.6994821795033914,60.40164443249306,24.807851590538586
H3,map-random-01,7001,H3_map-random-01_seed211,2031,0.5,center,,success,1,0,0,91,2.3692726885119857,388.33521666709413,0.863713055703891,3.130632015234127,55.40280772812038,24.39844238493111
H3,map-random-01,7001,H3_map-random-01_seed211,2032,0.5,center,,success,1,0,0,92,1.1811502867864498,391.99258296991457,0.8556544465299518,2.88140451869684,59.00133966502611,24.70974500819782
H3,map-random-01,7001,H3_map-random-01_seed211,2033,0.5,center,,success,1,0,0,92,1.4423412255123116,392.8076882542517,0.8538788996611195,3.2138016285760496,55.023637753791576,24.65197987338126
H3,map-random-01,7001,H3_map-random-01_seed211,2034,0.5,center,,success,1,0,0,92,2.052709524556307,393.59073963885317,0.8521801019320999,3.0784214939427166,57.53979722336882,24.868501405865498
H3,map-random-01,7001,H3_map-random-01_seed211,2035,0.5,center,,success,1,0,0,91,1.5989926277362647,389.0083708491391,0.8622184553325294,2.22956112984852,63.781552032454314,24.773177755877708
H3,map-random-01,7001,H3_map-random-01_seed211,2036,0.5,center,,success,1,0,0,92,2.6757374506125715,394.35750299464405,0.8505231777713225,4.1961023082081566,57.02525637158969,25.0823196378076
H3,map-random-01,7001,H3_map-random-01_seed211,2037,0.5,center,,success,1,0,0,92,1.237212959706468,393.44405521318953,0.8524978130454275,3.289780608798166,59.544987317170104,24.90857713891872
H3,map-random-01,7001,H3_map-random-01_seed211,2038,0.5,center,,success,1,0,0,91,0.9882081815352702,389.8989462053375,0.8602490462960295,3.4438273915320394,64.25559980601427,24.84950409221056
H3,map-random-01,7001,H3_map-random-01_seed211,2039,0.5,center,,success,1,0,0,90,2.8394175902896994,387.4745817500232,0.8656314824835561,2.4157535082667607,63.176577252451054,25.077702813984416
H3,map-random-01,7001,H3_map-random-01_seed211,2040,0.5,center,,success,1,0,0,91,1.4124644736117333,389.86746463314813,0.8603185109087724,2.2143904930012437,64.58913010047517,25.038864844805957
H3,map-random-01,7001,H3_map-random-01_seed211,2041,0.5,center,,success,1,0,0,91,2.7071069923607474,389.057543065991,0.8621094812395836,2.354345605732007,61.592117062375046,24.9662053936105
H3,map-random-01,7001,H3_map-random-01_seed211,2042,0.5,center,,success,1,0,0,92,1.1869406677499885,392.4546794685174,0.854646954596639,3.3515521415094582,58.413143838308244,24.686425121614857
H3,map-random-01,7001,H3_map-random-01_seed211,2043,0.5,center,,success,1,0,0,92,1.2229691612747564,393.21858201757766,0.852986638891788,2.391999931750536,59.52218904462754,24.899571014486973
H3,map-random-01,7001,H3_map-random-01_seed211,2044,0.5,center,,success,1,0,0,90,2.7787890304054184,384.8609229645954,0.8715101394064473,1.9906299650590427,58.95649056625705,24.43226311704561
H3,map-random-01,7001,H3_map-random-01_seed211,2045,0.5,center,,success,1,0,0,92,2.729897179872159,392.46682682065233,0.8546205021762073,3.6944612139833746,56.726635028216144,24.661702651565314
H3,map-random-01,7001,H3_map-random-01_seed211,2046,0.5,center,,success,1,0,0,91,0.9196031604230263,389.40556224681063,0.8613389975471918,1.5542394069689587,61.79747931022478,24.86378210921206
H3,map-random-01,7001,H3_map-random-01_seed211,2047,0.5,center,,success,1,0,0,91,1.7782358207250857,388.93772998402835,0.8623750558701055,2.1836326604560696,58.27797938527282,24.655357835791502
H3,map-random-01,7001,H3_map-random-01_seed211,2048,0.5,center,,success,1,0,0,91,1.496147187623993,389.1059532843882,0.8620022227720202,2.1884430917961595,62.77182813512079,24.9243407102616
H3,map-random-01,7001,H3_map-random-01_seed211,2049,0.5,center,,success,1,0,0,90,2.9162218144037064,387.12218023635353,0.8664194761978948,2.533761619229651,63.06332678380258,24.91622879270119
H3,map-random-01,7001,H3_map-random-01_seed211,2050,0.5,center,,success,1,0,0,92,1.4066043291680284,393.4959184152586,0.8523854528803729,3.1149549889255588,58.910072958343605,24.896810691054476
H3,map-random-01,7001,H3_map-random-01_seed211,2001,1.5,center,,collision,0,1,0,59,75.66607275669189,285.84299131496743,nan,0.044316798369294474,53.04316023153335,18.402330302765552
H3,map-random-01,7001,H3_map-random-01_seed211,2002,1.5,center,,success,1,0,0,92,2.1061587679574885,392.44656534656383,0.8546646250522606,3.2453185201512733,61.42244533660585,24.919571788838102
H3,map-random-01,7001,H3_map-random-01_seed211,2003,1.5,center,,success,1,0,0,92,1.8068884679928578,391.7470627972326,0.8561907120119904,3.8024272579334166,65.27785080152285,24.60466659440211
H3,map-random-01,7001,H3_map-random-01_seed211,2004,1.5,center,,success,1,0,0,90,1.9248218325924786,386.28242502046675,0.8683030210530472,2.099044380594158,62.781997104005434,24.28805606947422
H3,map-random-01,7001,H3_map-random-01_seed211,2005,1.5,center,,success,1,0,0,91,1.8587713682551994,392.0169580344384,0.8556012431367903,4.713754537315552,62.87065981644397,24.808421287565004
H3,map-random-01,7001,H3_map-random-01_seed211,2006,1.5,center,,success,1,0,0,92,2.857213835286445,394.4734384184892,0.8502732096986929,4.661276418683499,69.76730706939932,25.490872847867983
H3,map-random-01,7001,H3_map-random-01_seed211,2007,1.5,center,,success,1,0,0,91,2.661388376436443,390.18511943697723,0.8596181143682595,3.2160501165972692,62.35428784146727,24.791163238889517
H3,map-random-01,7001,H3_map-random-01_seed211,2008,1.5,center,,success,1,0,0,92,2.514266600928443,393.1599910557285,0.8531137558638965,3.3817949622658285,66.06984161157847,25.109735902237215
H3,map-random-01,7001,H3_map-random-01_seed211,2009,1.5,center,,success,1,0,0,92,1.1584874148572453,392.7440400872011,0.854017279423253,3.550820244983236,69.98322362540279,24.937767713657788
H3,map-random-01,7001,H3_map-random-01_seed211,2010,1.5,center,,success,1,0,0,92,1.9958454891171582,392.7284774640142,0.8540511215046843,3.4860297873964208,62.824577495657095,24.412119389768506
H3,map-random-01,7001,H3_map-random-01_seed211,2011,1.5,center,,success,1,0,0,90,2.306192120722981,388.24756469479365,0.8639080502375815,3.722948547981275,67.624350237428,24.96478359803817
H3,map-random-01,7001,H3_map-random-01_seed211,2012,1.5,center,,success,1,0,0,92,1.6191584551422167,393.2576475952964,0.8529019045807367,3.4781524922327387,64.46117111579443,25.195701392432795
H3,map-random-01,7001,H3_map-random-01_seed211,2013,1.5,center,,collision,0,1,0,58,76.28515126421324,285.1567236744755,nan,0.8305216970233573,61.80201789667698,19.20187812074273
H3,map-random-01,7001,H3_map-random-01_seed211,2014,1.5,center,,success,1,0,0,93,1.2752761039461797,398.00041367466446,0.8427383115715583,4.75981165523418,62.54378085663588,25.307107550775935
H3,map-random-01,7001,H3_map-random-01_seed211,2015,1.5,center,,collision,0,1,0,59,77.8903883622285,284.84080565035754,nan,1.7570550812915968,57.56224273549339,18.814429833408937
H3,map-random-01,7001,H3_map-random-01_seed211,2016,1.5,center,,success,1,0,0,93,1.121294475938767,398.09517455558154,0.8425377097308647,6.367480511392321,60.315123755660615,25.107924176972414
H3,map-random-01,7001,H3_map-random-01_seed211,2017,1.5,center,,success,1,0,0,93,1.3379662729890474,397.5222096414294,0.8437520935685912,6.224766902463129,67.36729500924902,25.060991024595715
H3,map-random-01,7001,H3_map-random-01_seed211,2018,1.5,center,,collision,0,1,0,58,80.95850062509341,280.66545396923897,nan,-0.18742673256534204,51.168106876668446,18.797008913917917
H3,map-random-01,7001,H3_map-random-01_seed211,2019,1.5,center,,success,1,0,0,94,0.8506452200703815,398.7907535845431,0.8410681381404245,4.454276089448409,62.16036986140693,24.764064788275036
H3,map-random-01,7001,H3_map-random-01_seed211,2020,1.5,center,,success,1,0,0,89,2.7511918780910105,382.92444478638475,0.875917432777314,0.4514584813687037,61.64363567784924,24.483620100739994
H3,map-random-01,7001,H3_map-random-01_seed211,2021,1.5,center,,success,1,0,0,92,1.0802988720999167,391.9330612566215,0.8557843922367034,4.030981100665718,62.05940036290191,24.59410897882644
H3,map-random-01,7001,H3_map-random-01_seed211,2022,1.5,center,,success,1,0,0,91,1.1717806503324055,388.38942617515573,0.8635925028342695,2.0412258653810937,56.70986746209273,24.63290844412805
H3,map-random-01,7001,H3_map-random-01_seed211,2023,1.5,center,,success,1,0,0,94,2.962630352266632,399.62344845354835,0.8393156055354847,4.668514413954997,66.24035196535571,25.3676190177795
H3,map-random-01,7001,H3_map-random-01_seed211,2024,1.5,center,,success,1,0,0,90,1.658705311662579,387.27575894439946,0.8660758874740796,3.7891068154745824,64.6102218176044,24.704482933814965
H3,map-random-01,7001,H3_map-random-01_seed211,2025,1.5,center,,success,1,0,0,92,1.1470953455770447,393.2523946623664,0.8529132973568812,3.5939193045678195,67.5691459322161,25.32726508123272
H3,map-random-01,7001,H3_map-random-01_seed211,2026,1.5,center,,success,1,0,0,92,1.181884682360335,394.11247584056633,0.8510519640607744,3.078356411757966,60.31901951658936,25.423997684731084
H3,map-random-01,7001,H3_map-random-01_seed211,2027,1.5,center,,success,1,0,0,93,2.2668767302575774,397.43132658020664,0.8439450395395001,5.598620781822736,65.68027478594843,25.01744137643919
H3,map-random-01,7001,H3_map-random-01_seed211,2028,1.5,center,,success,1,0,0,89,2.284501715658786,381.0559245249191,0.8802125227239037,1.3060559358662545,61.52602765709949,24.251987404616514
H3,map-random-01,7001,H3_map-random-01_seed211,2029,1.5,center,,success,1,0,0,91,1.707806612271477,387.61051302708444,0.8653279138523561,0.809924369795195,59.73475473353732,24.731875708602132
H3,map-random-01,7001,H3_map-random-01_seed211,2030,1.5,center,,collision,0,1,0,58,78.81579843890736,282.7678487517939,nan,1.3798602591175495,51.135734741334105,18.939481688100123
H3,map-random-01,7001,H3_map-random-01_seed211,2031,1.5,center,,success,1,0,0,90,2.4611476156293013,383.2596085687333,0.8751514355440261,2.087864459144299,59.04397343343604,23.796514288869346
H3,map-random-01,7001,H3_map-random-01_seed211,2032,1.5,center,,collision,0,1,0,58,81.04056280627712,280.49948324412543,nan,-0.0065113885386836046,56.8302054578979,18.72730234263678
H3,map-random-01,7001,H3_map-random-01_seed211,2033,1.5,center,,success,1,0,0,92,1.4009094466447611,393.8303674424043,0.8516615892349148,4.113938910038865,62.261024547343965,24.899770039257724
H3,map-random-01,7001,H3_map-random-01_seed211,2034,1.5,center,,success,1,0,0,92,1.2380152503160693,394.75270920770146,0.8496716774868046,5.41671081392667,64.42366995270851,25.279440593559094
H3,map-random-01,7001,H3_map-random-01_seed211,2035,1.5,center,,success,1,0,0,92,2.289875692836549,390.2740892900532,0.8594221492774795,2.100434388000565,68.12568159268652,24.67480067419843
H3,map-random-01,7001,H3_map-random-01_seed211,2036,1.5,center,,success,1,0,0,93,2.4431341838531053,400.1110777908516,0.8382927023087725,6.699384736124211,62.62494627204268,25.348722509588935
H3,map-random-01,7001,H3_map-random-01_seed211,2037,1.5,center,,success,1,0,0,92,1.4825666680261123,395.2584537443125,0.8485844981874593,3.1920631350885635,64.10381006306218,25.265078299429792
H3,map-random-01,7001,H3_map-random-01_seed211,2038,1.5,center,,success,1,0,0,91,1.4241146404626814,390.2150888943895,0.8595520936294347,4.085640102601559,62.273965244061046,24.622111957672658
H3,map-random-01,7001,H3_map-random-01_seed211,2039,1.5,center,,success,1,0,0,90,1.7938478864345,388.2466638035769,0.863910054857961,2.268769008907711,66.14745533688118,25.200485504105114
H3,map-random-01,7001,H3_map-random-01_seed211,2040,1.5,center,,success,1,0,0,91,1.129617782597264,390.7796526182671,0.8583102891301604,2.3279064342974314,64.81605655306967,25.259366867108778
H3,map-random-01,7001,H3_map-random-01_seed211,2041,1.5,center,,success,1,0,0,90,2.7551431746348336,385.073962361188,0.871027982697941,1.454350877693173,59.39618465286483,24.687978775131864
H3,map-random-01,7001,H3_map-random-01_seed211,2042,1.5,center,,success,1,0,0,90,2.515056985154859,385.5225608734891,0.8700144444595417,2.1038653923247352,63.40385050457103,24.30396183343409
H3,map-random-01,7001,H3_map-random-01_seed211,2043,1.5,center,,success,1,0,0,92,2.052972771641614,393.39470231959,0.852604762207714,3.50749701545336,59.54872785765891,24.931263613657283
H3,map-random-01,7001,H3_map-random-01_seed211,2044,1.5,center,,collision,0,1,0,59,81.05068872875391,279.14665374795254,nan,-0.5727197095103662,57.840667449456845,17.961110872263014
H3,map-random-01,7001,H3_map-random-01_seed211,2045,1.5,center,,success,1,0,0,93,2.145959517425011,395.87147117664193,0.8472704426717959,6.8370279179967595,63.89770294433043,24.58011744594243
H3,map-random-01,7001,H3_map-random-01_seed211,2046,1.5,center,,success,1,0,0,90,0.7512297250772072,386.7391705707076,0.8672775403898358,0.6464071902941917,68.0099716805574,25.25918767653613
H3,map-random-01,7001,H3_map-random-01_seed211,2047,1.5,center,,collision,0,1,0,58,79.73969192908564,281.148351648941,nan,0.7337644102034915,53.489356673194585,18.412227320098808
H3,map-random-01,7001,H3_map-random-01_seed211,2048,1.5,center,,success,1,0,0,91,2.830857281941668,388.40250934954423,0.8635634130857658,2.0636363580442634,66.3698993198227,25.221942102049073
H3,map-random-01,7001,H3_map-random-01_seed211,2049,1.5,center,,success,1,0,0,91,1.8564222365430847,390.20391172412076,0.8595767150128106,2.9650557865728047,61.66989662583292,24.351856439597444
H3,map-random-01,7001,H3_map-random-01_seed211,2050,1.5,center,,success,1,0,0,93,1.1863938283063107,397.5760378301132,0.8436378571897017,4.951457146419214,59.40137590741247,24.78776878128969
H3,map-random-01,7001,H3_map-random-01_seed211,2001,2.0,center,,collision,0,1,0,59,77.78759934665271,283.0098788126813,nan,1.2076363644965227,59.7912705333084,17.858479955378286
H3,map-random-01,7001,H3_map-random-01_seed211,2002,2.0,center,,success,1,0,0,92,2.4087230816615968,392.45481502048756,0.8546466594057684,3.9964633880256923,65.54824758362142,25.065247911624503
H3,map-random-01,7001,H3_map-random-01_seed211,2003,2.0,center,,success,1,0,0,92,2.6250799813795296,391.5624690257151,0.8565943448552039,4.318531924943969,66.31788671371685,24.57163936987436
H3,map-random-01,7001,H3_map-random-01_seed211,2004,2.0,center,,success,1,0,0,89,2.497868101442851,383.3473974548241,0.874951020541349,1.7863201160915712,68.38555923480916,24.16840950324791
H3,map-random-01,7001,H3_map-random-01_seed211,2005,2.0,center,,success,1,0,0,91,2.328477884676108,392.568131478565,0.854399962018523,5.417138550439507,63.28742264608919,24.726826899060725
H3,map-random-01,7001,H3_map-random-01_seed211,2006,2.0,center,,success,1,0,0,93,2.157436509367038,398.0760434699376,0.8425782011428639,4.155925052406073,71.25343275511511,25.41801494924078
H3,map-random-01,7001,H3_map-random-01_seed211,2007,2.0,center,,success,1,0,0,92,1.2351958261749674,393.38000768955516,0.8526366110848854,3.4998938274410007,61.75795840818484,24.747733289288323
H3,map-random-01,7001,H3_map-random-01_seed211,2008,2.0,center,,success,1,0,0,92,1.577859698197056,393.4256558323059,0.8525376819043393,4.102057007395592,73.20082940183093,25.373355953132084
H3,map-random-01,7001,H3_map-random-01_seed211,2009,2.0,center,,success,1,0,0,92,1.642910173070484,392.72525118763105,0.8540581376182522,3.9245072937997363,72.25070023106565,25.016774305457208
H3,map-random-01,7001,H3_map-random-01_seed211,2010,2.0,center,,success,1,0,0,93,1.0597216627913182,396.0915299298688,0.8467997199646141,3.94295501501769,63.43698641692252,24.31291224309463
H3,map-random-01,7001,H3_map-random-01_seed211,2011,2.0,center,,success,1,0,0,90,1.5080712681188888,388.9936959650679,0.862250982738519,4.227244114784938,69.79633495293541,25.017956627878018
H3,map-random-01,7001,H3_map-random-01_seed211,2012,2.0,center,,success,1,0,0,92,2.1586123606568064,393.4110427848122,0.852569348970794,4.112397758933085,68.48798182722062,25.4108820410597
H3,map-random-01,7001,H3_map-random-01_seed211,2013,2.0,center,,collision,0,1,0,58,76.42695795147863,284.5382219647634,nan,0.8207895297244363,65.01844253779873,19.089827968753013
H3,map-random-01,7001,H3_map-random-01_seed211,2014,2.0,center,,success,1,0,0,92,1.6362411717462317,395.43391298007975,0.8482079700682248,6.011201977591642,71.14373446947164,25.523200597680713
H3,map-random-01,7001,H3_map-random-01_seed211,2015,2.0,center,,collision,0,1,0,59,80.68962080760956,281.6576558733383,nan,-0.09598611623789566,56.966715078507086,18.83540338244961
H3,map-random-01,7001,H3_map-random-01_seed211,2016,2.0,center,,success,1,0,0,93,2.6514389087685055,398.3452633517494,0.8420087483977245,6.583700551658282,59.853979313327876,25.09032954089374
H3,map-random-01,7001,H3_map-random-01_seed211,2017,2.0,center,,success,1,0,0,94,1.6753753650338914,400.49512943086427,0.8374888281453342,7.153953390699781,66.85927522509014,24.974459911977906
H3,map-random-01,7001,H3_map-random-01_seed211,2018,2.0,center,,collision,0,1,0,59,77.04060777575575,285.6072775262993,nan,1.227708527658919,50.74410618435623,19.004428593393488
H3,map-random-01,7001,H3_map-random-01_seed211,2019,2.0,center,,success,1,0,0,94,1.1193196851237288,398.50564651061836,0.8416698723390142,5.263123228704944,68.86230283039313,24.904510480184538
H3,map-random-01,7001,H3_map-random-01_seed211,2020,2.0,center,,collision,0,1,0,59,77.20646312849658,285.1455989869339,nan,1.1657743648533767,53.72430237136523,18.963642967699446
H3,map-random-01,7001,H3_map-random-01_seed211,2021,2.0,center,,success,1,0,0,92,1.4209213431732917,391.7367224696011,0.8562133121206078,3.7716528643592793,61.7835643934534,24.428363471505925
H3,map-random-01,7001,H3_map-random-01_seed211,2022,2.0,center,,collision,0,1,0,58,78.20815827279932,282.9339779545574,nan,1.903803792978394,61.41468094468159,19.643694914056876
H3,map-random-01,7001,H3_map-random-01_seed211,2023,2.0,center,,success,1,0,0,95,1.9529458871958563,402.94203140934866,0.8324031013886098,5.9679353576534835,75.7038759548532,25.75982960164865
H3,map-random-01,7001,H3_map-random-01_seed211,2024,2.0,center,,success,1,0,0,90,1.123204397154124,387.7678683618353,0.8649767657179612,4.389664031679487,66.17042950313017,24.66184171900099
H3,map-random-01,7001,H3_map-random-01_seed211,2025,2.0,center,,success,1,0,0,93,0.9781691694524166,396.7270433277159,0.8454432392901013,3.2125345733084045,63.927280709762535,25.48802739181474
H3,map-random-01,7001,H3_map-random-01_seed211,2026,2.0,center,,success,1,0,0,92,1.6190998917674182,394.49378944848377,0.8502293460535431,2.5978374863194063,63.39261002983673,25.721202003129896
H3,map-random-01,7001,H3_map-random-01_seed211,2027,2.0,center,,success,1,0,0,94,1.3464248585009142,401.2141565491744,0.8359879409784966,5.953425868402928,63.76233096670778,24.81689936920189
H3,map-random-01,7001,H3_map-random-01_seed211,2028,2.0,center,,collision,0,1,0,59,79.29943296121162,281.76671260478327,nan,1.6595205531422152,49.83055885540088,18.30114924156948
H3,map-random-01,7001,H3_map-random-01_seed211,2029,2.0,center,,success,1,0,0,91,2.175187591277443,387.0233199494698,0.8666407922622338,0.6179648924939175,59.35962892529603,24.736398114670884
H3,map-random-01,7001,H3_map-random-01_seed211,2030,2.0,center,,collision,0,1,0,58,80.28342995251154,280.99023411312163,nan,-0.1119888665350004,52.936852519805576,18.76505339176059
H3,map-random-01,7001,H3_map-random-01_seed211,2031,2.0,center,,collision,0,1,0,59,80.70290798513945,280.3625479709545,nan,0.19835652035084195,52.56202016757774,17.801922161724498
H3,map-random-01,7001,H3_map-random-01_seed211,2032,2.0,center,,collision,0,1,0,59,76.39427073478794,285.50647173048515,nan,0.47962816446045053,54.953244387788146,18.816268128197542
H3,map-random-01,7001,H3_map-random-01_seed211,2033,2.0,center,,success,1,0,0,93,1.3205331449780509,397.22233144159577,0.8443890740173161,4.498846029130683,61.5651393614332,24.883815403017035
H3,map-random-01,7001,H3_map-random-01_seed211,2034,2.0,center,,success,1,0,0,93,1.8827808905409091,398.0196762561441,0.8426975263632858,5.352007641271573,65.16800852183961,25.228779241533925
H3,map-random-01,7001,H3_map-random-01_seed211,2035,2.0,center,,success,1,0,0,92,2.8843732177024397,389.4640904411349,0.8612095565602952,2.0826977918210474,70.7885498276315,24.602727331590135
H3,map-random-01,7001,H3_map-random-01_seed211,2036,2.0,center,,success,1,0,0,92,2.1759264700953023,398.01386807495487,0.8427098237737869,7.276796232118387,67.63530433793734,25.681180279867203
H3,map-random-01,7001,H3_map-random-01_seed211,2037,2.0,center,,success,1,0,0,92,1.5280175406600203,396.16778834477816,0.8466367193212252,4.727726261663136,72.53509073891392,25.599961921778156
H3,map-random-01,7001,H3_map-random-01_seed211,2038,2.0,center,,success,1,0,0,91,1.4662737922451041,390.6027170051932,0.85869908739142,4.141470787059734,66.85720561793481,24.63280749167155
H3,map-random-01,7001,H3_map-random-01_seed211,2039,2.0,center,,success,1,0,0,89,2.960622069102885,385.55656911689726,0.8699377043249784,2.299447130085184,66.35220497179334,25.22531375652447
H3,map-random-01,7001,H3_map-random-01_seed211,2040,2.0,center,,success,1,0,0,90,2.893037754090329,387.97987574414356,0.8645041085743257,2.510712652250381,64.38969289091084,25.441314372414688
H3,map-random-01,7001,H3_map-random-01_seed211,2041,2.0,center,,collision,0,1,0,59,75.21080182169115,287.70178923650496,nan,0.01737648348843379,57.98847823451636,19.191294881628583
H3,map-random-01,7001,H3_map-random-01_seed211,2042,2.0,center,,success,1,0,0,92,1.4557648304919073,390.79548930576914,0.8582755067639338,3.3404513900952963,61.510364490503214,24.135071938902072
H3,map-random-01,7001,H3_map-random-01_seed211,2043,2.0,center,,success,1,0,0,92,2.1313233160265033,393.6735446354036,0.8520008550119997,4.197647998632878,63.73858733132922,24.985666336033635
H3,map-random-01,7001,H3_map-random-01_seed211,2044,2.0,center,,collision,0,1,0,60,79.63206331297566,280.9115588621418,nan,-0.13374294523464414,57.83517505867706,17.463236556781656
H3,map-random-01,7001,H3_map-random-01_seed211,2045,2.0,center,,success,1,0,0,94,1.8925721438044236,398.827955369679,0.8409896851740802,7.306982058064471,65.07225775920439,24.344692786024204
H3,map-random-01,7001,H3_map-random-01_seed211,2046,2.0,center,,collision,0,1,0,57,80.25431484197497,279.94070046947587,nan,0.6473608321476831,67.71238664061607,20.17849661369266
H3,map-random-01,7001,H3_map-random-01_seed211,2047,2.0,center,,collision,0,1,0,58,81.33953801199658,278.9266206489041,nan,-0.04434716569234354,56.61208228782857,18.129340869320902
H3,map-random-01,7001,H3_map-random-01_seed211,2048,2.0,center,,success,1,0,0,92,1.8190853795681234,391.2540870216815,0.8572695027371856,2.032424289173207,65.78322183763852,25.206879413482238
H3,map-random-01,7001,H3_map-random-01_seed211,2049,2.0,center,,success,1,0,0,91,2.367758884024572,390.25944662804284,0.859454395077459,3.2190379687280455,60.99469092026161,24.140457932921517
H3,map-random-01,7001,H3_map-random-01_seed211,2050,2.0,center,,success,1,0,0,92,1.2126083700548085,394.9966329928372,0.8491469764782799,5.5960464076541525,67.12768312010417,25.04915414707398
H3,map-random-01,7001,H3_map-random-01_seed307,2001,0.0,center,,success,1,0,0,77,2.9394633235699783,363.1897658054632,0.9235122467757685,0.7244440266861858,52.6681937591956,25.73647117196621
H3,map-random-01,7001,H3_map-random-01_seed307,2002,0.0,center,,success,1,0,0,77,2.9008916803805924,362.8194964524989,0.9244547217127872,0.5941569183989623,50.342726381194396,25.60227915147365
H3,map-random-01,7001,H3_map-random-01_seed307,2003,0.0,center,,success,1,0,0,77,2.862531473117413,362.5511819220177,0.9251388861755606,0.5070882288127984,50.39805955020414,25.591863577918687
H3,map-random-01,7001,H3_map-random-01_seed307,2004,0.0,center,,success,1,0,0,77,2.9206729889701877,362.98897864181885,0.9240230870919531,0.6599570488369721,51.36188993603752,25.628432887184612
H3,map-random-01,7001,H3_map-random-01_seed307,2005,0.0,center,,success,1,0,0,78,1.67459953013541,365.08574371156845,0.918716225988696,0.9384657608398186,56.64109401745321,25.90197911942524
H3,map-random-01,7001,H3_map-random-01_seed307,2006,0.0,center,,success,1,0,0,77,2.9642916956904317,363.0173771629232,0.9239508016015318,0.8073184668806874,50.706656518588034,25.637564520864803
H3,map-random-01,7001,H3_map-random-01_seed307,2007,0.0,center,,success,1,0,0,77,2.963038935880329,363.1704330797257,0.9235614082915635,0.8007305475966717,53.49479171033236,25.733810466223062
H3,map-random-01,7001,H3_map-random-01_seed307,2008,0.0,center,,success,1,0,0,77,2.9701832683095484,363.12399295101847,0.9236795230719214,0.8231701397832296,52.232196536876344,25.67800821249809
H3,map-random-01,7001,H3_map-random-01_seed307,2009,0.0,center,,success,1,0,0,77,2.9538316542044463,363.2055164864832,0.9234721979710099,0.7689957276622437,52.88322131116933,25.706046872723398
H3,map-random-01,7001,H3_map-random-01_seed307,2010,0.0,center,,success,1,0,0,77,2.880761134274014,362.67478159125,0.9248235985787127,0.5415143767031585,53.60368391607612,25.70471560543156
H3,map-random-01,7001,H3_map-random-01_seed307,2011,0.0,center,,success,1,0,0,77,2.9073535182705306,362.85788490561544,0.9243569192721649,0.6160583945860824,52.834256371857826,25.673320089445753
H3,map-random-01,7001,H3_map-random-01_seed307,2012,0.0,center,,success,1,0,0,77,2.8845813099909514,362.5411588455632,0.9251644632378083,0.5524758335897436,50.36206017197978,25.590100805593483
H3,map-random-01,7001,H3_map-random-01_seed307,2013,0.0,center,,success,1,0,0,77,2.8835714875250287,362.60106279951293,0.9250116203063127,0.5483578089496328,50.89142228290048,25.59785002856619
H3,map-random-01,7001,H3_map-random-01_seed307,2014,0.0,center,,success,1,0,0,77,2.8920855102705643,362.57613899427184,0.9250752064251736,0.5727224759215799,52.45183185904014,25.63794484683363
H3,map-random-01,7001,H3_map-random-01_seed307,2015,0.0,center,,success,1,0,0,77,2.983692254606095,363.3700211827708,0.9230541240942415,0.8537783039800075,52.621255637709055,25.708623753049977
H3,map-random-01,7001,H3_map-random-01_seed307,2016,0.0,center,,success,1,0,0,77,2.904744154260336,362.7787716328976,0.9245584991515879,0.6095380921380632,53.63870768859388,25.7222109705578
H3,map-random-01,7001,H3_map-random-01_seed307,2017,0.0,center,,success,1,0,0,78,1.6757218522886892,365.0188864493295,0.9188844990669512,0.9286377525582026,56.766956304557304,25.908617284742633
H3,map-random-01,7001,H3_map-random-01_seed307,2018,0.0,center,,success,1,0,0,77,2.988560605871678,363.50232516044497,0.9227181599922999,0.8670574743735671,53.60542760543322,25.78607129671869
H3,map-random-01,7001,H3_map-random-01_seed307,2019,0.0,center,,success,1,0,0,77,2.978156760343369,363.23734307297406,0.9233912840222072,0.8423981221845338,50.8141517990262,25.664251013103218
H3,map-random-01,7001,H3_map-random-01_seed307,2020,0.0,center,,success,1,0,0,77,2.95758613523435,362.99972944716643,0.9239957207014571,0.7863194465381156,50.80100977326374,25.633378241934526
H3,map-random-01,7001,H3_map-random-01_seed307,2021,0.0,center,,success,1,0,0,77,2.9093897560721076,362.9078053315055,0.9242297677190526,0.6213254275656159,50.359953142951355,25.60789934267992
H3,map-random-01,7001,H3_map-random-01_seed307,2022,0.0,center,,success,1,0,0,77,2.908849773668737,362.7157127371779,0.9247192356069921,0.6220824882812528,50.35752755837594,25.597529527171286
H3,map-random-01,7001,H3_map-random-01_seed307,2023,0.0,center,,success,1,0,0,77,2.9023929528438117,362.81930483695714,0.9244552099445047,0.6007617967047889,53.731537517791345,25.7189540668192
H3,map-random-01,7001,H3_map-random-01_seed307,2024,0.0,center,,success,1,0,0,77,2.8607253795855887,362.5385935589477,0.9251710096084758,0.5051745822031412,50.40318984657136,25.591714790384863
H3,map-random-01,7001,H3_map-random-01_seed307,2025,0.0,center,,success,1,0,0,77,2.863072019366748,362.5699087910461,0.9250911024121141,0.5069868174695357,50.400532063482714,25.59159683600548
H3,map-random-01,7001,H3_map-random-01_seed307,2026,0.0,center,,success,1,0,0,77,2.9536757430860536,363.1435560522386,0.9236297630370711,0.7734910851723669,54.00981967531795,25.767760824288388
H3,map-random-01,7001,H3_map-random-01_seed307,2027,0.0,center,,success,1,0,0,77,2.9387784117698668,362.92974450377807,0.9241738978533265,0.7246878415958093,50.47700828744214,25.619116011977116
H3,map-random-01,7001,H3_map-random-01_seed307,2028,0.0,center,,success,1,0,0,77,2.8822351806300737,362.76071562143795,0.9246045180233591,0.5440960592902503,54.63805213367519,25.77330606341863
H3,map-random-01,7001,H3_map-random-01_seed307,2029,0.0,center,,success,1,0,0,77,2.9263933874113883,362.9607952244743,0.9240948362412886,0.6804296634045102,50.406653505727036,25.617522796130153
H3,map-random-01,7001,H3_map-random-01_seed307,2030,0.0,center,,success,1,0,0,77,2.9873156744350253,363.290299337785,0.9232566827035099,0.8665436712637984,50.854330225566954,25.666634359019646
H3,map-random-01,7001,H3_map-random-01_seed307,2031,0.0,center,,success,1,0,0,77,2.9314668833879125,363.00399605193013,0.9239848604228198,0.7002937144352614,54.36144065777442,25.773109119377402
H3,map-random-01,7001,H3_map-random-01_seed307,2032,0.0,center,,success,1,0,0,77,2.991138753308132,363.35025569122126,0.9231043363018945,0.8743447306503356,50.869180525007636,25.670506588046113
H3,map-random-01,7001,H3_map-random-01_seed307,2033,0.0,center,,success,1,0,0,77,2.8705190328951393,362.771060781602,0.9245781510308908,0.5176947991734467,53.14196178504499,25.70832572713893
H3,map-random-01,7001,H3_map-random-01_seed307,2034,0.0,center,,success,1,0,0,78,1.6758039488790792,365.1623046036628,0.9185236055211492,0.920348546944254,59.10220820883143,26.022276330361592
H3,map-random-01,7001,H3_map-random-01_seed307,2035,0.0,center,,success,1,0,0,77,2.904535406623965,362.76448669620805,0.9245949064078397,0.6072797648024103,50.789555977449375,25.604422305036998
H3,map-random-01,7001,H3_map-random-01_seed307,2036,0.0,center,,success,1,0,0,77,2.9356336002093957,362.86806547259766,0.9243309856659109,0.7149762063191645,50.46280519887437,25.61218488355544
H3,map-random-01,7001,H3_map-random-01_seed307,2037,0.0,center,,success,1,0,0,77,2.899606999344805,362.8427791013088,0.9243954019305951,0.5896394663601972,51.23414610051597,25.61300023530468
H3,map-random-01,7001,H3_map-random-01_seed307,2038,0.0,center,,success,1,0,0,77,2.8781372256901614,362.5730117795498,0.9250831852562243,0.5358961242010971,50.36052942859139,25.592945971920177
H3,map-random-01,7001,H3_map-random-01_seed307,2039,0.0,center,,success,1,0,0,77,2.9608822751633213,363.0411880496093,0.9238902021748975,0.7958150458709667,50.66697135103058,25.639096374370656
H3,map-random-01,7001,H3_map-random-01_seed307,2040,0.0,center,,success,1,0,0,77,2.8642126404664405,362.49164694759975,0.9252908293179345,0.5138765816783959,52.308452937689886,25.634502791554564
H3,map-random-01,7001,H3_map-random-01_seed307,2041,0.0,center,,success,1,0,0,77,2.9158441041996404,362.7437622400469,0.9246477308216526,0.6457858158105007,50.37631703003655,25.599418603419092
H3,map-random-01,7001,H3_map-random-01_seed307,2042,0.0,center,,success,1,0,0,77,2.970584196784019,363.0595186309198,0.9238435557061949,0.8257682053070852,50.7751158281758,25.645860868769855
H3,map-random-01,7001,H3_map-random-01_seed307,2043,0.0,center,,success,1,0,0,77,2.9246931650672736,362.8783105766437,0.9243048891292894,0.6776827558833105,54.39138132304711,25.757987889074784
H3,map-random-01,7001,H3_map-random-01_seed307,2044,0.0,center,,success,1,0,0,77,2.8761741223002337,362.5363974734033,0.9251766138862653,0.5333683649931463,51.800921383542835,25.616451219027862
H3,map-random-01,7001,H3_map-random-01_seed307,2045,0.0,center,,success,1,0,0,77,2.8681635520909636,362.59903031958083,0.9250168052830997,0.5141652394321379,50.38496294976337,25.592483465524978
H3,map-random-01,7001,H3_map-random-01_seed307,2046,0.0,center,,success,1,0,0,77,2.863144906258698,362.57469246959647,0.9250788970967524,0.5067999369099814,50.39985607712078,25.590806075328274
H3,map-random-01,7001,H3_map-random-01_seed307,2047,0.0,center,,success,1,0,0,77,2.932236097553777,363.05203562956683,0.9238625973914049,0.7021578995684905,53.46523134563648,25.73771958161077
H3,map-random-01,7001,H3_map-random-01_seed307,2048,0.0,center,,success,1,0,0,77,2.863782835453342,362.574075089006,0.9250804722941948,0.507900996891581,50.3987745415336,25.59191091703708
H3,map-random-01,7001,H3_map-random-01_seed307,2049,0.0,center,,success,1,0,0,77,2.897599502548107,362.58278103585485,0.9250582602591949,0.5880802620977215,50.3666504927701,25.589350287850802
H3,map-random-01,7001,H3_map-random-01_seed307,2050,0.0,center,,success,1,0,0,77,2.9516299858481596,362.9796322897139,0.9240468797358284,0.7672497464256622,50.57971756801819,25.628273200626822
H3,map-random-01,7001,H3_map-random-01_seed307,2001,0.5,center,,success,1,0,0,78,2.0621974747983076,364.86751792012234,0.919265706459508,1.005949129203458,53.99687876411915,26.233949433602678
H3,map-random-01,7001,H3_map-random-01_seed307,2002,0.5,center,,success,1,0,0,77,2.6722762972968708,363.2750255284266,0.9232955008043137,0.889295445399936,47.89295255033143,25.765408607232
H3,map-random-01,7001,H3_map-random-01_seed307,2003,0.5,center,,success,1,0,0,77,2.8674989542601748,362.40545399249254,0.9255108965107262,0.5064137472514432,51.97968213778652,25.635569930652622
H3,map-random-01,7001,H3_map-random-01_seed307,2004,0.5,center,,success,1,0,0,78,2.3886551317511717,364.3995630150787,0.9204462097861774,1.0043719216585885,52.9107415152734,25.92277200881306
H3,map-random-01,7001,H3_map-random-01_seed307,2005,0.5,center,,success,1,0,0,78,1.7989562450250611,365.25862105235626,0.9182813965036863,0.7122058681958805,55.627604336526005,26.133407261220547
H3,map-random-01,7001,H3_map-random-01_seed307,2006,0.5,center,,success,1,0,0,77,2.502584601077876,363.97277385307007,0.9215255115767756,1.3977919495669067,48.288115150438024,25.709296239813717
H3,map-random-01,7001,H3_map-random-01_seed307,2007,0.5,center,,success,1,0,0,77,2.815951363029732,363.5556454901327,0.9225828309522754,0.6309186574199265,53.545838140908465,25.931847002915262
H3,map-random-01,7001,H3_map-random-01_seed307,2008,0.5,center,,success,1,0,0,78,1.6949276357006104,364.9092442315327,0.9191605910979683,0.8848519008840146,53.16818573143821,25.77384783751534
H3,map-random-01,7001,H3_map-random-01_seed307,2009,0.5,center,,success,1,0,0,77,2.892367565689329,363.2665042321208,0.9233171589380764,0.6525272676762626,52.65619392773487,25.73026998543722
H3,map-random-01,7001,H3_map-random-01_seed307,2010,0.5,center,,success,1,0,0,77,2.7263119021172844,362.92833493004406,0.9241774872430949,0.5511791771151306,52.19979053953615,25.92456516748236
H3,map-random-01,7001,H3_map-random-01_seed307,2011,0.5,center,,success,1,0,0,78,1.744284054493966,364.47551467889474,0.9202544015075115,0.7536342833714629,58.539500251459735,25.9175957055744
H3,map-random-01,7001,H3_map-random-01_seed307,2012,0.5,center,,success,1,0,0,77,2.6256960127308666,362.8705060789009,0.9243247687703734,0.9052722779399416,50.359673726125145,25.666839582641714
H3,map-random-01,7001,H3_map-random-01_seed307,2013,0.5,center,,success,1,0,0,78,1.8651003909153778,363.8670813916188,0.9217931870676065,0.45434578248601554,53.78324569309876,25.694240069972906
H3,map-random-01,7001,H3_map-random-01_seed307,2014,0.5,center,,success,1,0,0,78,1.8484548356750048,366.1599892335434,0.9160208829125726,3.0070467057021233,52.42089420524551,26.20482551838111
H3,map-random-01,7001,H3_map-random-01_seed307,2015,0.5,center,,success,1,0,0,78,2.122227188721155,364.5859714240685,0.9199755967429581,1.7346198904751304,51.77026008091755,25.78403791314831
H3,map-random-01,7001,H3_map-random-01_seed307,2016,0.5,center,,success,1,0,0,78,1.6100645025434277,365.5147736033742,0.9176378654093127,2.1677285788451237,51.72483660884123,26.208088128001844
H3,map-random-01,7001,H3_map-random-01_seed307,2017,0.5,center,,success,1,0,0,77,2.8037417320843505,364.10498533859754,0.9211908930965488,1.2891702075000646,47.003508970093016,25.72526615848312
H3,map-random-01,7001,H3_map-random-01_seed307,2018,0.5,center,,success,1,0,0,78,2.194207050244368,365.0240369460504,0.9188715335876394,1.507918750706338,55.056137829263015,25.97408744765257
H3,map-random-01,7001,H3_map-random-01_seed307,2019,0.5,center,,success,1,0,0,77,2.387888525485091,364.03974428905207,0.9213559834792342,0.7935422123146537,46.88686160473694,25.83627944959351
H3,map-random-01,7001,H3_map-random-01_seed307,2020,0.5,center,,success,1,0,0,78,2.496253946465001,364.36583042759503,0.9205314236830435,1.4621338757207951,52.424054194519,25.892803441547557
H3,map-random-01,7001,H3_map-random-01_seed307,2021,0.5,center,,success,1,0,0,78,1.6916198878034652,364.559596592991,0.9200421543132052,1.0317344790332328,52.3121559412576,25.761374667636872
H3,map-random-01,7001,H3_map-random-01_seed307,2022,0.5,center,,success,1,0,0,78,2.055574207742565,363.81995860386576,0.9219125798158029,0.6161227686398547,53.32538898546862,25.69912245092158
H3,map-random-01,7001,H3_map-random-01_seed307,2023,0.5,center,,success,1,0,0,78,1.9467678731236833,366.96548117909487,0.9140102102989734,3.1190943991174436,52.954466403047775,26.18203891297007
H3,map-random-01,7001,H3_map-random-01_seed307,2024,0.5,center,,success,1,0,0,78,2.111030140628781,363.6834068488865,0.922258729181819,0.5795524604944964,57.584794840000946,25.83320353227035
H3,map-random-01,7001,H3_map-random-01_seed307,2025,0.5,center,,success,1,0,0,77,2.875980739819358,363.5933547560213,0.9224871473518422,2.123457354386858,48.315145751161644,25.925013102700266
H3,map-random-01,7001,H3_map-random-01_seed307,2026,0.5,center,,success,1,0,0,77,2.5350939400003236,363.47850089081373,0.9227786397350726,0.5691923164927646,54.300152186248766,25.95679294422663
H3,map-random-01,7001,H3_map-random-01_seed307,2027,0.5,center,,success,1,0,0,77,2.5234841643026233,364.3069134676102,0.9206802951731223,1.4752061979161872,46.07910790056867,25.97008250498936
H3,map-random-01,7001,H3_map-random-01_seed307,2028,0.5,center,,success,1,0,0,78,2.518535218380997,364.1163401818515,0.9211621660743204,1.1138648961957216,54.846601888056306,26.17322620198894
H3,map-random-01,7001,H3_map-random-01_seed307,2029,0.5,center,,success,1,0,0,77,2.7629413000418186,363.61136345314316,0.9224414590337499,0.4642928629730818,50.38990117403403,26.1602405940233
H3,map-random-01,7001,H3_map-random-01_seed307,2030,0.5,center,,success,1,0,0,78,2.139566585030618,364.8034539603699,0.9194271407896414,0.7885500839371247,52.621191996925866,25.927299282866088
H3,map-random-01,7001,H3_map-random-01_seed307,2031,0.5,center,,success,1,0,0,78,2.259801616769844,364.10508358020485,0.9211906445439247,1.7284071904521454,55.58241196575087,25.8108877848507
H3,map-random-01,7001,H3_map-random-01_seed307,2032,0.5,center,,success,1,0,0,78,2.1655448879506296,365.2450315842324,0.9183155624873067,1.3527030488225051,50.629811404885174,26.057638547598305
H3,map-random-01,7001,H3_map-random-01_seed307,2033,0.5,center,,success,1,0,0,77,2.5269205708870754,364.3496870854017,0.9205722099230185,2.461791793973873,51.4805727503772,26.048309765380974
H3,map-random-01,7001,H3_map-random-01_seed307,2034,0.5,center,,success,1,0,0,77,2.436817888943319,364.44431387632227,0.9203331863171645,1.3459202609849978,50.72523267335698,25.870239630140293
H3,map-random-01,7001,H3_map-random-01_seed307,2035,0.5,center,,success,1,0,0,77,2.8626495017967835,362.57894579374226,0.9250680452244762,0.8488971067017559,51.416900936842126,25.43654063015171
H3,map-random-01,7001,H3_map-random-01_seed307,2036,0.5,center,,success,1,0,0,78,1.9189248617439862,366.31800476396137,0.9156257466544445,3.0182658456545255,49.89312279636631,26.037680128948278
H3,map-random-01,7001,H3_map-random-01_seed307,2037,0.5,center,,success,1,0,0,78,1.8299715553199265,365.63702890661153,0.9173310417382169,2.966748314896847,52.321050585785954,26.091834468702103
H3,map-random-01,7001,H3_map-random-01_seed307,2038,0.5,center,,success,1,0,0,78,2.266632192824999,363.6164579799869,0.9224285349686486,1.0860274877990008,53.74279309029307,25.62331979004423
H3,map-random-01,7001,H3_map-random-01_seed307,2039,0.5,center,,success,1,0,0,78,2.009892113376194,364.4485757115059,0.9203224240077044,0.870421672759008,51.20159349428349,25.683036358065166
H3,map-random-01,7001,H3_map-random-01_seed307,2040,0.5,center,,success,1,0,0,78,2.019849231519071,363.9236584411669,0.9216498813560702,0.6774078839497858,52.99737197741682,25.595704639025882
H3,map-random-01,7001,H3_map-random-01_seed307,2041,0.5,center,,success,1,0,0,78,2.1633899644253898,363.9088834285533,0.9216873011313009,0.8878957844220707,52.098262187812196,25.803557356331158
H3,map-random-01,7001,H3_map-random-01_seed307,2042,0.5,center,,success,1,0,0,78,2.558732623820512,364.6814077384618,0.9197348411726936,1.523687066556974,50.34232402886912,26.054226281616536
H3,map-random-01,7001,H3_map-random-01_seed307,2043,0.5,center,,success,1,0,0,77,2.781244556882875,363.11709725882827,0.9236970639966577,0.8446355073206229,51.34705016921311,25.710100442270573
H3,map-random-01,7001,H3_map-random-01_seed307,2044,0.5,center,,collision,0,1,0,59,77.9291662996403,284.0558744365289,nan,1.1110859333120118,47.119078592389066,22.725405601711348
H3,map-random-01,7001,H3_map-random-01_seed307,2045,0.5,center,,success,1,0,0,78,1.755488240472789,365.08907277456586,0.9187078486790992,2.1456475044694283,48.2957020942107,25.968448449962974
H3,map-random-01,7001,H3_map-random-01_seed307,2046,0.5,center,,success,1,0,0,78,2.0198351845649087,363.75581582998825,0.9220751449970825,0.42164246751383344,54.47668815783749,25.619711586936727
H3,map-random-01,7001,H3_map-random-01_seed307,2047,0.5,center,,success,1,0,0,78,1.8454761031960318,364.53290004600274,0.9201095335500332,1.07556608542464,55.766998762307345,25.841413488026678
H3,map-random-01,7001,H3_map-random-01_seed307,2048,0.5,center,,success,1,0,0,78,2.1915933758286457,363.8343609792013,0.9218760859262062,0.7810494210558261,52.12445401845885,25.51174852305318
H3,map-random-01,7001,H3_map-random-01_seed307,2049,0.5,center,,success,1,0,0,78,1.9380997320209188,363.75659314843523,0.922073174597004,0.8557561055862237,57.687981127368644,25.723195302424976
H3,map-random-01,7001,H3_map-random-01_seed307,2050,0.5,center,,success,1,0,0,77,2.8175438226336915,363.4354336135692,0.9228879894567484,0.8516621940482847,48.18989223091444,25.798057562825544
H3,map-random-01,7001,H3_map-random-01_seed307,2001,1.5,center,,collision,0,1,0,59,79.32439274748184,283.3919142760859,nan,-0.1368710913316704,49.38937341354417,22.81414351033007
H3,map-random-01,7001,H3_map-random-01_seed307,2002,1.5,center,,success,1,0,0,78,2.036084893780128,365.8659244970552,0.9167571346963966,2.8282946580261523,50.20101434782332,26.202992924330363
H3,map-random-01,7001,H3_map-random-01_seed307,2003,1.5,center,,collision,0,1,0,59,76.30153822015113,285.9448906757742,nan,0.4037007738910461,54.000118805337955,22.682239121100444
H3,map-random-01,7001,H3_map-random-01_seed307,2004,1.5,center,,collision,0,1,0,59,78.15266211560642,284.6732051008099,nan,1.59269532585013,46.512777229873116,22.351772470745072
H3,map-random-01,7001,H3_map-random-01_seed307,2005,1.5,center,,success,1,0,0,78,2.8491704086399903,365.54548022498597,0.9175607818171632,0.7634410211291494,52.39502633359141,26.876160911426293
H3,map-random-01,7001,H3_map-random-01_seed307,2006,1.5,center,,success,1,0,0,77,1.2856305039228462,365.1792424868842,0.9184810022081555,2.6121438356195767,48.160895839821606,25.637860151433607
H3,map-random-01,7001,H3_map-random-01_seed307,2007,1.5,center,,success,1,0,0,78,1.4680812542193924,366.0388657161725,0.9163239973676632,0.8010597043074135,55.000351716363014,26.413684936956923
H3,map-random-01,7001,H3_map-random-01_seed307,2008,1.5,center,,success,1,0,0,78,2.5414866542607153,366.3597961936991,0.9155212993066325,3.120057316580713,50.3159862329476,25.871507899445294
H3,map-random-01,7001,H3_map-random-01_seed307,2009,1.5,center,,success,1,0,0,77,2.6623127022263766,363.5552991022259,0.9225837099699558,0.5461879269066113,52.082748676760936,25.84569128443902
H3,map-random-01,7001,H3_map-random-01_seed307,2010,1.5,center,,success,1,0,0,77,2.416478103705731,364.3349244283968,0.920609511018445,1.7335519443938665,49.0541121833998,26.496517975296186
H3,map-random-01,7001,H3_map-random-01_seed307,2011,1.5,center,,success,1,0,0,78,2.703674931400243,363.9784496595997,0.9215111414938196,1.0288441250241418,53.92217333309302,25.7326889179248
H3,map-random-01,7001,H3_map-random-01_seed307,2012,1.5,center,,success,1,0,0,77,2.301231410318655,364.7836937459842,0.9194769458596748,2.741693199810328,51.71573220451817,26.00532421342177
H3,map-random-01,7001,H3_map-random-01_seed307,2013,1.5,center,,collision,0,1,0,59,76.22220782549967,285.77797701106505,nan,0.27362110251748106,53.926757186474845,22.087085183008455
H3,map-random-01,7001,H3_map-random-01_seed307,2014,1.5,center,,success,1,0,0,78,2.023366648568417,368.55409041147925,0.9100704763593679,2.769697938284827,51.34233324927853,26.496354399533672
H3,map-random-01,7001,H3_map-random-01_seed307,2015,1.5,center,,collision,0,1,0,59,81.4451391720115,280.67462920748136,nan,-0.1644192665950044,42.59938061880242,21.565657825748502
H3,map-random-01,7001,H3_map-random-01_seed307,2016,1.5,center,,success,1,0,0,79,2.325883457967694,369.34536047014956,0.908120779419067,1.4150162389684386,49.03968783271398,26.551672499538263
H3,map-random-01,7001,H3_map-random-01_seed307,2017,1.5,center,,success,1,0,0,77,2.547057971562775,364.9989659446367,0.9189346489158101,2.0162793872565885,49.90296723621269,25.927822405063033
H3,map-random-01,7001,H3_map-random-01_seed307,2018,1.5,center,,collision,0,1,0,59,79.6951582209383,282.6925363309984,nan,0.17406728149347828,49.96347855084893,22.220789219496975
H3,map-random-01,7001,H3_map-random-01_seed307,2019,1.5,center,,success,1,0,0,77,2.8586007926632355,367.29116220522894,0.9131997476093734,2.8127256392264286,49.7073278488321,26.011166006801083
H3,map-random-01,7001,H3_map-random-01_seed307,2020,1.5,center,,collision,0,1,0,59,79.8121682196559,282.4658919447069,nan,0.21235063359898732,45.299892696273304,22.32785579520121
H3,map-random-01,7001,H3_map-random-01_seed307,2021,1.5,center,,success,1,0,0,79,2.170589655536783,365.4956471278488,0.9176858856205294,1.929514542436678,50.343671177902216,26.04137650521314
H3,map-random-01,7001,H3_map-random-01_seed307,2022,1.5,center,,collision,0,1,0,59,77.1985127220372,284.5361276639339,nan,0.7534742115339128,54.072808456624486,22.299457768637403
H3,map-random-01,7001,H3_map-random-01_seed307,2023,1.5,center,,success,1,0,0,94,2.916931423204505,381.5517596125859,0.8790686667662916,2.4422211677278245,61.34219825659797,25.41773731452874
H3,map-random-01,7001,H3_map-random-01_seed307,2024,1.5,center,,success,1,0,0,79,2.2217563994659386,363.8297235867975,0.9218878362062985,0.7685727313232604,58.287725892024234,25.857131385156183
H3,map-random-01,7001,H3_map-random-01_seed307,2025,1.5,center,,success,1,0,0,76,2.9613892680600475,362.7391054450669,0.924659601322645,1.5596916828047256,48.822074046299704,26.13011396308954
H3,map-random-01,7001,H3_map-random-01_seed307,2026,1.5,center,,success,1,0,0,77,1.2529004187538677,365.4573724710215,0.9177819956322387,2.361975077669527,55.962312978392816,26.355141766435683
H3,map-random-01,7001,H3_map-random-01_seed307,2027,1.5,center,,success,1,0,0,77,1.963386461398988,366.9725818773134,0.9139925247524435,2.0130086120740174,48.49366973496456,26.1173335296913
H3,map-random-01,7001,H3_map-random-01_seed307,2028,1.5,center,,collision,0,1,0,59,79.69246581059906,281.8276156704332,nan,-0.042465224485340514,49.905145930615056,22.176414704383397
H3,map-random-01,7001,H3_map-random-01_seed307,2029,1.5,center,,success,1,0,0,78,1.618151106519534,366.61984162253583,0.9148719151166397,0.9730930075517108,45.21394525520533,26.69234064925776
H3,map-random-01,7001,H3_map-random-01_seed307,2030,1.5,center,,collision,0,1,0,58,81.80757826122306,280.03957813437563,nan,-0.4021470837579102,36.79732989707173,22.216515998682674
H3,map-random-01,7001,H3_map-random-01_seed307,2031,1.5,center,,collision,0,1,0,59,81.46251028214773,279.43424874015534,nan,-0.05192300785184045,50.81035262774554,21.162107541638967
H3,map-random-01,7001,H3_map-random-01_seed307,2032,1.5,center,,collision,0,1,0,59,79.54123630429007,283.57659498869606,nan,0.6774235644700184,45.12687735482403,22.334121530415736
H3,map-random-01,7001,H3_map-random-01_seed307,2033,1.5,center,,success,1,0,0,76,1.6924257232770914,364.04184775849836,0.9213506597941349,0.8349438501083503,50.850435858279894,25.902856872824852
H3,map-random-01,7001,H3_map-random-01_seed307,2034,1.5,center,,success,1,0,0,76,2.8416978600178937,364.168827204348,0.9210294005663421,1.9664921378521711,51.91665548346528,25.841897681413155
H3,map-random-01,7001,H3_map-random-01_seed307,2035,1.5,center,,success,1,0,0,78,1.4210597734012331,364.2231822563376,0.9208919502243798,1.3306520533968893,53.5385207318954,25.12778977062622
H3,map-random-01,7001,H3_map-random-01_seed307,2036,1.5,center,,success,1,0,0,78,2.658867452322545,368.5282980719187,0.9101341698311396,2.536460246016913,48.54770440125759,26.224324070020206
H3,map-random-01,7001,H3_map-random-01_seed307,2037,1.5,center,,success,1,0,0,77,2.1011301925753942,365.41855476076813,0.917879489848441,2.2538237219021537,52.25607737429408,26.121197775920354
H3,map-random-01,7001,H3_map-random-01_seed307,2038,1.5,center,,success,1,0,0,79,2.6922202275220792,363.98409381398665,0.9214968519926017,2.4527294703651563,52.4870997902983,25.411039313636532
H3,map-random-01,7001,H3_map-random-01_seed307,2039,1.5,center,,success,1,0,0,79,2.4166830831955015,364.88127210931276,0.9192310547648079,1.0503856404500072,52.550823004825,25.68770818969526
H3,map-random-01,7001,H3_map-random-01_seed307,2040,1.5,center,,success,1,0,0,78,2.3236550805339444,363.33127596071427,0.9231525575057712,0.838162837631515,63.42104726343705,25.52866760807431
H3,map-random-01,7001,H3_map-random-01_seed307,2041,1.5,center,,collision,0,1,0,59,78.03447941726071,283.4873647011497,nan,0.9756599272020736,45.57125194455357,22.353720216740076
H3,map-random-01,7001,H3_map-random-01_seed307,2042,1.5,center,,collision,0,1,0,59,80.30926535043358,282.7974147713846,nan,0.3292041795275509,43.95508429427246,22.50026064370812
H3,map-random-01,7001,H3_map-random-01_seed307,2043,1.5,center,,success,1,0,0,78,1.5705310265525123,365.54647093715823,0.9175582950235333,2.9258004380009197,56.170146093082565,26.012630430681476
H3,map-random-01,7001,H3_map-random-01_seed307,2044,1.5,center,,collision,0,1,0,60,78.90093546291479,283.5054063299956,nan,0.13303807522225952,42.23890822433411,21.86083966481812
H3,map-random-01,7001,H3_map-random-01_seed307,2045,1.5,center,,success,1,0,0,78,2.7484901260238086,366.5471225565113,0.9150534160127192,1.6989387795117643,46.522574501910185,26.044086086953875
H3,map-random-01,7001,H3_map-random-01_seed307,2046,1.5,center,,success,1,0,0,78,2.2495827647109197,362.59381550495937,0.9250301088502182,0.461588631627194,60.00334243389408,25.450131828742485
H3,map-random-01,7001,H3_map-random-01_seed307,2047,1.5,center,,collision,0,1,0,59,78.18282430873514,283.6156009929602,nan,1.0828040011915192,48.27861823559761,22.137667147888905
H3,map-random-01,7001,H3_map-random-01_seed307,2048,1.5,center,,success,1,0,0,78,2.7227108771150075,362.99959862835675,0.9239960536936168,1.385916194640572,55.647647764605594,25.15691006693411
H3,map-random-01,7001,H3_map-random-01_seed307,2049,1.5,center,,success,1,0,0,78,2.2732793687754462,362.9602581447611,0.9240962036433071,1.3390893619121869,54.84759324496172,25.146524705179743
H3,map-random-01,7001,H3_map-random-01_seed307,2050,1.5,center,,success,1,0,0,78,2.8503855260985227,366.8621486802127,0.9142676556619627,2.969956449839671,46.65686777641506,26.287978783025814
H3,map-random-01,7001,H3_map-random-01_seed307,2001,2.0,center,,collision,0,1,0,59,80.6846651374533,281.5556577814639,nan,-1.5096114015614432,45.59216874509095,22.389256989195285
H3,map-random-01,7001,H3_map-random-01_seed307,2002,2.0,center,,success,1,0,0,78,2.9469124375304556,366.80793387826344,0.914402785890353,2.344655993850864,52.8518403805287,26.320887970343456
H3,map-random-01,7001,H3_map-random-01_seed307,2003,2.0,center,,collision,0,1,0,59,76.35594687081675,285.8665728925815,nan,0.3908932776230074,54.606774967656825,22.752286657891688
H3,map-random-01,7001,H3_map-random-01_seed307,2004,2.0,center,,collision,0,1,0,59,79.13210879390247,283.79613017677957,nan,1.4356689377257226,47.249191144597745,22.175521779450445
H3,map-random-01,7001,H3_map-random-01_seed307,2005,2.0,center,,success,1,0,0,79,2.25550789457604,367.2625459878354,0.9132709019451117,1.2015891168552952,53.81700595473144,26.89680452234602
H3,map-random-01,7001,H3_map-random-01_seed307,2006,2.0,center,,success,1,0,0,76,2.798239827270374,363.8165912941577,0.9219211125909821,1.777493645335568,43.17627362147713,25.669679673973945
H3,map-random-01,7001,H3_map-random-01_seed307,2007,2.0,center,,success,1,0,0,78,1.621423775924033,366.5600725467829,0.9150210886161397,1.0681286761808837,52.095559672117126,26.32062835996872
H3,map-random-01,7001,H3_map-random-01_seed307,2008,2.0,center,,success,1,0,0,78,2.4284240923247618,366.73805232997734,0.9145770243748221,2.536028325290232,50.833795160543204,25.76430071523898
H3,map-random-01,7001,H3_map-random-01_seed307,2009,2.0,center,,success,1,0,0,77,2.5577579209955026,363.70663896392625,0.9221998190091759,0.6432430928541674,51.71666494303642,25.912570241306497
H3,map-random-01,7001,H3_map-random-01_seed307,2010,2.0,center,,success,1,0,0,77,2.568900056212819,365.65901791733984,0.9172758777708873,2.4039575333628136,49.82774362047384,26.614063325644256
H3,map-random-01,7001,H3_map-random-01_seed307,2011,2.0,center,,success,1,0,0,78,2.884483386989297,364.0886527658935,0.9212322165959809,1.1256503255165808,54.49798242485094,25.557135912471953
H3,map-random-01,7001,H3_map-random-01_seed307,2012,2.0,center,,success,1,0,0,77,1.3256824728778995,364.81674975361,0.9193936321495597,2.1268429098391124,52.93884884544171,25.90498092609527
H3,map-random-01,7001,H3_map-random-01_seed307,2013,2.0,center,,collision,0,1,0,59,76.25638056569818,285.57890158478466,nan,0.18348768833983797,57.26717839210286,22.138769490955962
H3,map-random-01,7001,H3_map-random-01_seed307,2014,2.0,center,,success,1,0,0,76,1.7688281759933093,365.0043248908644,0.9189211572363026,2.5534016550439986,50.60305837634208,26.403709019262937
H3,map-random-01,7001,H3_map-random-01_seed307,2015,2.0,center,,collision,0,1,0,60,78.25777483426474,284.0273824431828,nan,1.1083323414424626,49.50869179475775,21.513291944684244
H3,map-random-01,7001,H3_map-random-01_seed307,2016,2.0,center,,success,1,0,0,81,2.4303937917791085,372.6657499317664,0.9000295752598159,2.630810627774622,49.59060867717964,26.786941562207467
H3,map-random-01,7001,H3_map-random-01_seed307,2017,2.0,center,,success,1,0,0,78,2.863227722884776,366.99376418747164,0.9139397705232689,0.7115380396691954,49.854286238051884,26.18018935357674
H3,map-random-01,7001,H3_map-random-01_seed307,2018,2.0,center,,collision,0,1,0,59,81.20355561031646,281.043600128349,nan,-0.36814365202634747,47.643570156727705,21.733194797098783
H3,map-random-01,7001,H3_map-random-01_seed307,2019,2.0,center,,success,1,0,0,77,2.2051803114439417,367.5710408444767,0.9125044123562611,2.2799838449970338,51.275464342997736,26.098703194627102
H3,map-random-01,7001,H3_map-random-01_seed307,2020,2.0,center,,collision,0,1,0,59,81.09843611427605,281.0051538168961,nan,-0.4636148945510854,41.52694295297488,22.050390627473018
H3,map-random-01,7001,H3_map-random-01_seed307,2021,2.0,center,,success,1,0,0,79,2.2079395987989523,364.88769987361206,0.9192148618359735,2.324087380435273,48.24710743691904,25.927107010142393
H3,map-random-01,7001,H3_map-random-01_seed307,2022,2.0,center,,collision,0,1,0,59,77.26231813175681,284.09063372956837,nan,0.6074444783301374,51.25430157266494,22.265656231239454
H3,map-random-01,7001,H3_map-random-01_seed307,2023,2.0,center,,success,1,0,0,93,2.8526784844125044,383.350622330816,0.874943660155384,2.7427794551846176,66.77686818660567,25.879853250685823
H3,map-random-01,7001,H3_map-random-01_seed307,2024,2.0,center,,success,1,0,0,79,2.503092208745447,363.59458813311596,0.9224840181124234,0.861417220531635,62.55856509085153,25.7071818633996
H3,map-random-01,7001,H3_map-random-01_seed307,2025,2.0,center,,success,1,0,0,76,2.9358765781478313,364.6672676226879,0.9197705042504912,1.3358413381091185,46.43110726013906,26.272278744036257
H3,map-random-01,7001,H3_map-random-01_seed307,2026,2.0,center,,success,1,0,0,76,2.1982242282332245,363.37530561667796,0.923040700456377,1.6069770925769546,60.93749382795694,26.442923575084148
H3,map-random-01,7001,H3_map-random-01_seed307,2027,2.0,center,,success,1,0,0,93,2.9375814334607298,382.96895441525425,0.8758156314187345,0.9237843590824986,58.025177379251296,25.79745074893078
H3,map-random-01,7001,H3_map-random-01_seed307,2028,2.0,center,,collision,0,1,0,59,81.52869081973401,279.2750937944741,nan,-0.5666075222651443,44.08825707947722,21.599876013640575
H3,map-random-01,7001,H3_map-random-01_seed307,2029,2.0,center,,success,1,0,0,78,2.271583421296631,367.5924290888902,0.9124513185875777,1.2860464708668928,45.77525920637043,26.85790159998817
H3,map-random-01,7001,H3_map-random-01_seed307,2030,2.0,center,,collision,0,1,0,58,82.18557417840397,279.68734132525515,nan,-0.420921395648989,36.553641855269994,22.170088989398348
H3,map-random-01,7001,H3_map-random-01_seed307,2031,2.0,center,,collision,0,1,0,60,78.05558054730041,282.3939878254837,nan,0.7132444550992432,54.52548037972232,21.018216417663538
H3,map-random-01,7001,H3_map-random-01_seed307,2032,2.0,center,,collision,0,1,0,59,80.81113403583889,282.2696252063137,nan,-0.5204665207472061,42.25472021860918,22.061868205592354
H3,map-random-01,7001,H3_map-random-01_seed307,2033,2.0,center,,success,1,0,0,77,2.6684146611068966,368.181706311771,0.9109909342995655,2.690979395539671,53.717975365927295,26.16909741958903
H3,map-random-01,7001,H3_map-random-01_seed307,2034,2.0,center,,success,1,0,0,76,2.5135903669368402,365.1391239508039,0.9185819174780053,1.082272811735435,52.361836823583765,25.98856244124135
H3,map-random-01,7001,H3_map-random-01_seed307,2035,2.0,center,,success,1,0,0,78,1.5270126590578246,364.31117108977895,0.9206695353909742,1.5814347259072008,54.84477320513454,25.019072169799372
H3,map-random-01,7001,H3_map-random-01_seed307,2036,2.0,center,,success,1,0,0,76,2.4824335278107106,364.50946347467567,0.9201686930914789,1.6184036885888133,54.015387918668225,26.362278305580382
H3,map-random-01,7001,H3_map-random-01_seed307,2037,2.0,center,,success,1,0,0,77,1.555789843320436,365.6829262577894,0.9172159062972493,3.052790244427868,52.21799085134842,26.11234919117543
H3,map-random-01,7001,H3_map-random-01_seed307,2038,2.0,center,,success,1,0,0,79,2.4809461314647057,363.8523116656856,0.9218306050866862,2.1724003349589225,56.28999749348247,25.2331889515929
H3,map-random-01,7001,H3_map-random-01_seed307,2039,2.0,center,,success,1,0,0,79,2.5318328542861273,364.66197120755413,0.919783863160394,1.1069522548009099,58.25734606531444,25.687744757282193
H3,map-random-01,7001,H3_map-random-01_seed307,2040,2.0,center,,success,1,0,0,78,2.3453216273784077,363.19854569651494,0.9234899219702104,1.0349295439621111,66.48714680088874,25.62887051074612
H3,map-random-01,7001,H3_map-random-01_seed307,2041,2.0,center,,collision,0,1,0,59,78.8201908584022,282.61151573208366,nan,0.6366302263161288,46.386976791624136,22.23172118402311
H3,map-random-01,7001,H3_map-random-01_seed307,2042,2.0,center,,collision,0,1,0,60,76.91236274492823,286.9272216165781,nan,0.8187745877789183,42.92906363185584,22.67380634824439
H3,map-random-01,7001,H3_map-random-01_seed307,2043,2.0,center,,success,1,0,0,78,1.570943134042168,366.23615465255904,0.9158303798355611,2.780495736182118,55.70666762343103,25.85571738141802
H3,map-random-01,7001,H3_map-random-01_seed307,2044,2.0,center,,collision,0,1,0,60,81.61725792274814,279.6539578869435,nan,-0.988123311552755,38.14600320428727,21.1370291906033
H3,map-random-01,7001,H3_map-random-01_seed307,2045,2.0,center,,success,1,0,0,79,2.9007332206583754,368.51867422411493,0.910157937942077,1.7725610257275835,47.718499891311545,26.25260886416825
H3,map-random-01,7001,H3_map-random-01_seed307,2046,2.0,center,,collision,0,1,0,58,80.18044854109661,280.55592135952094,nan,0.5637877861705078,50.20563811075893,21.550038655002837
H3,map-random-01,7001,H3_map-random-01_seed307,2047,2.0,center,,collision,0,1,0,59,78.65886112315052,282.76499281455773,nan,0.55551889258345,51.423219514032866,22.04927552753391
H3,map-random-01,7001,H3_map-random-01_seed307,2048,2.0,center,,success,1,0,0,78,2.870121242596344,362.7146102631822,0.9247220462985986,1.6196832278941002,55.403272915220306,24.9447615931121
H3,map-random-01,7001,H3_map-random-01_seed307,2049,2.0,center,,success,1,0,0,78,2.415933791936273,362.65455690098315,0.9248751745770747,1.6271445436941434,58.42342094937032,25.00483163922573
H3,map-random-01,7001,H3_map-random-01_seed307,2050,2.0,center,,success,1,0,0,80,2.7028090622161067,371.00851147977846,0.9040498701422642,2.325312637236294,47.799359727086284,26.616590164805046
H3,map-random-01,7001,H3_map-random-01_seed401,2001,0.0,center,,success,1,0,0,96,2.8410646555308827,424.17064099598474,0.7907435456574741,23.017776185660992,49.02936549618225,27.32426403393792
H3,map-random-01,7001,H3_map-random-01_seed401,2002,0.0,center,,success,1,0,0,96,2.903565646784193,424.3383337732179,0.790431054490175,22.87099881228979,50.444853737254995,27.44879566758278
H3,map-random-01,7001,H3_map-random-01_seed401,2003,0.0,center,,success,1,0,0,97,2.8958869012057122,424.9115503840012,0.7893647426666831,22.671783464009916,51.501620266553005,27.390689732757682
H3,map-random-01,7001,H3_map-random-01_seed401,2004,0.0,center,,success,1,0,0,96,2.861510692963835,424.2259756170861,0.7906404037071877,22.97842752641865,52.067724785413624,27.45320492662075
H3,map-random-01,7001,H3_map-random-01_seed401,2005,0.0,center,,success,1,0,0,96,2.7122364953642393,424.24432369759177,0.7906062094163794,23.059236350194187,49.91972791885925,27.37982853395486
H3,map-random-01,7001,H3_map-random-01_seed401,2006,0.0,center,,success,1,0,0,96,2.824668926761584,424.3927274402982,0.7903297463365524,23.00963972152638,49.72611783009597,27.422932324580223
H3,map-random-01,7001,H3_map-random-01_seed401,2007,0.0,center,,success,1,0,0,96,2.8096085470503898,424.257607099613,0.7905814557291281,23.029482226684152,52.16220216019406,27.42582433421246
H3,map-random-01,7001,H3_map-random-01_seed401,2008,0.0,center,,success,1,0,0,96,2.8041948730098145,424.31458369975564,0.7904752971260215,23.024426805861985,52.28772645164738,27.458403629920884
H3,map-random-01,7001,H3_map-random-01_seed401,2009,0.0,center,,success,1,0,0,96,2.8041689792165023,424.1671759479899,0.790750005290592,23.052294405490834,53.26372857202137,27.463451379437394
H3,map-random-01,7001,H3_map-random-01_seed401,2010,0.0,center,,success,1,0,0,97,2.8446578243175797,425.0450272119907,0.7891168585715109,22.707411020349227,52.742745606339064,27.370765052322195
H3,map-random-01,7001,H3_map-random-01_seed401,2011,0.0,center,,success,1,0,0,96,2.9038371906677987,424.3647395485939,0.7903818705148588,22.86727553619614,53.08729964558276,27.49217992030417
H3,map-random-01,7001,H3_map-random-01_seed401,2012,0.0,center,,success,1,0,0,97,2.85613788671559,425.15654006742784,0.7889098838083827,22.68737112336336,51.03800820548569,27.393180401592804
H3,map-random-01,7001,H3_map-random-01_seed401,2013,0.0,center,,success,1,0,0,96,2.9989187234734986,424.3738906032263,0.7903648269882948,22.714710055591897,51.62662281542097,27.49171254768031
H3,map-random-01,7001,H3_map-random-01_seed401,2014,0.0,center,,success,1,0,0,97,2.8375670566541564,425.23053140964635,0.7887726112070976,22.70155727311193,54.34943133472271,27.474027029980675
H3,map-random-01,7001,H3_map-random-01_seed401,2015,0.0,center,,success,1,0,0,96,2.743210731725177,424.1251834419461,0.7908282972092817,23.07443638427351,53.08356407845968,27.445615071746957
H3,map-random-01,7001,H3_map-random-01_seed401,2016,0.0,center,,success,1,0,0,96,2.9405989419731275,424.4856847024586,0.790156673622746,22.777655206137453,48.154122118539206,27.372463066424316
H3,map-random-01,7001,H3_map-random-01_seed401,2017,0.0,center,,success,1,0,0,96,2.7299531568199056,424.2885622981978,0.7905237765736329,23.047337306098104,49.69468536867535,27.387156640810716
H3,map-random-01,7001,H3_map-random-01_seed401,2018,0.0,center,,success,1,0,0,96,2.737353778671294,424.05989451257994,0.7909500543796847,23.07314026866099,48.01956880244544,27.277565770291265
H3,map-random-01,7001,H3_map-random-01_seed401,2019,0.0,center,,success,1,0,0,96,2.7711362918174296,424.21672287586784,0.7906576486451113,23.05045204745174,49.919898118333606,27.39288732142868
H3,map-random-01,7001,H3_map-random-01_seed401,2020,0.0,center,,success,1,0,0,96,2.8336761075859225,424.38042148289935,0.7903526638975357,23.00928651974488,50.18465272570498,27.428144708323533
H3,map-random-01,7001,H3_map-random-01_seed401,2021,0.0,center,,success,1,0,0,96,2.8813748157976384,424.2678291972788,0.7905624078534771,22.930605814048906,50.439148955638515,27.436916756413172
H3,map-random-01,7001,H3_map-random-01_seed401,2022,0.0,center,,success,1,0,0,96,2.91947385480143,424.5054743147307,0.7901198380690222,22.82236400714805,50.13066941200831,27.462337286932915
H3,map-random-01,7001,H3_map-random-01_seed401,2023,0.0,center,,success,1,0,0,96,2.9207728111671463,424.416509634082,0.7902854601819052,22.820084575646547,51.61049259827557,27.435514397172415
H3,map-random-01,7001,H3_map-random-01_seed401,2024,0.0,center,,success,1,0,0,97,2.9044178513132555,424.89797137433266,0.7893899694086184,22.664689665585605,51.52166622752748,27.39205214994141
H3,map-random-01,7001,H3_map-random-01_seed401,2025,0.0,center,,success,1,0,0,97,2.8864095899530136,424.90924839363703,0.7893690191328657,22.68223515220637,51.52175738953677,27.38910923229064
H3,map-random-01,7001,H3_map-random-01_seed401,2026,0.0,center,,success,1,0,0,96,2.8367371914184334,424.28459532340503,0.7905311678103861,23.01172281342173,48.148960870875655,27.323585993259506
H3,map-random-01,7001,H3_map-random-01_seed401,2027,0.0,center,,success,1,0,0,96,2.861156909413918,424.3769374684503,0.7903591524690337,22.96716222562487,49.95815293499093,27.431888906049288
H3,map-random-01,7001,H3_map-random-01_seed401,2028,0.0,center,,success,1,0,0,96,2.9904963896427295,424.2855561214636,0.7905293776461905,22.729481600930132,50.6062950533932,27.403713461061024
H3,map-random-01,7001,H3_map-random-01_seed401,2029,0.0,center,,success,1,0,0,96,2.8630777129323493,424.2823294763549,0.7905353895811038,22.969988042008477,50.2184924829469,27.427643672133645
H3,map-random-01,7001,H3_map-random-01_seed401,2030,0.0,center,,success,1,0,0,96,2.752559923238402,424.20239584528235,0.7906843523517045,23.057309019770358,49.912326866406914,27.386624957019542
H3,map-random-01,7001,H3_map-random-01_seed401,2031,0.0,center,,success,1,0,0,96,2.8782898735864073,424.35131186282894,0.7904068804514252,22.92683608280091,49.08231518596802,27.351531842693642
H3,map-random-01,7001,H3_map-random-01_seed401,2032,0.0,center,,success,1,0,0,96,2.736139363819555,424.1591839296665,0.7907649046226611,23.070309220562585,49.9903641481468,27.379739187771314
H3,map-random-01,7001,H3_map-random-01_seed401,2033,0.0,center,,success,1,0,0,97,2.84971930539038,424.87937823435317,0.7894245138910092,22.716553256772148,49.44268841832094,27.282669516592495
H3,map-random-01,7001,H3_map-random-01_seed401,2034,0.0,center,,success,1,0,0,96,2.7355159882865565,424.1971632227228,0.7906941057238115,23.046220744286465,48.43881903327747,27.29236481666574
H3,map-random-01,7001,H3_map-random-01_seed401,2035,0.0,center,,success,1,0,0,96,2.913712022285231,424.42539386295,0.7902689176352036,22.839894445411446,51.13337374654912,27.465657950253192
H3,map-random-01,7001,H3_map-random-01_seed401,2036,0.0,center,,success,1,0,0,96,2.874289980116639,424.43615481703796,0.7902488815297887,22.93526297145956,49.9136275144852,27.44104600912964
H3,map-random-01,7001,H3_map-random-01_seed401,2037,0.0,center,,success,1,0,0,96,2.9006847782362963,424.3058526727483,0.7904915628954526,22.880207851215253,52.07626422556504,27.4710707831207
H3,map-random-01,7001,H3_map-random-01_seed401,2038,0.0,center,,success,1,0,0,97,2.858500680321553,425.06779992862204,0.7890745821755754,22.6932267196193,51.20502266012044,27.388003480349948
H3,map-random-01,7001,H3_map-random-01_seed401,2039,0.0,center,,success,1,0,0,96,2.8234846705995356,424.35036842396374,0.7904086377270771,23.01629849611204,49.807970552533895,27.418396966274667
H3,map-random-01,7001,H3_map-random-01_seed401,2040,0.0,center,,success,1,0,0,97,2.9323163015862352,424.96453975968166,0.7892663157604718,22.627072849285547,54.5287350797259,27.47163804554526
H3,map-random-01,7001,H3_map-random-01_seed401,2041,0.0,center,,success,1,0,0,96,2.9100106589625603,424.5004274845819,0.7901292317005989,22.847192977419365,50.05337114958026,27.45837094638428
H3,map-random-01,7001,H3_map-random-01_seed401,2042,0.0,center,,success,1,0,0,96,2.811811675429434,424.37474248731303,0.7903632404206897,23.01501014883058,49.7095314407595,27.417656749057887
H3,map-random-01,7001,H3_map-random-01_seed401,2043,0.0,center,,success,1,0,0,96,2.900495869173036,424.4611272519908,0.7902023886061179,22.87071930311919,50.342230793587426,27.398557458120493
H3,map-random-01,7001,H3_map-random-01_seed401,2044,0.0,center,,success,1,0,0,97,2.885056434674202,425.06756322449536,0.7890750215815099,22.66336513317423,53.58237285468779,27.44018979657076
H3,map-random-01,7001,H3_map-random-01_seed401,2045,0.0,center,,success,1,0,0,97,2.865188496472056,424.9496555475436,0.7892939604640827,22.69996827018587,51.45738187064982,27.385860536621106
H3,map-random-01,7001,H3_map-random-01_seed401,2046,0.0,center,,success,1,0,0,97,2.883610063643708,424.9077640499744,0.7893717766604992,22.685472422182592,51.52996339047394,27.388668212724422
H3,map-random-01,7001,H3_map-random-01_seed401,2047,0.0,center,,success,1,0,0,96,2.870312444485733,424.2925995396862,0.7905162545584203,22.94725464694492,47.75076991780645,27.332261813355217
H3,map-random-01,7001,H3_map-random-01_seed401,2048,0.0,center,,success,1,0,0,97,2.883626250986229,424.91487594701033,0.7893585647653256,22.684389713794875,51.51209017705147,27.388663324285563
H3,map-random-01,7001,H3_map-random-01_seed401,2049,0.0,center,,success,1,0,0,96,2.9753475340334057,424.5360005884979,0.7900630244785319,22.7327656895265,50.355735214314436,27.485878325673088
H3,map-random-01,7001,H3_map-random-01_seed401,2050,0.0,center,,success,1,0,0,96,2.842126365261367,424.3776706266857,0.7903577870382825,23.00663690699251,49.8420783394243,27.4261979115895
H3,map-random-01,7001,H3_map-random-01_seed401,2001,0.5,center,,success,1,0,0,95,2.8654486817753133,421.92661402521003,0.7949491344599746,21.476719204738448,44.156772626063734,27.10199018154856
H3,map-random-01,7001,H3_map-random-01_seed401,2002,0.5,center,,success,1,0,0,97,2.899728076554567,425.7075483846175,0.7878887698790172,23.797620227453635,50.79671591225041,27.37491040640657
H3,map-random-01,7001,H3_map-random-01_seed401,2003,0.5,center,,success,1,0,0,96,2.971283121991286,424.45435395161655,0.7902149983910915,22.456526910797688,48.42874372043346,27.371724331641264
H3,map-random-01,7001,H3_map-random-01_seed401,2004,0.5,center,,success,1,0,0,95,2.8961959965983586,420.9720510578049,0.7967516983185954,22.41592254101462,49.028149733892256,27.327404746065476
H3,map-random-01,7001,H3_map-random-01_seed401,2005,0.5,center,,success,1,0,0,95,2.8769980784732576,423.54929983222615,0.7919035558737298,23.731050464098963,52.18960953917277,27.51485115370759
H3,map-random-01,7001,H3_map-random-01_seed401,2006,0.5,center,,success,1,0,0,100,2.9264563031552946,428.60201510272464,0.7825679413676566,24.32782364204833,49.669409175999185,26.969119768424704
H3,map-random-01,7001,H3_map-random-01_seed401,2007,0.5,center,,success,1,0,0,95,2.9676290182430587,423.01579727270683,0.7929022953455769,23.273216018394386,54.17175351820436,27.489696624969383
H3,map-random-01,7001,H3_map-random-01_seed401,2008,0.5,center,,success,1,0,0,97,2.9387871903842284,426.09485729495145,0.7871725999095802,24.20378704039234,53.05515169016582,27.369620365187966
H3,map-random-01,7001,H3_map-random-01_seed401,2009,0.5,center,,success,1,0,0,97,2.9674815917836317,425.836009081231,0.787651089790734,22.544279451571832,51.779241779020985,27.360566560913853
H3,map-random-01,7001,H3_map-random-01_seed401,2010,0.5,center,,success,1,0,0,104,2.9997430374957856,429.23898610440773,0.7814066463743431,22.355675802934385,51.30872352974878,26.37096383346385
H3,map-random-01,7001,H3_map-random-01_seed401,2011,0.5,center,,success,1,0,0,96,2.77108633569147,422.6702882484151,0.7935504480689652,23.151323588420887,54.98048727346692,27.45186254581353
H3,map-random-01,7001,H3_map-random-01_seed401,2012,0.5,center,,success,1,0,0,98,2.964899463970538,426.8429886443391,0.7857929157750423,22.57661428644777,51.71508805798112,27.32764591625433
H3,map-random-01,7001,H3_map-random-01_seed401,2013,0.5,center,,success,1,0,0,98,2.983778382955447,425.5756303492543,0.7881329961250592,21.373922490063485,47.97657229591641,27.175586503408386
H3,map-random-01,7001,H3_map-random-01_seed401,2014,0.5,center,,success,1,0,0,96,2.984928540667983,426.87917615685683,0.7857263023336654,24.33620699878507,49.8548867657851,27.53628586266954
H3,map-random-01,7001,H3_map-random-01_seed401,2015,0.5,center,,success,1,0,0,99,2.830377217030438,426.33666301885046,0.7867261385637349,22.20018955901822,49.223082082074704,26.92217944752147
H3,map-random-01,7001,H3_map-random-01_seed401,2016,0.5,center,,success,1,0,0,103,2.940713116378818,430.4340622004753,0.7792371145310305,24.053145171533075,46.570802371704595,26.54780771231078
H3,map-random-01,7001,H3_map-random-01_seed401,2017,0.5,center,,success,1,0,0,102,2.970162055852757,430.4131980031023,0.7792748879009768,24.082683954577874,51.542419260733524,26.812836864419666
H3,map-random-01,7001,H3_map-random-01_seed401,2018,0.5,center,,success,1,0,0,95,2.9660210526397957,422.45492303479944,0.7939549957554626,22.22000886587084,42.788159893126696,27.19205688166048
H3,map-random-01,7001,H3_map-random-01_seed401,2019,0.5,center,,success,1,0,0,102,2.9961716546224553,430.5817510633225,0.7789698374273232,22.900247830990377,51.63793607528767,26.78608636770153
H3,map-random-01,7001,H3_map-random-01_seed401,2020,0.5,center,,success,1,0,0,96,2.981463461403947,423.1218066429542,0.7927036407934418,21.644278203687747,45.734376863927835,27.20183221603838
H3,map-random-01,7001,H3_map-random-01_seed401,2021,0.5,center,,success,1,0,0,96,2.824612390075817,423.2637572171565,0.7924377906348486,23.140241844237693,49.91108000304152,27.31664473791983
H3,map-random-01,7001,H3_map-random-01_seed401,2022,0.5,center,,success,1,0,0,96,2.622142020560661,424.22791373322826,0.7906367916088803,21.61428759010125,45.555586013246106,27.34101284768877
H3,map-random-01,7001,H3_map-random-01_seed401,2023,0.5,center,,success,1,0,0,99,2.9950903279775813,429.7047435041162,0.7805596789316233,24.290640681439612,49.64368047296375,27.12048805635701
H3,map-random-01,7001,H3_map-random-01_seed401,2024,0.5,center,,success,1,0,0,95,2.812007793349826,421.27787688504736,0.7961732980260217,23.006152413561345,50.92402353710241,27.390136112770623
H3,map-random-01,7001,H3_map-random-01_seed401,2025,0.5,center,,success,1,0,0,104,2.923045125271695,429.7528617106966,0.7804722818827016,23.06270706063548,48.14247875464224,26.440461944758432
H3,map-random-01,7001,H3_map-random-01_seed401,2026,0.5,center,,success,1,0,0,97,2.891428495673476,427.61840624979754,0.784368005967066,22.744217339746452,49.16166440068328,27.414672864685173
H3,map-random-01,7001,H3_map-random-01_seed401,2027,0.5,center,,success,1,0,0,104,2.9787021372282663,431.8164156253771,0.776742579689129,23.559648800287277,49.423299042980815,26.543934678653834
H3,map-random-01,7001,H3_map-random-01_seed401,2028,0.5,center,,success,1,0,0,96,2.95379810402358,422.1950293188322,0.7944437365028147,21.437249768150473,45.40795480345276,27.05985980819915
H3,map-random-01,7001,H3_map-random-01_seed401,2029,0.5,center,,success,1,0,0,95,2.7680166234224908,422.49397019500185,0.7938816179321094,23.100584673991552,50.75750469740857,27.379787610624305
H3,map-random-01,7001,H3_map-random-01_seed401,2030,0.5,center,,success,1,0,0,95,2.9076528405599547,421.91369661030996,0.7949734728208213,21.916853113029365,46.12302818827476,27.272797848566608
H3,map-random-01,7001,H3_map-random-01_seed401,2031,0.5,center,,success,1,0,0,97,2.9509318644281497,423.7899499030206,0.7914538716685546,21.020811636482044,45.685681287217065,27.03973294785551
H3,map-random-01,7001,H3_map-random-01_seed401,2032,0.5,center,,success,1,0,0,96,2.949208642672877,423.6945506281204,0.7916320758143531,22.336434725052072,45.69962797798726,27.227583613840384
H3,map-random-01,7001,H3_map-random-01_seed401,2033,0.5,center,,success,1,0,0,101,2.9700992349513644,429.52512989653496,0.7808860839079728,23.422775694600304,45.66241919859638,26.66296734375055
H3,map-random-01,7001,H3_map-random-01_seed401,2034,0.5,center,,success,1,0,0,100,2.9576332953047784,429.28560132634715,0.7813217950675833,23.954296103663577,48.99915724668947,26.94599929903419
H3,map-random-01,7001,H3_map-random-01_seed401,2035,0.5,center,,success,1,0,0,98,2.9685597955912937,425.90049811527206,0.787531825178068,21.988191892818087,47.41515556320606,27.164492858113487
H3,map-random-01,7001,H3_map-random-01_seed401,2036,0.5,center,,success,1,0,0,103,2.98285835452975,431.28688137924564,0.777696264612395,24.35392506068535,47.61498648898739,26.558020901704467
H3,map-random-01,7001,H3_map-random-01_seed401,2037,0.5,center,,success,1,0,0,96,2.9872826518933677,426.291579907284,0.7868093399778581,23.898476515870865,48.54676226241442,27.49741724962619
H3,map-random-01,7001,H3_map-random-01_seed401,2038,0.5,center,,success,1,0,0,95,2.648641388275709,421.4327890650751,0.7958806370265045,23.053187544926455,49.42273447965085,27.356700560457178
H3,map-random-01,7001,H3_map-random-01_seed401,2039,0.5,center,,success,1,0,0,94,2.8832877579833234,420.9891459272163,0.7967193450706129,23.095015220098574,51.3783241877714,27.53859595307459
H3,map-random-01,7001,H3_map-random-01_seed401,2040,0.5,center,,success,1,0,0,95,2.773867770047633,422.56651095719087,0.7937453345869806,22.258404177852338,53.848681492257185,27.620336242011597
H3,map-random-01,7001,H3_map-random-01_seed401,2041,0.5,center,,success,1,0,0,95,2.8621704801339196,421.7391855795838,0.7953024240894857,21.99964567274041,47.04345641792648,27.344888318461596
H3,map-random-01,7001,H3_map-random-01_seed401,2042,0.5,center,,success,1,0,0,99,2.9618300721495925,425.7546848179432,0.7878015406181452,22.358262712801505,45.71529703302844,26.94392866482948
H3,map-random-01,7001,H3_map-random-01_seed401,2043,0.5,center,,success,1,0,0,96,2.98390135325574,424.88055002251724,0.7894223367183856,23.515585322609038,50.499812173943404,27.385817685426517
H3,map-random-01,7001,H3_map-random-01_seed401,2044,0.5,center,,success,1,0,0,98,2.8995091847999577,423.2326650354171,0.7924960059425011,20.73362499723182,50.095558856110735,26.948667812921354
H3,map-random-01,7001,H3_map-random-01_seed401,2045,0.5,center,,success,1,0,0,90,2.668193105079214,419.8622468916827,0.798857718473313,24.12434503046712,46.298443663525944,27.28523682419976
H3,map-random-01,7001,H3_map-random-01_seed401,2046,0.5,center,,success,1,0,0,98,2.9446878555928584,425.92933386512607,0.7874785086560363,22.07886134389765,49.80805632112659,27.326558619507754
H3,map-random-01,7001,H3_map-random-01_seed401,2047,0.5,center,,success,1,0,0,96,2.69730026954164,422.8605712382215,0.793193358375361,21.85042081113916,44.14397717808715,27.15395147053641
H3,map-random-01,7001,H3_map-random-01_seed401,2048,0.5,center,,success,1,0,0,94,2.9583579819853925,422.29455686265857,0.7942564998157265,22.659704703648252,48.66549369454413,27.583026306613686
H3,map-random-01,7001,H3_map-random-01_seed401,2049,0.5,center,,success,1,0,0,97,2.7679392536712673,425.1518698675258,0.7889185498101651,22.285998852777865,47.83577781367538,27.27677204507172
H3,map-random-01,7001,H3_map-random-01_seed401,2050,0.5,center,,success,1,0,0,102,2.9520962995858064,429.23350904635265,0.7814166171932018,24.034357279413925,50.56507665510832,26.658756230662057
H3,map-random-01,7001,H3_map-random-01_seed401,2001,1.5,center,,success,1,0,0,95,2.730800742798389,418.35229963910615,0.8017410132902625,18.563174109568614,46.35654379522447,26.682862474375245
H3,map-random-01,7001,H3_map-random-01_seed401,2002,1.5,center,,success,1,0,0,90,2.76389985600862,421.3833873791146,0.7959739436125496,25.2149062422918,46.45074530979227,27.450897978260166
H3,map-random-01,7001,H3_map-random-01_seed401,2003,1.5,center,,success,1,0,0,97,2.865586294988344,425.54303219184453,0.788193370003901,21.345790058227333,47.96634101982295,27.240321679000203
H3,map-random-01,7001,H3_map-random-01_seed401,2004,1.5,center,,success,1,0,0,95,2.798228118008342,417.90136529453133,0.802606127856452,21.41829288217429,47.38888840685997,26.935957155060912
H3,map-random-01,7001,H3_map-random-01_seed401,2005,1.5,center,,success,1,0,0,94,2.9000644354409233,424.3926201188378,0.7903299461971026,24.844902883037843,49.128449211923886,27.378879430968507
H3,map-random-01,7001,H3_map-random-01_seed401,2006,1.5,center,,success,1,0,0,95,2.8889177812000857,427.62775244753095,0.7843508628830693,26.885693056742205,53.09132942493793,27.593365642372923
H3,map-random-01,7001,H3_map-random-01_seed401,2007,1.5,center,,success,1,0,0,91,2.8928976189139664,420.50386934825286,0.7976387878304836,24.06521658502835,50.51699958981696,27.364763339381298
H3,map-random-01,7001,H3_map-random-01_seed401,2008,1.5,center,,success,1,0,0,96,2.7657552494673494,430.03179585610707,0.7799660393883993,26.48298626526132,51.40133379454333,27.511067924048504
H3,map-random-01,7001,H3_map-random-01_seed401,2009,1.5,center,,success,1,0,0,91,2.7813546441220565,420.4598115445324,0.7977223682635932,21.73511689887752,50.933275006831636,27.366570903514088
H3,map-random-01,7001,H3_map-random-01_seed401,2010,1.5,center,,success,1,0,0,114,2.8715991778392445,433.65707327404914,0.7734456954493311,21.779544974961524,53.011885161609634,24.733914843614162
H3,map-random-01,7001,H3_map-random-01_seed401,2011,1.5,center,,success,1,0,0,95,2.977334584350732,422.9139384051659,0.7930932659486719,24.249639129378885,52.62174788488358,27.456683078824454
H3,map-random-01,7001,H3_map-random-01_seed401,2012,1.5,center,,success,1,0,0,100,2.900399714974818,430.8413282849478,0.7785005165593967,22.240256251408027,50.175390296739046,27.083190401609322
H3,map-random-01,7001,H3_map-random-01_seed401,2013,1.5,center,,success,1,0,0,98,2.991646487419633,426.7101748445223,0.7860374942949973,18.515223148319098,46.2668571125339,26.991298879383468
H3,map-random-01,7001,H3_map-random-01_seed401,2014,1.5,center,,success,1,0,0,96,2.724533796562402,431.31887841478243,0.7776385718559197,28.061167324685083,51.91600474907762,27.647555513206843
H3,map-random-01,7001,H3_map-random-01_seed401,2015,1.5,center,,success,1,0,0,99,2.668491749701967,427.4188526207824,0.7847342122799471,20.06331440736423,48.87495059884779,26.852982965780058
H3,map-random-01,7001,H3_map-random-01_seed401,2016,1.5,center,,success,1,0,0,103,2.827212027493523,432.2510042857884,0.7759616364088484,25.965378994744597,50.4367331749033,26.93627344092348
H3,map-random-01,7001,H3_map-random-01_seed401,2017,1.5,center,,success,1,0,0,95,2.998408837993801,427.4256142813179,0.7847217981751842,25.081713815267378,45.91216022941777,27.698018803881215
H3,map-random-01,7001,H3_map-random-01_seed401,2018,1.5,center,,success,1,0,0,95,2.7047908562438163,419.73954711216555,0.7990912434451595,19.824775578012368,46.66475699555844,26.85447611798142
H3,map-random-01,7001,H3_map-random-01_seed401,2019,1.5,center,,success,1,0,0,111,2.960854039784338,438.0097199658466,0.7657597111112552,22.659378775832607,47.055150555042545,25.5331494174346
H3,map-random-01,7001,H3_map-random-01_seed401,2020,1.5,center,,success,1,0,0,99,2.849169430261663,420.88539138187605,0.7969157483079412,18.434191936680175,45.94380352514628,26.638972650746165
H3,map-random-01,7001,H3_map-random-01_seed401,2021,1.5,center,,success,1,0,0,99,2.845589100379338,428.4946266523975,0.7827640669507373,24.163384391453643,49.27660882517234,26.976981386124496
H3,map-random-01,7001,H3_map-random-01_seed401,2022,1.5,center,,success,1,0,0,97,2.6992912888696816,425.58736992228023,0.7881112559477982,18.8995874607408,46.896341871427715,27.286123070531705
H3,map-random-01,7001,H3_map-random-01_seed401,2023,1.5,center,,success,1,0,0,99,2.825240997376674,434.57267108602514,0.7718161286736157,27.468482805949186,53.15039670706104,27.393448855176974
H3,map-random-01,7001,H3_map-random-01_seed401,2024,1.5,center,,success,1,0,0,96,2.4796804639382763,424.1379851645555,0.7908044277025489,24.124022187926023,49.00652995328576,26.912323399784846
H3,map-random-01,7001,H3_map-random-01_seed401,2025,1.5,center,,success,1,0,0,105,2.88424135292813,433.18701356882997,0.7742849765085916,24.614728251285218,52.29596836469311,26.65486349977509
H3,map-random-01,7001,H3_map-random-01_seed401,2026,1.5,center,,success,1,0,0,97,2.9228956750326742,430.81263972125635,0.7785523582641053,21.69333865328249,50.01475352277799,27.679366815513713
H3,map-random-01,7001,H3_map-random-01_seed401,2027,1.5,center,,success,1,0,0,108,2.856852527750351,437.28265283980215,0.767032934983235,24.481520407905393,47.60027368817656,26.077640968742582
H3,map-random-01,7001,H3_map-random-01_seed401,2028,1.5,center,,success,1,0,0,97,2.912923322931024,418.9067320650359,0.800679891133608,17.595269045621436,45.51455755022064,26.60456614022876
H3,map-random-01,7001,H3_map-random-01_seed401,2029,1.5,center,,success,1,0,0,94,2.805782459296391,423.3733182571803,0.7922327226611429,24.141007867267522,46.41456746747662,27.121316423592507
H3,map-random-01,7001,H3_map-random-01_seed401,2030,1.5,center,,success,1,0,0,95,2.805225040994862,417.6677566275485,0.8030550390895209,19.000161490620865,48.0875083906593,26.794115106597314
H3,map-random-01,7001,H3_map-random-01_seed401,2031,1.5,center,,success,1,0,0,95,2.940452945955123,418.5715647202764,0.8013210282191933,17.28965514778523,45.450904129329736,26.816498981573886
H3,map-random-01,7001,H3_map-random-01_seed401,2032,1.5,center,,success,1,0,0,94,2.703253909272378,420.0309832707711,0.7985367984360043,20.26262943423701,46.178936541270005,27.12664250150035
H3,map-random-01,7001,H3_map-random-01_seed401,2033,1.5,center,,success,1,0,0,98,2.939127104467989,431.01834756868993,0.778180786309834,24.39103918395559,48.940002116631796,27.223126792795743
H3,map-random-01,7001,H3_map-random-01_seed401,2034,1.5,center,,success,1,0,0,95,2.8632286294645475,427.60267777342733,0.7843968573150315,25.321391101541526,47.78108086225191,27.52304549896431
H3,map-random-01,7001,H3_map-random-01_seed401,2035,1.5,center,,success,1,0,0,100,2.9388602781226196,426.21571753967396,0.7869493846006443,20.112879025553514,46.22896369451991,26.575114947927812
H3,map-random-01,7001,H3_map-random-01_seed401,2036,1.5,center,,success,1,0,0,108,2.8241667348289154,437.45519901368516,0.766730392920706,27.71347771293598,50.31260565231243,26.23304650208829
H3,map-random-01,7001,H3_map-random-01_seed401,2037,1.5,center,,success,1,0,0,95,2.7891644130598414,428.6865519318868,0.7824136192596524,26.589739239175213,51.082686772110954,27.78702025239498
H3,map-random-01,7001,H3_map-random-01_seed401,2038,1.5,center,,success,1,0,0,96,2.551340861556332,424.4932392278556,0.7901426115409345,23.918959182200457,46.81149248611144,26.955033635391004
H3,map-random-01,7001,H3_map-random-01_seed401,2039,1.5,center,,success,1,0,0,94,2.591669413520534,420.51811654162714,0.7976117637532655,23.58246439661482,50.31682789282079,27.29351401572727
H3,map-random-01,7001,H3_map-random-01_seed401,2040,1.5,center,,success,1,0,0,94,2.7188065469302534,421.4625856076411,0.7958243698936951,22.514992072152566,52.03064948706365,27.661250599868698
H3,map-random-01,7001,H3_map-random-01_seed401,2041,1.5,center,,success,1,0,0,88,2.5677938884725817,411.2344410873959,0.8156179617107673,19.710362831254066,46.54000768609424,26.95950368596579
H3,map-random-01,7001,H3_map-random-01_seed401,2042,1.5,center,,success,1,0,0,95,2.9078522641251396,420.5000853593856,0.7976459656085587,20.168117004561104,48.8953690517618,27.201769991321445
H3,map-random-01,7001,H3_map-random-01_seed401,2043,1.5,center,,success,1,0,0,97,2.9989601634755196,427.44995727881127,0.7846771087783538,25.687661085563263,50.374888897857915,27.311308770275314
H3,map-random-01,7001,H3_map-random-01_seed401,2044,1.5,center,,success,1,0,0,99,2.8676285127995955,418.5341023017938,0.801392753375,16.67832434393577,49.17933214017287,26.118350317682324
H3,map-random-01,7001,H3_map-random-01_seed401,2045,1.5,center,,success,1,0,0,89,2.4627602499333427,420.38585722384556,0.7978627036598199,27.199883843935222,50.48845987521941,27.117980913879766
H3,map-random-01,7001,H3_map-random-01_seed401,2046,1.5,center,,success,1,0,0,97,2.939030324990267,426.595394367791,0.7862489868697297,20.958613015029282,48.89611879937646,27.553188899508125
H3,map-random-01,7001,H3_map-random-01_seed401,2047,1.5,center,,success,1,0,0,96,2.633921152184773,419.6344141311849,0.7992914435280647,19.11950112649615,47.0629127898196,26.803382574818457
H3,map-random-01,7001,H3_map-random-01_seed401,2048,1.5,center,,success,1,0,0,94,2.622768874973701,422.3133552628548,0.7942211451404458,22.49130687006065,47.483537686120194,27.63355115297463
H3,map-random-01,7001,H3_map-random-01_seed401,2049,1.5,center,,success,1,0,0,98,2.810946509605232,427.418820856415,0.7847342705988246,20.967241588406015,45.374763714509804,27.005581760597195
H3,map-random-01,7001,H3_map-random-01_seed401,2050,1.5,center,,success,1,0,0,89,2.820565724769361,421.199909743891,0.7963206754458076,25.966594356438563,46.27348698323357,27.15622689059916
H3,map-random-01,7001,H3_map-random-01_seed401,2001,2.0,center,,success,1,0,0,96,2.6635636166910417,417.6331389845983,0.8031216043833579,17.840403844242186,44.282421569123116,26.058613102249435
H3,map-random-01,7001,H3_map-random-01_seed401,2002,2.0,center,,success,1,0,0,89,2.8138671783380342,421.0388463732828,0.7966252983877928,25.791659996459273,47.911389340648455,27.46314508540113
H3,map-random-01,7001,H3_map-random-01_seed401,2003,2.0,center,,success,1,0,0,97,2.835313006174941,425.82508640687695,0.7876712935237525,20.85415130713797,50.26321229453937,27.318887793135918
H3,map-random-01,7001,H3_map-random-01_seed401,2004,2.0,center,,success,1,0,0,94,2.7361933855757408,415.50693170113914,0.8072312903463625,20.865931697600836,48.235608907590475,26.81975535787195
H3,map-random-01,7001,H3_map-random-01_seed401,2005,2.0,center,,success,1,0,0,95,2.3433472349566493,425.9923824244356,0.7873619587187454,25.550015977595397,48.640435399203184,27.191741042709694
H3,map-random-01,7001,H3_map-random-01_seed401,2006,2.0,center,,success,1,0,0,95,2.7910091188473958,428.29067152594445,0.7831368248809744,28.179851474929492,51.81562222700267,27.49736405514388
H3,map-random-01,7001,H3_map-random-01_seed401,2007,2.0,center,,success,1,0,0,92,2.911632194533093,422.4430251856745,0.7939773570117464,24.632690808682334,49.1279756090134,27.35824721592649
H3,map-random-01,7001,H3_map-random-01_seed401,2008,2.0,center,,success,1,0,0,96,2.793256943713318,431.7731655006818,0.7768203849260263,27.46755163477578,55.99047527040335,27.62271535925515
H3,map-random-01,7001,H3_map-random-01_seed401,2009,2.0,center,,success,1,0,0,92,2.7553408562468964,422.4605755392071,0.7939443726716227,21.375524443278675,51.44846383850558,27.315907536192622
H3,map-random-01,7001,H3_map-random-01_seed401,2010,2.0,center,,success,1,0,0,117,2.8023583581792684,435.8721969844828,0.769515006796612,21.48772435980896,54.39393250763395,24.31951699275476
H3,map-random-01,7001,H3_map-random-01_seed401,2011,2.0,center,,success,1,0,0,96,2.526363444030362,423.9282259165649,0.791195716915962,24.9675736426957,52.552257605253565,27.253650833633465
H3,map-random-01,7001,H3_map-random-01_seed401,2012,2.0,center,,success,1,0,0,99,2.935476534151183,431.2936780071368,0.7776840091298957,21.993784988980046,49.704109738742886,27.337705010047387
H3,map-random-01,7001,H3_map-random-01_seed401,2013,2.0,center,,success,1,0,0,136,2.99865964361232,450.5833842956979,0.7443909569573778,17.161609512207455,46.83938935225094,22.70162859985262
H3,map-random-01,7001,H3_map-random-01_seed401,2014,2.0,center,,success,1,0,0,96,2.289431867554181,433.1888740735026,0.7742816510288691,28.988784866580843,56.52518505885613,27.85196233143909
H3,map-random-01,7001,H3_map-random-01_seed401,2015,2.0,center,,success,1,0,0,98,2.664915829447761,425.24235785312646,0.7887506745995776,18.142102413437126,49.59887650338532,26.730999745393383
H3,map-random-01,7001,H3_map-random-01_seed401,2016,2.0,center,,success,1,0,0,89,2.584239451386308,422.85753101133474,0.7931990612128361,27.47046809220374,49.65646733334948,27.238204268132993
H3,map-random-01,7001,H3_map-random-01_seed401,2017,2.0,center,,success,1,0,0,91,2.993684043214539,425.43292959656736,0.7883973554727738,26.115029813941064,48.181297851015465,27.745013059652212
H3,map-random-01,7001,H3_map-random-01_seed401,2018,2.0,center,,success,1,0,0,95,2.6473790205521,419.9397572163915,0.7987102694164162,19.085334637236333,46.72613947842568,26.923429238084406
H3,map-random-01,7001,H3_map-random-01_seed401,2019,2.0,center,,success,1,0,0,113,2.829095609804418,440.72002077458484,0.7610505101072338,22.60116273609537,46.53771324640859,25.34276328593452
H3,map-random-01,7001,H3_map-random-01_seed401,2020,2.0,center,,success,1,0,0,97,2.92978440582962,417.5018382336875,0.8033741792466791,16.7702057968438,47.673280746616875,26.643550598345502
H3,map-random-01,7001,H3_map-random-01_seed401,2021,2.0,center,,success,1,0,0,99,2.838145800673229,428.84435747209403,0.7821257078024968,24.94558977022181,49.57616961333708,26.909955472824034
H3,map-random-01,7001,H3_map-random-01_seed401,2022,2.0,center,,success,1,0,0,98,2.8874815617604987,427.7891965567394,0.7840548553462164,17.948310890641153,46.02711757098151,27.193114237656598
H3,map-random-01,7001,H3_map-random-01_seed401,2023,2.0,center,,success,1,0,0,97,2.993496564309913,436.3538744389967,0.7686655631422831,28.45557511035547,49.07503856688736,27.709681337475278
H3,map-random-01,7001,H3_map-random-01_seed401,2024,2.0,center,,success,1,0,0,96,2.7490416337604686,424.172550775141,0.790739985442324,24.91879365647424,48.223046090386035,26.734742654164624
H3,map-random-01,7001,H3_map-random-01_seed401,2025,2.0,center,,success,1,0,0,105,2.999873643972244,434.68164416034836,0.7716226372357239,25.601863688094312,53.72077437152983,26.670742882823728
H3,map-random-01,7001,H3_map-random-01_seed401,2026,2.0,center,,success,1,0,0,98,2.597468233697301,434.21159958419645,0.7724579374345578,21.385420784708533,50.297282772124596,27.642572504409628
H3,map-random-01,7001,H3_map-random-01_seed401,2027,2.0,center,,success,1,0,0,111,2.893965342631252,442.1205078428719,0.7586397615017942,25.17138340806964,50.847188392462314,25.73097884541256
H3,map-random-01,7001,H3_map-random-01_seed401,2028,2.0,center,,success,1,0,0,112,2.8386240485078202,421.5167188051206,0.7957221663134988,16.470245314285556,48.22827988331716,23.913699823122812
H3,map-random-01,7001,H3_map-random-01_seed401,2029,2.0,center,,success,1,0,0,94,2.8758258893163227,425.1018798534521,0.7890113229812026,25.084748004047356,46.208866892289514,27.077104276580314
H3,map-random-01,7001,H3_map-random-01_seed401,2030,2.0,center,,success,1,0,0,95,2.896306198647966,415.8398577074402,0.8065850120142711,17.411227941682206,48.606611061885886,26.652212915411226
H3,map-random-01,7001,H3_map-random-01_seed401,2031,2.0,center,,success,1,0,0,96,2.7409282200445233,417.7536327688138,0.8028899578967529,16.247050533891652,46.72012160410778,26.49835212182738
H3,map-random-01,7001,H3_map-random-01_seed401,2032,2.0,center,,success,1,0,0,93,2.8620363291013073,418.78169553286875,0.8009189518137458,19.16667729318667,44.85600581688808,27.05055356772812
H3,map-random-01,7001,H3_map-random-01_seed401,2033,2.0,center,,success,1,0,0,100,2.99772048137708,435.4759104542033,0.7702152715522982,25.519249122271983,49.48429465269131,27.032670049117602
H3,map-random-01,7001,H3_map-random-01_seed401,2034,2.0,center,,success,1,0,0,95,2.984137449847135,429.178462459311,0.7815168419751902,26.06406762875242,51.237273794400146,27.644394011340587
H3,map-random-01,7001,H3_map-random-01_seed401,2035,2.0,center,,success,1,0,0,119,2.807016136278168,436.54304930496056,0.7683324637947846,19.40434860520833,47.99289041201096,23.82323185567056
H3,map-random-01,7001,H3_map-random-01_seed401,2036,2.0,center,,success,1,0,0,98,2.8057058216836914,435.1798676115674,0.7707392312650565,29.38978064407254,50.816264145103425,27.739586749849522
H3,map-random-01,7001,H3_map-random-01_seed401,2037,2.0,center,,success,1,0,0,95,2.672373842098928,429.4998113812229,0.7809321162361565,27.72505449198682,55.360030860365676,27.821475968040218
H3,map-random-01,7001,H3_map-random-01_seed401,2038,2.0,center,,success,1,0,0,97,2.5387383891832966,424.8932789484755,0.7893986872539865,24.21594381881369,46.43326956105739,26.515234917001653
H3,map-random-01,7001,H3_map-random-01_seed401,2039,2.0,center,,success,1,0,0,94,2.5950832074945716,420.0846550669356,0.7984347739898396,23.953454292283464,49.39501730065697,27.16250559100902
H3,map-random-01,7001,H3_map-random-01_seed401,2040,2.0,center,,success,1,0,0,93,2.9889533747320365,420.4477473787817,0.7977452578020288,22.46416515124079,51.97386002099046,27.670735921004283
H3,map-random-01,7001,H3_map-random-01_seed401,2041,2.0,center,,success,1,0,0,87,2.8724213748784146,407.6608458582446,0.8227677493010949,18.155252139131914,46.24126154251149,26.782103270875734
H3,map-random-01,7001,H3_map-random-01_seed401,2042,2.0,center,,success,1,0,0,100,2.9549538077169757,423.738678352829,0.7915496360369699,19.787776159263665,45.63830607892286,26.540542158654617
H3,map-random-01,7001,H3_map-random-01_seed401,2043,2.0,center,,success,1,0,0,97,2.9172082824755496,428.8660660163228,0.7820861177955792,26.58981889097494,53.40526041826311,27.377047370224247
H3,map-random-01,7001,H3_map-random-01_seed401,2044,2.0,center,,success,1,0,0,99,2.766311853169498,415.8964716369465,0.8064752155862532,16.37927688450724,52.531251372435335,25.84429979991761
H3,map-random-01,7001,H3_map-random-01_seed401,2045,2.0,center,,success,1,0,0,89,2.408956982368768,421.35085384213005,0.7960354027207894,28.929608092130515,47.42241122855232,26.633021028772976
H3,map-random-01,7001,H3_map-random-01_seed401,2046,2.0,center,,success,1,0,0,97,2.6366444761667305,427.2422287635964,0.7850586249295107,20.428391096462658,48.818574977846964,27.58140060702868
H3,map-random-01,7001,H3_map-random-01_seed401,2047,2.0,center,,success,1,0,0,97,2.5812315564606187,419.6854730838861,0.7991942016966768,18.085974693869677,49.21202712636805,26.782360794016373
H3,map-random-01,7001,H3_map-random-01_seed401,2048,2.0,center,,success,1,0,0,94,2.5755386513615046,422.58107094930733,0.7937179861641369,22.389278746433966,46.75005002628944,27.60344729526227
H3,map-random-01,7001,H3_map-random-01_seed401,2049,2.0,center,,success,1,0,0,99,2.7687282419393813,430.11628265623455,0.7798128323661748,20.697364849267235,45.83067826716142,26.943172524807594
H3,map-random-01,7001,H3_map-random-01_seed401,2050,2.0,center,,success,1,0,0,90,2.5705786490736604,424.5693069128518,0.7900010461514959,27.1894892476366,48.858119006676496,27.29572090399217
H3,map-random-01,7001,H3_map-random-01_seed503,2001,0.0,center,,success,1,0,0,91,1.162901352994367,415.4495694511183,0.8073427469622947,30.53890298965857,51.503458361528104,26.3718971499409
H3,map-random-01,7001,H3_map-random-01_seed503,2002,0.0,center,,success,1,0,0,91,1.020899946569581,414.96434247348077,0.8082867906810659,30.46662424293728,50.05429244811025,26.283689642811062
H3,map-random-01,7001,H3_map-random-01_seed503,2003,0.0,center,,success,1,0,0,90,2.923128268495758,412.1585811231247,0.8137891869459123,30.301600641717563,46.86492022026177,26.300199405487998
H3,map-random-01,7001,H3_map-random-01_seed503,2004,0.0,center,,success,1,0,0,91,1.084602629344609,415.1680235515933,0.8078902458712279,30.58911311668657,50.664777135796605,26.281149884815594
H3,map-random-01,7001,H3_map-random-01_seed503,2005,0.0,center,,success,1,0,0,91,1.4329743377659616,415.7335812667117,0.8067912041240368,30.689415463393864,48.96338544910291,26.232085933056034
H3,map-random-01,7001,H3_map-random-01_seed503,2006,0.0,center,,success,1,0,0,91,1.274045665249347,415.3519432113183,0.8075325085317395,30.378662296570763,49.392288603825975,26.252241115848737
H3,map-random-01,7001,H3_map-random-01_seed503,2007,0.0,center,,success,1,0,0,91,1.25746235203748,415.4803438805075,0.8072829474730403,30.52092780853569,51.78315454276389,26.338345503654566
H3,map-random-01,7001,H3_map-random-01_seed503,2008,0.0,center,,success,1,0,0,91,1.2888565606595288,415.4507429342883,0.8073404665400253,30.478341862671794,50.58583758552402,26.276258306690295
H3,map-random-01,7001,H3_map-random-01_seed503,2009,0.0,center,,success,1,0,0,91,1.2096400443081803,415.458469817799,0.8073254512588561,30.664409929758214,51.41631890178486,26.310975983864253
H3,map-random-01,7001,H3_map-random-01_seed503,2010,0.0,center,,success,1,0,0,91,0.9668994084814061,414.8162906250094,0.8085752758639284,30.23678785757257,53.106442100930245,26.41589665435206
H3,map-random-01,7001,H3_map-random-01_seed503,2011,0.0,center,,success,1,0,0,91,1.0486701302268446,415.046455568927,0.808126878629052,30.397601188964543,52.099608348216016,26.353201148184084
H3,map-random-01,7001,H3_map-random-01_seed503,2012,0.0,center,,success,1,0,0,91,0.9845351468143763,414.70083859660514,0.8088003818850108,30.133195170830227,50.32027683205798,26.30019497740981
H3,map-random-01,7001,H3_map-random-01_seed503,2013,0.0,center,,success,1,0,0,91,0.9766063652023035,414.73709638969666,0.808729673676958,30.227926329898537,50.78351721367056,26.305239011143446
H3,map-random-01,7001,H3_map-random-01_seed503,2014,0.0,center,,success,1,0,0,91,1.0135512606483323,414.7822975255225,0.808641541902665,30.082282866339977,51.98786836723038,26.34967380396567
H3,map-random-01,7001,H3_map-random-01_seed503,2015,0.0,center,,success,1,0,0,91,1.3136114763777975,415.65542611064467,0.8069429040382227,30.78756008921253,50.71295363111103,26.276274339265335
H3,map-random-01,7001,H3_map-random-01_seed503,2016,0.0,center,,success,1,0,0,91,1.055789240884075,415.0235091460747,0.8081715595222223,30.14651117240288,52.827475543637675,26.422540723540653
H3,map-random-01,7001,H3_map-random-01_seed503,2017,0.0,center,,success,1,0,0,91,1.423578295815816,415.67904912006685,0.8068970455330475,30.60642872299915,48.972683679960234,26.23503464119011
H3,map-random-01,7001,H3_map-random-01_seed503,2018,0.0,center,,success,1,0,0,91,1.3334083196719497,415.8150111372252,0.8066332086175649,30.773187574027038,51.50001575825251,26.35478457402586
H3,map-random-01,7001,H3_map-random-01_seed503,2019,0.0,center,,success,1,0,0,91,1.3051731366129364,415.5359019287622,0.8071750119980484,30.646221601319336,49.24875024206641,26.240964858553763
H3,map-random-01,7001,H3_map-random-01_seed503,2020,0.0,center,,success,1,0,0,91,1.2465937623472514,415.3162892000935,0.8076018334628157,30.387965318278585,49.60900866023178,26.25514035286388
H3,map-random-01,7001,H3_map-random-01_seed503,2021,0.0,center,,success,1,0,0,91,1.045974357544811,415.0621895455449,0.8080962445464183,30.550649594773304,49.95117933326553,26.275581713026018
H3,map-random-01,7001,H3_map-random-01_seed503,2022,0.0,center,,success,1,0,0,91,1.062872023399868,414.9281578371345,0.808357278940375,30.25013078349704,49.98009065698675,26.283283841634592
H3,map-random-01,7001,H3_map-random-01_seed503,2023,0.0,center,,success,1,0,0,91,1.0365897457018796,415.01695666240164,0.8081843193164037,30.31028808542624,52.92179322716103,26.40859985003849
H3,map-random-01,7001,H3_map-random-01_seed503,2024,0.0,center,,success,1,0,0,90,2.911015111584328,412.1431946850574,0.8138195679326331,30.293562860314832,46.85949192468638,26.299083905148695
H3,map-random-01,7001,H3_map-random-01_seed503,2025,0.0,center,,success,1,0,0,90,2.9247680486220715,412.17397486813627,0.8137587938012674,30.32978947919352,46.86867677781931,26.300515408702783
H3,map-random-01,7001,H3_map-random-01_seed503,2026,0.0,center,,success,1,0,0,91,1.2303149915057723,415.467148677864,0.8073085867133906,30.40607778016451,52.40676102439959,26.394665886790015
H3,map-random-01,7001,H3_map-random-01_seed503,2027,0.0,center,,success,1,0,0,91,1.1703060666070273,415.1975656324748,0.8078327629740185,30.391853434194676,49.64622133346039,26.2623720171795
H3,map-random-01,7001,H3_map-random-01_seed503,2028,0.0,center,,success,1,0,0,91,0.9695862435203014,414.90425202315504,0.8084038545988433,30.283149935651036,53.95133879838441,26.479805466625354
H3,map-random-01,7001,H3_map-random-01_seed503,2029,0.0,center,,success,1,0,0,91,1.111350904461468,415.16661624404577,0.8078929844103978,30.52007659860925,49.77049505764556,26.26579976833677
H3,map-random-01,7001,H3_map-random-01_seed503,2030,0.0,center,,success,1,0,0,91,1.3353641645716203,415.5989113602948,0.8070526352610958,30.686084639209497,49.16469581518077,26.237539142440767
H3,map-random-01,7001,H3_map-random-01_seed503,2031,0.0,center,,success,1,0,0,91,1.1462963680641927,415.2870683799805,0.8076586587041856,30.329241613589097,53.06896522712855,26.430555472101283
H3,map-random-01,7001,H3_map-random-01_seed503,2032,0.0,center,,success,1,0,0,91,1.3421225465844855,415.64832757443185,0.8069566851917748,30.76485109893978,49.1266453710529,26.234558564282885
H3,map-random-01,7001,H3_map-random-01_seed503,2033,0.0,center,,success,1,0,0,90,2.983944254353971,412.40350362479296,0.8133058853208157,30.351299713217067,49.24718173923477,26.424567017587403
H3,map-random-01,7001,H3_map-random-01_seed503,2034,0.0,center,,success,1,0,0,91,1.4139457255661814,415.8442522040688,0.8065764883059424,30.59431658257252,50.962372415472814,26.350081622239358
H3,map-random-01,7001,H3_map-random-01_seed503,2035,0.0,center,,success,1,0,0,91,1.041730891244349,414.9433799937065,0.8083276244340991,30.347111931537015,50.41200407921053,26.287332395120277
H3,map-random-01,7001,H3_map-random-01_seed503,2036,0.0,center,,success,1,0,0,91,1.1633307385315839,415.1455692538644,0.8079339428523753,30.31656728042928,49.682568025859794,26.26579774110292
H3,map-random-01,7001,H3_map-random-01_seed503,2037,0.0,center,,success,1,0,0,91,1.0141001574510677,414.9792909221512,0.8082576744483626,30.500890347367402,50.83486925651633,26.295557875236167
H3,map-random-01,7001,H3_map-random-01_seed503,2038,0.0,center,,success,1,0,0,91,0.9588691948424428,414.6908360252312,0.8088198905957039,30.225348444537765,50.352862306929595,26.301977354380536
H3,map-random-01,7001,H3_map-random-01_seed503,2039,0.0,center,,success,1,0,0,91,1.2559988940877067,415.35371954282374,0.8075290549802987,30.43342582562131,49.422555315285365,26.252010767613697
H3,map-random-01,7001,H3_map-random-01_seed503,2040,0.0,center,,success,1,0,0,90,2.947429002790095,412.1401492782919,0.813825581449206,30.136619059077677,48.50763699587719,26.34769209483438
H3,map-random-01,7001,H3_map-random-01_seed503,2041,0.0,center,,success,1,0,0,91,1.0891999772527692,414.97837847498613,0.8082594516311316,30.249534140106025,49.90174534518606,26.278739786653777
H3,map-random-01,7001,H3_map-random-01_seed503,2042,0.0,center,,success,1,0,0,91,1.2962341197333214,415.4002003584577,0.8074386972744256,30.408595742499404,49.331402121616634,26.249431350264903
H3,map-random-01,7001,H3_map-random-01_seed503,2043,0.0,center,,success,1,0,0,91,1.126559883476644,415.17023075504363,0.8078859508182447,30.219823169141073,53.17475161313344,26.43283415881542
H3,map-random-01,7001,H3_map-random-01_seed503,2044,0.0,center,,success,1,0,0,91,0.9562305655924915,414.66864543631334,0.8088631738048356,30.150066375397518,51.580443129183976,26.329202651756436
H3,map-random-01,7001,H3_map-random-01_seed503,2045,0.0,center,,success,1,0,0,90,2.965884099141919,412.20762365464475,0.8136923661217421,30.340689344989553,46.84626238065709,26.30164986259652
H3,map-random-01,7001,H3_map-random-01_seed503,2046,0.0,center,,success,1,0,0,90,2.924678007823749,412.1783963137172,0.8137500645950427,30.339020403507263,46.869643497457034,26.300557561268786
H3,map-random-01,7001,H3_map-random-01_seed503,2047,0.0,center,,success,1,0,0,91,1.145013328990449,415.32440143874595,0.8075860591457119,30.388339383671866,52.30541223991508,26.39228010220343
H3,map-random-01,7001,H3_map-random-01_seed503,2048,0.0,center,,success,1,0,0,90,2.9352133521521964,412.17438940827003,0.8137579753717679,30.331088085741563,46.832152982721794,26.298863135425158
H3,map-random-01,7001,H3_map-random-01_seed503,2049,0.0,center,,success,1,0,0,91,1.0322667441892996,414.78986925056824,0.8086267806660251,30.115504111971923,50.12062122468396,26.293579659808074
H3,map-random-01,7001,H3_map-random-01_seed503,2050,0.0,center,,success,1,0,0,91,1.222322145923829,415.28054706658105,0.8076713416850534,30.39201490085372,49.51528065023749,26.256610947767275
H3,map-random-01,7001,H3_map-random-01_seed503,2001,0.5,center,,success,1,0,0,90,2.1164822579540754,411.5063434261256,0.8150790430893611,30.382553598448226,45.84778067539117,26.289875511650944
H3,map-random-01,7001,H3_map-random-01_seed503,2002,0.5,center,,success,1,0,0,90,1.832199217007929,412.84541277863514,0.8124353238358812,30.884960909751616,46.3190869836671,26.2652002879309
H3,map-random-01,7001,H3_map-random-01_seed503,2003,0.5,center,,success,1,0,0,90,2.9674919176484478,411.5524528002956,0.814987723539884,30.209386719748533,46.62119685448661,26.22878284562096
H3,map-random-01,7001,H3_map-random-01_seed503,2004,0.5,center,,success,1,0,0,90,2.249253447873319,412.1149555763071,0.8138753328083577,30.971420877122213,44.5888326525398,26.182716704313183
H3,map-random-01,7001,H3_map-random-01_seed503,2005,0.5,center,,success,1,0,0,90,2.049061415552751,412.29903013372774,0.8135119709502575,30.554847759290105,45.88052691670895,26.15570929929248
H3,map-random-01,7001,H3_map-random-01_seed503,2006,0.5,center,,success,1,0,0,90,2.5028878698059556,412.9213190227249,0.8122859759791413,30.218575174164794,46.730285257813335,26.33253519948931
H3,map-random-01,7001,H3_map-random-01_seed503,2007,0.5,center,,success,1,0,0,90,2.034777741821148,412.4882273924829,0.8131388348832206,30.822241784438013,48.85781985229631,26.400092010995614
H3,map-random-01,7001,H3_map-random-01_seed503,2008,0.5,center,,success,1,0,0,90,2.8083642039828747,413.2349232609058,0.8116695316508842,30.49095469163473,46.180577898755885,26.20862118734945
H3,map-random-01,7001,H3_map-random-01_seed503,2009,0.5,center,,success,1,0,0,91,1.0665031311044029,414.7622062989867,0.8086807127821662,29.942849588362602,52.05256882718491,26.325977141682596
H3,map-random-01,7001,H3_map-random-01_seed503,2010,0.5,center,,success,1,0,0,90,2.7529275079732507,411.86615868450457,0.8143669722617282,29.55876111967664,48.945098695273195,26.35021870636942
H3,map-random-01,7001,H3_map-random-01_seed503,2011,0.5,center,,success,1,0,0,90,2.317938725298271,412.52032263378857,0.8130755703949307,30.787414330540102,48.533317341480824,26.299357228854966
H3,map-random-01,7001,H3_map-random-01_seed503,2012,0.5,center,,success,1,0,0,91,0.9361383599324195,414.5652165450149,0.8090649751570475,29.41325290610916,48.61208239965269,26.11609779914863
H3,map-random-01,7001,H3_map-random-01_seed503,2013,0.5,center,,success,1,0,0,91,1.683581243343491,413.4401328517791,0.8112666622647763,29.488194042959357,47.71834848909116,26.021977972011705
H3,map-random-01,7001,H3_map-random-01_seed503,2014,0.5,center,,success,1,0,0,90,2.2836974895673303,412.52761591671816,0.8130611956235233,29.193025872136367,45.73927123175657,26.383022033896392
H3,map-random-01,7001,H3_map-random-01_seed503,2015,0.5,center,,success,1,0,0,90,1.7910468132451587,412.2429221512437,0.8136226933252554,31.303080716347797,45.24001876368786,26.218940313160225
H3,map-random-01,7001,H3_map-random-01_seed503,2016,0.5,center,,success,1,0,0,91,0.8133094016673028,416.0576840364103,0.80616272573304,30.010289100900316,50.89972842504213,26.41402316727992
H3,map-random-01,7001,H3_map-random-01_seed503,2017,0.5,center,,success,1,0,0,90,2.612718274491948,413.3689140063785,0.8114064344465751,30.28779926577339,44.844802801866244,26.235117291738938
H3,map-random-01,7001,H3_map-random-01_seed503,2018,0.5,center,,success,1,0,0,90,1.8593421884067993,412.1971200417219,0.8137131006422821,31.347674691195976,44.79271871532692,26.425119623465093
H3,map-random-01,7001,H3_map-random-01_seed503,2019,0.5,center,,success,1,0,0,91,1.1010793708902473,414.8822155414147,0.8084467929946418,30.03265371607299,50.3071456578372,26.272096683894617
H3,map-random-01,7001,H3_map-random-01_seed503,2020,0.5,center,,success,1,0,0,90,1.8090575104398434,411.7203309881441,0.8146554138338797,30.765522132770883,43.401258101527326,26.25483452627624
H3,map-random-01,7001,H3_map-random-01_seed503,2021,0.5,center,,success,1,0,0,91,1.3245005097088907,415.246395999554,0.8077377669168951,31.561739106884737,47.97220612409526,26.19230238811292
H3,map-random-01,7001,H3_map-random-01_seed503,2022,0.5,center,,success,1,0,0,90,2.9728452664816927,411.39258799066016,0.8153044231136787,30.024714641507384,45.361885708526394,26.242943056259193
H3,map-random-01,7001,H3_map-random-01_seed503,2023,0.5,center,,success,1,0,0,91,1.7997223107093057,414.4230295756626,0.8093425622808722,29.570247527058747,54.188191040859586,26.37777724738664
H3,map-random-01,7001,H3_map-random-01_seed503,2024,0.5,center,,success,1,0,0,90,2.2569383146119826,411.614949771706,0.814863981036153,30.783328463092996,46.77585070592183,26.123331329876365
H3,map-random-01,7001,H3_map-random-01_seed503,2025,0.5,center,,success,1,0,0,90,2.76076306169966,412.00069483750974,0.8141010460121966,29.75786894527624,44.640212256358744,26.147220320723882
H3,map-random-01,7001,H3_map-random-01_seed503,2026,0.5,center,,success,1,0,0,91,1.212553879097352,415.54212283779594,0.8071629281152168,29.974635061568446,51.389522782896464,26.270894791342137
H3,map-random-01,7001,H3_map-random-01_seed503,2027,0.5,center,,success,1,0,0,90,2.873531963825923,412.3078325331666,0.8134946032052098,29.564324739692378,45.996646210809494,26.304828201760035
H3,map-random-01,7001,H3_map-random-01_seed503,2028,0.5,center,,success,1,0,0,90,1.9326692960813603,411.1128750714248,0.8158591398206536,30.550481049121327,48.132537388911835,26.436192414361027
H3,map-random-01,7001,H3_map-random-01_seed503,2029,0.5,center,,success,1,0,0,91,1.2344680874781346,414.81844763526783,0.8085710713615137,30.044686846053352,47.85616548511685,26.056273800004256
H3,map-random-01,7001,H3_map-random-01_seed503,2030,0.5,center,,success,1,0,0,90,1.643075897168545,411.8799058078079,0.8143397915155349,30.36557970474263,43.73652124690797,26.14598924637902
H3,map-random-01,7001,H3_map-random-01_seed503,2031,0.5,center,,success,1,0,0,90,2.8896205065826424,410.7417679193861,0.8165962724560252,30.352367751375613,46.92070879686137,26.22978177215124
H3,map-random-01,7001,H3_map-random-01_seed503,2032,0.5,center,,success,1,0,0,90,2.5910970859844986,411.54376959523734,0.8150049190511426,30.80954239254127,42.577029730233214,26.15991937798764
H3,map-random-01,7001,H3_map-random-01_seed503,2033,0.5,center,,success,1,0,0,90,2.335136592265724,412.05443513129035,0.8139948706488229,29.5534616763865,46.26420085734362,26.17347661502687
H3,map-random-01,7001,H3_map-random-01_seed503,2034,0.5,center,,success,1,0,0,91,1.297939764013286,415.6205132304137,0.8070106887121382,29.847168020481423,50.99123076945948,26.287924310032633
H3,map-random-01,7001,H3_map-random-01_seed503,2035,0.5,center,,success,1,0,0,91,2.2619477251912135,414.3720145163655,0.8094422038043343,30.32409956851436,48.728465657954196,26.144022601655383
H3,map-random-01,7001,H3_map-random-01_seed503,2036,0.5,center,,success,1,0,0,90,2.5339732073016106,413.2939432973855,0.8115536219789802,29.935325753964207,44.604937304317815,26.278582229720563
H3,map-random-01,7001,H3_map-random-01_seed503,2037,0.5,center,,success,1,0,0,90,2.0811096564250824,412.80094535699914,0.8125228403604999,29.57017686877415,46.128167438768884,26.320807755390923
H3,map-random-01,7001,H3_map-random-01_seed503,2038,0.5,center,,success,1,0,0,90,2.5941904161001883,411.98735279460266,0.81412741034356,31.127072638918357,45.14072095550878,26.224239629325716
H3,map-random-01,7001,H3_map-random-01_seed503,2039,0.5,center,,success,1,0,0,91,1.1914203377256336,415.6197629607216,0.8070121455140395,30.462541353111195,48.54151459869018,26.252808463006943
H3,map-random-01,7001,H3_map-random-01_seed503,2040,0.5,center,,success,1,0,0,90,2.5181638237137403,412.22882197007317,0.8136505230808885,30.47461428961603,48.69942128843754,26.300527319703566
H3,map-random-01,7001,H3_map-random-01_seed503,2041,0.5,center,,success,1,0,0,90,2.553533174031471,411.8252361034329,0.8144478949335872,30.743938730418854,42.52258953760812,26.231354670902935
H3,map-random-01,7001,H3_map-random-01_seed503,2042,0.5,center,,success,1,0,0,90,2.006433453228625,411.8270924500214,0.8144442237385664,31.081577395775582,41.82316592604611,26.228224278156645
H3,map-random-01,7001,H3_map-random-01_seed503,2043,0.5,center,,success,1,0,0,91,1.0244437009236835,415.65570766856223,0.8069423574291915,30.277145142951778,53.45407332101879,26.47507233908233
H3,map-random-01,7001,H3_map-random-01_seed503,2044,0.5,center,,success,1,0,0,91,1.339506402591717,412.86467563010706,0.8123974183867174,30.979276544055953,49.508534238699205,26.104790631064297
H3,map-random-01,7001,H3_map-random-01_seed503,2045,0.5,center,,success,1,0,0,91,1.520505200721342,414.95559368177555,0.8083038323425772,29.856317947406442,48.9264850489269,26.284411935219623
H3,map-random-01,7001,H3_map-random-01_seed503,2046,0.5,center,,success,1,0,0,91,2.002634782327349,414.0486588229054,0.8100743462821559,29.701069006147318,54.67105621836527,26.323217340357477
H3,map-random-01,7001,H3_map-random-01_seed503,2047,0.5,center,,success,1,0,0,90,2.6422504544086394,411.65942606315025,0.8147759419300049,30.646867301445656,46.292453764657466,26.289979200640854
H3,map-random-01,7001,H3_map-random-01_seed503,2048,0.5,center,,success,1,0,0,91,1.4038208275200332,415.1874022292038,0.8078525379722519,31.18592982230894,49.94772860429144,26.309348757959878
H3,map-random-01,7001,H3_map-random-01_seed503,2049,0.5,center,,success,1,0,0,91,0.9762681569803454,414.70665649214925,0.8087890352715331,30.0962086552968,49.77764171941772,26.309283066616516
H3,map-random-01,7001,H3_map-random-01_seed503,2050,0.5,center,,success,1,0,0,90,2.9348778619070455,413.01400419473646,0.8121036895078799,30.621935054698675,46.77800366788228,26.309440341064075
H3,map-random-01,7001,H3_map-random-01_seed503,2001,1.5,center,,success,1,0,0,91,0.9453693086928167,412.0401689006713,0.8140230539169212,28.757627406598885,47.156928745293555,25.993807014785702
H3,map-random-01,7001,H3_map-random-01_seed503,2002,1.5,center,,success,1,0,0,90,2.229240042762055,414.53573499963693,0.8091225153972847,31.75739276836717,41.25131759116858,26.32324124902763
H3,map-random-01,7001,H3_map-random-01_seed503,2003,1.5,center,,success,1,0,0,91,0.9536357837210245,412.79383606562027,0.8125368339357897,28.78087725545467,51.02260279111123,26.10279184038528
H3,map-random-01,7001,H3_map-random-01_seed503,2004,1.5,center,,success,1,0,0,89,2.1559919174703137,409.52646756414026,0.8190195828366975,31.899470853547907,46.18440090075904,26.32434210672902
H3,map-random-01,7001,H3_map-random-01_seed503,2005,1.5,center,,success,1,0,0,109,2.9730017219827363,423.3852289986276,0.7922104354426018,30.09258896072116,58.26058243192415,24.838429424782163
H3,map-random-01,7001,H3_map-random-01_seed503,2006,1.5,center,,success,1,0,0,91,1.235432630025977,416.584659730159,0.8051429374337237,29.977021062151973,45.9145950356131,26.40592302033347
H3,map-random-01,7001,H3_map-random-01_seed503,2007,1.5,center,,success,1,0,0,90,1.6560663295006077,413.6387224246688,0.8108771699585084,31.414040504007755,45.1964129182963,26.303227649227537
H3,map-random-01,7001,H3_map-random-01_seed503,2008,1.5,center,,success,1,0,0,92,1.5555351995131959,418.9675809964999,0.8005636040554902,30.626654152741082,51.69284433713067,26.216287383295416
H3,map-random-01,7001,H3_map-random-01_seed503,2009,1.5,center,,success,1,0,0,90,2.519551827834985,411.20289797813575,0.8156805272388978,28.567590512575702,47.84617635780687,26.296244708890033
H3,map-random-01,7001,H3_map-random-01_seed503,2010,1.5,center,,success,1,0,0,90,2.875930590199036,410.71724848983905,0.8166450224777116,28.229059466149476,47.9643825222236,26.014991415263108
H3,map-random-01,7001,H3_map-random-01_seed503,2011,1.5,center,,success,1,0,0,90,2.372925009716539,413.859417075326,0.8104447616421422,31.55709983628307,43.96063719595688,26.26952652659637
H3,map-random-01,7001,H3_map-random-01_seed503,2012,1.5,center,,success,1,0,0,91,1.3119618186030932,413.74493304067715,0.8106690132976028,28.02320815190417,49.71028887561849,26.027750641559468
H3,map-random-01,7001,H3_map-random-01_seed503,2013,1.5,center,,success,1,0,0,90,1.585867073964187,408.7844473414299,0.8205062565524248,26.23339991054449,45.68297206026747,26.167811985969998
H3,map-random-01,7001,H3_map-random-01_seed503,2014,1.5,center,,success,1,0,0,91,1.862262080682403,416.7238824773995,0.8048739482627542,27.29102132795525,50.822408264061735,26.433506567731598
H3,map-random-01,7001,H3_map-random-01_seed503,2015,1.5,center,,success,1,0,0,90,1.0274487621507749,412.2518959963746,0.8136049824933203,31.27164312605783,43.20618263402548,25.917788497652285
H3,map-random-01,7001,H3_map-random-01_seed503,2016,1.5,center,,success,1,0,0,91,2.7816117834697014,418.6135638350984,0.8012406324155669,29.796866364464307,48.461974912507856,26.496258498191324
H3,map-random-01,7001,H3_map-random-01_seed503,2017,1.5,center,,success,1,0,0,92,1.2262942939366475,418.4490298097776,0.8015556799771822,29.623987363529807,51.85486796671558,26.37991270869987
H3,map-random-01,7001,H3_map-random-01_seed503,2018,1.5,center,,success,1,0,0,90,2.3957342546194473,412.7012757410413,0.8127190690717156,32.00752905984959,44.844937832996415,26.3689599379943
H3,map-random-01,7001,H3_map-random-01_seed503,2019,1.5,center,,success,1,0,0,92,1.255142908842993,417.1794767491157,0.8039949597680669,28.864835526125166,47.834965043884445,26.00117851064451
H3,map-random-01,7001,H3_map-random-01_seed503,2020,1.5,center,,success,1,0,0,90,1.7857943979758377,410.5281076172443,0.817021271872785,30.01786904608861,44.08353083560053,26.058903512923468
H3,map-random-01,7001,H3_map-random-01_seed503,2021,1.5,center,,success,1,0,0,91,1.6806990775021586,416.872302254539,0.8045873875788696,33.013698657716915,43.45254780508129,26.11665892697943
H3,map-random-01,7001,H3_map-random-01_seed503,2022,1.5,center,,success,1,0,0,91,2.176305455553968,412.57490602843694,0.8129680010200382,27.711074388282974,44.41743508525246,25.884992686939693
H3,map-random-01,7001,H3_map-random-01_seed503,2023,1.5,center,,success,1,0,0,93,0.7853810771930924,420.21247354028804,0.7981919094384305,28.073854125119112,46.607169411387794,26.014793225229255
H3,map-random-01,7001,H3_map-random-01_seed503,2024,1.5,center,,success,1,0,0,109,2.919335203863417,423.78629394544106,0.7914606994537434,31.777119785895987,57.896453407618914,24.78468678010704
H3,map-random-01,7001,H3_map-random-01_seed503,2025,1.5,center,,success,1,0,0,91,1.770631398709576,416.0443344212265,0.8061885930776321,28.730501203914024,44.47976601266571,26.2673557768189
H3,map-random-01,7001,H3_map-random-01_seed503,2026,1.5,center,,success,1,0,0,91,1.4346175119889988,415.6142150462617,0.8070229180867509,28.72343314535771,51.48050662180781,26.46092556454166
H3,map-random-01,7001,H3_map-random-01_seed503,2027,1.5,center,,success,1,0,0,91,2.1525105763671295,414.7821944958437,0.8086417427648993,28.161882411792003,54.37013555523604,26.51366669148208
H3,map-random-01,7001,H3_map-random-01_seed503,2028,1.5,center,,success,1,0,0,89,2.614646376057561,407.48299814629394,0.8231268498337445,30.909357495774884,43.39813506785622,26.111565205963544
H3,map-random-01,7001,H3_map-random-01_seed503,2029,1.5,center,,success,1,0,0,91,2.719179244721601,412.66323445136607,0.8127939894400693,29.07122973608461,47.51511461644311,25.77155766916612
H3,map-random-01,7001,H3_map-random-01_seed503,2030,1.5,center,,success,1,0,0,90,0.9701451294058048,410.0288977416347,0.8180159946587848,28.710660106037228,47.94414366337892,26.178802962382587
H3,map-random-01,7001,H3_map-random-01_seed503,2031,1.5,center,,success,1,0,0,91,1.9210621676998725,410.34041379452003,0.817394985600728,28.574159783980605,48.87145673894379,25.782775307486634
H3,map-random-01,7001,H3_map-random-01_seed503,2032,1.5,center,,success,1,0,0,91,1.6938529418773562,413.5400295399641,0.8110706888474378,30.832386102677674,44.557731213639855,25.93871830946573
H3,map-random-01,7001,H3_map-random-01_seed503,2033,1.5,center,,success,1,0,0,90,2.5918615409826016,412.2753511535578,0.8135586949025245,28.0542618000606,51.782557181456134,26.433708264422165
H3,map-random-01,7001,H3_map-random-01_seed503,2034,1.5,center,,success,1,0,0,92,1.023575402840744,418.13725614838995,0.8021533400648159,28.492755575341025,44.93813125715873,26.038132385039688
H3,map-random-01,7001,H3_map-random-01_seed503,2035,1.5,center,,success,1,0,0,91,1.7157702276978746,411.5227874387283,0.8150464733982873,27.937939027720063,44.85751329392344,25.85000501664227
H3,map-random-01,7001,H3_map-random-01_seed503,2036,1.5,center,,success,1,0,0,91,2.138698004182773,417.75614926864137,0.8028851214091413,29.123451846449864,47.30052843671468,26.358083023462065
H3,map-random-01,7001,H3_map-random-01_seed503,2037,1.5,center,,success,1,0,0,90,2.319630880382948,414.9157247714606,0.808381501592198,27.545933271682,48.06027854027825,26.6591681133046
H3,map-random-01,7001,H3_map-random-01_seed503,2038,1.5,center,,success,1,0,0,90,2.610114054404072,412.79468141728455,0.812535169962401,33.01282559848994,43.28877644118938,26.143060936199465
H3,map-random-01,7001,H3_map-random-01_seed503,2039,1.5,center,,success,1,0,0,90,2.270004610604934,412.68741895692887,0.8127463576978449,30.526095705674482,42.275599448220106,26.129191343368934
H3,map-random-01,7001,H3_map-random-01_seed503,2040,1.5,center,,success,1,0,0,90,2.587847142625983,412.26359590292384,0.8135818926489641,31.16468311602755,48.3905911440497,26.343754181388903
H3,map-random-01,7001,H3_map-random-01_seed503,2041,1.5,center,,success,1,0,0,91,1.586981079926274,415.3676263980069,0.8075020182328246,31.65200323484488,46.33600139756357,26.24389007697122
H3,map-random-01,7001,H3_map-random-01_seed503,2042,1.5,center,,success,1,0,0,89,2.26112013795836,408.1764889804759,0.821728359374006,31.03773959187493,42.492187793814246,25.896154537614652
H3,map-random-01,7001,H3_map-random-01_seed503,2043,1.5,center,,success,1,0,0,91,1.8201851686565047,417.42520484842254,0.8035216674248606,30.4504331382826,48.642825037301215,26.312807670209395
H3,map-random-01,7001,H3_map-random-01_seed503,2044,1.5,center,,success,1,0,0,90,1.4925448001041028,407.7113029560631,0.8226659260930862,30.24758342906111,43.77251757045492,25.737298960209852
H3,map-random-01,7001,H3_map-random-01_seed503,2045,1.5,center,,success,1,0,0,91,2.975881148826661,416.83803946241784,0.8046535221630345,28.95371522546816,43.595593870326205,26.348134270421692
H3,map-random-01,7001,H3_map-random-01_seed503,2046,1.5,center,,success,1,0,0,91,0.74554223121734,412.1036567071819,0.8138976472691006,25.96573247946202,47.869097024718776,26.02097405348614
H3,map-random-01,7001,H3_map-random-01_seed503,2047,1.5,center,,success,1,0,0,90,2.792758434039967,409.74424569577917,0.8185842757972466,29.650101361616326,46.452724979556436,26.137655501427968
H3,map-random-01,7001,H3_map-random-01_seed503,2048,1.5,center,,success,1,0,0,91,1.4262645330000745,415.3395020499689,0.8075566975197455,31.64912236212012,47.133674523252594,26.4936791551188
H3,map-random-01,7001,H3_map-random-01_seed503,2049,1.5,center,,success,1,0,0,90,2.6641951724120863,411.1960720377476,0.8156940677054375,29.32227415141098,42.20320314247248,25.862684278275278
H3,map-random-01,7001,H3_map-random-01_seed503,2050,1.5,center,,success,1,0,0,91,1.2846692399932764,418.9098980122578,0.8006738399271577,30.924990663635405,44.692249800048714,26.190349445438848
H3,map-random-01,7001,H3_map-random-01_seed503,2001,2.0,center,,success,1,0,0,91,0.8344577149213,410.7414453144272,0.8165969138278905,27.675759650987512,52.45742314760719,26.077126913276924
H3,map-random-01,7001,H3_map-random-01_seed503,2002,2.0,center,,success,1,0,0,90,2.0715199747262862,414.95832014900054,0.8082985214142268,32.2033790915585,37.604785556690175,26.294695394390683
H3,map-random-01,7001,H3_map-random-01_seed503,2003,2.0,center,,success,1,0,0,91,0.9129889532232244,413.08716612543714,0.8119598577001508,27.996719916656158,49.93220139132198,26.22386418823063
H3,map-random-01,7001,H3_map-random-01_seed503,2004,2.0,center,,success,1,0,0,89,2.7244404402316773,409.0463657207878,0.8199808743782292,32.452331975284835,47.653070537639636,26.283285117209235
H3,map-random-01,7001,H3_map-random-01_seed503,2005,2.0,center,,success,1,0,0,107,2.91996720076163,422.644140208157,0.793599543246418,29.754943677377504,57.00465364943058,24.93004145821696
H3,map-random-01,7001,H3_map-random-01_seed503,2006,2.0,center,,success,1,0,0,91,1.3065461489625703,417.00197144594955,0.8043371964452289,29.889841291384872,50.46393807640594,26.6590994460781
H3,map-random-01,7001,H3_map-random-01_seed503,2007,2.0,center,,success,1,0,0,90,2.1319033385198782,413.9190557477254,0.8103279903822395,31.70322165179169,44.60871661964587,26.276285745941866
H3,map-random-01,7001,H3_map-random-01_seed503,2008,2.0,center,,success,1,0,0,92,1.9000651542035023,418.92551582820977,0.800643990285164,30.747904497856798,49.18842010237634,26.090129850346013
H3,map-random-01,7001,H3_map-random-01_seed503,2009,2.0,center,,success,1,0,0,90,2.3727359150129748,410.523839009229,0.8170297672224295,27.911651785149825,47.48409364482988,26.164793414795735
H3,map-random-01,7001,H3_map-random-01_seed503,2010,2.0,center,,success,1,0,0,91,0.8210834990107924,413.52648001142563,0.8110972642325134,27.57969524728208,49.22062943363936,26.100322832092868
H3,map-random-01,7001,H3_map-random-01_seed503,2011,2.0,center,,success,1,0,0,90,2.9053077127972693,414.7182993045107,0.8087663293070424,31.93677974835247,45.79610565518072,26.20689017657079
H3,map-random-01,7001,H3_map-random-01_seed503,2012,2.0,center,,success,1,0,0,91,1.825299204889017,414.0329670118858,0.8101050480246896,27.350026921403323,46.406156662554956,26.065272924980714
H3,map-random-01,7001,H3_map-random-01_seed503,2013,2.0,center,,success,1,0,0,90,1.9810349538152938,407.73897083014583,0.822610102591082,24.557714130708014,41.387365465053875,25.877571969241846
H3,map-random-01,7001,H3_map-random-01_seed503,2014,2.0,center,,success,1,0,0,90,2.9911517521438697,414.47881260055584,0.8092336361429701,26.36575473711812,45.890727609208575,26.5900951904588
H3,map-random-01,7001,H3_map-random-01_seed503,2015,2.0,center,,success,1,0,0,90,2.3366639586928493,412.95708956543314,0.8122156153752693,31.498020598359883,37.50251074743796,25.803917356444103
H3,map-random-01,7001,H3_map-random-01_seed503,2016,2.0,center,,success,1,0,0,93,0.5788311773013729,425.4635323115158,0.788340647675975,29.62564226090133,52.240820872906184,26.520383601241242
H3,map-random-01,7001,H3_map-random-01_seed503,2017,2.0,center,,success,1,0,0,92,0.976555396861801,419.5166594630974,0.7995157976663682,29.26651532747302,47.164450980751035,26.451601145733814
H3,map-random-01,7001,H3_map-random-01_seed503,2018,2.0,center,,success,1,0,0,90,2.723757942011141,412.76977302964553,0.8125842019950404,32.23951017661394,40.75087112268155,26.25741248038699
H3,map-random-01,7001,H3_map-random-01_seed503,2019,2.0,center,,success,1,0,0,91,2.9927770816733954,414.6833751851233,0.8088344426039129,28.306775160369487,42.65269733526184,26.038883778142495
H3,map-random-01,7001,H3_map-random-01_seed503,2020,2.0,center,,success,1,0,0,91,0.814043520630591,412.87856920640127,0.8123700807955819,29.577730334580952,41.94324857481526,25.691029070888778
H3,map-random-01,7001,H3_map-random-01_seed503,2021,2.0,center,,success,1,0,0,91,2.303689557428036,417.36122362114094,0.80364484681844,33.541987625996505,42.23208757897945,25.990468234705762
H3,map-random-01,7001,H3_map-random-01_seed503,2022,2.0,center,,success,1,0,0,91,2.982358852267994,412.2474185242758,0.8136138191614105,26.54664507896863,43.124294443714554,25.84051650540767
H3,map-random-01,7001,H3_map-random-01_seed503,2023,2.0,center,,success,1,0,0,94,1.7146369798239542,422.7277139628195,0.793442647705064,27.18121661919835,49.63532241633754,25.83308494990806
H3,map-random-01,7001,H3_map-random-01_seed503,2024,2.0,center,,success,1,0,0,108,2.8080652670169903,425.15999919315294,0.7889034651930871,32.278841836384494,54.156053827625385,25.00674877520494
H3,map-random-01,7001,H3_map-random-01_seed503,2025,2.0,center,,success,1,0,0,91,2.162660705350463,416.28877009768723,0.8057152167382762,28.188071242905668,52.3758942667227,26.582145073586272
H3,map-random-01,7001,H3_map-random-01_seed503,2026,2.0,center,,success,1,0,0,91,2.3007486462995836,415.4874290351046,0.8072691811733,27.946150574098027,45.20511552630222,26.205839157683947
H3,map-random-01,7001,H3_map-random-01_seed503,2027,2.0,center,,success,1,0,0,92,1.3376747487568414,416.91995491209764,0.8044954257363036,27.465550520182227,44.083116358550896,26.0144418329806
H3,map-random-01,7001,H3_map-random-01_seed503,2028,2.0,center,,success,1,0,0,90,1.6739510209860342,409.83318616480625,0.8184066296917447,31.003754756975052,46.59399617657689,26.175271803735658
H3,map-random-01,7001,H3_map-random-01_seed503,2029,2.0,center,,success,1,0,0,92,2.3229792387815045,414.3004566477869,0.8095820104541035,28.455659568021108,49.286439320074976,25.718103856122656
H3,map-random-01,7001,H3_map-random-01_seed503,2030,2.0,center,,success,1,0,0,90,2.873457206942492,410.1071575799736,0.8178598944827274,27.8256695203007,43.81921985000504,25.819456162083075
H3,map-random-01,7001,H3_map-random-01_seed503,2031,2.0,center,,success,1,0,0,91,1.2866662184950595,408.8442877169657,0.8203861633922739,27.571611055402602,50.73992633489758,25.889335206476364
H3,map-random-01,7001,H3_map-random-01_seed503,2032,2.0,center,,success,1,0,0,91,1.7890949009302897,413.37900473184914,0.8113866277329264,30.754614123276223,44.501095440268365,26.043915655625916
H3,map-random-01,7001,H3_map-random-01_seed503,2033,2.0,center,,success,1,0,0,91,1.4524175779730235,414.87899608401,0.8084530665347308,27.33831753371053,50.09311151852168,26.187352569762343
H3,map-random-01,7001,H3_map-random-01_seed503,2034,2.0,center,,success,1,0,0,91,2.96371541844706,415.0387374044681,0.8081419067591776,27.794710759199635,49.64557496510504,26.13480441668126
H3,map-random-01,7001,H3_map-random-01_seed503,2035,2.0,center,,success,1,0,0,91,1.6985331167433748,410.74102163947555,0.8165977561388352,26.846436350605476,42.208337905997375,25.93252603323854
H3,map-random-01,7001,H3_map-random-01_seed503,2036,2.0,center,,success,1,0,0,91,2.1029565152248635,417.5922911279138,0.8032001637746423,28.571842772687184,55.05730565602393,26.50461581005061
H3,map-random-01,7001,H3_map-random-01_seed503,2037,2.0,center,,success,1,0,0,90,2.8578802353325052,417.05906187986346,0.8042270922327676,26.41643096174382,43.36782483272189,26.89373502317535
H3,map-random-01,7001,H3_map-random-01_seed503,2038,2.0,center,,success,1,0,0,90,2.019538088497458,414.16816658357857,0.809840600236675,33.95634393279612,42.85623018173914,26.1121972577958
H3,map-random-01,7001,H3_map-random-01_seed503,2039,2.0,center,,success,1,0,0,90,1.8745945535032564,413.31878503794104,0.8115048450899205,30.560506015885277,42.169476812651006,26.087142042765464
H3,map-random-01,7001,H3_map-random-01_seed503,2040,2.0,center,,success,1,0,0,90,2.8913590384713537,412.359853706403,0.8133919769594689,31.514715254428893,49.35631934980579,26.535402604792104
H3,map-random-01,7001,H3_map-random-01_seed503,2041,2.0,center,,success,1,0,0,91,2.2062434449563058,413.0595071477779,0.8120142275407566,32.068192783419924,42.81957154444527,26.102162220982002
H3,map-random-01,7001,H3_map-random-01_seed503,2042,2.0,center,,success,1,0,0,89,1.8096765502438805,407.91810527374474,0.8222488589955628,30.597401648251378,37.18799499245143,25.73539645268971
H3,map-random-01,7001,H3_map-random-01_seed503,2043,2.0,center,,success,1,0,0,91,2.252823881128325,419.1375959234607,0.8002388711658741,30.57060443146268,46.3864019117417,26.321091566231235
H3,map-random-01,7001,H3_map-random-01_seed503,2044,2.0,center,,success,1,0,0,89,2.3579173620624316,405.82588972105896,0.8264879228269786,29.98669047273547,37.480806787626484,25.325550507607556
H3,map-random-01,7001,H3_map-random-01_seed503,2045,2.0,center,,success,1,0,0,93,2.087351535271926,422.61856916723104,0.7936475609339493,28.462370319969136,50.894229505014245,26.236215711002753
H3,map-random-01,7001,H3_map-random-01_seed503,2046,2.0,center,,success,1,0,0,90,2.2900858360470067,407.9401277133938,0.8222044703104505,23.91841863763987,55.00097243512596,26.15937451996006
H3,map-random-01,7001,H3_map-random-01_seed503,2047,2.0,center,,success,1,0,0,91,2.759782377558201,412.2607261187924,0.8135875560659651,29.201099611366235,46.120129268421806,25.846896430121074
H3,map-random-01,7001,H3_map-random-01_seed503,2048,2.0,center,,success,1,0,0,91,1.591551531763857,415.53301402878225,0.8071806217585783,31.82351368550478,44.333955206067095,26.537309367964927
H3,map-random-01,7001,H3_map-random-01_seed503,2049,2.0,center,,success,1,0,0,91,2.3398829398459857,414.7973180066842,0.8086122596857378,28.943695451884416,39.77992366053381,25.651084659775808
H3,map-random-01,7001,H3_map-random-01_seed503,2050,2.0,center,,success,1,0,0,91,2.1043904053907485,417.961820641102,0.8024900363159738,30.988985071331093,42.66889825413294,25.9297047371832
H3,map-corridor-01,7013,H3_map-corridor-01_seed101,2001,0.0,center,,success,1,0,0,95,1.4379266596070446,449.4626158435563,0.7462471511573148,1.9739354059497014,37.81401993140329,24.852281322961208
H3,map-corridor-01,7013,H3_map-corridor-01_seed101,2002,0.0,center,,success,1,0,0,94,2.788059975675616,446.66906079089233,0.7509143257674398,1.990039343266032,36.07858223743524,24.659185659893243
H3,map-corridor-01,7013,H3_map-corridor-01_seed101,2003,0.0,center,,success,1,0,0,94,2.7344794601349305,446.39740573545396,0.7513712945360188,2.0022031045594826,35.997415227503645,24.735754948805514
H3,map-corridor-01,7013,H3_map-corridor-01_seed101,2004,0.0,center,,success,1,0,0,95,1.4679677172392533,449.2420931031756,0.746613466935157,1.9869847888104184,36.603072688612855,24.7895341030723
H3,map-corridor-01,7013,H3_map-corridor-01_seed101,2005,0.0,center,,success,1,0,0,95,1.3219541606709824,449.75718211415034,0.7457584002290372,1.949178128585272,37.31983432173389,24.694453812029668
H3,map-corridor-01,7013,H3_map-corridor-01_seed101,2006,0.0,center,,success,1,0,0,95,1.3987662049817138,449.2930787963933,0.7465287413807831,1.9527015491886033,37.29559160142033,24.667615762450033
H3,map-corridor-01,7013,H3_map-corridor-01_seed101,2007,0.0,center,,success,1,0,0,95,1.397851185910942,449.47650033913686,0.7462240993064073,1.9602483788574308,39.612823173033284,24.807113895042622
H3,map-corridor-01,7013,H3_map-corridor-01_seed101,2008,0.0,center,,success,1,0,0,95,1.3873318896406786,449.4251309091918,0.7463093929492329,1.9551584775660977,38.47255334528884,24.72066500365673
H3,map-corridor-01,7013,H3_map-corridor-01_seed101,2009,0.0,center,,success,1,0,0,95,1.4100208602438509,449.5045849823486,0.7461774758941325,1.9744572458550094,38.789164627011175,24.77824250196005
H3,map-corridor-01,7013,H3_map-corridor-01_seed101,2010,0.0,center,,success,1,0,0,94,2.7617754973786988,446.5126558605966,0.7511773568399932,1.9866539869369628,39.02979728099528,24.810065035589272
H3,map-corridor-01,7013,H3_map-corridor-01_seed101,2011,0.0,center,,success,1,0,0,94,2.7922207301704027,446.70262148451707,0.7508579096990904,1.9816634416837573,38.33644918423009,24.715710787038457
H3,map-corridor-01,7013,H3_map-corridor-01_seed101,2012,0.0,center,,success,1,0,0,94,2.764990581185345,446.3514203702183,0.7514487045807279,1.9793310890493299,36.346596350400034,24.663877346707206
H3,map-corridor-01,7013,H3_map-corridor-01_seed101,2013,0.0,center,,success,1,0,0,94,2.7654162025966404,446.4369285997576,0.7513047759668477,1.9844511636174245,36.8524086077258,24.715621222940186
H3,map-corridor-01,7013,H3_map-corridor-01_seed101,2014,0.0,center,,success,1,0,0,94,2.77351683179635,446.3702415957721,0.7514170197051626,1.972999418397145,38.077818230672776,24.65313421421739
H3,map-corridor-01,7013,H3_map-corridor-01_seed101,2015,0.0,center,,success,1,0,0,95,1.3614556312741506,449.71401704260364,0.7458299806412159,1.968859721559439,38.29847567853078,24.726684310632944
H3,map-corridor-01,7013,H3_map-corridor-01_seed101,2016,0.0,center,,success,1,0,0,94,2.787264833942141,446.5818232298971,0.751061013184815,1.970017493528303,39.088724698284935,24.705698255901037
H3,map-corridor-01,7013,H3_map-corridor-01_seed101,2017,0.0,center,,success,1,0,0,95,1.3291131342141078,449.6711910590207,0.7459010123264598,1.9465337096322717,37.26428270522082,24.670804169266514
H3,map-corridor-01,7013,H3_map-corridor-01_seed101,2018,0.0,center,,success,1,0,0,95,1.3547883283879552,449.851987378783,0.745601233373117,1.9663460031118571,39.117016819008754,24.78685348152967
H3,map-corridor-01,7013,H3_map-corridor-01_seed101,2019,0.0,center,,success,1,0,0,95,1.371937813934717,449.5677940529162,0.7460725636087027,1.9616030978302765,37.16195764226495,24.71559629912632
H3,map-corridor-01,7013,H3_map-corridor-01_seed101,2020,0.0,center,,success,1,0,0,95,1.4095370191939631,449.2714484049688,0.7465646833685123,1.9560377349938731,37.4327044841691,24.690670972661728
H3,map-corridor-01,7013,H3_map-corridor-01_seed101,2021,0.0,center,,success,1,0,0,94,2.794933955384875,446.76462755458317,0.750753698789616,1.9906359714754762,35.976262633704984,24.636588700560008
H3,map-corridor-01,7013,H3_map-corridor-01_seed101,2022,0.0,center,,success,1,0,0,94,2.7915558200620305,446.53900999031316,0.7511330233661883,1.972605955761991,36.42166128262418,24.628627410822407
H3,map-corridor-01,7013,H3_map-corridor-01_seed101,2023,0.0,center,,success,1,0,0,94,2.7874738313264897,446.66111202048086,0.7509276890207286,1.9786563554630927,39.24924967790656,24.77757180417489
H3,map-corridor-01,7013,H3_map-corridor-01_seed101,2024,0.0,center,,success,1,0,0,94,2.7311307636791744,446.3847535027274,0.7513925912411772,2.0027551635625453,36.00000424273792,24.739517709828622
H3,map-corridor-01,7013,H3_map-corridor-01_seed101,2025,0.0,center,,success,1,0,0,94,2.7360154613145,446.4193260435453,0.7513344003217535,2.0037934119918006,35.93888361659131,24.731667159481344
H3,map-corridor-01,7013,H3_map-corridor-01_seed101,2026,0.0,center,,success,1,0,0,95,1.4168936861951102,449.41582214240367,0.746324851283694,1.958933937591473,38.989720377423296,24.830278548794173
H3,map-corridor-01,7013,H3_map-corridor-01_seed101,2027,0.0,center,,success,1,0,0,95,1.442381838344255,449.18572448032955,0.7467071599682071,1.9647471039176185,36.254228828402276,24.754333168133723
H3,map-corridor-01,7013,H3_map-corridor-01_seed101,2028,0.0,center,,success,1,0,0,94,2.764635812468171,446.5999508961582,0.7510305273252411,1.9889647696349426,39.77115750820408,24.85572622394145
H3,map-corridor-01,7013,H3_map-corridor-01_seed101,2029,0.0,center,,success,1,0,0,95,1.4602382137620822,449.2146332516963,0.7466591063542606,1.9792201676624677,36.013366672860336,24.780829279615048
H3,map-corridor-01,7013,H3_map-corridor-01_seed101,2030,0.0,center,,success,1,0,0,95,1.3580663118268783,449.6350014147892,0.7459610474486881,1.960353849026518,37.12121409803819,24.705491499049575
H3,map-corridor-01,7013,H3_map-corridor-01_seed101,2031,0.0,center,,success,1,0,0,95,1.4559015811153118,449.2406881660539,0.7466158018638552,1.965490241817248,39.41238497881293,24.881918534789257
H3,map-corridor-01,7013,H3_map-corridor-01_seed101,2032,0.0,center,,success,1,0,0,95,1.3515699481623527,449.70235956919345,0.7458493145250232,1.9641617610110442,36.95350486506294,24.694081932139543
H3,map-corridor-01,7013,H3_map-corridor-01_seed101,2033,0.0,center,,success,1,0,0,94,2.7489872474490125,446.62022956261944,0.7509964269944506,2.0013455340537067,38.19806681203274,24.810824205043748
H3,map-corridor-01,7013,H3_map-corridor-01_seed101,2034,0.0,center,,success,1,0,0,95,1.33335859793645,449.81087797198944,0.7456693758434519,1.947408377611377,39.112858658566374,24.762536062074883
H3,map-corridor-01,7013,H3_map-corridor-01_seed101,2035,0.0,center,,success,1,0,0,94,2.7896110181680607,446.60727916183015,0.7510182038556319,1.97985842738266,36.775980228783645,24.6735784614881
H3,map-corridor-01,7013,H3_map-corridor-01_seed101,2036,0.0,center,,success,1,0,0,95,1.449318140909982,449.10382444411977,0.7468433319180123,1.9625751613232865,36.2377751241543,24.72894285255135
H3,map-corridor-01,7013,H3_map-corridor-01_seed101,2037,0.0,center,,success,1,0,0,94,2.7873336263788397,446.6959306296613,0.7508691564576718,1.9930966445969913,36.714356904137475,24.66606858235127
H3,map-corridor-01,7013,H3_map-corridor-01_seed101,2038,0.0,center,,success,1,0,0,94,2.757844498598684,446.4104836036404,0.7513492826543317,1.9874117176565287,36.37945012826699,24.7245739820192
H3,map-corridor-01,7013,H3_map-corridor-01_seed101,2039,0.0,center,,success,1,0,0,95,1.4031722823148451,449.3253450258388,0.7464751328587539,1.9568388371465604,37.29692789855726,24.70236861903074
H3,map-corridor-01,7013,H3_map-corridor-01_seed101,2040,0.0,center,,success,1,0,0,94,2.7337776604894675,446.3210208876795,0.7514998866911476,1.9902215527295049,37.92145447135222,24.779818602440745
H3,map-corridor-01,7013,H3_map-corridor-01_seed101,2041,0.0,center,,success,1,0,0,94,2.796045775602423,446.5639705015399,0.7510910390918155,1.969077610320637,36.42058428617063,24.60221445506299
H3,map-corridor-01,7013,H3_map-corridor-01_seed101,2042,0.0,center,,success,1,0,0,95,1.388093363039666,449.3465164870137,0.7464399618521622,1.9515500420629985,37.28567964626809,24.66529720123885
H3,map-corridor-01,7013,H3_map-corridor-01_seed101,2043,0.0,center,,success,1,0,0,94,2.8003253245235484,446.6896844345344,0.7508796560851076,1.9632400850886347,39.675339477140426,24.684770085746273
H3,map-corridor-01,7013,H3_map-corridor-01_seed101,2044,0.0,center,,success,1,0,0,94,2.753459165956987,446.3579382062299,0.7514377317291029,1.9845703091057745,37.51452674816757,24.725207618027373
H3,map-corridor-01,7013,H3_map-corridor-01_seed101,2045,0.0,center,,success,1,0,0,94,2.744798864918947,446.446987002588,0.7512878491506633,2.001412690953569,35.96611872582309,24.722404437136227
H3,map-corridor-01,7013,H3_map-corridor-01_seed101,2046,0.0,center,,success,1,0,0,94,2.736338312923585,446.4262016538382,0.7513228286834467,2.004369216715334,35.91978438698366,24.730535397026614
H3,map-corridor-01,7013,H3_map-corridor-01_seed101,2047,0.0,center,,success,1,0,0,95,1.4533416264265704,449.30416510446133,0.7465103212363656,1.9680338898524452,38.7245218124661,24.875340851153098
H3,map-corridor-01,7013,H3_map-corridor-01_seed101,2048,0.0,center,,success,1,0,0,94,2.7372520061084633,446.4229818923609,0.751328247491167,2.00345164974543,35.94260439461528,24.73040226308826
H3,map-corridor-01,7013,H3_map-corridor-01_seed101,2049,0.0,center,,success,1,0,0,94,2.7801422025390483,446.3809460858285,0.7513990002621596,1.971732730189654,36.39845248787848,24.6066567468694
H3,map-corridor-01,7013,H3_map-corridor-01_seed101,2050,0.0,center,,success,1,0,0,95,1.4207484526781853,449.24573985185657,0.7466074063063424,1.9588609562712316,36.233606079222675,24.716364863980104
H3,map-corridor-01,7013,H3_map-corridor-01_seed101,2001,0.5,center,,success,1,0,0,95,1.403303560120438,449.6693662082133,0.7459040393462367,2.134980724853148,40.81113925439297,24.56523790384856
H3,map-corridor-01,7013,H3_map-corridor-01_seed101,2002,0.5,center,,success,1,0,0,95,1.4397304071038317,449.38990075981866,0.7463679002529078,2.0648352879004825,38.260285915641454,24.871744758821155
H3,map-corridor-01,7013,H3_map-corridor-01_seed101,2003,0.5,center,,success,1,0,0,95,1.8788822616861063,449.3690631572241,0.7464025099289401,1.925967687599213,40.18172131000394,24.957076691021538
H3,map-corridor-01,7013,H3_map-corridor-01_seed101,2004,0.5,center,,success,1,0,0,94,2.0646745210743225,446.70995942677183,0.7508455756289255,2.3576629184914264,42.1032105497315,24.53268020186696
H3,map-corridor-01,7013,H3_map-corridor-01_seed101,2005,0.5,center,,success,1,0,0,94,2.9109123729734483,447.24923563313314,0.7499402344425619,2.185010607011492,39.47455455199873,24.65719847545054
H3,map-corridor-01,7013,H3_map-corridor-01_seed101,2006,0.5,center,,success,1,0,0,95,2.1705320818285108,450.63857310244924,0.7442997928823895,2.022466565955188,41.759413325363596,25.020027494010787
H3,map-corridor-01,7013,H3_map-corridor-01_seed101,2007,0.5,center,,success,1,0,0,95,1.4610641057402172,448.9968507190712,0.7470212677167045,2.042160697847158,41.794477813802764,24.897371265403525
H3,map-corridor-01,7013,H3_map-corridor-01_seed101,2008,0.5,center,,success,1,0,0,95,1.6814446232443638,449.75861799963576,0.7457560193437808,1.8892647809279852,41.1199590597439,24.749408531918867
H3,map-corridor-01,7013,H3_map-corridor-01_seed101,2009,0.5,center,,success,1,0,0,95,1.5415537908391466,449.5547862080873,0.7460941511803096,1.8414643312264571,42.956414600175705,24.925410866355673
H3,map-corridor-01,7013,H3_map-corridor-01_seed101,2010,0.5,center,,success,1,0,0,95,1.3573818998842708,449.89192668515085,0.7455350423740756,1.8325547543087373,46.79708098930441,25.206796670992134
H3,map-corridor-01,7013,H3_map-corridor-01_seed101,2011,0.5,center,,success,1,0,0,94,2.1202488420279866,446.2622553621486,0.7515988470787833,2.0493980309656523,41.038909313071564,24.632473522648716
H3,map-corridor-01,7013,H3_map-corridor-01_seed101,2012,0.5,center,,success,1,0,0,94,2.783068764900146,447.1022530099365,0.7501867735332443,1.669122443467458,41.30044798546146,24.883024621667964
H3,map-corridor-01,7013,H3_map-corridor-01_seed101,2013,0.5,center,,success,1,0,0,95,1.3527296356977716,449.34026339962503,0.7464503494241027,1.7908334490160724,40.352661764327145,24.70474764707807
H3,map-corridor-01,7013,H3_map-corridor-01_seed101,2014,0.5,center,,success,1,0,0,95,2.0850911085073056,451.5448439636306,0.742805949638933,1.712128576147121,45.81505097768319,25.124703504726043
H3,map-corridor-01,7013,H3_map-corridor-01_seed101,2015,0.5,center,,success,1,0,0,95,1.5054372903257531,449.24953829164616,0.7466010936826498,2.3114599639743463,39.0436663152214,24.482860539798704
H3,map-corridor-01,7013,H3_map-corridor-01_seed101,2016,0.5,center,,success,1,0,0,95,2.5242662740289155,451.18208770978885,0.743403175262384,1.9227124350706655,44.94216445031506,25.09764938992885
H3,map-corridor-01,7013,H3_map-corridor-01_seed101,2017,0.5,center,,success,1,0,0,95,2.367431431765752,451.5771084308126,0.7427528773335897,1.973427326544913,42.15065120233049,25.04185100649712
H3,map-corridor-01,7013,H3_map-corridor-01_seed101,2018,0.5,center,,success,1,0,0,95,1.7627478921701538,449.9594869206569,0.7454231022450087,2.0478773970426105,43.3198722025853,24.73392004298001
H3,map-corridor-01,7013,H3_map-corridor-01_seed101,2019,0.5,center,,success,1,0,0,95,1.7708348141664938,450.7731713318604,0.7440775493225585,1.7673235206772802,41.88269125531911,24.99960108943018
H3,map-corridor-01,7013,H3_map-corridor-01_seed101,2020,0.5,center,,success,1,0,0,95,1.310812028024934,449.3525488163032,0.7464299412755423,2.116589418335241,40.85536532832085,24.4309037320866
H3,map-corridor-01,7013,H3_map-corridor-01_seed101,2021,0.5,center,,success,1,0,0,95,1.7156333230686953,448.44040462209733,0.7479482070925793,2.304820343630957,37.03952372749077,24.709043919458978
H3,map-corridor-01,7013,H3_map-corridor-01_seed101,2022,0.5,center,,success,1,0,0,95,1.7215788224752933,449.7759858184287,0.7457272224408422,1.7268180428009368,41.80039886134926,24.70403251674578
H3,map-corridor-01,7013,H3_map-corridor-01_seed101,2023,0.5,center,,success,1,0,0,95,2.533007199917089,452.4411559016451,0.7413344083531657,1.791129442315988,43.68282613948538,25.007915961462512
H3,map-corridor-01,7013,H3_map-corridor-01_seed101,2024,0.5,center,,success,1,0,0,94,1.8642458121678962,445.959671338074,0.7521088075488782,2.078255283091014,38.420863334020524,24.582103701778134
H3,map-corridor-01,7013,H3_map-corridor-01_seed101,2025,0.5,center,,success,1,0,0,95,2.3832948066834168,451.28205054464337,0.7432385050993465,1.9970667388966188,41.52972458212545,25.03253833706386
H3,map-corridor-01,7013,H3_map-corridor-01_seed101,2026,0.5,center,,success,1,0,0,94,2.9353615202838257,448.579358287838,0.7477165197818738,1.6182700598650746,46.35215554832263,24.98359869690748
H3,map-corridor-01,7013,H3_map-corridor-01_seed101,2027,0.5,center,,success,1,0,0,95,2.0747626592223476,451.4774166579874,0.7429168863147265,1.8175754871703145,45.741354215842854,25.032794316362875
H3,map-corridor-01,7013,H3_map-corridor-01_seed101,2028,0.5,center,,success,1,0,0,94,2.993373978946041,446.21059688257645,0.7516858608206342,1.9921154350739574,44.6182338459464,24.359872253180644
H3,map-corridor-01,7013,H3_map-corridor-01_seed101,2029,0.5,center,,success,1,0,0,94,2.8322123056962956,446.627630681732,0.750983982144138,1.9466143809162872,40.79004489755082,24.521589589817825
H3,map-corridor-01,7013,H3_map-corridor-01_seed101,2030,0.5,center,,success,1,0,0,94,2.8879611531968186,447.115241711998,0.7501649806002755,1.7463125628596927,41.11674877366447,24.267879374504826
H3,map-corridor-01,7013,H3_map-corridor-01_seed101,2031,0.5,center,,success,1,0,0,95,2.0024157503516196,449.27248668628283,0.7465629580365959,2.1793754167235155,44.839920312198245,24.78271553836803
H3,map-corridor-01,7013,H3_map-corridor-01_seed101,2032,0.5,center,,success,1,0,0,95,1.3404558072938135,449.68324429553047,0.7458810193170949,2.118678700364913,39.589897510613206,24.524917843779953
H3,map-corridor-01,7013,H3_map-corridor-01_seed101,2033,0.5,center,,success,1,0,0,95,1.8762362661285656,451.5766685992793,0.7427536007680796,1.7521465468438926,44.347699318877964,25.110789938997204
H3,map-corridor-01,7013,H3_map-corridor-01_seed101,2034,0.5,center,,success,1,0,0,95,2.2584969263847166,451.19498093959453,0.7433819319676183,1.7404159996426545,41.27836135792353,25.129761173501763
H3,map-corridor-01,7013,H3_map-corridor-01_seed101,2035,0.5,center,,success,1,0,0,94,2.6744586599719935,447.111747682316,0.7501708428902337,1.9776104512975774,42.08548051135102,24.415146222849984
H3,map-corridor-01,7013,H3_map-corridor-01_seed101,2036,0.5,center,,success,1,0,0,95,2.0889029615699464,451.55074031155397,0.7427962500815465,1.8831015886663875,42.926681163975594,25.149091737622523
H3,map-corridor-01,7013,H3_map-corridor-01_seed101,2037,0.5,center,,success,1,0,0,95,2.2791651576264544,452.4126780695171,0.7413810728209297,1.8017447988063635,43.807312862031544,25.03859380472989
H3,map-corridor-01,7013,H3_map-corridor-01_seed101,2038,0.5,center,,success,1,0,0,94,2.234111471775081,446.2113858085572,0.7516845317991797,2.347832030805284,42.20456224782306,24.52992800883117
H3,map-corridor-01,7013,H3_map-corridor-01_seed101,2039,0.5,center,,success,1,0,0,94,2.175836132410136,447.0128399450187,0.7503368285041275,1.9977011478003712,39.887883703366256,24.4965812131593
H3,map-corridor-01,7013,H3_map-corridor-01_seed101,2040,0.5,center,,success,1,0,0,94,1.9730982536316,446.49971725674317,0.7511991243481645,1.975139076135556,42.11125231070391,24.6897762031987
H3,map-corridor-01,7013,H3_map-corridor-01_seed101,2041,0.5,center,,success,1,0,0,95,1.0663082173086544,448.8284758728172,0.7473015074917225,2.1556506833576385,41.740864407667246,24.628050344570227
H3,map-corridor-01,7013,H3_map-corridor-01_seed101,2042,0.5,center,,success,1,0,0,95,1.0681737257380581,448.75265392793665,0.7474277727142548,2.275527350472536,38.78434187118429,24.276943120705432
H3,map-corridor-01,7013,H3_map-corridor-01_seed101,2043,0.5,center,,success,1,0,0,94,2.836381284097375,446.9937713636052,0.750368837583042,2.011674901963117,43.4630986360397,24.770853705145942
H3,map-corridor-01,7013,H3_map-corridor-01_seed101,2044,0.5,center,,success,1,0,0,95,1.2453467493971473,447.19079013302894,0.7500382477134462,2.3712388976000662,40.10673792526267,24.215815802735275
H3,map-corridor-01,7013,H3_map-corridor-01_seed101,2045,0.5,center,,success,1,0,0,95,2.042950680849182,450.0323519725479,0.7453024102707811,1.9956873432048337,38.718309874999335,24.84039609192787
H3,map-corridor-01,7013,H3_map-corridor-01_seed101,2046,0.5,center,,success,1,0,0,94,2.3601106668106406,446.83803321376354,0.7506303664722092,1.6563961116550319,40.52627215955219,24.762860040080497
H3,map-corridor-01,7013,H3_map-corridor-01_seed101,2047,0.5,center,,success,1,0,0,95,1.0292149387995113,449.7415642537948,0.7457842976587601,2.050671654047755,44.92420517883368,24.7232904764602
H3,map-corridor-01,7013,H3_map-corridor-01_seed101,2048,0.5,center,,success,1,0,0,94,2.8627757800362446,446.4318669890389,0.7513132942035334,2.1303380221774573,38.77931467850889,24.619163736099143
H3,map-corridor-01,7013,H3_map-corridor-01_seed101,2049,0.5,center,,success,1,0,0,94,2.2358603352042357,447.085675858407,0.7502145891410612,1.8445606970033364,40.00698662678128,24.342196416888616
H3,map-corridor-01,7013,H3_map-corridor-01_seed101,2050,0.5,center,,success,1,0,0,95,1.907887737244737,449.4788203976142,0.746220247548618,2.054165373720103,40.92996004813196,24.929118009672642
H3,map-corridor-01,7013,H3_map-corridor-01_seed101,2001,1.5,center,,success,1,0,0,95,2.0206892331187176,447.3811105881475,0.7497191738471546,2.595854526511978,51.2062916432519,24.41368958495653
H3,map-corridor-01,7013,H3_map-corridor-01_seed101,2002,1.5,center,,success,1,0,0,94,2.059058143601158,447.4055664190578,0.7496781931202214,2.2263813845571008,49.68468850409944,24.856628203991463
H3,map-corridor-01,7013,H3_map-corridor-01_seed101,2003,1.5,center,,success,1,0,0,96,1.6679495757932694,454.0459881400851,0.738714150958395,1.793150969378165,60.115466689696405,25.472353791669317
H3,map-corridor-01,7013,H3_map-corridor-01_seed101,2004,1.5,center,,success,1,0,0,94,2.8584371382301987,444.60229355528173,0.7544050075469609,3.2398682935032377,55.38078899231724,24.795502686685932
H3,map-corridor-01,7013,H3_map-corridor-01_seed101,2005,1.5,center,,success,1,0,0,94,2.266294985163223,447.3704823499598,0.7497369850221605,2.69980575902128,48.19522640218279,24.958611723356707
H3,map-corridor-01,7013,H3_map-corridor-01_seed101,2006,1.5,center,,success,1,0,0,95,2.730335718358376,452.88871744947625,0.7406017939989562,2.164160247742962,54.87166427801092,25.325537528920464
H3,map-corridor-01,7013,H3_map-corridor-01_seed101,2007,1.5,center,,success,1,0,0,95,2.3845372339213013,449.9170770860849,0.7454933669050148,2.207456692303869,50.176062718803294,24.873818014440182
H3,map-corridor-01,7013,H3_map-corridor-01_seed101,2008,1.5,center,,success,1,0,0,94,2.8435842135641525,447.59689488842594,0.7493577378560174,1.7769584027408154,57.84440552622572,24.537182946372365
H3,map-corridor-01,7013,H3_map-corridor-01_seed101,2009,1.5,center,,success,1,0,0,95,1.8343116643617208,451.2024104857323,0.7433696913628848,1.6182019807401709,65.87301724217903,25.407263517137885
H3,map-corridor-01,7013,H3_map-corridor-01_seed101,2010,1.5,center,,success,1,0,0,95,2.288096719451342,452.0741902224162,0.7419361774666894,1.5460130365050508,67.78062443317467,25.867011970081876
H3,map-corridor-01,7013,H3_map-corridor-01_seed101,2011,1.5,center,,success,1,0,0,94,1.7509329281549448,446.19921205018306,0.7517050401856057,2.2065308316722554,52.12829532686578,24.880163412701858
H3,map-corridor-01,7013,H3_map-corridor-01_seed101,2012,1.5,center,,success,1,0,0,95,2.2442037920009525,451.5091629169171,0.7428646507594527,1.1717596642066894,62.337076671620366,25.534046528176695
H3,map-corridor-01,7013,H3_map-corridor-01_seed101,2013,1.5,center,,success,1,0,0,95,2.153888586824377,450.7636628417662,0.7440932450287352,1.4466616444790201,55.617287616675384,24.901994017819195
H3,map-corridor-01,7013,H3_map-corridor-01_seed101,2014,1.5,center,,success,1,0,0,95,1.2665220031032893,455.5874213844646,0.7362147875059964,1.3512558664340988,61.88143597773028,25.616452822030446
H3,map-corridor-01,7013,H3_map-corridor-01_seed101,2015,1.5,center,,success,1,0,0,95,1.7046421480058633,446.8566405927434,0.7505991097727803,2.9128510720567418,45.52202958612117,23.902814937520304
H3,map-corridor-01,7013,H3_map-corridor-01_seed101,2016,1.5,center,,success,1,0,0,95,2.9195061288456814,453.4826134609068,0.7396318770970545,1.8510572141263077,53.0902199706375,25.181267279382432
H3,map-corridor-01,7013,H3_map-corridor-01_seed101,2017,1.5,center,,success,1,0,0,96,2.052659348897861,457.12614137042806,0.7337366347490765,2.0329790875924934,56.47797224102029,25.107857731972498
H3,map-corridor-01,7013,H3_map-corridor-01_seed101,2018,1.5,center,,success,1,0,0,95,1.9051786826731802,447.8231803205917,0.7489790867566346,2.222366182318498,57.31427721629225,24.854086887418184
H3,map-corridor-01,7013,H3_map-corridor-01_seed101,2019,1.5,center,,success,1,0,0,96,1.108818476285287,456.0363063827559,0.7354901176299223,1.429508962340286,57.65283344435877,25.339317677919993
H3,map-corridor-01,7013,H3_map-corridor-01_seed101,2020,1.5,center,,success,1,0,0,95,1.4324596103746545,447.6802073622768,0.749218283741421,2.6110027335750328,50.32414903272427,24.27051703226552
H3,map-corridor-01,7013,H3_map-corridor-01_seed101,2021,1.5,center,,success,1,0,0,95,2.713155660690435,447.155213243711,0.7500979228037343,3.053891744120013,41.76244088587524,24.71063177987889
H3,map-corridor-01,7013,H3_map-corridor-01_seed101,2022,1.5,center,,success,1,0,0,96,1.532916349392279,453.0651710182533,0.7403133546353651,1.2940723299051138,56.69850021162251,25.40374886851339
H3,map-corridor-01,7013,H3_map-corridor-01_seed101,2023,1.5,center,,success,1,0,0,97,0.49195431693322095,461.3662426830974,0.726993363611465,1.4912341494744208,64.55730992560339,25.51017495445103
H3,map-corridor-01,7013,H3_map-corridor-01_seed101,2024,1.5,center,,success,1,0,0,94,2.334717317095326,443.8337938155985,0.7557112624108177,2.2397904766288415,48.518061223581434,24.89852113825825
H3,map-corridor-01,7013,H3_map-corridor-01_seed101,2025,1.5,center,,success,1,0,0,95,2.5496872404883275,454.3771820897385,0.7381757047798357,1.9923334098286105,57.66959431136496,25.122858589579234
H3,map-corridor-01,7013,H3_map-corridor-01_seed101,2026,1.5,center,,success,1,0,0,96,0.5538805249394511,457.9663529763143,0.7323904790060323,1.1117283815095345,69.73403934387974,25.702855018521323
H3,map-corridor-01,7013,H3_map-corridor-01_seed101,2027,1.5,center,,success,1,0,0,95,2.769724284303567,454.9949607697319,0.7371734316739301,1.5637832320594605,68.61231104544392,25.191546752951155
H3,map-corridor-01,7013,H3_map-corridor-01_seed101,2028,1.5,center,,success,1,0,0,95,1.7543890133981526,446.1793620392462,0.7517384826855026,2.0851663744348388,54.25744579743402,24.33462111185327
H3,map-corridor-01,7013,H3_map-corridor-01_seed101,2029,1.5,center,,success,1,0,0,94,2.8827895177377703,446.50170868509105,0.7511957739483742,1.8969347121348878,57.8129573989095,24.61138534694546
H3,map-corridor-01,7013,H3_map-corridor-01_seed101,2030,1.5,center,,success,1,0,0,95,1.7798875502687517,445.4649141887334,0.7529441398001162,1.3696760357451785,54.17305416583188,24.387634654636166
H3,map-corridor-01,7013,H3_map-corridor-01_seed101,2031,1.5,center,,success,1,0,0,95,2.49601681278363,447.03969635562066,0.7502917511785111,2.745596758945312,56.25580252972203,24.538076377484924
H3,map-corridor-01,7013,H3_map-corridor-01_seed101,2032,1.5,center,,success,1,0,0,95,1.386099246172059,447.2643006412024,0.7499149745332261,2.528782699607439,48.462035243415336,24.421842559574678
H3,map-corridor-01,7013,H3_map-corridor-01_seed101,2033,1.5,center,,success,1,0,0,94,2.942502560204969,450.81926214719107,0.7440014763953411,1.377289147987379,59.44704020659322,25.52494310974123
H3,map-corridor-01,7013,H3_map-corridor-01_seed101,2034,1.5,center,,success,1,0,0,95,2.6567385341364425,454.420080714014,0.7381060187700123,1.415668742370939,63.9799972178263,25.253310437649304
H3,map-corridor-01,7013,H3_map-corridor-01_seed101,2035,1.5,center,,success,1,0,0,94,2.862516491431165,446.80706548461296,0.7506823918757374,1.9787772590297985,55.761909952979465,24.49647535739385
H3,map-corridor-01,7013,H3_map-corridor-01_seed101,2036,1.5,center,,success,1,0,0,95,1.8770639528068107,455.48172836888546,0.7363856236914218,1.7523913594289064,60.84487460854478,25.648633085344247
H3,map-corridor-01,7013,H3_map-corridor-01_seed101,2037,1.5,center,,success,1,0,0,94,2.6146691921905165,453.20619308759194,0.7400829947620402,1.5165361344942943,59.96541981632722,25.507019841942473
H3,map-corridor-01,7013,H3_map-corridor-01_seed101,2038,1.5,center,,success,1,0,0,94,2.7214068843339527,444.34885499365447,0.7548352895604025,3.2212512926269485,54.86144017971689,24.661487929104545
H3,map-corridor-01,7013,H3_map-corridor-01_seed101,2039,1.5,center,,success,1,0,0,94,1.6648000536629894,445.89969382106256,0.7522099729441999,2.075635015328521,50.77252164793052,24.629195728657628
H3,map-corridor-01,7013,H3_map-corridor-01_seed101,2040,1.5,center,,success,1,0,0,94,2.2048894802155696,447.45522663775137,0.7495949910906019,1.9497909172063919,54.30030542026376,24.921508863793196
H3,map-corridor-01,7013,H3_map-corridor-01_seed101,2041,1.5,center,,success,1,0,0,95,1.384177491334424,445.9424824607973,0.7521377976238321,2.5738566174478112,54.87812217731914,24.983776095802813
H3,map-corridor-01,7013,H3_map-corridor-01_seed101,2042,1.5,center,,success,1,0,0,95,1.5119197785191913,446.33002643815524,0.7514847237629079,3.2127735968154876,52.535169089719375,24.34816155524415
H3,map-corridor-01,7013,H3_map-corridor-01_seed101,2043,1.5,center,,success,1,0,0,94,2.5394551729842236,447.7395146019735,0.749119042850479,2.1045569939270905,59.57469700269484,24.989874572393738
H3,map-corridor-01,7013,H3_map-corridor-01_seed101,2044,1.5,center,,success,1,0,0,96,2.409358643147215,443.2336437946201,0.7567345153527798,3.4893347739309277,45.51942228691335,23.60463688382701
H3,map-corridor-01,7013,H3_map-corridor-01_seed101,2045,1.5,center,,success,1,0,0,96,1.8467321316369238,455.3576493826563,0.7365862791142201,1.9924836660151097,53.67329181104161,24.971900809890002
H3,map-corridor-01,7013,H3_map-corridor-01_seed101,2046,1.5,center,,success,1,0,0,95,2.1824197679009436,451.6496328787721,0.7426336084612658,1.1188131514063553,70.06873609086722,25.557194909837847
H3,map-corridor-01,7013,H3_map-corridor-01_seed101,2047,1.5,center,,success,1,0,0,95,1.3658369571388342,446.16974246892,0.7517546904210632,2.304997703344667,57.41945973044325,24.774297468047646
H3,map-corridor-01,7013,H3_map-corridor-01_seed101,2048,1.5,center,,success,1,0,0,95,2.7558324663657072,450.48369780699807,0.7445556814991986,2.4259060383634914,47.819394654305995,24.659328667299206
H3,map-corridor-01,7013,H3_map-corridor-01_seed101,2049,1.5,center,,success,1,0,0,94,1.766313228221144,448.608453787775,0.7476680249624594,1.6104789489899398,56.42097185448741,24.527746283938818
H3,map-corridor-01,7013,H3_map-corridor-01_seed101,2050,1.5,center,,success,1,0,0,95,2.117561802780451,450.0115773758469,0.7453368168455718,2.251817834639608,52.405766375812476,25.24205976822485
H3,map-corridor-01,7013,H3_map-corridor-01_seed101,2001,2.0,center,,success,1,0,0,95,2.628430092290429,444.3401204778486,0.7548501275650382,2.7805852557902595,55.483206194383826,24.194272415872277
H3,map-corridor-01,7013,H3_map-corridor-01_seed101,2002,2.0,center,,success,1,0,0,94,2.148243266451167,447.5909712802657,0.7493676551731568,2.3120090209742594,54.983693432153615,25.059668578191793
H3,map-corridor-01,7013,H3_map-corridor-01_seed101,2003,2.0,center,,success,1,0,0,96,1.7396962888543788,454.94212978033016,0.7372590372910112,1.7347703925849922,70.17016433617933,25.696409291398624
H3,map-corridor-01,7013,H3_map-corridor-01_seed101,2004,2.0,center,,success,1,0,0,95,2.1102077072405514,443.42491850280163,0.7564080921691578,3.7281690634493776,59.078221968729,25.147032029762737
H3,map-corridor-01,7013,H3_map-corridor-01_seed101,2005,2.0,center,,success,1,0,0,94,2.455866049277855,447.7859467594925,0.7490413646346935,2.9689297864011914,54.215748213699975,25.131134130727958
H3,map-corridor-01,7013,H3_map-corridor-01_seed101,2006,2.0,center,,success,1,0,0,95,2.3485335238205876,455.5242709399324,0.7363168507638032,2.2363625508894174,64.45598247708162,25.617236388094224
H3,map-corridor-01,7013,H3_map-corridor-01_seed101,2007,2.0,center,,success,1,0,0,95,2.86064901826489,450.7040173080284,0.7441917172789172,2.2900124389336147,56.116814115479535,24.841745399254812
H3,map-corridor-01,7013,H3_map-corridor-01_seed101,2008,2.0,center,,success,1,0,0,95,2.267078294985855,451.97936930871464,0.7420918285229826,1.72981900266078,69.12940126989469,24.804024561633792
H3,map-corridor-01,7013,H3_map-corridor-01_seed101,2009,2.0,center,,success,1,0,0,95,2.2540751900214433,451.7896013914013,0.7424035338396175,1.5155938814479377,73.86141341422092,25.649519970888797
H3,map-corridor-01,7013,H3_map-corridor-01_seed101,2010,2.0,center,,success,1,0,0,95,2.9127071073109865,453.49991911624096,0.7396036525841061,1.4026311591656002,74.16346106473046,26.140474432228196
H3,map-corridor-01,7013,H3_map-corridor-01_seed101,2011,2.0,center,,success,1,0,0,94,1.5801483954925497,445.76242554878274,0.752441608805501,2.2923366493252226,57.36441680512192,25.06572544479246
H3,map-corridor-01,7013,H3_map-corridor-01_seed101,2012,2.0,center,,success,1,0,0,95,2.732258058257255,452.80925600058396,0.7407317588590457,0.9576039906358229,70.1688451631902,25.83429294509971
H3,map-corridor-01,7013,H3_map-corridor-01_seed101,2013,2.0,center,,success,1,0,0,95,2.0385832342287453,451.6987420155333,0.7425528685962871,1.2918745743311382,60.21650943263803,25.01318042743963
H3,map-corridor-01,7013,H3_map-corridor-01_seed101,2014,2.0,center,,success,1,0,0,95,0.9070960124726687,456.41868385419696,0.7348739402879382,1.0313157697441564,68.59478377138498,25.94134348532245
H3,map-corridor-01,7013,H3_map-corridor-01_seed101,2015,2.0,center,,success,1,0,0,95,2.7616179066691946,442.45662070009234,0.7580634596319388,3.2084542961698004,53.34835529297135,23.98222864446303
H3,map-corridor-01,7013,H3_map-corridor-01_seed101,2016,2.0,center,,success,1,0,0,95,2.8347847580295342,453.85240520855433,0.7390292367644075,1.8247350629525876,60.4491618743153,25.39598844537694
H3,map-corridor-01,7013,H3_map-corridor-01_seed101,2017,2.0,center,,success,1,0,0,97,0.5470862415428457,460.5752637619456,0.7282418814361894,2.065255224644516,63.043851859095334,25.335064233773114
H3,map-corridor-01,7013,H3_map-corridor-01_seed101,2018,2.0,center,,success,1,0,0,95,2.449990066814859,447.1236640601741,0.7501508499443429,2.260471211535714,62.71834355143797,24.925863888981002
H3,map-corridor-01,7013,H3_map-corridor-01_seed101,2019,2.0,center,,success,1,0,0,96,1.683860884206952,456.42996656944274,0.7348557745801252,1.2540500848770009,62.24864932120489,25.71437538719117
H3,map-corridor-01,7013,H3_map-corridor-01_seed101,2020,2.0,center,,success,1,0,0,95,2.4964751089525707,446.7480209379869,0.7507816059727476,2.793533108845323,55.22030405670115,24.275473235980385
H3,map-corridor-01,7013,H3_map-corridor-01_seed101,2021,2.0,center,,success,1,0,0,95,2.91082665350341,446.85154771531313,0.7506076645361798,3.4813513443798327,45.95236444753526,24.72412718142095
H3,map-corridor-01,7013,H3_map-corridor-01_seed101,2022,2.0,center,,success,1,0,0,96,2.2527260398411504,454.9067937777395,0.7373163056976563,1.1073662632002652,61.592079705336744,25.541227455634793
H3,map-corridor-01,7013,H3_map-corridor-01_seed101,2023,2.0,center,,success,1,0,0,98,0.25496901690416435,465.20641482722664,0.7209922003107733,1.365714095924579,79.26822217766367,25.852255511862232
H3,map-corridor-01,7013,H3_map-corridor-01_seed101,2024,2.0,center,,success,1,0,0,94,2.813504259930399,442.4327298351957,0.7581043941977514,2.324744327782571,53.16134659591102,24.989799480473863
H3,map-corridor-01,7013,H3_map-corridor-01_seed101,2025,2.0,center,,success,1,0,0,96,1.4604835480001668,459.3021307307156,0.7302604847300747,1.991182144067733,73.48631755406993,25.762545915185534
H3,map-corridor-01,7013,H3_map-corridor-01_seed101,2026,2.0,center,,success,1,0,0,96,2.063511087525395,460.1142575857748,0.7289715349940903,0.9016798603444158,82.3260830702286,25.854217219736242
H3,map-corridor-01,7013,H3_map-corridor-01_seed101,2027,2.0,center,,success,1,0,0,96,1.923693499355567,459.00114528774475,0.7307393457911789,1.4499393204575144,84.72291476379513,25.70939935483389
H3,map-corridor-01,7013,H3_map-corridor-01_seed101,2028,2.0,center,,success,1,0,0,96,2.4655404834415706,444.14683019008146,0.7551786342399945,2.217597971395641,59.386765914199906,24.43820883308373
H3,map-corridor-01,7013,H3_map-corridor-01_seed101,2029,2.0,center,,success,1,0,0,95,2.5499277429319016,449.05158336567854,0.7469302170388566,1.879988786894871,66.3813109494496,24.809746775462532
H3,map-corridor-01,7013,H3_map-corridor-01_seed101,2030,2.0,center,,success,1,0,0,95,2.849025072221749,444.96056344679977,0.7537975815806667,1.198985621813042,61.854017496556374,24.546760124952673
H3,map-corridor-01,7013,H3_map-corridor-01_seed101,2031,2.0,center,,success,1,0,0,95,2.9959492714347853,445.4342113543708,0.7529960386408863,2.9924894943397655,63.7079129758253,24.63559456491054
H3,map-corridor-01,7013,H3_map-corridor-01_seed101,2032,2.0,center,,success,1,0,0,95,2.6124921503134226,447.8975700279483,0.7488546914957348,2.6861539532621714,54.5394272801404,24.43154187064757
H3,map-corridor-01,7013,H3_map-corridor-01_seed101,2033,2.0,center,,success,1,0,0,94,2.2740556303907735,451.6624683881633,0.7426125040274845,1.2290180230233467,69.48430865453952,25.719915079260605
H3,map-corridor-01,7013,H3_map-corridor-01_seed101,2034,2.0,center,,success,1,0,0,95,2.40748405038766,455.9354427824591,0.7356528252729039,1.2817314678316816,80.1753990565908,25.66172267665186
H3,map-corridor-01,7013,H3_map-corridor-01_seed101,2035,2.0,center,,success,1,0,0,95,0.754498709732778,449.5410909834323,0.7461168808644679,1.9924290713087869,63.72447527689454,24.829689902962645
H3,map-corridor-01,7013,H3_map-corridor-01_seed101,2036,2.0,center,,success,1,0,0,95,1.2489899953069221,456.55023218340443,0.7346621970180669,1.6966891108769602,84.37110487470903,26.24729410273809
H3,map-corridor-01,7013,H3_map-corridor-01_seed101,2037,2.0,center,,success,1,0,0,94,2.5104676959454437,454.93271598387935,0.737274293187685,1.3342658123286295,70.60370130268339,25.89153603401117
H3,map-corridor-01,7013,H3_map-corridor-01_seed101,2038,2.0,center,,success,1,0,0,94,2.9059925151675614,444.0140019036177,0.7554045484758746,3.747677857524321,59.5639937621024,24.938891552662344
H3,map-corridor-01,7013,H3_map-corridor-01_seed101,2039,2.0,center,,success,1,0,0,94,2.2065818864413034,444.5557931893423,0.7544839180222149,2.116244178205252,57.24804371865346,24.660016784939867
H3,map-corridor-01,7013,H3_map-corridor-01_seed101,2040,2.0,center,,success,1,0,0,94,2.6435924773322252,448.1807787206689,0.7483814847713821,1.939169646295321,60.765187991829755,25.115180454199855
H3,map-corridor-01,7013,H3_map-corridor-01_seed101,2041,2.0,center,,success,1,0,0,95,1.593630983855178,444.1952664072957,0.7550962875804736,2.7968328852839033,60.572292015446216,25.035213972626302
H3,map-corridor-01,7013,H3_map-corridor-01_seed101,2042,2.0,center,,success,1,0,0,95,1.853900922396976,446.20654979114295,0.751692678608068,3.6616267343267284,58.13344015685231,24.4834004854187
H3,map-corridor-01,7013,H3_map-corridor-01_seed101,2043,2.0,center,,success,1,0,0,94,2.0679742101621152,447.46359308346393,0.749580975546329,2.1488832903252764,67.0458272061841,25.1807895246255
H3,map-corridor-01,7013,H3_map-corridor-01_seed101,2044,2.0,center,,success,1,0,0,96,2.496829830072067,440.8083967121563,0.760897930090901,4.008612031000061,51.36304302847268,23.396939017708906
H3,map-corridor-01,7013,H3_map-corridor-01_seed101,2045,2.0,center,,success,1,0,0,95,2.7762035111583128,451.81943600121235,0.7423545113364014,1.9940224110184097,57.821326828864684,24.856092542704438
H3,map-corridor-01,7013,H3_map-corridor-01_seed101,2046,2.0,center,,success,1,0,0,95,2.5454325576681605,452.9774857118024,0.7404566611029457,0.8752161756519223,82.35265974782088,26.051340000623135
H3,map-corridor-01,7013,H3_map-corridor-01_seed101,2047,2.0,center,,success,1,0,0,95,2.2032863277153036,446.0732668036447,0.751917278137655,2.508809832845771,62.936530025476486,24.81532192614723
H3,map-corridor-01,7013,H3_map-corridor-01_seed101,2048,2.0,center,,success,1,0,0,124,2.924303980237871,472.4164166263292,0.7099884441362893,2.5869648560124805,55.141700878151624,23.649029197830316
H3,map-corridor-01,7013,H3_map-corridor-01_seed101,2049,2.0,center,,success,1,0,0,94,1.7241764705921687,449.45103165672236,0.7462663849910685,1.5575771458988994,66.7985375994392,24.851403437364528
H3,map-corridor-01,7013,H3_map-corridor-01_seed101,2050,2.0,center,,success,1,0,0,95,2.4433408528608846,450.9172125901388,0.7438398607547492,2.3542381272081334,58.10557675231339,25.3714854738467
H3,map-corridor-01,7013,H3_map-corridor-01_seed211,2001,0.0,center,,success,1,0,0,80,1.0357203666940795,399.0257238666203,0.8405728667685691,5.60795822980763,44.14674582335603,27.384599533075583
H3,map-corridor-01,7013,H3_map-corridor-01_seed211,2002,0.0,center,,success,1,0,0,80,1.1410662011650228,399.1327947473811,0.8403473757080174,5.544917860827908,46.927898945186925,27.504579321744075
H3,map-corridor-01,7013,H3_map-corridor-01_seed211,2003,0.0,center,,success,1,0,0,80,1.1512792760991324,398.95922119999943,0.8407129821842778,5.4225138398106685,46.749013569353096,27.501972743545725
H3,map-corridor-01,7013,H3_map-corridor-01_seed211,2004,0.0,center,,success,1,0,0,80,1.2213989326258146,399.36528942008556,0.8398581587098226,5.5845616374608325,48.81705336271459,27.527679745480107
H3,map-corridor-01,7013,H3_map-corridor-01_seed211,2005,0.0,center,,success,1,0,0,80,1.0210213175863454,399.5150420903932,0.8395433495319545,5.919583430197852,47.45037584347825,27.547614051471534
H3,map-corridor-01,7013,H3_map-corridor-01_seed211,2006,0.0,center,,success,1,0,0,80,0.9931916566964029,399.4470159086484,0.8396863245103705,5.922699612625315,47.45967575156769,27.56857618204537
H3,map-corridor-01,7013,H3_map-corridor-01_seed211,2007,0.0,center,,success,1,0,0,80,1.0207559715895906,399.27118174532046,0.840056112136121,5.739537181842946,48.75036576517698,27.542821911092602
H3,map-corridor-01,7013,H3_map-corridor-01_seed211,2008,0.0,center,,success,1,0,0,80,1.009178947537808,399.39880721419854,0.8397876772954086,5.874083745334653,49.88809337819997,27.6215260112562
H3,map-corridor-01,7013,H3_map-corridor-01_seed211,2009,0.0,center,,success,1,0,0,80,1.1138329095479913,399.2784104214296,0.8400409034662064,5.61878842875353,50.180744672850466,27.56899270009573
H3,map-corridor-01,7013,H3_map-corridor-01_seed211,2010,0.0,center,,success,1,0,0,80,1.02337003214043,398.84444926696733,0.8409549067096607,5.491014058247542,47.39603336336129,27.491707121416667
H3,map-corridor-01,7013,H3_map-corridor-01_seed211,2011,0.0,center,,success,1,0,0,80,1.0321073762026869,398.96785567962183,0.840694787437484,5.536936949888655,49.519538141075934,27.56361196717338
H3,map-corridor-01,7013,H3_map-corridor-01_seed211,2012,0.0,center,,success,1,0,0,80,1.002379967350196,399.0265168024903,0.8405711964024423,5.669845718668847,47.05931041958712,27.555730044163365
H3,map-corridor-01,7013,H3_map-corridor-01_seed211,2013,0.0,center,,success,1,0,0,80,1.02206088256163,398.9418640941109,0.840749559805147,5.5892534490847225,47.79613487861982,27.55970907581932
H3,map-corridor-01,7013,H3_map-corridor-01_seed211,2014,0.0,center,,success,1,0,0,80,0.9821839377073285,399.08888555301894,0.8404398337482872,5.695108475084298,51.035561766484804,27.653128844135917
H3,map-corridor-01,7013,H3_map-corridor-01_seed211,2015,0.0,center,,success,1,0,0,80,1.151725919384024,399.498256639135,0.8395786240637917,5.761650512711071,50.71069838068839,27.59145353591603
H3,map-corridor-01,7013,H3_map-corridor-01_seed211,2016,0.0,center,,success,1,0,0,80,0.9877903932961938,399.0577150571627,0.8405054807095332,5.7068585510037675,43.52224368771748,27.40916445535153
H3,map-corridor-01,7013,H3_map-corridor-01_seed211,2017,0.0,center,,success,1,0,0,80,1.0104630155507879,399.5486940609319,0.8394726390316216,5.952318807012459,47.207778331154934,27.55611329563498
H3,map-corridor-01,7013,H3_map-corridor-01_seed211,2018,0.0,center,,success,1,0,0,80,1.1109497812395015,399.32747719649467,0.8399376846785958,5.696299347776812,43.335018686736035,27.35525369092921
H3,map-corridor-01,7013,H3_map-corridor-01_seed211,2019,0.0,center,,success,1,0,0,80,1.0301417997013156,399.34361403436264,0.8399037441377669,5.808317896986964,47.30836182463712,27.53383874911549
H3,map-corridor-01,7013,H3_map-corridor-01_seed211,2020,0.0,center,,success,1,0,0,80,0.9996963022890257,399.39221173376626,0.8398015453755318,5.8822056729248215,47.6350080220722,27.56878592827056
H3,map-corridor-01,7013,H3_map-corridor-01_seed211,2021,0.0,center,,success,1,0,0,80,1.236226450828112,399.35141851632955,0.8398873299889218,5.550418344840633,47.01541339010053,27.488068849399763
H3,map-corridor-01,7013,H3_map-corridor-01_seed211,2022,0.0,center,,success,1,0,0,80,1.00762968625842,399.1335971112987,0.8403456863879066,5.7215042320624026,47.00212318814901,27.55343407085434
H3,map-corridor-01,7013,H3_map-corridor-01_seed211,2023,0.0,center,,success,1,0,0,80,1.0217577174915098,398.96330307245194,0.8407043806834982,5.566164554789847,47.134524183313104,27.48191205767306
H3,map-corridor-01,7013,H3_map-corridor-01_seed211,2024,0.0,center,,success,1,0,0,80,1.1511172220998727,398.94998496223604,0.8407324458395903,5.416939513248963,46.73969178133349,27.501969709869922
H3,map-corridor-01,7013,H3_map-corridor-01_seed211,2025,0.0,center,,success,1,0,0,80,1.2047738587248356,399.0600422460648,0.8405005791538278,5.410625910679096,46.788335144263506,27.492387923098992
H3,map-corridor-01,7013,H3_map-corridor-01_seed211,2026,0.0,center,,success,1,0,0,80,1.0056707922495651,399.235338086444,0.8401315330266284,5.769923998943909,43.45761025645097,27.399386609007976
H3,map-corridor-01,7013,H3_map-corridor-01_seed211,2027,0.0,center,,success,1,0,0,80,1.0133867606834555,399.25936815851344,0.8400809683488863,5.784303028149049,47.00329764818502,27.551218663517357
H3,map-corridor-01,7013,H3_map-corridor-01_seed211,2028,0.0,center,,success,1,0,0,80,1.0297570172000001,398.79937801578603,0.8410499492095287,5.465444317011903,45.20194012861549,27.409372420527788
H3,map-corridor-01,7013,H3_map-corridor-01_seed211,2029,0.0,center,,success,1,0,0,80,1.0390746446582735,399.08179210224915,0.8404547720860006,5.644349316780472,47.20243245109735,27.523928911493805
H3,map-corridor-01,7013,H3_map-corridor-01_seed211,2030,0.0,center,,success,1,0,0,80,1.031212913017597,399.3693849746247,0.8398495459191994,5.822422424945693,47.34222097466967,27.53228659682377
H3,map-corridor-01,7013,H3_map-corridor-01_seed211,2031,0.0,center,,success,1,0,0,80,1.0057416673675137,399.1395266099622,0.8403332024611287,5.710737162732046,44.32431892040373,27.410082295718894
H3,map-corridor-01,7013,H3_map-corridor-01_seed211,2032,0.0,center,,success,1,0,0,80,1.0579279995084117,399.3763305525082,0.8398349400450267,5.799454025832498,47.320406399072304,27.521013053608367
H3,map-corridor-01,7013,H3_map-corridor-01_seed211,2033,0.0,center,,success,1,0,0,80,1.2013036037360207,398.96668378231954,0.8406972568365428,5.34951094684673,43.00444563878612,27.337291823360403
H3,map-corridor-01,7013,H3_map-corridor-01_seed211,2034,0.0,center,,success,1,0,0,80,1.0108913300338316,399.4070307350913,0.8397703866345582,5.866662790659005,43.772270108163205,27.40597317113492
H3,map-corridor-01,7013,H3_map-corridor-01_seed211,2035,0.0,center,,success,1,0,0,80,1.0276850573058582,399.02799211316875,0.8405680885912445,5.629792364028552,47.79760686365805,27.551544558887738
H3,map-corridor-01,7013,H3_map-corridor-01_seed211,2036,0.0,center,,success,1,0,0,80,1.0008875770692145,399.2915242960278,0.8400133141225938,5.822902409076425,47.234716718381165,27.560735912117714
H3,map-corridor-01,7013,H3_map-corridor-01_seed211,2037,0.0,center,,success,1,0,0,80,1.222395369343255,399.2674139557771,0.8400640395414752,5.521138523871112,48.580535053488184,27.522971973738965
H3,map-corridor-01,7013,H3_map-corridor-01_seed211,2038,0.0,center,,success,1,0,0,80,1.0254057834095365,398.9059172374626,0.8408253227923513,5.559823308524268,46.84841557512695,27.538508549714674
H3,map-corridor-01,7013,H3_map-corridor-01_seed211,2039,0.0,center,,success,1,0,0,80,1.006444382931382,399.38351236747155,0.8398198379214978,5.865188620664812,47.14096246888072,27.557466750587015
H3,map-corridor-01,7013,H3_map-corridor-01_seed211,2040,0.0,center,,success,1,0,0,80,1.0185953933727816,398.8430719480722,0.8409578107668311,5.537605929903765,50.57190547557241,27.63941761424235
H3,map-corridor-01,7013,H3_map-corridor-01_seed211,2041,0.0,center,,success,1,0,0,80,1.0022608961145207,399.18872594873926,0.8402296328079147,5.762569331662021,47.155448218722874,27.558310627875564
H3,map-corridor-01,7013,H3_map-corridor-01_seed211,2042,0.0,center,,success,1,0,0,80,0.9951422294100021,399.46545769588374,0.8396475594150595,5.9292182202130155,47.42576666820824,27.567198318221223
H3,map-corridor-01,7013,H3_map-corridor-01_seed211,2043,0.0,center,,success,1,0,0,80,0.9868059188842888,399.19119688958426,0.8402244318973359,5.7706228276765374,46.331944918389226,27.46412527282592
H3,map-corridor-01,7013,H3_map-corridor-01_seed211,2044,0.0,center,,success,1,0,0,80,1.0122332006232748,398.9328680841846,0.8407685188631505,5.60147615063643,49.511419007821274,27.61058310993244
H3,map-corridor-01,7013,H3_map-corridor-01_seed211,2045,0.0,center,,success,1,0,0,80,1.180520281959759,399.04039656962675,0.8405419589303267,5.432766296689448,46.796906127326544,27.4968142524091
H3,map-corridor-01,7013,H3_map-corridor-01_seed211,2046,0.0,center,,success,1,0,0,80,1.222991755851749,399.0950153609896,0.8404269252062272,5.406443282241039,46.8017242423662,27.489179888658242
H3,map-corridor-01,7013,H3_map-corridor-01_seed211,2047,0.0,center,,success,1,0,0,80,1.0168958481965258,399.0873211600757,0.8404431282106152,5.668970367408163,42.93003786800546,27.388267118601693
H3,map-corridor-01,7013,H3_map-corridor-01_seed211,2048,0.0,center,,success,1,0,0,80,1.2010147726367586,399.05647859007007,0.8405080849959534,5.413788112931826,46.78920425349943,27.493070476117182
H3,map-corridor-01,7013,H3_map-corridor-01_seed211,2049,0.0,center,,success,1,0,0,80,0.988109824535205,399.1458901915871,0.840319805031624,5.766478728440188,47.41779063734268,27.569262760868057
H3,map-corridor-01,7013,H3_map-corridor-01_seed211,2050,0.0,center,,success,1,0,0,80,1.004551458910982,399.3510308159764,0.8398881453733563,5.8499774683658,47.1680441697773,27.558520697024814
H3,map-corridor-01,7013,H3_map-corridor-01_seed211,2001,0.5,center,,success,1,0,0,80,1.84987603698656,399.00614548727606,0.8406141118838091,5.621739518382423,44.509259876082965,27.335865116806122
H3,map-corridor-01,7013,H3_map-corridor-01_seed211,2002,0.5,center,,success,1,0,0,80,1.897613660242009,400.0248671755021,0.838473365401593,5.698539975007273,48.64889505762691,27.356228823016796
H3,map-corridor-01,7013,H3_map-corridor-01_seed211,2003,0.5,center,,success,1,0,0,80,2.064720914413572,400.6331702106082,0.8372002658907329,5.701313683503757,48.595846898685394,27.626947331618293
H3,map-corridor-01,7013,H3_map-corridor-01_seed211,2004,0.5,center,,success,1,0,0,80,1.8365460859025584,398.9071754869265,0.8408226706264424,5.616735784536637,52.13931481512897,27.575849730797835
H3,map-corridor-01,7013,H3_map-corridor-01_seed211,2005,0.5,center,,success,1,0,0,80,1.9251543468573138,399.62210937657017,0.8393184179629716,5.880303965741313,49.53872112850291,27.40435610288176
H3,map-corridor-01,7013,H3_map-corridor-01_seed211,2006,0.5,center,,success,1,0,0,79,2.2982090708763483,396.60111139427534,0.8457116911392747,5.901905516797843,45.55793259952012,27.455165620064392
H3,map-corridor-01,7013,H3_map-corridor-01_seed211,2007,0.5,center,,success,1,0,0,80,1.209935872041488,398.9202959215859,0.8407950160823572,5.584561764517629,48.22324158835872,27.36510984206918
H3,map-corridor-01,7013,H3_map-corridor-01_seed211,2008,0.5,center,,success,1,0,0,79,2.8095546029040923,396.70444846325125,0.8454913927087945,5.717223234878896,47.41369513564855,27.4061200408747
H3,map-corridor-01,7013,H3_map-corridor-01_seed211,2009,0.5,center,,success,1,0,0,80,1.6598469520899177,400.95574856482506,0.8365267185357254,5.791492127031725,51.15978220557128,27.683822799688418
H3,map-corridor-01,7013,H3_map-corridor-01_seed211,2010,0.5,center,,success,1,0,0,80,1.3380184422684085,402.55325768773355,0.8332070110463522,5.758236401622443,48.0667523772053,27.752731955814415
H3,map-corridor-01,7013,H3_map-corridor-01_seed211,2011,0.5,center,,success,1,0,0,80,1.364453206915215,398.8486117988973,0.840946130192588,5.4484483759421325,50.69501004914236,27.51276975400887
H3,map-corridor-01,7013,H3_map-corridor-01_seed211,2012,0.5,center,,success,1,0,0,79,2.7434900947233936,400.69422223342457,0.8370727053547958,5.61271339931344,47.18217944541516,27.661376300211813
H3,map-corridor-01,7013,H3_map-corridor-01_seed211,2013,0.5,center,,success,1,0,0,80,2.048128546172419,401.55415463450294,0.8352801054449578,5.886583495468321,48.99189952506824,27.67983220881011
H3,map-corridor-01,7013,H3_map-corridor-01_seed211,2014,0.5,center,,success,1,0,0,79,2.4179741922863913,397.843059444884,0.8430716300366558,5.762809914614851,49.883500740800876,27.6309210596721
H3,map-corridor-01,7013,H3_map-corridor-01_seed211,2015,0.5,center,,success,1,0,0,80,2.2618098948739984,400.32062135241904,0.8378539069304971,5.858462660087176,51.8663952978083,27.410901981599693
H3,map-corridor-01,7013,H3_map-corridor-01_seed211,2016,0.5,center,,success,1,0,0,79,2.1739520032034645,397.0818429269129,0.8446878209102708,5.631209507531168,41.4290841191695,27.337080670115594
H3,map-corridor-01,7013,H3_map-corridor-01_seed211,2017,0.5,center,,success,1,0,0,79,2.7546300444882617,397.5864140765377,0.8436158398521134,5.883315719882335,44.520724335070014,27.46224381989701
H3,map-corridor-01,7013,H3_map-corridor-01_seed211,2018,0.5,center,,success,1,0,0,80,1.5020152956539607,398.7269420265227,0.841202741204926,5.693038115963175,42.762641371273155,27.26345878790845
H3,map-corridor-01,7013,H3_map-corridor-01_seed211,2019,0.5,center,,success,1,0,0,80,0.9760998456856551,401.0545175109913,0.8363207044931896,5.858658224815083,47.98057607704111,27.676575538611157
H3,map-corridor-01,7013,H3_map-corridor-01_seed211,2020,0.5,center,,success,1,0,0,80,1.4268611382047947,399.1084386933013,0.8403986588785652,5.872105408228781,48.16535064530629,27.54983272876722
H3,map-corridor-01,7013,H3_map-corridor-01_seed211,2021,0.5,center,,success,1,0,0,80,2.9629287955314307,400.2972845258096,0.8379027527561022,5.930866932130008,48.202023203955264,27.340273600349573
H3,map-corridor-01,7013,H3_map-corridor-01_seed211,2022,0.5,center,,success,1,0,0,80,1.1714602829998035,403.09396485165274,0.832089353529286,5.740186206736275,48.0333274843478,27.65068073518411
H3,map-corridor-01,7013,H3_map-corridor-01_seed211,2023,0.5,center,,success,1,0,0,79,2.652408867839659,398.3902759593231,0.84191361302005,5.5436917172648785,46.37420378809905,27.456701355325087
H3,map-corridor-01,7013,H3_map-corridor-01_seed211,2024,0.5,center,,success,1,0,0,80,1.16492375739751,399.09790212993977,0.8404208462007009,5.367707338035306,48.826949809936366,27.4816805572779
H3,map-corridor-01,7013,H3_map-corridor-01_seed211,2025,0.5,center,,success,1,0,0,80,1.0797236243267798,399.60515413822134,0.839354030225926,5.4542726779837505,48.9790543443211,27.582160935954718
H3,map-corridor-01,7013,H3_map-corridor-01_seed211,2026,0.5,center,,success,1,0,0,80,1.3230686834823913,402.5534965011639,0.8332065167492557,6.069129258481463,44.73773503898483,27.545220679477477
H3,map-corridor-01,7013,H3_map-corridor-01_seed211,2027,0.5,center,,success,1,0,0,79,2.9326302073452526,397.324398856212,0.8441721615650146,5.639446237561094,44.88960128908967,27.494789246953488
H3,map-corridor-01,7013,H3_map-corridor-01_seed211,2028,0.5,center,,success,1,0,0,80,1.8906084383311694,399.4740698331027,0.8396294577144904,5.756550879156152,46.26832975629186,27.41833861787968
H3,map-corridor-01,7013,H3_map-corridor-01_seed211,2029,0.5,center,,success,1,0,0,80,1.9373589693608195,398.92513208842837,0.8407848231297176,5.563321030807913,48.46568914049187,27.296987111972687
H3,map-corridor-01,7013,H3_map-corridor-01_seed211,2030,0.5,center,,success,1,0,0,80,2.0660224897490016,399.62065929807056,0.8393214635452354,5.857010437798068,47.55046293281406,27.561374684392884
H3,map-corridor-01,7013,H3_map-corridor-01_seed211,2031,0.5,center,,success,1,0,0,80,1.4823556848607844,401.24580588651554,0.8359220001911563,5.963801380990288,45.12953524388895,27.42816360224217
H3,map-corridor-01,7013,H3_map-corridor-01_seed211,2032,0.5,center,,success,1,0,0,80,1.299993870514316,398.9309985834994,0.8407724589363152,5.8509443796912874,47.825448620960174,27.46049303700998
H3,map-corridor-01,7013,H3_map-corridor-01_seed211,2033,0.5,center,,success,1,0,0,80,0.9556022852159115,399.55935918654836,0.8394502316447314,5.253402199288571,43.490964041749145,27.44852880185526
H3,map-corridor-01,7013,H3_map-corridor-01_seed211,2034,0.5,center,,success,1,0,0,79,2.923392339263304,398.53105857729537,0.8416162038219549,5.848690988772643,41.591328941688715,27.385796740714493
H3,map-corridor-01,7013,H3_map-corridor-01_seed211,2035,0.5,center,,success,1,0,0,80,1.2108680512813772,400.9646922608641,0.8365080594347034,5.66237021812003,47.96124189812711,27.614679001335666
H3,map-corridor-01,7013,H3_map-corridor-01_seed211,2036,0.5,center,,success,1,0,0,79,2.2842019955809474,398.3646075799106,0.8419678612078667,5.740779234505971,46.09020911542501,27.612656394170887
H3,map-corridor-01,7013,H3_map-corridor-01_seed211,2037,0.5,center,,success,1,0,0,80,0.9445917171957567,399.6674670971944,0.8392231648501945,5.3239771714630555,49.645749645072804,27.572512866120576
H3,map-corridor-01,7013,H3_map-corridor-01_seed211,2038,0.5,center,,success,1,0,0,80,1.4805531734198871,398.6104936241325,0.8414484866553503,5.640540258869746,49.56833580986931,27.539104345158396
H3,map-corridor-01,7013,H3_map-corridor-01_seed211,2039,0.5,center,,success,1,0,0,80,1.0932419011712242,398.1873598169467,0.8423426519092974,5.844367411496632,47.25234841745631,27.56620990473894
H3,map-corridor-01,7013,H3_map-corridor-01_seed211,2040,0.5,center,,success,1,0,0,80,1.307179281410706,398.2545154274667,0.8422006120004836,5.33017566647814,51.55864591791687,27.550230664322637
H3,map-corridor-01,7013,H3_map-corridor-01_seed211,2041,0.5,center,,success,1,0,0,80,1.4811142899906016,397.32003600411645,0.8441814311662185,5.804017935317121,48.68915864215507,27.498086500230226
H3,map-corridor-01,7013,H3_map-corridor-01_seed211,2042,0.5,center,,success,1,0,0,80,1.8058540496332376,397.359916376166,0.8440967062904453,5.919366162421277,47.48129246552792,27.47183959982787
H3,map-corridor-01,7013,H3_map-corridor-01_seed211,2043,0.5,center,,success,1,0,0,80,1.259910024183292,398.02875766080274,0.8426782994177587,5.558562228300813,47.118478970388665,27.300311742586956
H3,map-corridor-01,7013,H3_map-corridor-01_seed211,2044,0.5,center,,success,1,0,0,80,1.9049197138690284,397.5153079509995,0.8437667428553808,5.684958304396095,50.212236822263506,27.442948456496477
H3,map-corridor-01,7013,H3_map-corridor-01_seed211,2045,0.5,center,,success,1,0,0,79,2.683831878503623,397.28776789168836,0.8442499964318322,5.284316956040058,44.36426861247948,27.395872057960595
H3,map-corridor-01,7013,H3_map-corridor-01_seed211,2046,0.5,center,,success,1,0,0,80,1.700397806948667,403.65609946949667,0.8309305794357621,5.733387524290276,48.817543623306406,27.79233311313056
H3,map-corridor-01,7013,H3_map-corridor-01_seed211,2047,0.5,center,,success,1,0,0,80,1.5965969136559344,399.6884251724698,0.839179159316999,5.930615567979834,43.4445605404432,27.390988167001606
H3,map-corridor-01,7013,H3_map-corridor-01_seed211,2048,0.5,center,,success,1,0,0,80,2.1490258637734305,401.0222159289326,0.8363880685463281,5.390015911676261,46.846307897552116,27.260151797267053
H3,map-corridor-01,7013,H3_map-corridor-01_seed211,2049,0.5,center,,success,1,0,0,80,0.9764770010867971,402.9181556351671,0.8324524272087518,5.788340856632141,47.45221140375035,27.809958909176046
H3,map-corridor-01,7013,H3_map-corridor-01_seed211,2050,0.5,center,,success,1,0,0,80,1.021876846766663,398.7711210161924,0.8411095461733521,5.674939323852196,48.191786976038415,27.451119308054853
H3,map-corridor-01,7013,H3_map-corridor-01_seed211,2001,1.5,center,,success,1,0,0,80,2.4072594514565204,400.10366435851324,0.8383082348489163,5.608697408003188,46.028232639653076,27.115976074665202
H3,map-corridor-01,7013,H3_map-corridor-01_seed211,2002,1.5,center,,success,1,0,0,80,2.5422823546346685,399.1917711944826,0.8402232230923409,6.740109075899933,44.64797450596737,27.14127026905967
H3,map-corridor-01,7013,H3_map-corridor-01_seed211,2003,1.5,center,,success,1,0,0,80,2.5728730320220907,402.99239577906496,0.8322990709950083,6.012735710413326,52.30044168441068,27.75766142232911
H3,map-corridor-01,7013,H3_map-corridor-01_seed211,2004,1.5,center,,success,1,0,0,80,2.200577305038394,399.32241054110955,0.8399483419186627,5.457217712401971,50.90199265627637,27.463877254097035
H3,map-corridor-01,7013,H3_map-corridor-01_seed211,2005,1.5,center,,success,1,0,0,80,1.960885076763586,396.39603778877154,0.8461492160617894,6.7945694798084855,48.90895466774034,27.165315088743615
H3,map-corridor-01,7013,H3_map-corridor-01_seed211,2006,1.5,center,,success,1,0,0,79,2.0677496284912547,398.4846457935029,0.841714229558496,5.9713347541093595,48.241918156440036,27.47535190612032
H3,map-corridor-01,7013,H3_map-corridor-01_seed211,2007,1.5,center,,success,1,0,0,80,1.8239616545328912,398.43326372672925,0.8418227772644354,5.849049609828703,47.955179555543474,27.189751417379625
H3,map-corridor-01,7013,H3_map-corridor-01_seed211,2008,1.5,center,,success,1,0,0,80,2.0414135175513772,399.9348470379969,0.8386620948614211,5.860383350855988,50.709272820335094,27.553953697359546
H3,map-corridor-01,7013,H3_map-corridor-01_seed211,2009,1.5,center,,success,1,0,0,80,1.4477230172729916,405.1269803525024,0.8279137477665074,5.955379890624564,53.522516448684996,27.891731530038346
H3,map-corridor-01,7013,H3_map-corridor-01_seed211,2010,1.5,center,,success,1,0,0,79,2.1001359988571453,401.0315051260266,0.836368695071884,4.345572975689763,46.762980821198816,27.9381753810423
H3,map-corridor-01,7013,H3_map-corridor-01_seed211,2011,1.5,center,,success,1,0,0,80,2.0025339522827137,399.70809501938174,0.8391378628664113,5.60105841064355,52.94801939428384,27.59987709039205
H3,map-corridor-01,7013,H3_map-corridor-01_seed211,2012,1.5,center,,success,1,0,0,78,2.7736731169658,399.2099235795131,0.8401850174903349,3.951900249812585,47.0193192819757,27.91728946608174
H3,map-corridor-01,7013,H3_map-corridor-01_seed211,2013,1.5,center,,success,1,0,0,80,1.670853708049148,402.58716314061127,0.8331368392583846,4.419419976334001,48.80306512995559,27.717728367490835
H3,map-corridor-01,7013,H3_map-corridor-01_seed211,2014,1.5,center,,success,1,0,0,79,1.7433564650095401,398.6777248001705,0.8413065886565053,5.533772478390545,52.43682748617072,27.811241891639384
H3,map-corridor-01,7013,H3_map-corridor-01_seed211,2015,1.5,center,,success,1,0,0,81,2.272300794652201,401.1148776873813,0.8361948540995745,6.626239302857136,50.745713262305266,27.22457467132504
H3,map-corridor-01,7013,H3_map-corridor-01_seed211,2016,1.5,center,,success,1,0,0,79,1.2562458987983007,397.51279716384516,0.8437720722905947,5.539516361379519,44.04648549872255,27.39427970238802
H3,map-corridor-01,7013,H3_map-corridor-01_seed211,2017,1.5,center,,success,1,0,0,80,1.1932382941718334,399.74524277603484,0.8390598829787417,5.748276471899767,47.17872217166322,27.560739986310413
H3,map-corridor-01,7013,H3_map-corridor-01_seed211,2018,1.5,center,,success,1,0,0,80,2.2798216528438044,399.70125657155216,0.8391522195900961,5.675165315504271,44.578423315392186,26.852352435136673
H3,map-corridor-01,7013,H3_map-corridor-01_seed211,2019,1.5,center,,success,1,0,0,79,2.93432753407928,402.1384384937793,0.8340664918311632,5.262631852647365,46.7767528650258,27.67517488126983
H3,map-corridor-01,7013,H3_map-corridor-01_seed211,2020,1.5,center,,success,1,0,0,80,2.570486249330224,398.34063889843935,0.8420185235242453,5.768743750227058,52.87855812365168,27.48398053801731
H3,map-corridor-01,7013,H3_map-corridor-01_seed211,2021,1.5,center,,success,1,0,0,81,1.9582280273095916,396.55805131949126,0.8458035223567851,6.501970316886734,44.765383408198296,27.224244491240267
H3,map-corridor-01,7013,H3_map-corridor-01_seed211,2022,1.5,center,,success,1,0,0,79,1.9547946473229947,401.93750565588925,0.8344834505494573,4.219346437806597,46.68215245572188,27.576777476569376
H3,map-corridor-01,7013,H3_map-corridor-01_seed211,2023,1.5,center,,success,1,0,0,79,1.8411896099509002,400.4383814702173,0.8376075125304009,5.538984104040504,46.46807866347237,27.489080124302397
H3,map-corridor-01,7013,H3_map-corridor-01_seed211,2024,1.5,center,,success,1,0,0,80,2.5255120429452442,398.4387322333715,0.8418112233840602,5.408030128774427,50.494421916521965,27.608523554037017
H3,map-corridor-01,7013,H3_map-corridor-01_seed211,2025,1.5,center,,success,1,0,0,79,2.2476526778290267,399.47614871103605,0.8396250882742685,5.543004832983436,47.55331546481921,27.562410169835896
H3,map-corridor-01,7013,H3_map-corridor-01_seed211,2026,1.5,center,,success,1,0,0,79,2.0144859549664216,402.4267158716255,0.833469010372474,4.931270165885296,40.471578230744456,27.34288987758785
H3,map-corridor-01,7013,H3_map-corridor-01_seed211,2027,1.5,center,,success,1,0,0,80,2.2651429589309515,399.09384700002664,0.8404293855849552,5.347563098592509,48.18426388883807,27.78036236682488
H3,map-corridor-01,7013,H3_map-corridor-01_seed211,2028,1.5,center,,success,1,0,0,81,2.4100211700309755,403.4055250899232,0.8314467099829685,5.026354281525,47.92504670689681,27.63425503694101
H3,map-corridor-01,7013,H3_map-corridor-01_seed211,2029,1.5,center,,success,1,0,0,81,1.7360386243275088,399.12017524222085,0.8403739460712863,5.882689589620272,47.247031668613225,27.16673807624294
H3,map-corridor-01,7013,H3_map-corridor-01_seed211,2030,1.5,center,,success,1,0,0,80,2.8438199031974722,401.3658735764742,0.8356719360223862,5.540589418574042,51.60570363255699,27.629386935261163
H3,map-corridor-01,7013,H3_map-corridor-01_seed211,2031,1.5,center,,success,1,0,0,80,1.8857805410622173,404.4782924342784,0.8292415264274474,5.428419152122602,46.03542966798185,27.39088376248089
H3,map-corridor-01,7013,H3_map-corridor-01_seed211,2032,1.5,center,,success,1,0,0,80,1.169337166509821,399.0430307649384,0.8405364102763802,5.914982335661921,49.11632883834893,27.266911967640173
H3,map-corridor-01,7013,H3_map-corridor-01_seed211,2033,1.5,center,,success,1,0,0,79,2.4629946051239098,399.5399256102464,0.8394910624080235,5.087512125753917,41.15805736598317,27.42915794081563
H3,map-corridor-01,7013,H3_map-corridor-01_seed211,2034,1.5,center,,success,1,0,0,80,2.0563406057671383,402.13487048223385,0.834073892231106,5.848135980470876,46.3203230219617,27.801854496508522
H3,map-corridor-01,7013,H3_map-corridor-01_seed211,2035,1.5,center,,success,1,0,0,80,1.0402064836911125,404.8058593263253,0.8285705083003381,5.849729798355663,48.48541974641557,27.674206190472134
H3,map-corridor-01,7013,H3_map-corridor-01_seed211,2036,1.5,center,,success,1,0,0,79,1.658088368017629,400.81673992716105,0.8368168372556529,5.539064124537418,49.771561263114414,27.92199302843854
H3,map-corridor-01,7013,H3_map-corridor-01_seed211,2037,1.5,center,,success,1,0,0,79,2.7497475958690236,398.3665013774215,0.8419638585705107,5.0960004729974955,47.999131400585014,27.449417335004036
H3,map-corridor-01,7013,H3_map-corridor-01_seed211,2038,1.5,center,,success,1,0,0,80,2.337282975712799,399.8613284218568,0.8388162915097109,6.421601863895477,47.83732233922633,27.418222669526337
H3,map-corridor-01,7013,H3_map-corridor-01_seed211,2039,1.5,center,,success,1,0,0,80,2.0107809694672087,396.4027029004578,0.8461349889160433,5.813521350721637,49.205591516585905,27.51429921902243
H3,map-corridor-01,7013,H3_map-corridor-01_seed211,2040,1.5,center,,success,1,0,0,80,2.68003531579964,399.6493941334711,0.8392611162396793,5.166223221883342,53.611168294895215,27.568641092499938
H3,map-corridor-01,7013,H3_map-corridor-01_seed211,2041,1.5,center,,success,1,0,0,80,2.5136073477275525,398.1090830651292,0.8425082744723426,5.908333943253164,50.99715419470608,27.169345978504825
H3,map-corridor-01,7013,H3_map-corridor-01_seed211,2042,1.5,center,,success,1,0,0,81,2.0655904248559724,400.7613856643065,0.8369324206946456,5.9523073670795785,52.040943551641604,27.340291352112125
H3,map-corridor-01,7013,H3_map-corridor-01_seed211,2043,1.5,center,,success,1,0,0,80,2.194006590905084,398.08927629993383,0.842550193118639,6.076928376974264,49.90660964827086,27.212201991439777
H3,map-corridor-01,7013,H3_map-corridor-01_seed211,2044,1.5,center,,success,1,0,0,82,2.7023462352972065,400.42648272488213,0.8376324021890833,5.699781344946043,50.03490656422282,27.073341489988405
H3,map-corridor-01,7013,H3_map-corridor-01_seed211,2045,1.5,center,,success,1,0,0,79,2.103904101965637,397.0002192964301,0.8448614895462466,5.105366045815552,44.603990123679054,27.389569039224707
H3,map-corridor-01,7013,H3_map-corridor-01_seed211,2046,1.5,center,,success,1,0,0,79,1.6917806268510314,405.47708359258905,0.8271988977852528,4.054113016675877,50.08077424362729,28.159673107662055
H3,map-corridor-01,7013,H3_map-corridor-01_seed211,2047,1.5,center,,success,1,0,0,80,2.0210160826026087,401.8759821109249,0.8346112023494584,6.400842671979206,45.35832040688066,27.251615104496047
H3,map-corridor-01,7013,H3_map-corridor-01_seed211,2048,1.5,center,,success,1,0,0,80,2.6605768590777346,399.28893380081456,0.8400187639367135,6.217809938336879,46.334066771432255,27.004623054212384
H3,map-corridor-01,7013,H3_map-corridor-01_seed211,2049,1.5,center,,success,1,0,0,79,1.6098360981429989,400.66995379488606,0.8371234065548977,4.738936709655668,52.29623922847292,28.18608333775642
H3,map-corridor-01,7013,H3_map-corridor-01_seed211,2050,1.5,center,,success,1,0,0,80,1.5923308037776753,398.0827323719251,0.8425640434752587,6.150711136342815,49.37324130179921,27.428693051983696
H3,map-corridor-01,7013,H3_map-corridor-01_seed211,2001,2.0,center,,success,1,0,0,81,1.3228571639288194,402.2090399030173,0.8339200847048199,5.577311765123294,48.80925219918484,27.284543814085207
H3,map-corridor-01,7013,H3_map-corridor-01_seed211,2002,2.0,center,,success,1,0,0,80,2.1199082195071113,397.2941580724305,0.8442364172991943,7.065986681847204,46.94276329187395,27.055505058323835
H3,map-corridor-01,7013,H3_map-corridor-01_seed211,2003,2.0,center,,success,1,0,0,80,2.1343669700257424,402.68591964643986,0.8329325170332755,5.764046714923696,53.37996085834515,27.87739363822919
H3,map-corridor-01,7013,H3_map-corridor-01_seed211,2004,2.0,center,,success,1,0,0,80,2.09482670349347,397.87341416582865,0.8430073100716745,5.319403241844091,52.61752523371672,27.392380350328242
H3,map-corridor-01,7013,H3_map-corridor-01_seed211,2005,2.0,center,,success,1,0,0,80,2.470654675981384,395.35008477715905,0.8483878201620318,6.679857399411009,49.89655361622336,27.01215336733001
H3,map-corridor-01,7013,H3_map-corridor-01_seed211,2006,2.0,center,,success,1,0,0,79,1.99948322947716,399.7487312302028,0.839052560824305,6.131358939941551,49.12392934248177,27.509320685180565
H3,map-corridor-01,7013,H3_map-corridor-01_seed211,2007,2.0,center,,success,1,0,0,80,1.6175083918660857,396.14740105812143,0.8466802905410409,6.090079397788462,47.65631434720088,27.170070397317588
H3,map-corridor-01,7013,H3_map-corridor-01_seed211,2008,2.0,center,,success,1,0,0,80,1.816562523633704,398.7762647731287,0.8410986968238685,6.090701039597128,51.44216823522,27.56577980572496
H3,map-corridor-01,7013,H3_map-corridor-01_seed211,2009,2.0,center,,success,1,0,0,80,0.9916119483896898,404.36519929648557,0.8294734492694105,5.600737856023009,53.94218782025971,27.867986799030895
H3,map-corridor-01,7013,H3_map-corridor-01_seed211,2010,2.0,center,,success,1,0,0,79,1.6115956301962804,403.94715898833687,0.8303318618825903,4.426643104038002,49.89900008196035,28.170704808195815
H3,map-corridor-01,7013,H3_map-corridor-01_seed211,2011,2.0,center,,success,1,0,0,80,1.7634400426817978,397.66475933966933,0.8434496362763554,5.846925606822248,53.30813688616292,27.589824459075626
H3,map-corridor-01,7013,H3_map-corridor-01_seed211,2012,2.0,center,,success,1,0,0,78,1.9890622127475044,403.06963536361786,0.8321395788655418,3.808459727335999,49.28654382870848,28.134729419797864
H3,map-corridor-01,7013,H3_map-corridor-01_seed211,2013,2.0,center,,success,1,0,0,80,2.1449640044689193,403.50451667969895,0.8312427315187066,4.30528081602659,48.920045634845486,27.824030092374684
H3,map-corridor-01,7013,H3_map-corridor-01_seed211,2014,2.0,center,,success,1,0,0,79,0.7798273459675122,399.9463731898456,0.8386379252544359,5.199972247898649,52.46560188481571,27.839878018255213
H3,map-corridor-01,7013,H3_map-corridor-01_seed211,2015,2.0,center,,success,1,0,0,81,1.725417243970886,399.7538065832759,0.8390419080477136,7.084176260212688,50.91321463134865,26.948080822098824
H3,map-corridor-01,7013,H3_map-corridor-01_seed211,2016,2.0,center,,success,1,0,0,79,0.7189590739881657,397.3634255873031,0.8440892518712115,5.642818484658377,43.65923833000704,27.38658973478263
H3,map-corridor-01,7013,H3_map-corridor-01_seed211,2017,2.0,center,,success,1,0,0,79,2.6203548897362103,398.21615790894066,0.8422817355936273,5.7740660143880636,45.63734508173092,27.457309927307694
H3,map-corridor-01,7013,H3_map-corridor-01_seed211,2018,2.0,center,,success,1,0,0,80,2.7461101123107783,399.7751200534113,0.8389971756625488,5.660658749725698,44.85723469269165,26.7484474396062
H3,map-corridor-01,7013,H3_map-corridor-01_seed211,2019,2.0,center,,success,1,0,0,79,2.71735186990582,401.9263631246863,0.834506584781842,4.634142565234021,44.99697847994678,27.560114353721072
H3,map-corridor-01,7013,H3_map-corridor-01_seed211,2020,2.0,center,,success,1,0,0,80,2.7656697682210454,398.28620725066367,0.8421335976966839,5.673392749313753,54.675264867910194,27.400670033005138
H3,map-corridor-01,7013,H3_map-corridor-01_seed211,2021,2.0,center,,success,1,0,0,89,2.891137402836387,403.16657947349825,0.8319394853189123,6.339411251968924,45.22153650398828,27.607336507163634
H3,map-corridor-01,7013,H3_map-corridor-01_seed211,2022,2.0,center,,success,1,0,0,79,1.6191491329669216,406.74008434818535,0.8246302971650178,4.268601848073558,47.62823530056709,27.737300323594337
H3,map-corridor-01,7013,H3_map-corridor-01_seed211,2023,2.0,center,,success,1,0,0,79,0.6973764928485728,401.24783483901734,0.8359177732623448,5.558780128706715,47.65021469771116,27.561544301173573
H3,map-corridor-01,7013,H3_map-corridor-01_seed211,2024,2.0,center,,success,1,0,0,81,2.6034512370777807,397.0072403607128,0.8448465481894525,5.5092426493059845,49.3978065157639,27.68413971985862
H3,map-corridor-01,7013,H3_map-corridor-01_seed211,2025,2.0,center,,success,1,0,0,79,2.317484622133729,400.08925291519085,0.8383384311901706,5.635608102721123,50.28478603851815,27.576479013307964
H3,map-corridor-01,7013,H3_map-corridor-01_seed211,2026,2.0,center,,success,1,0,0,79,0.9810769016386522,404.174564889839,0.8298646816540451,4.469006409278912,42.47448566368619,27.652869629583712
H3,map-corridor-01,7013,H3_map-corridor-01_seed211,2027,2.0,center,,success,1,0,0,79,2.4373627372859117,398.6917443058963,0.8412770051431638,5.1999782202766625,46.39268392735873,27.583627734203063
H3,map-corridor-01,7013,H3_map-corridor-01_seed211,2028,2.0,center,,success,1,0,0,81,2.769586502762489,402.5580510805156,0.8331970897729806,4.58153994072225,49.82411971125376,27.56782130220231
H3,map-corridor-01,7013,H3_map-corridor-01_seed211,2029,2.0,center,,success,1,0,0,80,2.889400462039609,395.27899879093917,0.8485403921050838,6.107629958866475,45.469110360922286,26.804998665632624
H3,map-corridor-01,7013,H3_map-corridor-01_seed211,2030,2.0,center,,success,1,0,0,80,2.52433730309686,400.86272974400015,0.8367208316901122,4.954844723903198,57.4484557141897,27.480430412134705
H3,map-corridor-01,7013,H3_map-corridor-01_seed211,2031,2.0,center,,success,1,0,0,80,1.6764869739843693,402.6511722752942,0.8330043961616662,4.989118170527041,47.99275697220266,27.415969997795457
H3,map-corridor-01,7013,H3_map-corridor-01_seed211,2032,2.0,center,,success,1,0,0,80,1.2924616026581206,399.15994763526453,0.8402902110094776,5.926755396759371,49.75222289246434,27.158454696236713
H3,map-corridor-01,7013,H3_map-corridor-01_seed211,2033,2.0,center,,success,1,0,0,79,2.657158003988783,400.2565307992511,0.8379880671908229,5.044912832120292,39.31802914332455,27.52662162041152
H3,map-corridor-01,7013,H3_map-corridor-01_seed211,2034,2.0,center,,success,1,0,0,79,2.0771308620334317,401.1527231925465,0.8361159658985471,5.746920716282983,48.9737300426564,27.763732033869367
H3,map-corridor-01,7013,H3_map-corridor-01_seed211,2035,2.0,center,,success,1,0,0,79,2.988857086430224,402.2055439552372,0.8339273330909068,5.500307887768635,47.81396329468475,27.48156565947421
H3,map-corridor-01,7013,H3_map-corridor-01_seed211,2036,2.0,center,,success,1,0,0,79,1.9504373937052926,402.0868906548457,0.834173419776789,5.420126876503788,52.43234994882937,28.065247380975453
H3,map-corridor-01,7013,H3_map-corridor-01_seed211,2037,2.0,center,,success,1,0,0,79,2.7231990288904746,398.38470891460355,0.8419253779563761,4.959909574275172,47.73251392970988,27.424006436107195
H3,map-corridor-01,7013,H3_map-corridor-01_seed211,2038,2.0,center,,success,1,0,0,80,2.726193786712896,396.87058145690634,0.845137463688244,6.862345570257267,50.55180116842654,27.50215643654743
H3,map-corridor-01,7013,H3_map-corridor-01_seed211,2039,2.0,center,,success,1,0,0,80,2.6012825007162346,396.2170733196584,0.8465314071773166,5.802593188159851,52.48558081546883,27.46441611054532
H3,map-corridor-01,7013,H3_map-corridor-01_seed211,2040,2.0,center,,success,1,0,0,80,2.50055438847117,398.12591989690407,0.842472644614106,5.25466711596764,53.35677459167348,27.49004531774536
H3,map-corridor-01,7013,H3_map-corridor-01_seed211,2041,2.0,center,,success,1,0,0,81,2.106994279973809,398.74555285572706,0.8411634793738392,5.953631521773579,49.98020975930437,27.244080304509406
H3,map-corridor-01,7013,H3_map-corridor-01_seed211,2042,2.0,center,,success,1,0,0,81,2.6680900484371497,400.17743237609585,0.8381537025549766,6.067250761093586,54.51250324281129,27.23326214530752
H3,map-corridor-01,7013,H3_map-corridor-01_seed211,2043,2.0,center,,success,1,0,0,80,1.3505931994054712,396.31718324997735,0.8463175728956679,6.495291842598388,48.47510200506901,27.056792857381776
H3,map-corridor-01,7013,H3_map-corridor-01_seed211,2044,2.0,center,,success,1,0,0,90,2.645089342235322,407.4778192693874,0.8231373114403208,5.663192787562711,50.01259417260955,27.576986180837327
H3,map-corridor-01,7013,H3_map-corridor-01_seed211,2045,2.0,center,,success,1,0,0,79,1.2603529294113094,397.45721412243626,0.8438900709489846,5.06884263560066,44.96171595371702,27.500623489853062
H3,map-corridor-01,7013,H3_map-corridor-01_seed211,2046,2.0,center,,success,1,0,0,79,0.9826090967557701,408.22343571871295,0.8216338585129234,4.127353030803093,48.3680332421774,28.188866358828147
H3,map-corridor-01,7013,H3_map-corridor-01_seed211,2047,2.0,center,,success,1,0,0,81,1.366760790048,403.74302656874886,0.8307516775595758,6.285408548040334,47.83782485119998,27.36143078295337
H3,map-corridor-01,7013,H3_map-corridor-01_seed211,2048,2.0,center,,success,1,0,0,81,1.6957822221693724,399.4694493631111,0.8396391693024969,6.251931900753074,49.33579199029595,26.993274690957357
H3,map-corridor-01,7013,H3_map-corridor-01_seed211,2049,2.0,center,,success,1,0,0,79,1.1653115541000547,404.38098952224686,0.829441060078607,4.77882987328208,52.34792036756402,28.400574800702653
H3,map-corridor-01,7013,H3_map-corridor-01_seed211,2050,2.0,center,,success,1,0,0,79,2.3366239396384594,394.40135103888355,0.8504286198347754,6.587397757048416,45.05939418514816,27.135408699950137
H3,map-corridor-01,7013,H3_map-corridor-01_seed307,2001,0.0,center,,success,1,0,0,91,0.2231719780831025,428.41310803668426,0.7829130116071236,4.740846981250404,51.513028837535124,23.128929301203556
H3,map-corridor-01,7013,H3_map-corridor-01_seed307,2002,0.0,center,,success,1,0,0,91,0.2526677772457547,428.0893964412992,0.7835050328581564,4.78453499382178,49.33643307912135,22.988007908756167
H3,map-corridor-01,7013,H3_map-corridor-01_seed307,2003,0.0,center,,success,1,0,0,91,0.30412893054018797,427.96286914050285,0.7837366762649011,4.836689911612656,49.567447689435454,22.962006770503933
H3,map-corridor-01,7013,H3_map-corridor-01_seed307,2004,0.0,center,,success,1,0,0,91,0.24148611366959685,428.1611963937994,0.7833736439686058,4.753937189963226,50.36186466600501,23.01196142443505
H3,map-corridor-01,7013,H3_map-corridor-01_seed307,2005,0.0,center,,success,1,0,0,91,0.2095905109746381,428.4901939303176,0.782772164628612,4.674584158875481,49.25551345335363,22.990531964918677
H3,map-corridor-01,7013,H3_map-corridor-01_seed307,2006,0.0,center,,success,1,0,0,91,0.20886528974675178,428.3131184474376,0.7830957824518043,4.734863661843472,49.74938919811951,23.034101810561534
H3,map-corridor-01,7013,H3_map-corridor-01_seed307,2007,0.0,center,,success,1,0,0,91,0.21189978222404682,428.3888073397025,0.7829574229725285,4.72358565822346,52.0419945613065,23.110559683668537
H3,map-corridor-01,7013,H3_map-corridor-01_seed307,2008,0.0,center,,success,1,0,0,91,0.20957897240258813,428.3599496794923,0.7830101690784335,4.72186136705268,50.91922609515265,23.052905401232426
H3,map-corridor-01,7013,H3_map-corridor-01_seed307,2009,0.0,center,,success,1,0,0,91,0.22147284272610937,428.32897254081,0.7830667970820291,4.718746429873747,51.50619539203452,23.065865585218845
H3,map-corridor-01,7013,H3_map-corridor-01_seed307,2010,0.0,center,,success,1,0,0,91,0.2629242271509193,428.1255026006854,0.7834389556041166,4.823841954733288,52.10708335351591,23.10703169964209
H3,map-corridor-01,7013,H3_map-corridor-01_seed307,2011,0.0,center,,success,1,0,0,91,0.23946716096303058,428.1785645302401,0.7833418681127838,4.784122619642266,51.50595252075044,23.075141498937416
H3,map-corridor-01,7013,H3_map-corridor-01_seed307,2012,0.0,center,,success,1,0,0,91,0.24833780355623358,428.035799269048,0.7836031406666095,4.828898968272985,49.311682671328626,23.00326889384178
H3,map-corridor-01,7013,H3_map-corridor-01_seed307,2013,0.0,center,,success,1,0,0,91,0.25768769037808814,428.0361278351721,0.7836025391626008,4.821800954741472,49.804451248909196,22.99863264207256
H3,map-corridor-01,7013,H3_map-corridor-01_seed307,2014,0.0,center,,success,1,0,0,91,0.23461799986194873,428.10888961934137,0.7834693573478534,4.826125796704302,51.108120988882064,23.07092339869891
H3,map-corridor-01,7013,H3_map-corridor-01_seed307,2015,0.0,center,,success,1,0,0,91,0.21553123771542682,428.41678554231004,0.782906291125803,4.686238862235818,50.901197088447454,23.02939466190291
H3,map-corridor-01,7013,H3_map-corridor-01_seed307,2016,0.0,center,,success,1,0,0,91,0.22613381412211228,428.27769229066826,0.7831605583541077,4.808315117174485,52.23942528026416,23.159734569802712
H3,map-corridor-01,7013,H3_map-corridor-01_seed307,2017,0.0,center,,success,1,0,0,91,0.2095307045083127,428.474110171967,0.782801547776953,4.684451713619193,49.31919534626248,23.001655577216155
H3,map-corridor-01,7013,H3_map-corridor-01_seed307,2018,0.0,center,,success,1,0,0,91,0.21396059914488025,428.57917582440103,0.7826096449501642,4.683652371355098,51.71097384013644,23.11163540346986
H3,map-corridor-01,7013,H3_map-corridor-01_seed307,2019,0.0,center,,success,1,0,0,91,0.21205767815106255,428.3623589357868,0.7830057651616579,4.701761301308173,49.510778510097886,23.0042402035178
H3,map-corridor-01,7013,H3_map-corridor-01_seed307,2020,0.0,center,,success,1,0,0,91,0.20984017824209358,428.2887559009695,0.783140327649702,4.739305558016142,49.9074113032643,23.033148944790806
H3,map-corridor-01,7013,H3_map-corridor-01_seed307,2021,0.0,center,,success,1,0,0,91,0.24886188849270408,428.1191407474986,0.7834505975120389,4.7691902643140125,49.35461166704557,22.986498832839093
H3,map-corridor-01,7013,H3_map-corridor-01_seed307,2022,0.0,center,,success,1,0,0,91,0.2283605476877859,428.11763499677056,0.7834533530194303,4.79574197620923,49.45010008715336,23.015564464050694
H3,map-corridor-01,7013,H3_map-corridor-01_seed307,2023,0.0,center,,success,1,0,0,91,0.2386822020046748,428.2063917965389,0.783290962140373,4.796410040928101,52.25257081605335,23.13038538385799
H3,map-corridor-01,7013,H3_map-corridor-01_seed307,2024,0.0,center,,success,1,0,0,91,0.30724813581501476,427.95752188624493,0.7837464689173604,4.839136181959499,49.59041060156442,22.96049805389924
H3,map-corridor-01,7013,H3_map-corridor-01_seed307,2025,0.0,center,,success,1,0,0,91,0.3058690928070502,427.96377732740905,0.7837350130881907,4.8339070784099025,49.569877044406965,22.96005943584379
H3,map-corridor-01,7013,H3_map-corridor-01_seed307,2026,0.0,center,,success,1,0,0,91,0.21120544831936805,428.44680846117126,0.7828514298651045,4.740429991726679,52.65809118221204,23.172775512100817
H3,map-corridor-01,7013,H3_map-corridor-01_seed307,2027,0.0,center,,success,1,0,0,91,0.21598259712459061,428.2180037709933,0.7832697216634136,4.754517182330042,49.73126390830365,23.027215050982342
H3,map-corridor-01,7013,H3_map-corridor-01_seed307,2028,0.0,center,,success,1,0,0,91,0.2645713730557499,428.1882145916357,0.7833242139670988,4.818505595536783,52.98310204930943,23.170249948448543
H3,map-corridor-01,7013,H3_map-corridor-01_seed307,2029,0.0,center,,success,1,0,0,91,0.2313107434779716,428.17094321925174,0.7833558113569056,4.75452097774657,49.59859820322336,23.008199726744664
H3,map-corridor-01,7013,H3_map-corridor-01_seed307,2030,0.0,center,,success,1,0,0,91,0.21141613035344192,428.3942211532909,0.7829475283816906,4.692181181077928,49.431556202389054,22.99848051739277
H3,map-corridor-01,7013,H3_map-corridor-01_seed307,2031,0.0,center,,success,1,0,0,91,0.21720635175625244,428.36016236812225,0.7830097802996095,4.765951779577228,53.08082288152937,23.19746423347508
H3,map-corridor-01,7013,H3_map-corridor-01_seed307,2032,0.0,center,,success,1,0,0,91,0.21294451092007102,428.4065561674518,0.782924985148608,4.6831466876161025,49.350524374139404,22.988785183991656
H3,map-corridor-01,7013,H3_map-corridor-01_seed307,2033,0.0,center,,success,1,0,0,91,0.2931811288504293,428.1682554854691,0.7833607287038854,4.82401091636843,51.84915820417178,23.090720738288418
H3,map-corridor-01,7013,H3_map-corridor-01_seed307,2034,0.0,center,,success,1,0,0,91,0.20938733099037077,428.6536464428788,0.7824736810437102,4.687124384560076,51.31746237923009,23.12182905557905
H3,map-corridor-01,7013,H3_map-corridor-01_seed307,2035,0.0,center,,success,1,0,0,91,0.23897285979927416,428.10639845210875,0.7834739163855081,4.791147886960198,49.776525142851945,23.006551506345943
H3,map-corridor-01,7013,H3_map-corridor-01_seed307,2036,0.0,center,,success,1,0,0,91,0.2143950630840795,428.20617167319085,0.7832913647983459,4.763811716040446,49.76419332673557,23.03377805843011
H3,map-corridor-01,7013,H3_map-corridor-01_seed307,2037,0.0,center,,success,1,0,0,91,0.25725791324935243,428.0945938393584,0.783495520503654,4.782984199972716,50.09612404115917,22.995546944174333
H3,map-corridor-01,7013,H3_map-corridor-01_seed307,2038,0.0,center,,success,1,0,0,91,0.2664037961814182,428.01396426907394,0.7836431159384102,4.827364317761604,49.36562059219586,22.987682571789456
H3,map-corridor-01,7013,H3_map-corridor-01_seed307,2039,0.0,center,,success,1,0,0,91,0.21017501763130622,428.3003026911876,0.7831192145264614,4.732767057874803,49.71975016391331,23.0278538615696
H3,map-corridor-01,7013,H3_map-corridor-01_seed307,2040,0.0,center,,success,1,0,0,91,0.28405981581950834,428.01289199061057,0.7836450791587989,4.84842294342558,51.117069627244675,23.026487128583064
H3,map-corridor-01,7013,H3_map-corridor-01_seed307,2041,0.0,center,,success,1,0,0,91,0.22345158196279613,428.1322094227251,0.7834266827931985,4.787573739823507,49.66385887067859,23.029240308862775
H3,map-corridor-01,7013,H3_map-corridor-01_seed307,2042,0.0,center,,success,1,0,0,91,0.20873966669257077,428.33606501361504,0.7830538309079978,4.727545923883163,49.71080503008404,23.031018854651933
H3,map-corridor-01,7013,H3_map-corridor-01_seed307,2043,0.0,center,,success,1,0,0,91,0.21591625199555015,428.30850468465917,0.7831042180026596,4.782088675522484,53.1246491409605,23.20081744172147
H3,map-corridor-01,7013,H3_map-corridor-01_seed307,2044,0.0,center,,success,1,0,0,91,0.26302004601847945,428.0330874605046,0.7836081051933104,4.835639071719583,50.5861900818105,23.020572649045434
H3,map-corridor-01,7013,H3_map-corridor-01_seed307,2045,0.0,center,,success,1,0,0,91,0.2962041823674322,427.9796402023894,0.7837059642985696,4.827879941422451,49.50555035638554,22.965287642482497
H3,map-corridor-01,7013,H3_map-corridor-01_seed307,2046,0.0,center,,success,1,0,0,91,0.30663736089687943,427.96377299801543,0.7837350210166594,4.83309942091585,49.57198286054436,22.959304787346
H3,map-corridor-01,7013,H3_map-corridor-01_seed307,2047,0.0,center,,success,1,0,0,91,0.2195970124577318,428.37090451978133,0.7829901449562149,4.760128572079787,52.29770898359003,23.154974523535348
H3,map-corridor-01,7013,H3_map-corridor-01_seed307,2048,0.0,center,,success,1,0,0,91,0.3044737654253876,427.9659468300423,0.7837310400730776,4.833092566076322,49.560419196649654,22.960814051539234
H3,map-corridor-01,7013,H3_map-corridor-01_seed307,2049,0.0,center,,success,1,0,0,91,0.23069855233459444,428.0794266759478,0.7835232803160871,4.817937870920423,49.377836295404315,23.018385253867926
H3,map-corridor-01,7013,H3_map-corridor-01_seed307,2050,0.0,center,,success,1,0,0,91,0.21124304933922486,428.2660646841031,0.7831818214977485,4.74371845316434,49.75387263749028,23.030917042840226
H3,map-corridor-01,7013,H3_map-corridor-01_seed307,2001,0.5,center,,success,1,0,0,90,2.970785466990181,423.47762062570075,0.7920375960585354,3.8911943468056265,51.52625558695292,22.943386704831305
H3,map-corridor-01,7013,H3_map-corridor-01_seed307,2002,0.5,center,,success,1,0,0,91,0.1496884012954053,428.95836496314763,0.7819178363703992,4.982064125872593,44.84839669223927,22.36615376579655
H3,map-corridor-01,7013,H3_map-corridor-01_seed307,2003,0.5,center,,success,1,0,0,90,1.9198296460487287,424.8345957894161,0.789507728300042,3.9034267550701336,47.82901112759984,22.448917633808414
H3,map-corridor-01,7013,H3_map-corridor-01_seed307,2004,0.5,center,,success,1,0,0,91,1.29788129582481,427.2945201551894,0.7849625511301914,5.651456530887972,50.03938903974636,23.205911458853905
H3,map-corridor-01,7013,H3_map-corridor-01_seed307,2005,0.5,center,,success,1,0,0,91,1.9551638141429,428.754789733468,0.7822890954372161,5.923602989442381,49.425229179916435,22.969686922387513
H3,map-corridor-01,7013,H3_map-corridor-01_seed307,2006,0.5,center,,success,1,0,0,91,0.684577966321731,430.17716946325925,0.7797024585090524,5.945061939645186,43.629990174415425,22.15071969341465
H3,map-corridor-01,7013,H3_map-corridor-01_seed307,2007,0.5,center,,success,1,0,0,91,1.6657993759156888,428.6010787171045,0.7825696510818955,5.737397893986419,51.255941406987546,22.88327306743743
H3,map-corridor-01,7013,H3_map-corridor-01_seed307,2008,0.5,center,,success,1,0,0,91,1.1243147855240354,429.0593875010551,0.7817337328952946,5.486717628302077,49.87761198067606,22.504716570450377
H3,map-corridor-01,7013,H3_map-corridor-01_seed307,2009,0.5,center,,success,1,0,0,91,0.7393070634467105,428.926932050258,0.78197513740095,4.534529373873881,48.94132500220246,22.63635115393995
H3,map-corridor-01,7013,H3_map-corridor-01_seed307,2010,0.5,center,,success,1,0,0,90,2.544541843923471,425.5172468065609,0.7882411327441333,4.574539623067847,46.543400828844256,22.444041222945994
H3,map-corridor-01,7013,H3_map-corridor-01_seed307,2011,0.5,center,,success,1,0,0,91,1.8197469815671596,427.89739325259393,0.7838566018722415,5.868894803699962,53.92533009993421,23.146683074070015
H3,map-corridor-01,7013,H3_map-corridor-01_seed307,2012,0.5,center,,success,1,0,0,90,2.277604475122569,425.82925751634764,0.7876635780764595,4.844252973225976,44.70066649476739,22.407959258937357
H3,map-corridor-01,7013,H3_map-corridor-01_seed307,2013,0.5,center,,success,1,0,0,90,1.4988205553183804,424.38956035532846,0.7903356443173101,3.774534232429515,50.16344878861958,22.916808756928777
H3,map-corridor-01,7013,H3_map-corridor-01_seed307,2014,0.5,center,,success,1,0,0,90,2.801512556483809,427.5715187020371,0.7844540198635322,5.31237953723581,47.68505095086255,22.43744113988708
H3,map-corridor-01,7013,H3_map-corridor-01_seed307,2015,0.5,center,,success,1,0,0,91,0.27407336452223463,427.9529151330197,0.7837549056552486,4.152129297681282,49.266390102993896,22.30881894065896
H3,map-corridor-01,7013,H3_map-corridor-01_seed307,2016,0.5,center,,success,1,0,0,91,0.5779320201123375,430.3359838080025,0.7794147114005092,5.688921261829982,46.28546506625037,22.384340774290017
H3,map-corridor-01,7013,H3_map-corridor-01_seed307,2017,0.5,center,,success,1,0,0,91,0.2615766224275592,430.7054826650794,0.7787460576297948,5.127442206133182,44.7331052962915,22.248446716615238
H3,map-corridor-01,7013,H3_map-corridor-01_seed307,2018,0.5,center,,success,1,0,0,91,0.2934938646500251,427.74793404603105,0.784130488842698,4.695710480123424,54.03480861531572,23.091009697153414
H3,map-corridor-01,7013,H3_map-corridor-01_seed307,2019,0.5,center,,success,1,0,0,90,2.97221093443858,426.43314100164275,0.7865481464154691,4.853104496983111,42.80346144503853,21.870079798870652
H3,map-corridor-01,7013,H3_map-corridor-01_seed307,2020,0.5,center,,success,1,0,0,91,0.5088429466470005,427.55831708240737,0.7844782412695335,4.059679838301469,47.562299420344694,22.77903622622394
H3,map-corridor-01,7013,H3_map-corridor-01_seed307,2021,0.5,center,,success,1,0,0,91,0.8854949495979566,427.7840976961381,0.7840642006828775,5.129816900341834,51.94418509170685,23.003033838571113
H3,map-corridor-01,7013,H3_map-corridor-01_seed307,2022,0.5,center,,success,1,0,0,90,0.8439838357928333,424.8780278410497,0.7894270229253845,3.2921408973049746,47.57124522309203,22.525905592270494
H3,map-corridor-01,7013,H3_map-corridor-01_seed307,2023,0.5,center,,success,1,0,0,90,2.824014401202451,428.1613943621853,0.783373281761228,4.541693989550709,47.84979896982159,22.9297487582021
H3,map-corridor-01,7013,H3_map-corridor-01_seed307,2024,0.5,center,,success,1,0,0,91,2.5605977745926514,427.05705626621335,0.7853990273746578,6.18876074894263,52.007921534331096,23.11940153857121
H3,map-corridor-01,7013,H3_map-corridor-01_seed307,2025,0.5,center,,success,1,0,0,91,0.7864845535661973,430.1221459283057,0.7798022022350736,5.372988348433956,42.164815797056775,22.101412988969418
H3,map-corridor-01,7013,H3_map-corridor-01_seed307,2026,0.5,center,,success,1,0,0,90,1.0500897153485962,427.0614729347059,0.785390904780235,4.350262820580562,47.45175671361415,22.331887810499566
H3,map-corridor-01,7013,H3_map-corridor-01_seed307,2027,0.5,center,,success,1,0,0,90,2.940548628123121,426.99530303374917,0.78551261393725,4.848798909509179,45.02469955302656,22.371185317269568
H3,map-corridor-01,7013,H3_map-corridor-01_seed307,2028,0.5,center,,success,1,0,0,91,0.26833127189547284,426.7430981559879,0.785976851352299,4.401544364897811,55.61546935894227,23.154796132234463
H3,map-corridor-01,7013,H3_map-corridor-01_seed307,2029,0.5,center,,success,1,0,0,91,0.6625153392316355,427.6114330105429,0.7843807969856101,4.906903899297062,51.82916244997291,22.67626680781921
H3,map-corridor-01,7013,H3_map-corridor-01_seed307,2030,0.5,center,,success,1,0,0,90,2.622144842907265,423.47191473062946,0.792048268037617,3.934478396139136,51.863864671036666,23.087043762373657
H3,map-corridor-01,7013,H3_map-corridor-01_seed307,2031,0.5,center,,success,1,0,0,91,0.6475953723619795,427.34904271616824,0.7848624030912768,3.8193253714774347,53.908777351211654,22.689390137980755
H3,map-corridor-01,7013,H3_map-corridor-01_seed307,2032,0.5,center,,success,1,0,0,91,0.6305203470882096,428.10463846964547,0.7834771373278417,4.074379585706474,49.15152111324441,22.42008296226328
H3,map-corridor-01,7013,H3_map-corridor-01_seed307,2033,0.5,center,,success,1,0,0,90,2.92936070859215,426.7922343114101,0.7858863626376003,5.494247238469282,46.02423422347891,22.181299057948276
H3,map-corridor-01,7013,H3_map-corridor-01_seed307,2034,0.5,center,,success,1,0,0,91,0.3482340694179646,430.5727631796538,0.778986097838754,5.069298464150926,46.07935577541048,22.089326783185328
H3,map-corridor-01,7013,H3_map-corridor-01_seed307,2035,0.5,center,,success,1,0,0,90,1.9463651971289064,424.64174981205207,0.789866273802381,3.375360722277838,47.235318747260926,22.410353095509464
H3,map-corridor-01,7013,H3_map-corridor-01_seed307,2036,0.5,center,,success,1,0,0,91,0.22275541050782982,431.4261282471884,0.7774452557792073,5.49290705851985,45.88155316235511,22.693611510874067
H3,map-corridor-01,7013,H3_map-corridor-01_seed307,2037,0.5,center,,success,1,0,0,90,2.686508733733739,427.2736562538278,0.7850008810880524,5.330931459488761,43.85361644632516,22.20533996029236
H3,map-corridor-01,7013,H3_map-corridor-01_seed307,2038,0.5,center,,success,1,0,0,91,1.894562138581921,426.7261198407564,0.7860081233136965,5.580660819147201,50.049454900123706,23.219783566835364
H3,map-corridor-01,7013,H3_map-corridor-01_seed307,2039,0.5,center,,success,1,0,0,91,1.303248232153915,427.58442382070194,0.7844303439023665,5.385423451270244,51.90455960132694,23.2722620503234
H3,map-corridor-01,7013,H3_map-corridor-01_seed307,2040,0.5,center,,success,1,0,0,91,0.32278186678061727,428.24172598480624,0.7832263328699283,4.896011016212571,51.242601614385975,22.943295044805275
H3,map-corridor-01,7013,H3_map-corridor-01_seed307,2041,0.5,center,,success,1,0,0,91,0.9245903548025567,426.60049924842036,0.7862395782843437,5.0610196210724725,51.448528762162375,23.141236839033965
H3,map-corridor-01,7013,H3_map-corridor-01_seed307,2042,0.5,center,,success,1,0,0,91,0.30927237680327774,427.9846586231854,0.7836967747955584,4.4548600345491,47.19084085873843,22.221322920301905
H3,map-corridor-01,7013,H3_map-corridor-01_seed307,2043,0.5,center,,success,1,0,0,91,1.1720782901444375,428.97570754918814,0.7818862250760643,5.896833232495473,52.01771779409837,22.977164992811318
H3,map-corridor-01,7013,H3_map-corridor-01_seed307,2044,0.5,center,,success,1,0,0,91,0.576034504873626,425.7457738997128,0.7878180294139022,4.648502791877315,49.66225987780382,22.85671456239421
H3,map-corridor-01,7013,H3_map-corridor-01_seed307,2045,0.5,center,,success,1,0,0,91,1.4176781308296174,429.86451849266075,0.7802695551637977,6.453262255948992,41.65624918067397,22.028144796996003
H3,map-corridor-01,7013,H3_map-corridor-01_seed307,2046,0.5,center,,success,1,0,0,90,1.45732986443254,424.7262106626726,0.7897092013738682,3.969083899329236,47.46232185365561,22.67447951082516
H3,map-corridor-01,7013,H3_map-corridor-01_seed307,2047,0.5,center,,success,1,0,0,91,0.8528157568664474,427.0813104462015,0.7853544241365705,4.153335909081224,54.81302597364456,23.260637205555753
H3,map-corridor-01,7013,H3_map-corridor-01_seed307,2048,0.5,center,,success,1,0,0,91,0.8230141049878126,427.90679475572847,0.783839379826717,4.373892986376954,51.03303470097846,23.00801285624001
H3,map-corridor-01,7013,H3_map-corridor-01_seed307,2049,0.5,center,,success,1,0,0,90,2.547709764100307,424.23403977696995,0.7906253746194004,4.24512680863758,51.52477499359781,23.19604956539116
H3,map-corridor-01,7013,H3_map-corridor-01_seed307,2050,0.5,center,,success,1,0,0,91,1.1606060400691314,429.64760639952806,0.7806634824192911,5.881381129405932,46.62854577597449,22.50759269387753
H3,map-corridor-01,7013,H3_map-corridor-01_seed307,2001,1.5,center,,success,1,0,0,90,2.6107854526527525,419.82340291229104,0.798931632439371,1.9981895547442716,54.23170436619255,22.890416915296004
H3,map-corridor-01,7013,H3_map-corridor-01_seed307,2002,1.5,center,,success,1,0,0,91,0.4028697481743721,430.93289536191384,0.7783350963339158,4.692485367334739,46.63480921332701,22.59680360472472
H3,map-corridor-01,7013,H3_map-corridor-01_seed307,2003,1.5,center,,success,1,0,0,90,0.6625999666421425,425.4888455253888,0.7882937476558469,2.0470062579508306,46.79599785244463,22.177072129262108
H3,map-corridor-01,7013,H3_map-corridor-01_seed307,2004,1.5,center,,success,1,0,0,92,0.47685919011607725,430.17261894428987,0.7797107064789873,6.9930861033744875,47.68634706252832,23.09090654622039
H3,map-corridor-01,7013,H3_map-corridor-01_seed307,2005,1.5,center,,success,1,0,0,92,1.1619718323982686,432.9859631016814,0.774644503997931,7.63643883873267,49.93370875602726,22.960150057761304
H3,map-corridor-01,7013,H3_map-corridor-01_seed307,2006,1.5,center,,success,1,0,0,91,2.188696315318322,432.70647735519356,0.7751448480158573,7.642771112147032,52.431391286471275,22.91283427011508
H3,map-corridor-01,7013,H3_map-corridor-01_seed307,2007,1.5,center,,success,1,0,0,92,1.2716107020354697,432.40138715422955,0.7756917683183423,7.29275427067644,49.91945662558523,22.582404934848146
H3,map-corridor-01,7013,H3_map-corridor-01_seed307,2008,1.5,center,,success,1,0,0,92,0.7329124505785442,433.99377099006733,0.772845646746955,6.471254503577145,45.234288966959525,22.040384235037934
H3,map-corridor-01,7013,H3_map-corridor-01_seed307,2009,1.5,center,,success,1,0,0,90,1.9253511237824035,426.71732204086635,0.7860243287542157,4.331559323774276,44.782046482500256,21.948261523509885
H3,map-corridor-01,7013,H3_map-corridor-01_seed307,2010,1.5,center,,success,1,0,0,90,1.941187609291599,427.44092369814706,0.7846936922254795,4.044723566254454,49.75615738729016,22.87484008082079
H3,map-corridor-01,7013,H3_map-corridor-01_seed307,2011,1.5,center,,success,1,0,0,92,1.368430267043507,431.29585952059097,0.7776800755699239,7.536024927222335,52.533392299796496,23.233263165592234
H3,map-corridor-01,7013,H3_map-corridor-01_seed307,2012,1.5,center,,success,1,0,0,90,0.5927943937327979,428.0015327305805,0.7836658772811063,3.6507357062445163,48.46637713876833,22.56191999678912
H3,map-corridor-01,7013,H3_map-corridor-01_seed307,2013,1.5,center,,success,1,0,0,89,1.1063451296128488,421.291220681979,0.7961480803754045,1.5660150180628052,48.15828187248613,22.640530099201275
H3,map-corridor-01,7013,H3_map-corridor-01_seed307,2014,1.5,center,,success,1,0,0,90,2.2030589449876516,431.53976626846617,0.7772405299406537,6.925227281430172,51.5913682736637,23.164041734350363
H3,map-corridor-01,7013,H3_map-corridor-01_seed307,2015,1.5,center,,success,1,0,0,91,0.8561374541619258,424.51189271424767,0.7901078918671041,3.0005826119749264,59.12653741448924,22.97324927943518
H3,map-corridor-01,7013,H3_map-corridor-01_seed307,2016,1.5,center,,success,1,0,0,91,1.5680589341058069,432.08753108711596,0.7762552087098858,5.674833222014803,50.395297775398156,22.916113092679783
H3,map-corridor-01,7013,H3_map-corridor-01_seed307,2017,1.5,center,,success,1,0,0,91,2.134911271676304,433.2132139627457,0.7742381483631572,4.5354897085139125,46.36220983661466,23.598595095947925
H3,map-corridor-01,7013,H3_map-corridor-01_seed307,2018,1.5,center,,success,1,0,0,91,1.5867394374562598,424.560799377172,0.7900168765392687,4.818488133837766,57.732765272752665,23.29672064246016
H3,map-corridor-01,7013,H3_map-corridor-01_seed307,2019,1.5,center,,success,1,0,0,90,2.112007514366479,429.99238305098476,0.7800375305373687,4.345769029409574,45.504506513981966,23.047936705397156
H3,map-corridor-01,7013,H3_map-corridor-01_seed307,2020,1.5,center,,success,1,0,0,91,0.7261441043844418,424.7549966660893,0.7896556821170087,2.8109985344130357,52.60132882467286,23.05011788027015
H3,map-corridor-01,7013,H3_map-corridor-01_seed307,2021,1.5,center,,success,1,0,0,92,0.12284043013152864,431.4054721379025,0.7774824806064391,6.257306947533147,54.92699095736502,22.79735935302968
H3,map-corridor-01,7013,H3_map-corridor-01_seed307,2022,1.5,center,,success,1,0,0,89,0.8319108134925874,422.7630012576609,0.793376420422719,0.47205983657880424,47.06790933463394,22.069103045612103
H3,map-corridor-01,7013,H3_map-corridor-01_seed307,2023,1.5,center,,success,1,0,0,91,1.3877306238302876,433.4504073556002,0.7738144685830227,4.295957152839999,49.713238622872616,24.085960731902443
H3,map-corridor-01,7013,H3_map-corridor-01_seed307,2024,1.5,center,,success,1,0,0,93,0.7036088512160553,433.3098212634729,0.7740655304026058,8.240892623646142,53.2730759454405,23.27342382623518
H3,map-corridor-01,7013,H3_map-corridor-01_seed307,2025,1.5,center,,success,1,0,0,90,1.4299291841019381,428.880879169928,0.782059105255832,4.760682336619207,45.7407289652397,22.749546291390548
H3,map-corridor-01,7013,H3_map-corridor-01_seed307,2026,1.5,center,,success,1,0,0,89,1.4525026506500305,427.00893817601974,0.7854875311455592,2.8990328610248275,50.191595277028256,23.05661112902515
H3,map-corridor-01,7013,H3_map-corridor-01_seed307,2027,1.5,center,,success,1,0,0,91,0.7242117486187576,433.03859074548666,0.7745503606215592,3.002187028833483,53.871919152992675,23.63892828872572
H3,map-corridor-01,7013,H3_map-corridor-01_seed307,2028,1.5,center,,success,1,0,0,91,0.6758800106724687,422.9945197896209,0.79294217994074,3.2209663106452298,54.392008863506206,22.77198747355456
H3,map-corridor-01,7013,H3_map-corridor-01_seed307,2029,1.5,center,,success,1,0,0,91,2.665784855624079,425.92089658116055,0.7874941082188839,5.130370896508747,50.69734783874013,22.216885184508357
H3,map-corridor-01,7013,H3_map-corridor-01_seed307,2030,1.5,center,,success,1,0,0,90,1.0989819895316244,422.0413697382345,0.7947329827713386,3.1694504102080465,54.32145456218613,22.753345153011754
H3,map-corridor-01,7013,H3_map-corridor-01_seed307,2031,1.5,center,,success,1,0,0,91,0.6321090241437488,422.93234794215215,0.7930587439266887,2.2241587322093803,59.83728318457913,23.115555736002943
H3,map-corridor-01,7013,H3_map-corridor-01_seed307,2032,1.5,center,,success,1,0,0,91,0.5141660149181955,425.4683092665569,0.7883317965635678,3.1356386684283963,50.910588154571045,22.518020497444446
H3,map-corridor-01,7013,H3_map-corridor-01_seed307,2033,1.5,center,,success,1,0,0,90,2.323136974797541,429.3516688282597,0.781201567331353,5.949245516987388,48.92041786593119,22.489801748471606
H3,map-corridor-01,7013,H3_map-corridor-01_seed307,2034,1.5,center,,success,1,0,0,90,2.184382014794446,429.05363953855596,0.7817442056561965,4.41446860205768,49.13940327166549,22.74545251227722
H3,map-corridor-01,7013,H3_map-corridor-01_seed307,2035,1.5,center,,success,1,0,0,90,0.9646599908376121,425.14646872864813,0.7889285723764196,0.9740107550929572,43.632394194908,22.22766028518778
H3,map-corridor-01,7013,H3_map-corridor-01_seed307,2036,1.5,center,,success,1,0,0,91,0.2875292893041626,436.6974651631219,0.7680607820786891,6.370739332055988,49.973941177658844,24.053703266560422
H3,map-corridor-01,7013,H3_map-corridor-01_seed307,2037,1.5,center,,success,1,0,0,90,1.6325199902150376,430.6985751992638,0.7787585470181555,6.625422308777478,47.85903603218901,22.843199540744113
H3,map-corridor-01,7013,H3_map-corridor-01_seed307,2038,1.5,center,,success,1,0,0,92,2.593751699463694,429.0008178763358,0.7818404596180843,7.3424227537151445,53.894233647514326,23.337973800663484
H3,map-corridor-01,7013,H3_map-corridor-01_seed307,2039,1.5,center,,success,1,0,0,92,0.6706856509376707,430.1667692041571,0.7797213095876842,6.334096522435695,52.001906094410465,23.212092550158772
H3,map-corridor-01,7013,H3_map-corridor-01_seed307,2040,1.5,center,,success,1,0,0,91,0.7473672784444688,428.91903743889293,0.7819895303032651,5.019005683138625,50.9490845525524,22.828327177577993
H3,map-corridor-01,7013,H3_map-corridor-01_seed307,2041,1.5,center,,success,1,0,0,92,0.5437162725945381,427.7523808509446,0.784122337221651,5.4031560078394945,52.2416203761981,22.795611436291896
H3,map-corridor-01,7013,H3_map-corridor-01_seed307,2042,1.5,center,,success,1,0,0,91,2.5627362432311642,424.4006603623014,0.7903149734466395,4.2238740715444685,49.256784652696304,22.59551595315186
H3,map-corridor-01,7013,H3_map-corridor-01_seed307,2043,1.5,center,,success,1,0,0,92,0.14275269393182494,433.76570174300144,0.7732520005090054,7.9573849278822495,50.33958087175932,22.565497118159676
H3,map-corridor-01,7013,H3_map-corridor-01_seed307,2044,1.5,center,,success,1,0,0,92,1.4953091331536656,422.51429920315354,0.7938434208204073,2.965394817316983,54.27729024959196,22.36441257666941
H3,map-corridor-01,7013,H3_map-corridor-01_seed307,2045,1.5,center,,success,1,0,0,92,2.1246250472916737,434.99865086848945,0.7710603146821506,8.658098973109182,43.27188879879793,22.119671632759157
H3,map-corridor-01,7013,H3_map-corridor-01_seed307,2046,1.5,center,,success,1,0,0,89,1.1770997929530715,421.9960274670677,0.7948183745666746,2.767454933396437,47.58247200712264,22.295705942840723
H3,map-corridor-01,7013,H3_map-corridor-01_seed307,2047,1.5,center,,success,1,0,0,91,0.8965462549781107,424.3960662654492,0.7903235286237967,3.702322730121474,56.35861224799415,22.887263610644215
H3,map-corridor-01,7013,H3_map-corridor-01_seed307,2048,1.5,center,,success,1,0,0,90,1.4299899197604617,425.10919295142213,0.7889977497223786,3.4176336758968326,47.34684260636909,22.5179953095895
H3,map-corridor-01,7013,H3_map-corridor-01_seed307,2049,1.5,center,,success,1,0,0,90,0.9380517993120218,425.00223929044085,0.7891963044358306,3.1528243240495155,50.2579942249288,23.198578137310236
H3,map-corridor-01,7013,H3_map-corridor-01_seed307,2050,1.5,center,,success,1,0,0,92,1.4411383642905848,434.79265612331903,0.7714256252981353,8.188037393540172,51.107457060081074,22.91291990569505
H3,map-corridor-01,7013,H3_map-corridor-01_seed307,2001,2.0,center,,success,1,0,0,90,2.87439292499578,419.27372223803957,0.7999790562465582,1.5277833248376371,61.203049730691525,22.64677618558125
H3,map-corridor-01,7013,H3_map-corridor-01_seed307,2002,2.0,center,,success,1,0,0,91,0.41836561875155326,431.26645950402934,0.7777330910701965,4.577587669907375,52.87282711094322,22.626009474266272
H3,map-corridor-01,7013,H3_map-corridor-01_seed307,2003,2.0,center,,success,1,0,0,89,2.9152109790621625,422.3681537741047,0.7941181020109674,1.3038068967122345,47.32038879802737,22.352288250353606
H3,map-corridor-01,7013,H3_map-corridor-01_seed307,2004,2.0,center,,success,1,0,0,92,0.9160462994261188,428.80716903213187,0.7821935379066275,7.021830067915751,48.00085746899401,23.032781190458497
H3,map-corridor-01,7013,H3_map-corridor-01_seed307,2005,2.0,center,,success,1,0,0,93,0.9003654899661333,436.66705249994675,0.7681142754066828,8.444672429687389,50.890570875978696,23.026952097859848
H3,map-corridor-01,7013,H3_map-corridor-01_seed307,2006,2.0,center,,success,1,0,0,92,0.3260094489919084,437.4340125387313,0.7667675283829709,8.651382860311239,53.760354407634175,23.361284272842354
H3,map-corridor-01,7013,H3_map-corridor-01_seed307,2007,2.0,center,,success,1,0,0,92,2.5717724906894763,432.80863357311745,0.7749618898679045,7.989923990045536,49.299380024531196,22.24399642814738
H3,map-corridor-01,7013,H3_map-corridor-01_seed307,2008,2.0,center,,success,1,0,0,92,0.3036053108261496,433.8819173091211,0.7730448844356977,6.669979730091406,49.32719453749967,21.9768015017765
H3,map-corridor-01,7013,H3_map-corridor-01_seed307,2009,2.0,center,,success,1,0,0,90,1.7782265253193037,427.3670138441214,0.7848293989935933,4.336304219971454,48.60803472712974,22.3862614793357
H3,map-corridor-01,7013,H3_map-corridor-01_seed307,2010,2.0,center,,success,1,0,0,90,1.8503646183915143,428.51741549170987,0.7827224390404206,3.236036879241219,48.32659326254561,23.158779868812285
H3,map-corridor-01,7013,H3_map-corridor-01_seed307,2011,2.0,center,,success,1,0,0,93,0.9713916943290385,434.9553204096223,0.7711371280827041,8.184794516889909,54.83629155936553,23.32991849467586
H3,map-corridor-01,7013,H3_map-corridor-01_seed307,2012,2.0,center,,success,1,0,0,89,1.8655701602674557,425.4992225506073,0.7882745228402291,2.647440948864788,49.76539647236882,22.739924289764442
H3,map-corridor-01,7013,H3_map-corridor-01_seed307,2013,2.0,center,,success,1,0,0,89,0.743952799554971,421.73750764147394,0.7953055883047193,0.5106971883172498,50.85029193713679,22.20161167266663
H3,map-corridor-01,7013,H3_map-corridor-01_seed307,2014,2.0,center,,success,1,0,0,90,2.196282385182345,433.06628647916295,0.7745008260787504,7.399098653225497,54.15129576228835,23.276822973019264
H3,map-corridor-01,7013,H3_map-corridor-01_seed307,2015,2.0,center,,success,1,0,0,91,1.500791555953063,422.3563670855942,0.7941402634448618,2.748056195417884,59.589890729370175,22.56196837237514
H3,map-corridor-01,7013,H3_map-corridor-01_seed307,2016,2.0,center,,success,1,0,0,92,0.33275776906657384,436.89833475562676,0.7677076563191199,5.903867245557221,53.332888054806034,23.73523257625202
H3,map-corridor-01,7013,H3_map-corridor-01_seed307,2017,2.0,center,,success,1,0,0,92,1.494315506948208,437.0046260783917,0.7675209290914948,4.934505243682009,46.477809797045786,24.045979973012635
H3,map-corridor-01,7013,H3_map-corridor-01_seed307,2018,2.0,center,,success,1,0,0,91,1.755523156106481,423.54444036055634,0.7919126416567748,5.0506748542773074,57.23846585546606,23.155994938933397
H3,map-corridor-01,7013,H3_map-corridor-01_seed307,2019,2.0,center,,success,1,0,0,90,1.6462635845338869,430.64849073643353,0.778849116715579,4.043974255739141,50.29391646173046,23.247973083951006
H3,map-corridor-01,7013,H3_map-corridor-01_seed307,2020,2.0,center,,success,1,0,0,91,1.0022975058425028,424.2487128547635,0.7905980300281834,1.9104670134732515,49.900077771184066,22.609572932818953
H3,map-corridor-01,7013,H3_map-corridor-01_seed307,2021,2.0,center,,success,1,0,0,92,1.3597070911634372,431.12717034082226,0.7779843621542435,6.874521934791931,52.19585041664327,22.7528700392011
H3,map-corridor-01,7013,H3_map-corridor-01_seed307,2022,2.0,center,,collision,0,1,0,56,149.34750790730365,253.91118557284997,nan,-0.5433765113592681,35.74353389408881,17.607575072334253
H3,map-corridor-01,7013,H3_map-corridor-01_seed307,2023,2.0,center,,success,1,0,0,110,2.7479776807816827,461.925661357147,0.7261129326297363,2.5958140161896845,54.06715359698877,24.882162366427846
H3,map-corridor-01,7013,H3_map-corridor-01_seed307,2024,2.0,center,,success,1,0,0,93,1.293606644408489,432.5243598795864,0.7754712282987847,9.039845477092014,54.666402777632015,23.20925850482802
H3,map-corridor-01,7013,H3_map-corridor-01_seed307,2025,2.0,center,,success,1,0,0,90,1.3918965352747668,430.4260891583839,0.7792515488101549,5.00617532009999,48.71409116229715,23.345114761151727
H3,map-corridor-01,7013,H3_map-corridor-01_seed307,2026,2.0,center,,success,1,0,0,88,2.9319299442712072,424.18848001703816,0.7907102913579742,1.8628024473023284,57.764400895411335,23.296916656767333
H3,map-corridor-01,7013,H3_map-corridor-01_seed307,2027,2.0,center,,success,1,0,0,91,2.0101153510132286,435.1743711043153,0.7707489661530816,3.710237338447565,53.09997670950887,24.051102980137713
H3,map-corridor-01,7013,H3_map-corridor-01_seed307,2028,2.0,center,,success,1,0,0,91,0.7691561962035198,422.1496944221338,0.794529052269243,2.8038240702676696,59.04040686544611,22.543415413027695
H3,map-corridor-01,7013,H3_map-corridor-01_seed307,2029,2.0,center,,success,1,0,0,92,0.4344813588403068,428.96713961603643,0.7819018420040059,5.161863865581453,54.65587277843942,22.02609091350639
H3,map-corridor-01,7013,H3_map-corridor-01_seed307,2030,2.0,center,,success,1,0,0,90,0.9544167891475149,420.9697511939964,0.7967560511738543,2.028791301244337,51.618619898409904,22.422227322304174
H3,map-corridor-01,7013,H3_map-corridor-01_seed307,2031,2.0,center,,success,1,0,0,91,0.5525795258290528,420.4964833240954,0.7976527983622943,2.225647596967909,66.56137933574992,23.140975754585376
H3,map-corridor-01,7013,H3_map-corridor-01_seed307,2032,2.0,center,,success,1,0,0,91,0.6882539714898688,425.5055957587402,0.7882627160916225,2.2406684438454,48.82836274909956,21.82601295354484
H3,map-corridor-01,7013,H3_map-corridor-01_seed307,2033,2.0,center,,success,1,0,0,90,2.2599605015100854,430.70727217386184,0.77874282208445,6.382697220230257,52.98526640544305,23.026976897038995
H3,map-corridor-01,7013,H3_map-corridor-01_seed307,2034,2.0,center,,success,1,0,0,90,2.841693667245381,430.1284199247299,0.7797908277803718,5.000868619320458,49.724608356387805,23.0341964395537
H3,map-corridor-01,7013,H3_map-corridor-01_seed307,2035,2.0,center,,collision,0,1,0,56,148.70366059990636,255.91112167187393,nan,0.4665704271052107,38.83647686118356,18.35299655120049
H3,map-corridor-01,7013,H3_map-corridor-01_seed307,2036,2.0,center,,success,1,0,0,91,0.7870548848003063,438.3829588688569,0.7651077439013935,5.935332462936126,53.21501357319387,24.72401264769661
H3,map-corridor-01,7013,H3_map-corridor-01_seed307,2037,2.0,center,,success,1,0,0,90,1.6162136723394198,432.1927312203417,0.7760662602489923,7.3958571580020065,53.5971826703867,23.098841261508976
H3,map-corridor-01,7013,H3_map-corridor-01_seed307,2038,2.0,center,,success,1,0,0,93,0.6601266021512319,431.75630626313784,0.7768507182395378,7.824977709477226,55.789822931553815,23.629307667141585
H3,map-corridor-01,7013,H3_map-corridor-01_seed307,2039,2.0,center,,success,1,0,0,92,0.23835832102366203,429.85398887363186,0.7802886684938315,6.657462229173638,55.73409908393478,23.344912658109468
H3,map-corridor-01,7013,H3_map-corridor-01_seed307,2040,2.0,center,,success,1,0,0,90,2.8627131218646764,425.46447691822596,0.7883388974197113,5.093795471203397,52.91580803987802,22.78256051871666
H3,map-corridor-01,7013,H3_map-corridor-01_seed307,2041,2.0,center,,success,1,0,0,92,0.7517939743781349,425.75622572652895,0.787798689385246,5.440400466459228,53.05300159436941,22.53467279524867
H3,map-corridor-01,7013,H3_map-corridor-01_seed307,2042,2.0,center,,success,1,0,0,92,0.5859340584235602,427.71104644622255,0.7841981155544943,4.228813784028121,48.1142328248678,22.344992514669602
H3,map-corridor-01,7013,H3_map-corridor-01_seed307,2043,2.0,center,,success,1,0,0,92,1.3073782591393082,434.18298268199254,0.7725088499625331,8.713201023330555,57.08427349745951,22.974571697908182
H3,map-corridor-01,7013,H3_map-corridor-01_seed307,2044,2.0,center,,success,1,0,0,92,0.7392585253199047,419.61828185879625,0.7993221723781705,1.9110989824550082,57.42130785277472,22.049012402833505
H3,map-corridor-01,7013,H3_map-corridor-01_seed307,2045,2.0,center,,success,1,0,0,93,1.1518728794105795,439.74661956724316,0.7627351335981782,9.409659062192652,46.84974975917167,22.633447171941004
H3,map-corridor-01,7013,H3_map-corridor-01_seed307,2046,2.0,center,,success,1,0,0,89,0.38446091904652585,422.5410141095417,0.7937932305383614,1.5390250093076059,45.43829760266984,21.86442563873712
H3,map-corridor-01,7013,H3_map-corridor-01_seed307,2047,2.0,center,,success,1,0,0,91,1.0095831025611648,422.65442418930957,0.7935802334692613,3.1718091289233517,56.84810582125066,22.760753491797946
H3,map-corridor-01,7013,H3_map-corridor-01_seed307,2048,2.0,center,,success,1,0,0,90,0.602615258441105,425.8739037691116,0.787581003805323,2.8959638863459136,46.502954750906405,22.28056576025237
H3,map-corridor-01,7013,H3_map-corridor-01_seed307,2049,2.0,center,,success,1,0,0,90,1.5612085787866383,425.5733826861055,0.7881371586445302,2.7414517711328754,50.6599125946353,23.144771171061922
H3,map-corridor-01,7013,H3_map-corridor-01_seed307,2050,2.0,center,,success,1,0,0,93,0.5970331981103131,439.2394046707378,0.7636159075399856,8.90504062323466,53.795278788708906,23.243916316258172
H3,map-corridor-01,7013,H3_map-corridor-01_seed401,2001,0.0,center,,success,1,0,0,78,1.4289578139907138,401.0162776841667,0.8364004537719328,3.104616332472247,59.48988919882495,28.449656516843138
H3,map-corridor-01,7013,H3_map-corridor-01_seed401,2002,0.0,center,,success,1,0,0,78,1.8078285682615485,400.55622950711665,0.8373610792114999,3.2361303097405596,54.95341714351814,28.368433051992092
H3,map-corridor-01,7013,H3_map-corridor-01_seed401,2003,0.0,center,,success,1,0,0,78,1.8032303997482944,400.4098959943599,0.8376671005895744,3.2265313805426388,54.93336213986231,28.359274110581133
H3,map-corridor-01,7013,H3_map-corridor-01_seed401,2004,0.0,center,,success,1,0,0,78,1.7789994085562808,400.71106937027713,0.8370375122206385,3.3269215481309615,55.49425928562066,28.371229069114616
H3,map-corridor-01,7013,H3_map-corridor-01_seed401,2005,0.0,center,,success,1,0,0,78,1.4775903253979876,401.0050239002214,0.8364239264703719,2.916355636139258,55.378356700225005,28.397514981921606
H3,map-corridor-01,7013,H3_map-corridor-01_seed401,2006,0.0,center,,success,1,0,0,78,1.5045573915707904,400.56102487156977,0.8373510546426969,2.5905883764257425,55.24475556228481,28.4321975397225
H3,map-corridor-01,7013,H3_map-corridor-01_seed401,2007,0.0,center,,success,1,0,0,78,1.4788042874332592,400.8563583372901,0.8367341309396079,2.883320583634088,57.0743564621687,28.4239322398349
H3,map-corridor-01,7013,H3_map-corridor-01_seed401,2008,0.0,center,,success,1,0,0,78,1.4974935427785683,400.7400051933213,0.8369770731104398,2.752181575305734,57.4447164358377,28.427393411390987
H3,map-corridor-01,7013,H3_map-corridor-01_seed401,2009,0.0,center,,success,1,0,0,78,1.3948168556466636,401.17915369932035,0.8360608808611102,3.2326651779356084,56.7810275310706,28.386363918998434
H3,map-corridor-01,7013,H3_map-corridor-01_seed401,2010,0.0,center,,success,1,0,0,78,1.457728421313226,400.64458800699765,0.8371764068833751,2.938421204363827,57.18103415632388,28.4142477780492
H3,map-corridor-01,7013,H3_map-corridor-01_seed401,2011,0.0,center,,success,1,0,0,78,1.4368994076339792,400.84207932225627,0.8367639375388931,3.0446729395627443,56.72772342967315,28.398859118518697
H3,map-corridor-01,7013,H3_map-corridor-01_seed401,2012,0.0,center,,success,1,0,0,78,1.498805610900557,400.3964025052265,0.8376953302436084,2.69283414470101,55.160736346402715,28.416204846639182
H3,map-corridor-01,7013,H3_map-corridor-01_seed401,2013,0.0,center,,success,1,0,0,78,1.4672848634398776,400.5978769865673,0.837274024385844,2.8953020148813096,55.68364070188823,28.392282312866204
H3,map-corridor-01,7013,H3_map-corridor-01_seed401,2014,0.0,center,,success,1,0,0,78,1.5058512870010694,400.2753711556588,0.8379486243597396,2.5282799028819625,57.23870014679,28.464351072536285
H3,map-corridor-01,7013,H3_map-corridor-01_seed401,2015,0.0,center,,success,1,0,0,78,1.8045034308127328,400.86824524841586,0.8367093193353756,3.2864146585951914,57.86651917235743,28.412469451843965
H3,map-corridor-01,7013,H3_map-corridor-01_seed401,2016,0.0,center,,success,1,0,0,78,1.5056046740640463,400.36817822380857,0.8377543842594599,2.5766287221354176,57.29434403208935,28.455991078861082
H3,map-corridor-01,7013,H3_map-corridor-01_seed401,2017,0.0,center,,success,1,0,0,78,1.4967034981569944,400.8576671672525,0.8367313989407195,2.777628945542908,55.26444934399454,28.40953291779401
H3,map-corridor-01,7013,H3_map-corridor-01_seed401,2018,0.0,center,,success,1,0,0,78,1.3972372355441434,401.2942935911135,0.8358209971625572,3.2498136003227955,58.312641062776095,28.41461365127056
H3,map-corridor-01,7013,H3_map-corridor-01_seed401,2019,0.0,center,,success,1,0,0,78,1.4489129405740484,401.0386692648479,0.8363537542148135,3.0366237947871326,55.431161514339486,28.395733786743527
H3,map-corridor-01,7013,H3_map-corridor-01_seed401,2020,0.0,center,,success,1,0,0,78,1.5038892543839268,400.6017145000122,0.837266003825249,2.65313227665402,55.37029924342784,28.425958428530983
H3,map-corridor-01,7013,H3_map-corridor-01_seed401,2021,0.0,center,,success,1,0,0,78,1.7730684474304728,400.6787426628671,0.8371050442952601,3.3364018984887807,54.90793349859691,28.357543950347676
H3,map-corridor-01,7013,H3_map-corridor-01_seed401,2022,0.0,center,,success,1,0,0,78,1.4956168832248449,400.5255158983964,0.8374252908023315,2.7357469361219344,55.21044945680844,28.42044498392191
H3,map-corridor-01,7013,H3_map-corridor-01_seed401,2023,0.0,center,,success,1,0,0,78,1.4670824212355937,400.6927771596144,0.8370757242059272,2.908445646876494,57.549577931006176,28.431299182025626
H3,map-corridor-01,7013,H3_map-corridor-01_seed401,2024,0.0,center,,success,1,0,0,78,1.8032326522509028,400.4024909704803,0.837682592363534,3.225464302306918,54.93210391284156,28.358977124872492
H3,map-corridor-01,7013,H3_map-corridor-01_seed401,2025,0.0,center,,success,1,0,0,78,1.7837132667576197,400.46231738892425,0.837557448131186,3.2803969471032985,55.04187216147326,28.356799648886472
H3,map-corridor-01,7013,H3_map-corridor-01_seed401,2026,0.0,center,,success,1,0,0,78,1.499078897476268,400.6822977627872,0.8370976169841643,2.7306634373345418,57.39121924539147,28.446146973795443
H3,map-corridor-01,7013,H3_map-corridor-01_seed401,2027,0.0,center,,success,1,0,0,78,1.4908397773509534,400.68074996712903,0.8371008506210612,2.7916881359650034,55.24973090789315,28.415696159230443
H3,map-corridor-01,7013,H3_map-corridor-01_seed401,2028,0.0,center,,success,1,0,0,78,1.43903774587764,400.73392988438326,0.8369897620641669,3.026936147058265,59.242349883431174,28.432471728499433
H3,map-corridor-01,7013,H3_map-corridor-01_seed401,2029,0.0,center,,success,1,0,0,78,1.4147328261723375,400.9930990893037,0.8364488002080817,3.1428087289223754,55.52278310572111,28.382011740887933
H3,map-corridor-01,7013,H3_map-corridor-01_seed401,2030,0.0,center,,success,1,0,0,78,1.4440227046303107,401.0869166798985,0.8362531478249499,3.0621389336440856,55.451471905559764,28.393468288438644
H3,map-corridor-01,7013,H3_map-corridor-01_seed401,2031,0.0,center,,success,1,0,0,78,1.4974968145638747,400.61372439990777,0.8372409036345179,2.7368689178088985,57.27063255666462,28.43456641139685
H3,map-corridor-01,7013,H3_map-corridor-01_seed401,2032,0.0,center,,success,1,0,0,78,1.4098046438697653,401.23289011753866,0.8359489086916881,3.197220739007321,55.619665542349,28.391665421949952
H3,map-corridor-01,7013,H3_map-corridor-01_seed401,2033,0.0,center,,success,1,0,0,78,1.7861458440236637,400.51179925033296,0.837453970776342,3.285889378669701,57.63985319554123,28.405319815420302
H3,map-corridor-01,7013,H3_map-corridor-01_seed401,2034,0.0,center,,success,1,0,0,78,1.4959543930098844,400.8899955426035,0.8366639236556445,2.7848673376314608,59.24897380060266,28.516182148941613
H3,map-corridor-01,7013,H3_map-corridor-01_seed401,2035,0.0,center,,success,1,0,0,78,1.455436628770507,400.74193487809293,0.8369730428311711,2.9643310089767425,55.776320673829616,28.392702534875973
H3,map-corridor-01,7013,H3_map-corridor-01_seed401,2036,0.0,center,,success,1,0,0,78,1.503063500794969,400.544424858645,0.8373857575057676,2.6640068648425697,55.19527667785227,28.42702347986802
H3,map-corridor-01,7013,H3_map-corridor-01_seed401,2037,0.0,center,,success,1,0,0,78,1.7782128441117866,400.6305520874333,0.8372057369997304,3.3171649060203947,55.18572040940524,28.36336960152154
H3,map-corridor-01,7013,H3_map-corridor-01_seed401,2038,0.0,center,,success,1,0,0,78,1.4579944589328455,400.6160927201168,0.8372359541215354,2.935468624613776,55.293031998380144,28.382700574281543
H3,map-corridor-01,7013,H3_map-corridor-01_seed401,2039,0.0,center,,success,1,0,0,78,1.4998461362199251,400.677529069195,0.8371075797640871,2.721901320161969,55.21679324104861,28.417882679049605
H3,map-corridor-01,7013,H3_map-corridor-01_seed401,2040,0.0,center,,success,1,0,0,78,1.4696048420550405,400.51132876071074,0.8374549545522655,2.871099856645664,57.71433826402444,28.408269218333746
H3,map-corridor-01,7013,H3_map-corridor-01_seed401,2041,0.0,center,,success,1,0,0,78,1.501374772641267,400.49488126929975,0.8374893470846455,2.67973049006752,55.20771226250597,28.429874504961138
H3,map-corridor-01,7013,H3_map-corridor-01_seed401,2042,0.0,center,,success,1,0,0,78,1.50457982311688,400.59747319534637,0.8372748683350029,2.6102632457513195,55.23706473375411,28.429467997090317
H3,map-corridor-01,7013,H3_map-corridor-01_seed401,2043,0.0,center,,success,1,0,0,78,1.5049664385842243,400.4171752358783,0.8376518725186666,2.556532946667616,58.55038860549803,28.47782903738462
H3,map-corridor-01,7013,H3_map-corridor-01_seed401,2044,0.0,center,,success,1,0,0,78,1.4842657984028953,400.476847782118,0.8375270592607404,2.798063433945451,56.86014641845929,28.40881474773355
H3,map-corridor-01,7013,H3_map-corridor-01_seed401,2045,0.0,center,,success,1,0,0,78,1.7929323929482561,400.45999257235337,0.8375623104581864,3.2585858264914904,54.98241836356996,28.358753131491326
H3,map-corridor-01,7013,H3_map-corridor-01_seed401,2046,0.0,center,,success,1,0,0,78,1.776745241052543,400.47980169723974,0.8375208817111244,3.2988522575606183,54.898758731906675,28.34993088991559
H3,map-corridor-01,7013,H3_map-corridor-01_seed401,2047,0.0,center,,success,1,0,0,78,1.4821766528025409,400.73359404731923,0.8369904635081897,2.852199911535635,57.66609184933397,28.431931852164208
H3,map-corridor-01,7013,H3_map-corridor-01_seed401,2048,0.0,center,,success,1,0,0,78,1.7851614850558228,400.4615763525536,0.8375589979940649,3.276954506723989,55.0305913426754,28.35706977702589
H3,map-corridor-01,7013,H3_map-corridor-01_seed401,2049,0.0,center,,success,1,0,0,78,1.5059746825531575,400.3069683944669,0.837882482961055,2.5504736476594942,55.23925044689505,28.446695496879023
H3,map-corridor-01,7013,H3_map-corridor-01_seed401,2050,0.0,center,,success,1,0,0,78,1.501112081459133,400.6303840158489,0.8372060882224541,2.7013575744217917,55.20688397145047,28.42097030220623
H3,map-corridor-01,7013,H3_map-corridor-01_seed401,2001,0.5,center,,success,1,0,0,78,1.6574429678113631,400.5485248570395,0.8373771860592429,2.5965895048095717,60.963693524609475,28.432163189375895
H3,map-corridor-01,7013,H3_map-corridor-01_seed401,2002,0.5,center,,success,1,0,0,78,0.8668553968971788,400.55090764827,0.8373722046824005,3.3512436724401105,52.22694084124348,28.139925618815802
H3,map-corridor-01,7013,H3_map-corridor-01_seed401,2003,0.5,center,,success,1,0,0,78,1.8049707918628841,402.3043229959087,0.8337225763004776,2.434763306456041,55.90507364614433,28.62971063253229
H3,map-corridor-01,7013,H3_map-corridor-01_seed401,2004,0.5,center,,success,1,0,0,78,1.0238672783928302,400.1271540865356,0.8382590214120516,3.430702274281032,49.583459778982636,28.166487318797344
H3,map-corridor-01,7013,H3_map-corridor-01_seed401,2005,0.5,center,,success,1,0,0,77,2.6756736592022476,397.2886753765089,0.8442480680001805,3.5450340943554486,51.27307928567345,27.999894571691794
H3,map-corridor-01,7013,H3_map-corridor-01_seed401,2006,0.5,center,,success,1,0,0,78,1.6018654002795054,400.1684980596317,0.8381724154983005,3.135113706440677,54.56182773077906,28.334909285396762
H3,map-corridor-01,7013,H3_map-corridor-01_seed401,2007,0.5,center,,success,1,0,0,78,0.7196777367632884,400.1241438212979,0.8382653279097506,3.767448334428977,50.93350486899814,28.141167902180722
H3,map-corridor-01,7013,H3_map-corridor-01_seed401,2008,0.5,center,,success,1,0,0,78,0.7845403059819349,400.47611149541206,0.8375285990780277,3.5759029165637912,57.23668492262064,28.440747438844564
H3,map-corridor-01,7013,H3_map-corridor-01_seed401,2009,0.5,center,,success,1,0,0,78,2.5353448200444144,403.74486393715165,0.830747896961928,2.400255001567018,53.56185951236922,28.593169269642043
H3,map-corridor-01,7013,H3_map-corridor-01_seed401,2010,0.5,center,,success,1,0,0,78,1.8069004334503742,403.13439266014376,0.8320059085301881,1.7387436424213387,56.90675286050868,28.69629822753818
H3,map-corridor-01,7013,H3_map-corridor-01_seed401,2011,0.5,center,,success,1,0,0,78,0.6802572262105998,400.118128407384,0.8382779304702421,3.535999486765718,52.216284311238546,28.256610655832233
H3,map-corridor-01,7013,H3_map-corridor-01_seed401,2012,0.5,center,,success,1,0,0,78,1.4179378877688829,402.0997265413797,0.8341467911703534,1.7968774869399922,55.85002074333976,28.585493837157376
H3,map-corridor-01,7013,H3_map-corridor-01_seed401,2013,0.5,center,,success,1,0,0,78,0.8945622665054538,401.04685782313817,0.836336677578171,1.825046372224144,57.25142054164747,28.58940914763387
H3,map-corridor-01,7013,H3_map-corridor-01_seed401,2014,0.5,center,,success,1,0,0,78,1.8207298539314833,402.584780170856,0.8331417707411125,2.657232906666709,53.5145461507239,28.43486361250485
H3,map-corridor-01,7013,H3_map-corridor-01_seed401,2015,0.5,center,,success,1,0,0,78,1.2705251865157294,399.70751509149443,0.8391390803552741,3.283659627645244,52.25645856006319,28.139085925350216
H3,map-corridor-01,7013,H3_map-corridor-01_seed401,2016,0.5,center,,success,1,0,0,78,1.10880291961426,401.1696256589503,0.8360807378525551,3.182342061919968,54.354739734356706,28.41221619970568
H3,map-corridor-01,7013,H3_map-corridor-01_seed401,2017,0.5,center,,success,1,0,0,78,1.403088842512532,401.5334592333355,0.8353231565443664,3.2827095184976685,51.77811769714756,28.358489573090495
H3,map-corridor-01,7013,H3_map-corridor-01_seed401,2018,0.5,center,,success,1,0,0,78,1.3736890712584444,400.67696106182854,0.8371087664638928,2.8383856190142183,56.103853437945226,28.296248526957218
H3,map-corridor-01,7013,H3_map-corridor-01_seed401,2019,0.5,center,,success,1,0,0,78,1.5916118198398632,402.62626184878394,0.833055934018879,2.6834621313313107,55.27103921625373,28.507186477868952
H3,map-corridor-01,7013,H3_map-corridor-01_seed401,2020,0.5,center,,success,1,0,0,78,1.1293688096712313,400.1980259861498,0.8381105723809255,2.190658658095053,59.167642194200866,28.499375113795608
H3,map-corridor-01,7013,H3_map-corridor-01_seed401,2021,0.5,center,,success,1,0,0,78,0.9827385487263631,398.9561047325153,0.8407195494598286,2.8474311373395933,51.750700753646704,28.123036018541683
H3,map-corridor-01,7013,H3_map-corridor-01_seed401,2022,0.5,center,,success,1,0,0,78,1.2140604427177168,400.80810053267516,0.8368348747922193,1.7236450199425595,57.105617038840556,28.46204855041572
H3,map-corridor-01,7013,H3_map-corridor-01_seed401,2023,0.5,center,,success,1,0,0,78,1.9247120810698723,401.9415403776189,0.8344750739370081,3.3307194368080104,56.486921781964455,28.43869541281528
H3,map-corridor-01,7013,H3_map-corridor-01_seed401,2024,0.5,center,,success,1,0,0,77,2.8052957793214794,398.0839646992027,0.84256143519473,3.626244209364984,50.00790698887954,28.01688663072137
H3,map-corridor-01,7013,H3_map-corridor-01_seed401,2025,0.5,center,,success,1,0,0,78,1.9053480576226764,402.32438884658364,0.8336809945490746,3.337991184754763,51.20560922843168,28.388934118309454
H3,map-corridor-01,7013,H3_map-corridor-01_seed401,2026,0.5,center,,success,1,0,0,78,2.2041955219765876,402.7037709886762,0.8328955942019227,2.0232488187403006,57.99329693263544,28.647155125834143
H3,map-corridor-01,7013,H3_map-corridor-01_seed401,2027,0.5,center,,success,1,0,0,78,1.6064177156024313,401.3211279306422,0.8357651099867718,3.1533234210332566,54.411734800794264,28.376555409397703
H3,map-corridor-01,7013,H3_map-corridor-01_seed401,2028,0.5,center,,success,1,0,0,78,1.7061803859229514,400.3361696515273,0.8378213662705679,1.6846705396155954,61.31010847327982,28.575182522862804
H3,map-corridor-01,7013,H3_map-corridor-01_seed401,2029,0.5,center,,success,1,0,0,78,1.047969395459172,399.2864938821014,0.840023897036713,3.7106307170172848,49.7184458727691,28.08106817490739
H3,map-corridor-01,7013,H3_map-corridor-01_seed401,2030,0.5,center,,success,1,0,0,78,1.5305703130251798,400.70661101074904,0.8370468253042399,2.2935726695917324,58.527901826986806,28.547324105580646
H3,map-corridor-01,7013,H3_map-corridor-01_seed401,2031,0.5,center,,success,1,0,0,78,1.261772546621538,400.5726376968861,0.8373267793662279,1.5753579785873548,61.37605718681283,28.59872399179329
H3,map-corridor-01,7013,H3_map-corridor-01_seed401,2032,0.5,center,,success,1,0,0,78,1.6582701162716527,400.71034248282183,0.8370390306043755,2.8848694621395623,53.51047222741831,28.099061323811885
H3,map-corridor-01,7013,H3_map-corridor-01_seed401,2033,0.5,center,,success,1,0,0,78,1.4351172543444883,401.7050562094245,0.8349663302472998,3.375128851662737,56.640367099605555,28.505015132988277
H3,map-corridor-01,7013,H3_map-corridor-01_seed401,2034,0.5,center,,success,1,0,0,78,1.5488929087619072,402.85916693856615,0.8325743191444288,2.8065486545572895,58.50647731341414,28.57100438409858
H3,map-corridor-01,7013,H3_map-corridor-01_seed401,2035,0.5,center,,success,1,0,0,78,1.9141753521354952,401.2169723644281,0.8359820738598095,2.5017004988991474,59.49870617355179,28.58239820886349
H3,map-corridor-01,7013,H3_map-corridor-01_seed401,2036,0.5,center,,success,1,0,0,78,2.646817350297666,403.470326446487,0.8313131713527749,2.9665133871369918,50.8088086153614,28.472872888649093
H3,map-corridor-01,7013,H3_map-corridor-01_seed401,2037,0.5,center,,success,1,0,0,78,1.2782348970069546,401.38728133419414,0.8356273659446292,3.6968800981646632,56.32004770396251,28.332742327617236
H3,map-corridor-01,7013,H3_map-corridor-01_seed401,2038,0.5,center,,success,1,0,0,77,2.9115340230214435,397.5237340970002,0.8437488578810861,3.557972753840282,50.761204421600745,28.102133835285187
H3,map-corridor-01,7013,H3_map-corridor-01_seed401,2039,0.5,center,,success,1,0,0,78,0.8468308590983359,400.596799175506,0.8372762770828367,2.9609936115774858,52.55613212912473,28.285702337702517
H3,map-corridor-01,7013,H3_map-corridor-01_seed401,2040,0.5,center,,success,1,0,0,78,1.3017451905643502,399.49027628160985,0.8395953957801219,3.548753791368746,53.574414244099955,28.126913496912206
H3,map-corridor-01,7013,H3_map-corridor-01_seed401,2041,0.5,center,,success,1,0,0,78,0.9794656580302092,399.98843965575526,0.8385497263711792,2.756061506520325,52.78239095953165,28.16712174207911
H3,map-corridor-01,7013,H3_map-corridor-01_seed401,2042,0.5,center,,success,1,0,0,78,1.1690311191984373,399.6713794600525,0.8392149497372079,2.9671056603784365,52.547272218437996,28.205550935827038
H3,map-corridor-01,7013,H3_map-corridor-01_seed401,2043,0.5,center,,success,1,0,0,78,0.9468066454765046,399.82676533529917,0.8388888031137429,3.7210072076414846,54.292528546766995,28.247932877534947
H3,map-corridor-01,7013,H3_map-corridor-01_seed401,2044,0.5,center,,success,1,0,0,78,0.96848152319525,399.54952361168876,0.8394708961058466,2.168643444026017,55.04171344091814,28.22505524261255
H3,map-corridor-01,7013,H3_map-corridor-01_seed401,2045,0.5,center,,success,1,0,0,78,1.2308412208607444,400.11963769714833,0.8382747684052473,3.6967384583978227,55.301112365481174,28.383757382902395
H3,map-corridor-01,7013,H3_map-corridor-01_seed401,2046,0.5,center,,success,1,0,0,78,1.3421382836730475,402.46070760407565,0.8333986157847023,1.850885915152039,55.337760039977006,28.62028636542255
H3,map-corridor-01,7013,H3_map-corridor-01_seed401,2047,0.5,center,,success,1,0,0,78,1.122967795483002,401.0441057282694,0.8363424167920032,2.3169012224438674,60.6875126111854,28.494327515364372
H3,map-corridor-01,7013,H3_map-corridor-01_seed401,2048,0.5,center,,success,1,0,0,78,1.3922887206379027,399.49073719734605,0.8395944270900024,3.1906050361666654,52.077788484978555,27.978239444049798
H3,map-corridor-01,7013,H3_map-corridor-01_seed401,2049,0.5,center,,success,1,0,0,77,2.2413780493044575,399.0253689498293,0.8405736144238504,1.4137485778237984,54.71584061288873,28.479499893858822
H3,map-corridor-01,7013,H3_map-corridor-01_seed401,2050,0.5,center,,success,1,0,0,78,0.920428724739937,399.61134342340483,0.8393410300907985,3.7278842709032887,53.68345260750887,28.308673291148068
H3,map-corridor-01,7013,H3_map-corridor-01_seed401,2001,1.5,center,,success,1,0,0,78,2.0536232506811083,399.3419726111885,0.8399071964106665,1.5875094756652857,63.4594940973328,28.40831956268968
H3,map-corridor-01,7013,H3_map-corridor-01_seed401,2002,1.5,center,,success,1,0,0,78,1.873584731293212,401.4635901799233,0.8354685327121402,3.2306460584388694,57.52256167786707,28.170072067467732
H3,map-corridor-01,7013,H3_map-corridor-01_seed401,2003,1.5,center,,success,1,0,0,78,1.476768231779909,401.5892730924272,0.8352070612896391,1.1682562182334706,56.823331681555146,28.754473284877054
H3,map-corridor-01,7013,H3_map-corridor-01_seed401,2004,1.5,center,,success,1,0,0,78,2.5694041965138,397.1160660566184,0.8446150264218918,3.2707510388843377,59.23608876397562,28.209030731784683
H3,map-corridor-01,7013,H3_map-corridor-01_seed401,2005,1.5,center,,success,1,0,0,78,2.008066328646142,397.4559035685731,0.8438928535555144,3.060448421484117,64.20297711006062,28.20715312671027
H3,map-corridor-01,7013,H3_map-corridor-01_seed401,2006,1.5,center,,success,1,0,0,78,1.315943747855818,399.5435422674711,0.8394834633578708,3.778889130818155,61.535652234292094,28.37131293057589
H3,map-corridor-01,7013,H3_map-corridor-01_seed401,2007,1.5,center,,success,1,0,0,78,1.7546620349039777,399.51436214451667,0.8395447783768041,3.384060713314939,64.5933652800409,28.229434410529453
H3,map-corridor-01,7013,H3_map-corridor-01_seed401,2008,1.5,center,,success,1,0,0,77,2.949157003789705,398.2311973140172,0.8422499263926013,3.440780445840403,62.04630480692588,28.1947190919846
H3,map-corridor-01,7013,H3_map-corridor-01_seed401,2009,1.5,center,,success,1,0,0,78,2.7584038889677367,403.42060865178064,0.8314156228802964,1.0889938423757768,59.951856480581434,28.902987234039053
H3,map-corridor-01,7013,H3_map-corridor-01_seed401,2010,1.5,center,,success,1,0,0,78,2.77059981635988,405.321424181991,0.8275165747823088,2.3626282340487847,60.399028511607774,29.07425598277058
H3,map-corridor-01,7013,H3_map-corridor-01_seed401,2011,1.5,center,,success,1,0,0,78,1.3677395383709943,397.4178725208893,0.8439736101887024,2.9682007173684393,65.10023017477384,28.443495742247038
H3,map-corridor-01,7013,H3_map-corridor-01_seed401,2012,1.5,center,,success,1,0,0,78,2.750790318863395,403.70718145568486,0.8308254399031211,2.1579977048575643,57.396675272416495,28.79951762224318
H3,map-corridor-01,7013,H3_map-corridor-01_seed401,2013,1.5,center,,success,1,0,0,78,2.15274530266339,401.129054223086,0.8361653016498569,2.1463286721365193,60.5866579641698,28.79748304580299
H3,map-corridor-01,7013,H3_map-corridor-01_seed401,2014,1.5,center,,success,1,0,0,78,2.3605819503875245,402.8567573754549,0.8325792989302461,2.7253367679475926,59.755779751380125,28.721712922893367
H3,map-corridor-01,7013,H3_map-corridor-01_seed401,2015,1.5,center,,success,1,0,0,79,1.7643804483739611,396.73733713128894,0.8454213032991498,2.0620962634054627,58.131625602487844,27.99010219812938
H3,map-corridor-01,7013,H3_map-corridor-01_seed401,2016,1.5,center,,success,1,0,0,78,2.9146633752233,403.6696358571529,0.8309027155653107,3.952002730109193,58.76648855181914,28.6043352701148
H3,map-corridor-01,7013,H3_map-corridor-01_seed401,2017,1.5,center,,success,1,0,0,91,2.312453660071369,416.1495476908587,0.8059847679424409,4.150155503651432,50.42948342944234,28.768562731261948
H3,map-corridor-01,7013,H3_map-corridor-01_seed401,2018,1.5,center,,success,1,0,0,78,1.369141779718061,398.99357250173176,0.8406406011052038,2.0371958674461013,54.20071575742219,28.06313532209134
H3,map-corridor-01,7013,H3_map-corridor-01_seed401,2019,1.5,center,,success,1,0,0,78,1.3782461118793934,401.2467564159095,0.8359200199422956,2.2214837711186317,64.34580894498552,28.731660357664175
H3,map-corridor-01,7013,H3_map-corridor-01_seed401,2020,1.5,center,,success,1,0,0,77,2.748406663981754,396.6093838435365,0.8456940513472287,1.1733186855911129,57.962144527079616,28.35813200890346
H3,map-corridor-01,7013,H3_map-corridor-01_seed401,2021,1.5,center,,success,1,0,0,79,2.019578755045031,398.6662789754888,0.8413307428130647,3.3686722148944384,56.9356890563186,27.950871517419845
H3,map-corridor-01,7013,H3_map-corridor-01_seed401,2022,1.5,center,,success,1,0,0,78,2.6110865097142173,402.8432570890127,0.8326072007476989,2.3077315578996576,57.88338217777386,28.452406027524393
H3,map-corridor-01,7013,H3_map-corridor-01_seed401,2023,1.5,center,,success,1,0,0,90,2.383221560831579,416.4616141689013,0.8053808207373913,3.954939093839826,64.0156135316701,29.143311303804193
H3,map-corridor-01,7013,H3_map-corridor-01_seed401,2024,1.5,center,,success,1,0,0,78,1.0958623808042638,399.2752209283912,0.8400476138866712,3.1934951340838067,61.410716609154655,28.330788623128168
H3,map-corridor-01,7013,H3_map-corridor-01_seed401,2025,1.5,center,,success,1,0,0,79,2.561273876661971,406.34140498907254,0.8254393780864847,3.525886998525742,65.89662952220367,28.7229326851737
H3,map-corridor-01,7013,H3_map-corridor-01_seed401,2026,1.5,center,,success,1,0,0,79,1.7393804750771487,405.04763500455863,0.8280759289489336,1.850131593351804,57.89730457449573,28.652029207101705
H3,map-corridor-01,7013,H3_map-corridor-01_seed401,2027,1.5,center,,success,1,0,0,91,2.710490634451441,417.00711963669056,0.8043272664437676,3.8473773858908302,55.55285384996196,28.74664167236901
H3,map-corridor-01,7013,H3_map-corridor-01_seed401,2028,1.5,center,,collision,0,1,0,27,262.2742828265993,90.43750527398599,nan,1.3707075486813665,59.578475371423174,22.725144347656492
H3,map-corridor-01,7013,H3_map-corridor-01_seed401,2029,1.5,center,,success,1,0,0,78,1.242946422437143,396.47196176679535,0.8459871793462576,3.605515102231652,59.15511221281872,27.924949898681408
H3,map-corridor-01,7013,H3_map-corridor-01_seed401,2030,1.5,center,,success,1,0,0,78,2.442213428185858,397.6505715860903,0.8434797296710362,0.9715820321734568,63.505273870484785,28.7805116766054
H3,map-corridor-01,7013,H3_map-corridor-01_seed401,2031,1.5,center,,collision,0,1,0,27,262.63935258665595,89.99725794311244,nan,1.2120842782209706,47.047294362412174,22.467596878202755
H3,map-corridor-01,7013,H3_map-corridor-01_seed401,2032,1.5,center,,success,1,0,0,79,1.5218411063950867,401.1479761428215,0.8361258602126207,2.1681624165385003,58.36757015543605,28.22227942616736
H3,map-corridor-01,7013,H3_map-corridor-01_seed401,2033,1.5,center,,success,1,0,0,78,2.3434778455603005,402.82793659303024,0.8326388667621811,3.516364921038253,64.73306056138915,28.790057367625106
H3,map-corridor-01,7013,H3_map-corridor-01_seed401,2034,1.5,center,,success,1,0,0,78,1.9961984951300988,403.43211245518444,0.8313919151942268,2.7767024820467534,70.80972103343741,29.028021530410534
H3,map-corridor-01,7013,H3_map-corridor-01_seed401,2035,1.5,center,,success,1,0,0,78,1.8321981619912913,402.3952322162725,0.8335342215106016,1.6188500265633965,60.54593730865524,28.551121166864558
H3,map-corridor-01,7013,H3_map-corridor-01_seed401,2036,1.5,center,,success,1,0,0,90,2.6158606379707514,417.99539240711607,0.8024255834339152,3.4563709443244264,54.87866569575772,29.15700526322562
H3,map-corridor-01,7013,H3_map-corridor-01_seed401,2037,1.5,center,,success,1,0,0,78,2.087791707406125,402.83378666077954,0.8326267749418261,3.4994307912933142,61.16677155112332,28.448585627430617
H3,map-corridor-01,7013,H3_map-corridor-01_seed401,2038,1.5,center,,success,1,0,0,78,1.1642576906068833,397.6365456424241,0.8435094819644348,2.7340381788200445,61.58996418208045,28.36945281279055
H3,map-corridor-01,7013,H3_map-corridor-01_seed401,2039,1.5,center,,success,1,0,0,78,1.6624592021541036,399.0323824642164,0.8405588402466225,3.39809252162199,55.74568291254437,28.383607937021242
H3,map-corridor-01,7013,H3_map-corridor-01_seed401,2040,1.5,center,,success,1,0,0,78,2.2930403020944143,396.9046552635935,0.8450649096121456,3.3204228053665985,63.85644669571271,27.946725187242635
H3,map-corridor-01,7013,H3_map-corridor-01_seed401,2041,1.5,center,,success,1,0,0,78,2.94645604991893,396.7318238741632,0.845433051852566,2.7908257539006485,57.45593842264207,28.052701527056154
H3,map-corridor-01,7013,H3_map-corridor-01_seed401,2042,1.5,center,,success,1,0,0,79,2.444214947622104,397.17288977919054,0.8444941869306356,3.330197718495853,54.235904487686234,28.356191104087937
H3,map-corridor-01,7013,H3_map-corridor-01_seed401,2043,1.5,center,,success,1,0,0,78,2.11767400791838,398.3534440966853,0.8419914565708143,3.6389662586407026,63.49639437801882,28.237172964539937
H3,map-corridor-01,7013,H3_map-corridor-01_seed401,2044,1.5,center,,collision,0,1,0,28,259.89395708301663,93.35497619687278,nan,0.4209086858303692,55.23270818376739,21.793172467782597
H3,map-corridor-01,7013,H3_map-corridor-01_seed401,2045,1.5,center,,success,1,0,0,78,1.4044200368178033,399.85319214934356,0.8388333598689744,3.489943675393352,62.29592468972286,28.574071822006488
H3,map-corridor-01,7013,H3_map-corridor-01_seed401,2046,1.5,center,,success,1,0,0,79,2.634731529834061,408.0154995862475,0.822052586151984,2.0040904977609983,57.064561107495564,29.0905282439709
H3,map-corridor-01,7013,H3_map-corridor-01_seed401,2047,1.5,center,,success,1,0,0,77,2.9609520176552033,396.25837129542407,0.8464431818272145,1.4350304085800878,63.55649423815219,28.339327572426924
H3,map-corridor-01,7013,H3_map-corridor-01_seed401,2048,1.5,center,,success,1,0,0,79,1.519094201696072,400.8577586783988,0.8367312079247099,3.224532792351171,62.69842910050135,27.789532270153533
H3,map-corridor-01,7013,H3_map-corridor-01_seed401,2049,1.5,center,,collision,0,1,0,27,261.54366226598574,91.14622944791488,nan,1.7403130691295132,41.987916697949665,23.098859174499314
H3,map-corridor-01,7013,H3_map-corridor-01_seed401,2050,1.5,center,,success,1,0,0,78,1.2903929348143206,400.79144307375054,0.8368696548325482,3.3847795849634377,53.685631794978,28.098383285383054
H3,map-corridor-01,7013,H3_map-corridor-01_seed401,2001,2.0,center,,success,1,0,0,78,2.5728692270259472,397.93267396896016,0.8428817701235848,1.0145051300533794,64.74382053117071,28.432151276450895
H3,map-corridor-01,7013,H3_map-corridor-01_seed401,2002,2.0,center,,success,1,0,0,78,1.724902033791156,400.2376412934572,0.83802761664549,3.7484593471423904,56.11877609866036,27.950178941847327
H3,map-corridor-01,7013,H3_map-corridor-01_seed401,2003,2.0,center,,success,1,0,0,78,2.9053968261984173,403.83172130261426,0.830569217155743,1.4279881202770413,61.00342753419225,28.853368275362193
H3,map-corridor-01,7013,H3_map-corridor-01_seed401,2004,2.0,center,,success,1,0,0,79,2.5194986104085624,399.03823786332254,0.8405465060715616,3.0621085579819507,59.945601365168336,28.37113682322171
H3,map-corridor-01,7013,H3_map-corridor-01_seed401,2005,2.0,center,,success,1,0,0,78,1.3524848308809014,396.61035053661635,0.845691990063185,3.4674740802408,57.47661849029933,27.989634359314987
H3,map-corridor-01,7013,H3_map-corridor-01_seed401,2006,2.0,center,,success,1,0,0,78,1.3104817283848278,400.45181231382287,0.8375794198232194,3.561582357634158,64.70365790670036,28.38465004605856
H3,map-corridor-01,7013,H3_map-corridor-01_seed401,2007,2.0,center,,success,1,0,0,78,1.6573625899973263,399.8809882775889,0.8387750517214733,3.4992118172918203,61.26883817539206,27.88563585093638
H3,map-corridor-01,7013,H3_map-corridor-01_seed401,2008,2.0,center,,success,1,0,0,78,1.8402609476432092,402.610851537165,0.8330878200236657,3.5050930760168195,57.625820718818765,28.24785955309668
H3,map-corridor-01,7013,H3_map-corridor-01_seed401,2009,2.0,center,,success,1,0,0,78,1.8850080169405046,402.835516505717,0.8326231994993628,1.3269515948209696,63.96793029388895,29.221846899333517
H3,map-corridor-01,7013,H3_map-corridor-01_seed401,2010,2.0,center,,success,1,0,0,91,2.348911240866908,425.16469155551084,0.7888947584001722,1.536236820764259,58.169117767745234,29.495712959373638
H3,map-corridor-01,7013,H3_map-corridor-01_seed401,2011,2.0,center,,success,1,0,0,78,1.6861943007158884,397.7127142264205,0.8433479359023389,2.78775343227576,72.00730371413734,28.544960316957212
H3,map-corridor-01,7013,H3_map-corridor-01_seed401,2012,2.0,center,,success,1,0,0,89,2.5098731470213083,415.9996932420899,0.806275105664026,1.4771992756744439,60.448489680168116,29.354702496123465
H3,map-corridor-01,7013,H3_map-corridor-01_seed401,2013,2.0,center,,success,1,0,0,78,2.3937503364108683,400.9879308071256,0.8364595810897364,1.8673922652087214,63.22434026517445,28.947771484957926
H3,map-corridor-01,7013,H3_map-corridor-01_seed401,2014,2.0,center,,success,1,0,0,90,2.431465233737282,416.53610036458207,0.805236800199055,2.661999402317075,55.17431870624342,29.231471735650462
H3,map-corridor-01,7013,H3_map-corridor-01_seed401,2015,2.0,center,,success,1,0,0,79,2.326666236330847,395.0120595382666,0.8491138144415963,1.5863118924983068,63.33163047499968,28.074686087406796
H3,map-corridor-01,7013,H3_map-corridor-01_seed401,2016,2.0,center,,success,1,0,0,94,2.25018330229236,420.7859513104532,0.7971040753152545,3.8232273188136054,61.45839699953311,28.870315399308335
H3,map-corridor-01,7013,H3_map-corridor-01_seed401,2017,2.0,center,,success,1,0,0,78,2.841120002039823,402.14846624476763,0.8340456940119749,4.092291220392724,61.073740177447185,28.56851746342183
H3,map-corridor-01,7013,H3_map-corridor-01_seed401,2018,2.0,center,,success,1,0,0,78,1.4368577652244217,398.06817482062837,0.8425948564617256,1.6871667397801247,52.6381379145561,27.966517815535553
H3,map-corridor-01,7013,H3_map-corridor-01_seed401,2019,2.0,center,,success,1,0,0,78,2.2582699723587583,402.7504308744192,0.832799100665772,2.2326793703487215,61.88276509100578,28.804196229078784
H3,map-corridor-01,7013,H3_map-corridor-01_seed401,2020,2.0,center,,success,1,0,0,77,2.4974975531278947,395.5064685308073,0.8480523665540056,0.6782804686657897,57.09916480343841,28.244404858309462
H3,map-corridor-01,7013,H3_map-corridor-01_seed401,2021,2.0,center,,success,1,0,0,79,1.975179135191217,396.939662530571,0.8449903808721464,3.6505060874962467,60.05822030735679,27.91803326006796
H3,map-corridor-01,7013,H3_map-corridor-01_seed401,2022,2.0,center,,success,1,0,0,78,2.7970834477660267,402.91581661206783,0.832457259795054,1.0072222074705977,63.7082761158039,28.527833118112092
H3,map-corridor-01,7013,H3_map-corridor-01_seed401,2023,2.0,center,,success,1,0,0,91,2.336040514543743,419.4249317136137,0.7996906508504575,4.2250382863756055,63.89479453966238,29.042391751604402
H3,map-corridor-01,7013,H3_map-corridor-01_seed401,2024,2.0,center,,success,1,0,0,78,1.0804935988970998,400.14482870069673,0.8382219950563227,3.0734383019174416,59.43990892120124,28.125838281546933
H3,map-corridor-01,7013,H3_map-corridor-01_seed401,2025,2.0,center,,success,1,0,0,91,2.2699523898791205,420.115701250668,0.7983757703567504,3.611034731696435,63.236473748237486,29.032725238218745
H3,map-corridor-01,7013,H3_map-corridor-01_seed401,2026,2.0,center,,success,1,0,0,91,2.5489171065338616,420.23671930276925,0.7981458573669152,2.3245046564136516,59.1758727362175,28.869371007398144
H3,map-corridor-01,7013,H3_map-corridor-01_seed401,2027,2.0,center,,success,1,0,0,90,2.882046083015331,415.45035992761325,0.8073412108330085,4.175105299561139,60.12323802947033,28.916070932314373
H3,map-corridor-01,7013,H3_map-corridor-01_seed401,2028,2.0,center,,collision,0,1,0,27,260.5778339200499,91.85472688711992,nan,0.5650964760008463,67.30104041825847,23.142269048100236
H3,map-corridor-01,7013,H3_map-corridor-01_seed401,2029,2.0,center,,success,1,0,0,78,2.5569357361482923,395.0872243299841,0.8489522717262751,3.821334466642167,67.62562536998308,27.86494630581593
H3,map-corridor-01,7013,H3_map-corridor-01_seed401,2030,2.0,center,,success,1,0,0,88,2.9611471404083884,404.84331307755576,0.8284938537708143,1.2254881318035302,67.30651674975219,29.04437659874038
H3,map-corridor-01,7013,H3_map-corridor-01_seed401,2031,2.0,center,,collision,0,1,0,27,261.3557191038868,91.0663537331117,nan,1.244101898547477,51.70763496019974,22.71232112892865
H3,map-corridor-01,7013,H3_map-corridor-01_seed401,2032,2.0,center,,success,1,0,0,79,2.5630378414211945,400.0358407117508,0.8384503649178053,1.7559085874345755,59.96303746439029,28.215217754980475
H3,map-corridor-01,7013,H3_map-corridor-01_seed401,2033,2.0,center,,success,1,0,0,78,2.2661636974172406,402.2676348736391,0.833798614522712,3.547238808695276,70.21373423130146,29.112806086624744
H3,map-corridor-01,7013,H3_map-corridor-01_seed401,2034,2.0,center,,success,1,0,0,89,2.979997784954978,415.43185922765497,0.807377164689637,2.718370531936861,65.54510438502535,29.6550091865455
H3,map-corridor-01,7013,H3_map-corridor-01_seed401,2035,2.0,center,,success,1,0,0,78,2.4970401043539847,403.8671759136584,0.8304963033110541,1.2472997232710377,59.30035849115699,28.4409291547992
H3,map-corridor-01,7013,H3_map-corridor-01_seed401,2036,2.0,center,,success,1,0,0,91,2.3439772508247083,421.6128972857961,0.7955406458963376,3.6249147299656173,54.92326315981164,29.056667306936212
H3,map-corridor-01,7013,H3_map-corridor-01_seed401,2037,2.0,center,,success,1,0,0,92,2.431668801840466,417.5878580481244,0.8032086904842778,3.45132701428015,57.78939942978576,28.588271744084107
H3,map-corridor-01,7013,H3_map-corridor-01_seed401,2038,2.0,center,,success,1,0,0,78,1.4036744401730263,397.81771193767156,0.843125347514741,2.4875449128228646,67.39060808962986,28.45840874908045
H3,map-corridor-01,7013,H3_map-corridor-01_seed401,2039,2.0,center,,success,1,0,0,78,2.1812499638890737,398.37253202088147,0.8419511127523905,3.600560235394788,56.523883263330184,28.33805326297102
H3,map-corridor-01,7013,H3_map-corridor-01_seed401,2040,2.0,center,,success,1,0,0,78,2.39973728461214,396.09409838260586,0.8467942289333986,3.239820855502271,68.19743136185316,27.962421345334047
H3,map-corridor-01,7013,H3_map-corridor-01_seed401,2041,2.0,center,,success,1,0,0,78,2.917549464653359,396.01565461154536,0.8469619640515847,2.7811644765449373,63.963241802693204,28.070485146268133
H3,map-corridor-01,7013,H3_map-corridor-01_seed401,2042,2.0,center,,success,1,0,0,79,2.1043120210932327,396.5815038213662,0.8457535043693027,3.1887023986886827,59.145854298553914,28.333207026000327
H3,map-corridor-01,7013,H3_map-corridor-01_seed401,2043,2.0,center,,success,1,0,0,78,2.639994896763727,398.2894826250003,0.842126672324827,4.0555267563562385,63.71483475646132,27.937527466359228
H3,map-corridor-01,7013,H3_map-corridor-01_seed401,2044,2.0,center,,collision,0,1,0,27,263.76028332822256,87.71031004221939,nan,-0.4208997250689066,57.248291933438004,21.93679111780292
H3,map-corridor-01,7013,H3_map-corridor-01_seed401,2045,2.0,center,,success,1,0,0,78,1.0455103327522708,401.8354602544034,0.8346953661397108,3.4860258679941976,61.139229670100626,28.507736951548083
H3,map-corridor-01,7013,H3_map-corridor-01_seed401,2046,2.0,center,,collision,0,1,0,27,259.849529907149,93.50670738769107,nan,0.3656193168580586,43.91496772211289,23.659560030293598
H3,map-corridor-01,7013,H3_map-corridor-01_seed401,2047,2.0,center,,success,1,0,0,78,1.5380830484663317,397.6410954360645,0.8434998305624023,1.3135239579877906,64.619028903735,28.6616015432421
H3,map-corridor-01,7013,H3_map-corridor-01_seed401,2048,2.0,center,,success,1,0,0,79,2.617890650942245,399.7716749343652,0.8390044059025351,3.933677373717131,59.405464019853106,27.295453880315797
H3,map-corridor-01,7013,H3_map-corridor-01_seed401,2049,2.0,center,,collision,0,1,0,27,259.96283073465486,92.61601886560956,nan,0.4230621924411224,44.061433743070204,23.571948363568783
H3,map-corridor-01,7013,H3_map-corridor-01_seed401,2050,2.0,center,,success,1,0,0,78,1.4765101533895737,400.286125202821,0.8379261121154761,3.7964975158403007,52.59664191976852,28.004505045652902
H3,map-corridor-01,7013,H3_map-corridor-01_seed503,2001,0.0,center,,success,1,0,0,94,2.2986229472519084,441.44165304411104,0.7598064077370892,7.583776840882525,44.928777524693864,24.054728778979122
H3,map-corridor-01,7013,H3_map-corridor-01_seed503,2002,0.0,center,,success,1,0,0,94,2.4156428878987173,440.550897820515,0.761342669562821,7.608500450044425,42.96032065962242,23.99762774465076
H3,map-corridor-01,7013,H3_map-corridor-01_seed503,2003,0.0,center,,success,1,0,0,94,2.4843827341191895,439.7818690571987,0.7626739986894377,7.639569352302349,42.91590533240194,24.021200432251508
H3,map-corridor-01,7013,H3_map-corridor-01_seed503,2004,0.0,center,,success,1,0,0,94,2.357557144165319,440.96683005643575,0.7606245498829063,7.5954165585793545,43.28902227330463,24.005171607081568
H3,map-corridor-01,7013,H3_map-corridor-01_seed503,2005,0.0,center,,success,1,0,0,94,2.029054856320867,442.80850174442133,0.7574610589083932,7.5332997100181815,43.53770108711684,23.95327771445656
H3,map-corridor-01,7013,H3_map-corridor-01_seed503,2006,0.0,center,,success,1,0,0,94,2.2191176980856153,441.82623562033655,0.7591450429693091,7.571493220406437,43.01957876219667,23.95588177350395
H3,map-corridor-01,7013,H3_map-corridor-01_seed503,2007,0.0,center,,success,1,0,0,94,2.2169370085164983,441.8722660697482,0.7590659617728192,7.571273296864361,44.31293274898003,24.046616519853004
H3,map-corridor-01,7013,H3_map-corridor-01_seed503,2008,0.0,center,,success,1,0,0,94,2.191679226768435,441.96036063753894,0.7589146595435184,7.568791757300078,43.48962143964082,23.98711683283296
H3,map-corridor-01,7013,H3_map-corridor-01_seed503,2009,0.0,center,,success,1,0,0,94,2.245068296246112,441.6791870829611,0.7593977856193799,7.574276829503497,44.14765606049222,24.03851255406385
H3,map-corridor-01,7013,H3_map-corridor-01_seed503,2010,0.0,center,,success,1,0,0,94,2.46253951010104,440.21809487506334,0.7619182412757476,7.625382142592406,44.49156680558472,24.10024036333758
H3,map-corridor-01,7013,H3_map-corridor-01_seed503,2011,0.0,center,,success,1,0,0,94,2.4018366729162954,440.7306524027822,0.7610321514883841,7.604889442441134,44.0639995580564,24.051750567738292
H3,map-corridor-01,7013,H3_map-corridor-01_seed503,2012,0.0,center,,success,1,0,0,94,2.458688172864298,440.1983146334344,0.7619524779513843,7.623560978563193,42.84684667344565,23.986087761434845
H3,map-corridor-01,7013,H3_map-corridor-01_seed503,2013,0.0,center,,success,1,0,0,94,2.4581619700990083,440.1869893868975,0.7619720816649658,7.623324656131688,42.969727708272956,23.9981570957995
H3,map-corridor-01,7013,H3_map-corridor-01_seed503,2014,0.0,center,,success,1,0,0,94,2.446557967400466,440.38751516076206,0.761625125777074,7.618488963946735,43.50473094868429,24.025255711276362
H3,map-corridor-01,7013,H3_map-corridor-01_seed503,2015,0.0,center,,success,1,0,0,94,2.1364402135030907,442.22966916537433,0.7584524965454995,7.563067466617654,43.98399455679947,24.017381809439836
H3,map-corridor-01,7013,H3_map-corridor-01_seed503,2016,0.0,center,,success,1,0,0,94,2.4178935673707973,440.6630191136531,0.761148955271106,7.609126601888516,42.837320379110324,23.996070419368642
H3,map-corridor-01,7013,H3_map-corridor-01_seed503,2017,0.0,center,,success,1,0,0,94,2.052310143973087,442.7219289799937,0.7576091778370558,7.534738557719115,43.42332812286326,23.94597098379645
H3,map-corridor-01,7013,H3_map-corridor-01_seed503,2018,0.0,center,,success,1,0,0,94,2.1206259553250155,442.39431401470125,0.7581702250671839,7.561662893202305,44.199502125114336,24.043335284931008
H3,map-corridor-01,7013,H3_map-corridor-01_seed503,2019,0.0,center,,success,1,0,0,94,2.1597718489966975,442.0926585260099,0.758687551481326,7.565323115023142,43.19012251868257,23.971250095418977
H3,map-corridor-01,7013,H3_map-corridor-01_seed503,2020,0.0,center,,success,1,0,0,94,2.2440230125615006,441.6950763943881,0.7593704674341487,7.574156010351652,43.02250928486393,23.95819057830743
H3,map-corridor-01,7013,H3_map-corridor-01_seed503,2021,0.0,center,,success,1,0,0,94,2.390730046541072,440.73156833436417,0.7610305699057779,7.602254094466182,42.98014651298505,23.997639668973573
H3,map-corridor-01,7013,H3_map-corridor-01_seed503,2022,0.0,center,,success,1,0,0,94,2.404263751922598,440.6870302817247,0.7611074834912789,7.605499983327102,42.8975278994508,23.97480946646859
H3,map-corridor-01,7013,H3_map-corridor-01_seed503,2023,0.0,center,,success,1,0,0,94,2.417309157364297,440.6628914129363,0.7611491758462193,7.608963266186587,44.59289416115417,24.094593868146294
H3,map-corridor-01,7013,H3_map-corridor-01_seed503,2024,0.0,center,,success,1,0,0,94,2.4860803581293003,439.7476140767411,0.7627334086375178,7.64119487053675,42.92114445833695,24.022490497962515
H3,map-corridor-01,7013,H3_map-corridor-01_seed503,2025,0.0,center,,success,1,0,0,94,2.483548778337181,439.79354259786277,0.7626537548589247,7.638824959838673,42.914651640703354,24.022822228808074
H3,map-corridor-01,7013,H3_map-corridor-01_seed503,2026,0.0,center,,success,1,0,0,94,2.2574758081069675,441.6870427165115,0.759384279335188,7.575685739998011,43.007708373438824,23.993739286936837
H3,map-corridor-01,7013,H3_map-corridor-01_seed503,2027,0.0,center,,success,1,0,0,94,2.307737129587636,441.3050558192613,0.7600415907365843,7.585093597327706,42.9525801644687,23.966174984868886
H3,map-corridor-01,7013,H3_map-corridor-01_seed503,2028,0.0,center,,success,1,0,0,94,2.4591263392641203,440.2472940243774,0.761867707485321,7.623762683896586,43.76012640227947,24.072384125239715
H3,map-corridor-01,7013,H3_map-corridor-01_seed503,2029,0.0,center,,success,1,0,0,94,2.34281549575718,441.06461358668685,0.760455920273112,7.592766069773907,42.99676752015715,23.98410451641006
H3,map-corridor-01,7013,H3_map-corridor-01_seed503,2030,0.0,center,,success,1,0,0,94,2.1285202723194785,442.2612070473088,0.7583984108945137,7.562347011805994,43.25522260099725,23.971654295811117
H3,map-corridor-01,7013,H3_map-corridor-01_seed503,2031,0.0,center,,success,1,0,0,94,2.334395045268154,441.2232555514317,0.7601824981001506,7.591342088098181,43.069150297845106,24.00603276772854
H3,map-corridor-01,7013,H3_map-corridor-01_seed503,2032,0.0,center,,success,1,0,0,94,2.1126706449957777,442.33113800042946,0.7582785108486819,7.560992154407431,43.31001230639988,23.977593098744595
H3,map-corridor-01,7013,H3_map-corridor-01_seed503,2033,0.0,center,,success,1,0,0,94,2.4748146027488493,440.0567120071874,0.7621976610584916,7.632274206471325,43.85666079362637,24.089580594540013
H3,map-corridor-01,7013,H3_map-corridor-01_seed503,2034,0.0,center,,success,1,0,0,94,2.065541893237699,442.7488213231261,0.757563161032517,7.535602377136867,44.885562605413035,23.991705930519508
H3,map-corridor-01,7013,H3_map-corridor-01_seed503,2035,0.0,center,,success,1,0,0,94,2.4108285373910743,440.61556066528885,0.7612309381868629,7.607201726064756,42.99801609931385,23.988104754665336
H3,map-corridor-01,7013,H3_map-corridor-01_seed503,2036,0.0,center,,success,1,0,0,94,2.3213903166450596,441.2422676353599,0.7601497436373198,7.589244207052118,42.925767096320484,23.96374411944268
H3,map-corridor-01,7013,H3_map-corridor-01_seed503,2037,0.0,center,,success,1,0,0,94,2.4176738318093225,440.5366079362694,0.7613673655776886,7.609066654627776,43.214276519485445,24.011545212740852
H3,map-corridor-01,7013,H3_map-corridor-01_seed503,2038,0.0,center,,success,1,0,0,94,2.4668043755496565,440.076454978168,0.7621634668948786,7.627571685317323,42.884671242794866,23.99888406191034
H3,map-corridor-01,7013,H3_map-corridor-01_seed503,2039,0.0,center,,success,1,0,0,94,2.2294061129907097,441.7593435610533,0.7592599941886983,7.572573297997178,43.042077880156,23.959794747399418
H3,map-corridor-01,7013,H3_map-corridor-01_seed503,2040,0.0,center,,success,1,0,0,94,2.4847596539686925,439.84047694341564,0.7625723738657144,7.6399201223840505,43.58787063869013,24.04697709229403
H3,map-corridor-01,7013,H3_map-corridor-01_seed503,2041,0.0,center,,success,1,0,0,94,2.385647204176975,440.8296231916465,0.7608612919353474,7.601108782851101,42.89548439891639,23.970160416391092
H3,map-corridor-01,7013,H3_map-corridor-01_seed503,2042,0.0,center,,success,1,0,0,94,2.193577695036909,441.94702771411255,0.7589375549368763,7.568970136605938,43.05251981113376,23.9570123811195
H3,map-corridor-01,7013,H3_map-corridor-01_seed503,2043,0.0,center,,success,1,0,0,94,2.3606565086402416,441.0663564964915,0.7604529152693071,7.595999541396522,43.70840461796416,24.01939860759842
H3,map-corridor-01,7013,H3_map-corridor-01_seed503,2044,0.0,center,,success,1,0,0,94,2.4710271073683074,440.05496450343594,0.7622006878241901,7.62994024712795,43.27350275814057,24.01936061564628
H3,map-corridor-01,7013,H3_map-corridor-01_seed503,2045,0.0,center,,success,1,0,0,94,2.477982098344765,439.8911403179751,0.762484546477834,7.634419990839447,42.90655608184545,24.018355594348385
H3,map-corridor-01,7013,H3_map-corridor-01_seed503,2046,0.0,center,,success,1,0,0,94,2.4833603975185436,439.79559762041913,0.7626501912246423,7.638651861932087,42.91428433568894,24.023436934452846
H3,map-corridor-01,7013,H3_map-corridor-01_seed503,2047,0.0,center,,success,1,0,0,94,2.32935158757856,441.258624628309,0.7601215656861071,7.590514047023184,43.301788047817375,24.01275529908796
H3,map-corridor-01,7013,H3_map-corridor-01_seed503,2048,0.0,center,,success,1,0,0,94,2.4828401508412843,439.8069392391828,0.7626305242140811,7.638210733357412,42.91308192037285,24.022180228709544
H3,map-corridor-01,7013,H3_map-corridor-01_seed503,2049,0.0,center,,success,1,0,0,94,2.4344888954715365,440.4587354810911,0.7615019742056351,7.614195060214767,42.83506373896735,23.974629164338634
H3,map-corridor-01,7013,H3_map-corridor-01_seed503,2050,0.0,center,,success,1,0,0,94,2.262380763585115,441.5639261955857,0.7595960102873132,7.579023247240821,42.96368990909504,23.96161772200168
H3,map-corridor-01,7013,H3_map-corridor-01_seed503,2001,0.5,center,,success,1,0,0,95,2.2032223515787424,439.97655500903323,0.7623365218132637,7.8883546650386815,46.76248811122223,24.06602704233311
H3,map-corridor-01,7013,H3_map-corridor-01_seed503,2002,0.5,center,,success,1,0,0,94,2.392789199242776,439.36027221102404,0.7634058376217309,7.937779573099718,44.53875628843532,24.160102753860535
H3,map-corridor-01,7013,H3_map-corridor-01_seed503,2003,0.5,center,,success,1,0,0,94,1.8992200683567122,440.07529478542466,0.7621654762249501,7.157389065600487,44.81148176103442,24.05252223583293
H3,map-corridor-01,7013,H3_map-corridor-01_seed503,2004,0.5,center,,success,1,0,0,95,1.8110184583236044,442.01692200751535,0.7588175473048194,7.590018802252558,44.76311703580391,24.04567016571772
H3,map-corridor-01,7013,H3_map-corridor-01_seed503,2005,0.5,center,,success,1,0,0,94,2.9464016853730883,438.8518790085062,0.7642902142352848,7.117855507773061,43.81984310076654,24.046824367385174
H3,map-corridor-01,7013,H3_map-corridor-01_seed503,2006,0.5,center,,success,1,0,0,94,2.012802688853498,440.54764218627014,0.761348295862975,7.772776838088715,43.8138641137585,24.02992017895405
H3,map-corridor-01,7013,H3_map-corridor-01_seed503,2007,0.5,center,,success,1,0,0,94,2.6457034266409005,440.35686289564035,0.7616781408138448,7.337405131154079,45.680138531407565,24.156504367637925
H3,map-corridor-01,7013,H3_map-corridor-01_seed503,2008,0.5,center,,success,1,0,0,94,2.601992427907429,440.70843539511463,0.7610705166654194,7.840164393152308,45.308432932955405,23.913513619703277
H3,map-corridor-01,7013,H3_map-corridor-01_seed503,2009,0.5,center,,success,1,0,0,94,2.0291169545887264,440.03151457044936,0.7622413066309347,7.345348180624631,45.94157322998635,24.28007994166036
H3,map-corridor-01,7013,H3_map-corridor-01_seed503,2010,0.5,center,,success,1,0,0,94,2.151959288857278,439.79758939857527,0.7626467372948612,7.4645060261391105,47.4701605130549,24.421568001136972
H3,map-corridor-01,7013,H3_map-corridor-01_seed503,2011,0.5,center,,success,1,0,0,95,1.7105146490861276,441.27777510396766,0.7600885780978747,7.540087108653385,43.733693517928515,24.056988353762886
H3,map-corridor-01,7013,H3_map-corridor-01_seed503,2012,0.5,center,,success,1,0,0,94,2.279302052221076,440.38734009951213,0.7616254285356557,8.050678594898756,44.221185664165795,24.145444382035627
H3,map-corridor-01,7013,H3_map-corridor-01_seed503,2013,0.5,center,,success,1,0,0,94,1.4325643355960698,442.2761519211901,0.7583727839902518,7.525925059976645,44.63577810563748,24.0882423205659
H3,map-corridor-01,7013,H3_map-corridor-01_seed503,2014,0.5,center,,success,1,0,0,93,2.3034182951956725,440.09024304521535,0.7621395882446502,7.164282088093811,47.233259811048065,24.260128506001944
H3,map-corridor-01,7013,H3_map-corridor-01_seed503,2015,0.5,center,,success,1,0,0,95,2.3455660527085174,439.35499595491507,0.7634150054353473,7.771664449412481,45.48050502581053,24.015008614175446
H3,map-corridor-01,7013,H3_map-corridor-01_seed503,2016,0.5,center,,success,1,0,0,94,2.3689325583982694,441.2348352971053,0.7601625479074429,7.647421729196429,44.80173395335737,24.260714945402192
H3,map-corridor-01,7013,H3_map-corridor-01_seed503,2017,0.5,center,,success,1,0,0,94,1.8031928053669983,440.87849083792173,0.760776956905965,7.369758102449044,44.72565882940758,24.162948750193546
H3,map-corridor-01,7013,H3_map-corridor-01_seed503,2018,0.5,center,,success,1,0,0,95,2.1057502621702944,440.6775952996918,0.7611237789315473,7.614941868676959,45.297769918544745,24.03068775711939
H3,map-corridor-01,7013,H3_map-corridor-01_seed503,2019,0.5,center,,success,1,0,0,94,2.0205029992178267,441.1113280920202,0.7603753865849453,7.542769573736624,43.38959181233589,24.219674207318477
H3,map-corridor-01,7013,H3_map-corridor-01_seed503,2020,0.5,center,,success,1,0,0,95,2.1753330028200026,440.4139780243169,0.7615793625116258,7.446703576956304,44.079130194132034,24.015922583830807
H3,map-corridor-01,7013,H3_map-corridor-01_seed503,2021,0.5,center,,success,1,0,0,94,2.074312537655816,441.9768950017152,0.7588862685314508,7.247370292332954,44.79482361451961,23.92117220775916
H3,map-corridor-01,7013,H3_map-corridor-01_seed503,2022,0.5,center,,success,1,0,0,94,2.435325328337196,441.06491170822716,0.7604554062710133,7.437336413140353,44.384891258195786,24.15993050888575
H3,map-corridor-01,7013,H3_map-corridor-01_seed503,2023,0.5,center,,success,1,0,0,93,1.7163663114610883,441.23435507553165,0.7601633752375244,7.222275838232884,48.30754500052039,24.27142338743426
H3,map-corridor-01,7013,H3_map-corridor-01_seed503,2024,0.5,center,,success,1,0,0,95,1.7933096852962063,439.1174276373707,0.7638280230179224,7.438608905183262,43.626889990156016,24.069674262105256
H3,map-corridor-01,7013,H3_map-corridor-01_seed503,2025,0.5,center,,success,1,0,0,94,1.9823859890782964,440.3936384573926,0.7616145360315392,7.496987754471155,43.67900836607432,24.130616834920026
H3,map-corridor-01,7013,H3_map-corridor-01_seed503,2026,0.5,center,,success,1,0,0,93,2.952227327518121,439.44460885357336,0.7632593274951974,7.678052619253279,44.04527180566853,24.050720569061
H3,map-corridor-01,7013,H3_map-corridor-01_seed503,2027,0.5,center,,success,1,0,0,93,2.654715620349734,438.6116607120699,0.7647087997625105,7.250500291449732,44.16605401617138,24.085538630390992
H3,map-corridor-01,7013,H3_map-corridor-01_seed503,2028,0.5,center,,success,1,0,0,95,2.1354931531249455,439.63020701738594,0.7629371032088886,7.520033051253216,45.39853980269496,24.0645445202469
H3,map-corridor-01,7013,H3_map-corridor-01_seed503,2029,0.5,center,,success,1,0,0,94,2.648134593942127,440.4001433034541,0.761603286749743,7.868651908671271,43.21402678340748,23.699474856085132
H3,map-corridor-01,7013,H3_map-corridor-01_seed503,2030,0.5,center,,success,1,0,0,95,2.3690895511610335,440.7932577980342,0.7609240629053567,8.1660817754363,45.33658403874403,24.059548889752215
H3,map-corridor-01,7013,H3_map-corridor-01_seed503,2031,0.5,center,,success,1,0,0,95,2.246185126165175,439.63859926428336,0.7629225395273829,7.663265963343466,45.62307348126191,24.122508224017462
H3,map-corridor-01,7013,H3_map-corridor-01_seed503,2032,0.5,center,,success,1,0,0,95,2.112241741285044,441.1046194715199,0.7603869508934589,7.632718379483389,43.315495935308164,23.778099392485913
H3,map-corridor-01,7013,H3_map-corridor-01_seed503,2033,0.5,center,,success,1,0,0,93,2.774104598671256,438.3290614924487,0.7652018223088928,7.218654626306106,44.6728259366651,23.98700218358646
H3,map-corridor-01,7013,H3_map-corridor-01_seed503,2034,0.5,center,,success,1,0,0,94,1.9832988219680683,441.3381060200571,0.7599846739944214,7.65082029985572,46.57975508343198,24.247006675346437
H3,map-corridor-01,7013,H3_map-corridor-01_seed503,2035,0.5,center,,success,1,0,0,94,1.3739042912400545,443.0237887377594,0.75709297141944,7.610152565448392,46.03120514179187,24.033032451303633
H3,map-corridor-01,7013,H3_map-corridor-01_seed503,2036,0.5,center,,success,1,0,0,93,2.512529352405764,440.4135407234391,0.7615801187084567,7.246522989705362,45.0060180895704,24.12667348531046
H3,map-corridor-01,7013,H3_map-corridor-01_seed503,2037,0.5,center,,success,1,0,0,94,1.9766087252952973,440.78567060998546,0.760937160595098,7.625770788141942,44.79713995740257,24.219610187788852
H3,map-corridor-01,7013,H3_map-corridor-01_seed503,2038,0.5,center,,success,1,0,0,95,1.6143331160976924,442.38863842124476,0.7581799519579641,7.403993302291845,45.35580119850364,24.02079591560817
H3,map-corridor-01,7013,H3_map-corridor-01_seed503,2039,0.5,center,,success,1,0,0,94,2.887172129301142,441.59978248769653,0.7595343338610303,7.824173788020082,44.22891531843567,23.78582306075839
H3,map-corridor-01,7013,H3_map-corridor-01_seed503,2040,0.5,center,,success,1,0,0,94,2.586803103247314,438.5878831613106,0.7647502575934279,7.643892470039251,44.10645541706505,23.978204710985743
H3,map-corridor-01,7013,H3_map-corridor-01_seed503,2041,0.5,center,,success,1,0,0,95,1.7904924181648316,441.5379175608748,0.7596407540213701,7.483275241222842,44.44561508758395,23.963385372522495
H3,map-corridor-01,7013,H3_map-corridor-01_seed503,2042,0.5,center,,success,1,0,0,95,1.7594180932633072,440.91041769389926,0.7607218681274753,6.988305544517342,44.854443743878846,23.92477203938733
H3,map-corridor-01,7013,H3_map-corridor-01_seed503,2043,0.5,center,,success,1,0,0,94,2.7844503514789194,440.4218807275801,0.761565697124013,8.149277350038183,44.238585356825816,24.018509126721774
H3,map-corridor-01,7013,H3_map-corridor-01_seed503,2044,0.5,center,,success,1,0,0,95,2.9737489865774966,437.1102487007962,0.7673354665599665,7.864927778501922,45.69546223332111,23.90974503134122
H3,map-corridor-01,7013,H3_map-corridor-01_seed503,2045,0.5,center,,success,1,0,0,94,1.7592644590712232,440.96862877058845,0.7606214472899926,7.705610185396354,44.76266696737219,24.214535593251462
H3,map-corridor-01,7013,H3_map-corridor-01_seed503,2046,0.5,center,,success,1,0,0,94,2.043796827704656,441.9893926698361,0.758864810304437,8.030814758652303,45.62072794084482,24.062486536685018
H3,map-corridor-01,7013,H3_map-corridor-01_seed503,2047,0.5,center,,success,1,0,0,95,1.9877496323214092,441.18299366270946,0.7602518715428869,7.780697609693273,44.760825028082756,23.89347188747683
H3,map-corridor-01,7013,H3_map-corridor-01_seed503,2048,0.5,center,,success,1,0,0,94,2.51412564348715,440.85462255901706,0.760818146077321,7.448648012196395,44.06630467095669,23.985611415907705
H3,map-corridor-01,7013,H3_map-corridor-01_seed503,2049,0.5,center,,success,1,0,0,94,2.388443734846701,441.9241922747471,0.7589767713292369,7.878489874223503,45.47515860324233,23.986635305076263
H3,map-corridor-01,7013,H3_map-corridor-01_seed503,2050,0.5,center,,success,1,0,0,94,2.357645089466568,440.54644968551423,0.7613503567317416,7.74540637793948,44.44994703103804,24.211099317016433
H3,map-corridor-01,7013,H3_map-corridor-01_seed503,2001,1.5,center,,success,1,0,0,96,2.7749501692180054,438.95654469701554,0.7641079753269913,8.93678349537902,50.603417996636544,24.173945352627626
H3,map-corridor-01,7013,H3_map-corridor-01_seed503,2002,1.5,center,,success,1,0,0,94,2.1442304058213906,440.895305923956,0.7607479420132878,7.925683131482115,49.98016263860598,24.51932415580349
H3,map-corridor-01,7013,H3_map-corridor-01_seed503,2003,1.5,center,,success,1,0,0,93,2.5580560052470327,437.77062551851265,0.7661779413081806,6.157453207301638,54.16145907521943,24.124923225440952
H3,map-corridor-01,7013,H3_map-corridor-01_seed503,2004,1.5,center,,success,1,0,0,96,1.9727425615608971,436.9895347899027,0.7675474351719387,8.718755127805863,51.489193613268334,24.43906219805779
H3,map-corridor-01,7013,H3_map-corridor-01_seed503,2005,1.5,center,,success,1,0,0,95,2.9918562313318806,436.43717892995966,0.7685188449052729,6.428720986188439,51.400122864624706,24.291164021356746
H3,map-corridor-01,7013,H3_map-corridor-01_seed503,2006,1.5,center,,success,1,0,0,93,2.4141400690011348,443.0997018803467,0.7569632640275205,6.981912390028826,50.96423889410786,24.6182492200534
H3,map-corridor-01,7013,H3_map-corridor-01_seed503,2007,1.5,center,,success,1,0,0,95,1.931101717834335,440.4138627277198,0.7615795618866147,6.975643842020382,50.14116614544274,24.441817809385775
H3,map-corridor-01,7013,H3_map-corridor-01_seed503,2008,1.5,center,,success,1,0,0,94,1.605659112298671,443.957872656195,0.7555000536835016,7.454821325084021,51.61543266149652,24.2106790763182
H3,map-corridor-01,7013,H3_map-corridor-01_seed503,2009,1.5,center,,success,1,0,0,94,2.216733115785374,438.55935031280154,0.7648000125541454,7.074821384900026,51.92837538298902,24.640322743225518
H3,map-corridor-01,7013,H3_map-corridor-01_seed503,2010,1.5,center,,success,1,0,0,93,2.8501289737158837,438.23544318173305,0.7653652890094431,6.842852058029791,55.71875090795236,24.965082509056153
H3,map-corridor-01,7013,H3_map-corridor-01_seed503,2011,1.5,center,,success,1,0,0,95,2.7191832987831073,438.3210037897388,0.76521588909726,7.401445381775154,47.6388415346513,24.162462280846334
H3,map-corridor-01,7013,H3_map-corridor-01_seed503,2012,1.5,center,,success,1,0,0,94,2.4025836443237276,442.5151851289862,0.757963134140135,7.905513180126777,50.40795266057626,24.349956356274856
H3,map-corridor-01,7013,H3_map-corridor-01_seed503,2013,1.5,center,,success,1,0,0,93,2.823454382558949,437.412171348683,0.7668058151898026,7.068357362645444,48.91945454155821,24.02909422682588
H3,map-corridor-01,7013,H3_map-corridor-01_seed503,2014,1.5,center,,success,1,0,0,92,1.5876419587177344,441.96189669924746,0.7589120218958902,7.0805400574210235,56.243412692467444,25.160151626383513
H3,map-corridor-01,7013,H3_map-corridor-01_seed503,2015,1.5,center,,success,1,0,0,97,1.4704800286900013,438.6526216924302,0.7646373919546475,8.320779523876354,48.953114915976336,24.211903894427575
H3,map-corridor-01,7013,H3_map-corridor-01_seed503,2016,1.5,center,,success,1,0,0,94,1.6486150789406195,445.2379260560428,0.7533280005952365,7.110621159238189,50.8581585577427,24.928695279977457
H3,map-corridor-01,7013,H3_map-corridor-01_seed503,2017,1.5,center,,success,1,0,0,93,2.1776781924848456,442.9060217478666,0.7572942794982085,5.4852017777432645,48.4698162852681,24.57679409056084
H3,map-corridor-01,7013,H3_map-corridor-01_seed503,2018,1.5,center,,success,1,0,0,96,2.3934488051333176,440.4570268984053,0.7615049281580275,8.389457803827593,49.23649909143459,24.0032451487634
H3,map-corridor-01,7013,H3_map-corridor-01_seed503,2019,1.5,center,,success,1,0,0,93,1.145761100305624,444.0823931369897,0.7552882118465385,6.507014493402478,47.181298892926314,24.890268086085513
H3,map-corridor-01,7013,H3_map-corridor-01_seed503,2020,1.5,center,,success,1,0,0,96,2.480722073779197,440.09628824614106,0.7621291194289219,7.923290913747729,46.91204081178166,24.202130864917528
H3,map-corridor-01,7013,H3_map-corridor-01_seed503,2021,1.5,center,,success,1,0,0,95,1.94469020454471,440.5151137508459,0.7614045152027985,6.7607850401804646,48.47377804020619,24.018551415974773
H3,map-corridor-01,7013,H3_map-corridor-01_seed503,2022,1.5,center,,success,1,0,0,95,1.8055567862675874,442.18477373155895,0.758529502937134,7.376833673861226,50.0807811179346,24.562628019001874
H3,map-corridor-01,7013,H3_map-corridor-01_seed503,2023,1.5,center,,success,1,0,0,93,1.3537200344141407,444.9550519113258,0.7538069186633523,6.962572435348765,55.52780019819143,25.237209627437625
H3,map-corridor-01,7013,H3_map-corridor-01_seed503,2024,1.5,center,,success,1,0,0,97,2.1446067598324885,436.89352747779833,0.7677161036495627,7.044560828470581,49.48594476562776,24.276308161509814
H3,map-corridor-01,7013,H3_map-corridor-01_seed503,2025,1.5,center,,success,1,0,0,93,2.2481255884292426,444.2730770617581,0.7549640388817513,7.065226525397021,50.44370458420623,24.774122468672214
H3,map-corridor-01,7013,H3_map-corridor-01_seed503,2026,1.5,center,,success,1,0,0,92,2.5624453493444497,440.4853540120503,0.7614559566395769,6.8259529086679045,51.2985111205625,24.4309431469441
H3,map-corridor-01,7013,H3_map-corridor-01_seed503,2027,1.5,center,,success,1,0,0,92,2.9429102640971614,441.66950617652276,0.7594144307778281,5.699092030974388,50.555053106446756,24.702716829289685
H3,map-corridor-01,7013,H3_map-corridor-01_seed503,2028,1.5,center,,success,1,0,0,96,2.7248398719338978,437.8215362840137,0.7660888486019763,8.111560640331858,49.96591588929341,24.239723291938652
H3,map-corridor-01,7013,H3_map-corridor-01_seed503,2029,1.5,center,,success,1,0,0,95,2.3405486491823897,440.8101163878099,0.7608949616979431,8.448330491380814,48.69004642989119,23.200745131875266
H3,map-corridor-01,7013,H3_map-corridor-01_seed503,2030,1.5,center,,success,1,0,0,97,2.5412548050107424,441.82686072840414,0.7591439689112719,10.192017267437858,46.63391740493126,24.349364930516344
H3,map-corridor-01,7013,H3_map-corridor-01_seed503,2031,1.5,center,,success,1,0,0,96,2.9144223173796555,440.02578222153716,0.7622512365789091,8.303773899371883,52.30873983281997,24.2242071324683
H3,map-corridor-01,7013,H3_map-corridor-01_seed503,2032,1.5,center,,success,1,0,0,96,2.406672586006055,441.98685985737285,0.7588691589908438,8.365843217919178,47.480186437682256,23.575784094206785
H3,map-corridor-01,7013,H3_map-corridor-01_seed503,2033,1.5,center,,success,1,0,0,92,1.1779117270545214,439.36573363214734,0.7633963483046355,6.374389890686507,56.2115076805033,24.241656764947862
H3,map-corridor-01,7013,H3_map-corridor-01_seed503,2034,1.5,center,,success,1,0,0,93,1.3035535535601808,443.09445461239045,0.7569722282315137,6.465670971736453,51.39170206457056,24.60008235038156
H3,map-corridor-01,7013,H3_map-corridor-01_seed503,2035,1.5,center,,success,1,0,0,94,1.0137012896701794,442.5722772572818,0.7578653563742843,7.56178613273306,50.39941868332496,23.966524477188962
H3,map-corridor-01,7013,H3_map-corridor-01_seed503,2036,1.5,center,,success,1,0,0,92,2.405182094829132,442.14307233823536,0.7586010447957053,6.5324169803919165,48.78374884074535,24.772310065223568
H3,map-corridor-01,7013,H3_map-corridor-01_seed503,2037,1.5,center,,success,1,0,0,93,2.471710155141711,441.4890182293761,0.7597248918447747,8.288626347719847,52.08803559812357,24.647497842622226
H3,map-corridor-01,7013,H3_map-corridor-01_seed503,2038,1.5,center,,success,1,0,0,96,2.6706103783010042,438.14557106596595,0.7655222802068906,7.447441733019468,51.94676341430424,24.448503464478357
H3,map-corridor-01,7013,H3_map-corridor-01_seed503,2039,1.5,center,,success,1,0,0,95,2.562474546187402,440.9487534152613,0.7606557315949538,8.296927232290933,50.34370053145043,23.793694584316324
H3,map-corridor-01,7013,H3_map-corridor-01_seed503,2040,1.5,center,,success,1,0,0,95,1.681867370796462,438.078841262198,0.7656388874171156,7.667345251449644,47.54299877539475,23.82092750030333
H3,map-corridor-01,7013,H3_map-corridor-01_seed503,2041,1.5,center,,success,1,0,0,96,2.0913276662221167,437.80010289326447,0.7661263540331816,8.166785922227984,51.394908318077775,24.172863367513205
H3,map-corridor-01,7013,H3_map-corridor-01_seed503,2042,1.5,center,,success,1,0,0,96,1.3566782664482533,436.6577055022551,0.7681307174899636,6.341787683363711,52.68031529409211,23.98206455108945
H3,map-corridor-01,7013,H3_map-corridor-01_seed503,2043,1.5,center,,success,1,0,0,94,2.961162264177795,440.90192170128205,0.7607365269145144,8.47339004727837,52.47442293739656,24.20641073536857
H3,map-corridor-01,7013,H3_map-corridor-01_seed503,2044,1.5,center,,success,1,0,0,99,2.9122515432508242,437.870843653279,0.7660025815524673,8.526500141973557,51.118904336558785,24.072879210114056
H3,map-corridor-01,7013,H3_map-corridor-01_seed503,2045,1.5,center,,success,1,0,0,93,2.636009884146255,442.11957850662657,0.7586413561641023,7.546936336287894,46.09686308628354,24.402451906641566
H3,map-corridor-01,7013,H3_map-corridor-01_seed503,2046,1.5,center,,success,1,0,0,94,2.9046539152251563,440.8023740851751,0.7609083261429034,8.522202880266336,55.64494161307,24.166444761751098
H3,map-corridor-01,7013,H3_map-corridor-01_seed503,2047,1.5,center,,success,1,0,0,96,2.77572613238483,441.58708564433937,0.7595561725623305,9.352686023402837,52.30161790730635,23.86601770917919
H3,map-corridor-01,7013,H3_map-corridor-01_seed503,2048,1.5,center,,success,1,0,0,95,2.1449377879452816,441.629944009026,0.7594824607683608,6.895928266365592,46.373324436677834,24.09561362067902
H3,map-corridor-01,7013,H3_map-corridor-01_seed503,2049,1.5,center,,success,1,0,0,95,2.090099221108079,442.2236231159255,0.7584628660532757,8.350262556628854,52.919111105437054,24.14315536653025
H3,map-corridor-01,7013,H3_map-corridor-01_seed503,2050,1.5,center,,success,1,0,0,94,0.8802731023386533,444.4474968448241,0.7546677594228295,7.311283933232257,48.918833623994686,24.765757904184948
H3,map-corridor-01,7013,H3_map-corridor-01_seed503,2001,2.0,center,,success,1,0,0,97,2.733765577701188,439.95462756154905,0.762374516854116,9.593105341623739,54.51373304180553,24.264601962017306
H3,map-corridor-01,7013,H3_map-corridor-01_seed503,2002,2.0,center,,success,1,0,0,94,2.1439185735033983,442.24104231540554,0.7584329913589397,8.03002014696871,52.06469029413234,24.609590764968377
H3,map-corridor-01,7013,H3_map-corridor-01_seed503,2003,2.0,center,,success,1,0,0,93,2.3417578183403527,437.16421167963716,0.7672407476730138,5.638875148462937,59.05193076123795,24.330733481112585
H3,map-corridor-01,7013,H3_map-corridor-01_seed503,2004,2.0,center,,success,1,0,0,97,1.8486242331901312,437.771048163913,0.7661772016028389,8.657255934880984,54.39887663189992,24.431448383286533
H3,map-corridor-01,7013,H3_map-corridor-01_seed503,2005,2.0,center,,success,1,0,0,96,1.882482977471779,437.6429805929407,0.7664014082221492,6.278558395866431,53.66150243388987,24.39940302208644
H3,map-corridor-01,7013,H3_map-corridor-01_seed503,2006,2.0,center,,success,1,0,0,93,1.6450028000668468,442.6263246194115,0.7577728164120562,7.080917634120481,54.063560361747754,24.896135211975373
H3,map-corridor-01,7013,H3_map-corridor-01_seed503,2007,2.0,center,,success,1,0,0,95,2.179806149705262,439.97789468708226,0.7623342005932284,6.790987097922673,52.85242049225271,24.592643423917735
H3,map-corridor-01,7013,H3_map-corridor-01_seed503,2008,2.0,center,,success,1,0,0,94,1.1487846399100095,445.2636980679449,0.7532843977183755,7.314445118571792,55.630735848508245,24.475058717332853
H3,map-corridor-01,7013,H3_map-corridor-01_seed503,2009,2.0,center,,success,1,0,0,93,2.7392342958983096,437.17737155735813,0.7672176522543603,6.963928533458638,56.61854333670968,24.82240464098752
H3,map-corridor-01,7013,H3_map-corridor-01_seed503,2010,2.0,center,,success,1,0,0,93,1.5965994354763438,440.60130631638344,0.761255565556857,6.374250099071396,58.26995213826266,25.20763513014327
H3,map-corridor-01,7013,H3_map-corridor-01_seed503,2011,2.0,center,,success,1,0,0,96,1.8620480333619287,438.81494673718817,0.7643545396958639,7.320655938410938,50.38579588757826,24.252723179635396
H3,map-corridor-01,7013,H3_map-corridor-01_seed503,2012,2.0,center,,success,1,0,0,94,2.1613488978631983,443.7285909930013,0.7558904326502114,7.923790932893147,55.82887047674882,24.5705699740286
H3,map-corridor-01,7013,H3_map-corridor-01_seed503,2013,2.0,center,,success,1,0,0,93,2.456254260365465,437.09138265811316,0.7673685868278068,6.9026792338505105,53.16933874667086,24.180639751829023
H3,map-corridor-01,7013,H3_map-corridor-01_seed503,2014,2.0,center,,success,1,0,0,91,2.9986831068053235,442.30240218285695,0.7583277752271916,6.691352700189252,58.96992339439249,25.301989528026816
H3,map-corridor-01,7013,H3_map-corridor-01_seed503,2015,2.0,center,,success,1,0,0,97,1.5907813852787849,439.28908641279395,0.7635295458029843,8.605504984165107,50.86236467089999,24.04121402963138
H3,map-corridor-01,7013,H3_map-corridor-01_seed503,2016,2.0,center,,success,1,0,0,94,2.168127241439174,447.01116180166304,0.7503396453750937,6.837421869530031,54.78165626880264,25.31057485723928
H3,map-corridor-01,7013,H3_map-corridor-01_seed503,2017,2.0,center,,success,1,0,0,93,2.424957671811639,442.47183247180425,0.7580373981124368,5.083727954452777,52.04170324708062,24.838282720597554
H3,map-corridor-01,7013,H3_map-corridor-01_seed503,2018,2.0,center,,success,1,0,0,97,1.6896825313094708,439.4632219475499,0.7632270002903674,8.249152558234051,48.75029797282968,24.060912892407952
H3,map-corridor-01,7013,H3_map-corridor-01_seed503,2019,2.0,center,,success,1,0,0,93,2.4207088273235504,445.04030979117823,0.7536625093182,6.030369621562704,49.4774050264021,25.22755161929231
H3,map-corridor-01,7013,H3_map-corridor-01_seed503,2020,2.0,center,,success,1,0,0,97,2.766939534866985,438.50104532600045,0.7649017036563964,7.800864254898145,47.30045151896198,24.345338969856257
H3,map-corridor-01,7013,H3_map-corridor-01_seed503,2021,2.0,center,,success,1,0,0,95,2.3416176067699346,439.82975413242167,0.7625909649668333,6.782352932567036,50.89552649202685,24.285128185855786
H3,map-corridor-01,7013,H3_map-corridor-01_seed503,2022,2.0,center,,success,1,0,0,95,1.519536229568129,443.6115933929564,0.7560897903041459,7.520794005062342,50.65175174228918,24.69023578291329
H3,map-corridor-01,7013,H3_map-corridor-01_seed503,2023,2.0,center,,success,1,0,0,93,2.7106293634228167,446.3418765236251,0.7514647723340273,6.40372080174402,56.26363643164916,25.41803218102262
H3,map-corridor-01,7013,H3_map-corridor-01_seed503,2024,2.0,center,,success,1,0,0,98,2.261717253977758,437.308921753111,0.7669868597245978,7.039984330577018,51.895044611125854,24.648930541798535
H3,map-corridor-01,7013,H3_map-corridor-01_seed503,2025,2.0,center,,success,1,0,0,92,2.779116530262112,442.391339505136,0.7581753227813234,7.269748277434258,54.205706106161614,24.89819452314365
H3,map-corridor-01,7013,H3_map-corridor-01_seed503,2026,2.0,center,,success,1,0,0,92,1.3596005834530456,441.64764007026486,0.7594520296125792,6.432546343256651,58.34910975589125,24.758894809453857
H3,map-corridor-01,7013,H3_map-corridor-01_seed503,2027,2.0,center,,success,1,0,0,92,2.447623514201263,441.07078313541064,0.7604452832732657,5.460964427681607,53.00605380369147,24.99176583393271
H3,map-corridor-01,7013,H3_map-corridor-01_seed503,2028,2.0,center,,success,1,0,0,97,2.0976122337180794,439.4230799533167,0.763296722285506,8.65682046612492,51.364365327781506,24.21871099822066
H3,map-corridor-01,7013,H3_map-corridor-01_seed503,2029,2.0,center,,success,1,0,0,95,2.7731546579305,439.8988959176129,0.7624711035596377,8.746638630644137,53.09593201980076,22.967702665583936
H3,map-corridor-01,7013,H3_map-corridor-01_seed503,2030,2.0,center,,success,1,0,0,98,2.934900574896955,442.6167651123486,0.7577891825670723,10.85713332894201,49.016310509435336,24.42326457918652
H3,map-corridor-01,7013,H3_map-corridor-01_seed503,2031,2.0,center,,success,1,0,0,98,1.4402253328241676,440.0438866035296,0.7622198758715312,9.08502014675015,55.07498824653813,24.52696661286106
H3,map-corridor-01,7013,H3_map-corridor-01_seed503,2032,2.0,center,,success,1,0,0,97,2.4644692027814754,440.1142486093449,0.762098018150478,8.16421567126742,50.25342067565006,23.629508364855898
H3,map-corridor-01,7013,H3_map-corridor-01_seed503,2033,2.0,center,,success,1,0,0,91,2.9208507383500324,438.23278575018844,0.7653699301634788,5.870867597180686,60.70480530966653,24.53899297487645
H3,map-corridor-01,7013,H3_map-corridor-01_seed503,2034,2.0,center,,success,1,0,0,92,2.701094335668003,441.0488186185624,0.7604831539409368,6.546212749565939,55.41555326912196,24.76179455040237
H3,map-corridor-01,7013,H3_map-corridor-01_seed503,2035,2.0,center,,success,1,0,0,94,1.220824443998638,441.853316940055,0.7590985147464054,7.612973393442453,52.85340852396608,24.005878927618912
H3,map-corridor-01,7013,H3_map-corridor-01_seed503,2036,2.0,center,,success,1,0,0,93,0.998231861606218,446.03913569436924,0.7519748151758484,5.738367638366232,48.22862693585971,25.215901368799276
H3,map-corridor-01,7013,H3_map-corridor-01_seed503,2037,2.0,center,,success,1,0,0,93,1.229789229103707,445.9809682490049,0.7520728921277615,7.972549125898537,58.30045330369305,25.139358857794658
H3,map-corridor-01,7013,H3_map-corridor-01_seed503,2038,2.0,center,,success,1,0,0,97,2.807400127986048,438.31158042464284,0.7652323406559737,7.82836552347642,53.36760258060721,24.585140586068785
H3,map-corridor-01,7013,H3_map-corridor-01_seed503,2039,2.0,center,,success,1,0,0,96,1.6256782779144405,441.31812146177845,0.7600190889827704,8.586767615950654,52.01762769043017,23.911962390894836
H3,map-corridor-01,7013,H3_map-corridor-01_seed503,2040,2.0,center,,success,1,0,0,95,2.030160050570109,437.4157180774023,0.7667995976441259,7.685492380174611,51.55482679595466,23.866789433310245
H3,map-corridor-01,7013,H3_map-corridor-01_seed503,2041,2.0,center,,success,1,0,0,96,2.8641819460091966,438.8691123240736,0.7642602024297666,8.15350605224127,53.39545123289996,24.244021584390353
H3,map-corridor-01,7013,H3_map-corridor-01_seed503,2042,2.0,center,,success,1,0,0,96,1.884926576544189,436.23812059793,0.7688695251236602,5.948922196230655,55.689618598872265,24.05640337148633
H3,map-corridor-01,7013,H3_map-corridor-01_seed503,2043,2.0,center,,success,1,0,0,95,1.479218842457179,443.8259095227033,0.7557246871541893,8.73080001718516,56.847665534818546,24.34004173190767
H3,map-corridor-01,7013,H3_map-corridor-01_seed503,2044,2.0,center,,success,1,0,0,103,2.8328896275102182,438.54920574965337,0.7648177039828867,9.30228295652237,49.65610924833187,23.544919339643805
H3,map-corridor-01,7013,H3_map-corridor-01_seed503,2045,2.0,center,,success,1,0,0,94,1.5716698451254651,447.2328824140719,0.7499676562566076,8.094729556811801,48.57167742870214,24.697242177422908
H3,map-corridor-01,7013,H3_map-corridor-01_seed503,2046,2.0,center,,success,1,0,0,95,2.0569163838436726,442.5573626355179,0.7578908971879565,8.626718040841752,62.15788859324823,24.385749431266383
H3,map-corridor-01,7013,H3_map-corridor-01_seed503,2047,2.0,center,,success,1,0,0,97,2.1494485304877204,444.176560012405,0.7551280882890379,9.662801206546757,56.10445389499035,23.960479050444544
H3,map-corridor-01,7013,H3_map-corridor-01_seed503,2048,2.0,center,,success,1,0,0,95,2.5511693796761272,440.6564958253213,0.7611602229913047,6.629454735516391,48.38961217817964,24.047944261828608
H3,map-corridor-01,7013,H3_map-corridor-01_seed503,2049,2.0,center,,success,1,0,0,95,1.8933525861597313,441.11676676417306,0.7603660116693848,8.717953611885305,55.53230102411341,24.244685107197267
H3,map-corridor-01,7013,H3_map-corridor-01_seed503,2050,2.0,center,,success,1,0,0,93,2.3988713864786906,441.8370843647994,0.7591264031337841,7.07765963589581,50.935261988190206,24.670394025832785
H3,map-barrier-01,7019,H3_map-barrier-01_seed101,2001,0.0,center,,success,1,0,0,65,1.543077028464221,344.1324113327696,0.9746544805994257,14.214318128607317,40.61324103233292,23.977170984678075
H3,map-barrier-01,7019,H3_map-barrier-01_seed101,2002,0.0,center,,success,1,0,0,65,1.7253320947703077,343.98677936466686,0.9750671152085,14.204330440559653,38.10348383278422,23.84819145975824
H3,map-barrier-01,7019,H3_map-barrier-01_seed101,2003,0.0,center,,success,1,0,0,64,2.8711808341196043,339.401276340857,0.9882408229016784,14.201784746002819,38.36655753201477,23.500470683772434
H3,map-barrier-01,7019,H3_map-barrier-01_seed101,2004,0.0,center,,success,1,0,0,65,1.6144133176690196,344.06825725945123,0.9748362121416101,14.207722504315868,39.199788939150366,23.862699002648935
H3,map-barrier-01,7019,H3_map-barrier-01_seed101,2005,0.0,center,,success,1,0,0,65,1.2482583372879772,343.9673539596504,0.9751221816949357,14.243399252023075,37.86751807635361,23.860383089351476
H3,map-barrier-01,7019,H3_map-barrier-01_seed101,2006,0.0,center,,success,1,0,0,65,1.438674002941897,343.7505759265402,0.9757371190460083,14.228574319213804,37.95839048981838,23.881605804817156
H3,map-barrier-01,7019,H3_map-barrier-01_seed101,2007,0.0,center,,success,1,0,0,65,1.443836333852502,343.9601774661979,0.9751425269511915,14.224264608234838,41.29448130756434,23.961324068582194
H3,map-barrier-01,7019,H3_map-barrier-01_seed101,2008,0.0,center,,success,1,0,0,65,1.4145656485219784,343.8581387350148,0.9754318971738619,14.228460003734401,39.68202918235752,23.90018329941764
H3,map-barrier-01,7019,H3_map-barrier-01_seed101,2009,0.0,center,,success,1,0,0,65,1.4672042520001927,344.1014320441204,0.974742228279836,14.217840907364806,40.66461329887708,23.9165279021499
H3,map-barrier-01,7019,H3_map-barrier-01_seed101,2010,0.0,center,,success,1,0,0,64,2.9419742631062764,339.3789347901236,0.9883058794806772,14.2041802902835,42.237406781479244,23.637775194448057
H3,map-barrier-01,7019,H3_map-barrier-01_seed101,2011,0.0,center,,success,1,0,0,65,1.709564562855789,343.9560618440695,0.9751541950640915,14.20678598205204,41.0582759116709,23.932666338192856
H3,map-barrier-01,7019,H3_map-barrier-01_seed101,2012,0.0,center,,success,1,0,0,64,2.950052454078457,339.1824655404117,0.9888783492701104,14.20708057604421,38.30755924084145,23.516770443766006
H3,map-barrier-01,7019,H3_map-barrier-01_seed101,2013,0.0,center,,success,1,0,0,64,2.9539416865547863,339.2837965822104,0.9885830092793619,14.204792353721158,38.95065936206028,23.510739199479303
H3,map-barrier-01,7019,H3_map-barrier-01_seed101,2014,0.0,center,,success,1,0,0,64,2.9844632851425046,339.15518428584403,0.9889578935118998,14.210089894161285,40.799487274965436,23.59145100517336
H3,map-barrier-01,7019,H3_map-barrier-01_seed101,2015,0.0,center,,success,1,0,0,65,1.343099008665602,344.1466528550298,0.9746141473189295,14.227825794596193,40.00067997472758,23.891238296681305
H3,map-barrier-01,7019,H3_map-barrier-01_seed101,2016,0.0,center,,success,1,0,0,65,1.7408695563791308,343.8069392623034,0.9755771577637393,14.211431381776096,42.02763588122074,24.032485712867597
H3,map-barrier-01,7019,H3_map-barrier-01_seed101,2017,0.0,center,,success,1,0,0,65,1.2642470781331283,343.89238503154394,0.9753347594312174,14.243300392527365,37.842062507242716,23.870178345138118
H3,map-barrier-01,7019,H3_map-barrier-01_seed101,2018,0.0,center,,success,1,0,0,65,1.3282793429940025,344.25260045439813,0.9743141988825703,14.22990745079274,41.14066688891274,23.983316564673025
H3,map-barrier-01,7019,H3_map-barrier-01_seed101,2019,0.0,center,,success,1,0,0,65,1.3768372132160536,343.98897130992617,0.9750609019461022,14.228064093388918,37.90661291927708,23.852050091051648
H3,map-barrier-01,7019,H3_map-barrier-01_seed101,2020,0.0,center,,success,1,0,0,65,1.4698034414905767,343.77492900706073,0.9756679976452837,14.225270932015734,38.172106173935084,23.87615807247954
H3,map-barrier-01,7019,H3_map-barrier-01_seed101,2021,0.0,center,,success,1,0,0,65,1.66894454188927,344.0475270336194,0.9748949498834593,14.20531194549974,38.07148492276655,23.848708872199683
H3,map-barrier-01,7019,H3_map-barrier-01_seed101,2022,0.0,center,,success,1,0,0,65,1.7190694716801727,343.75398539530954,0.9757274413538918,14.210096020968962,38.1123645457018,23.86515797232269
H3,map-barrier-01,7019,H3_map-barrier-01_seed101,2023,0.0,center,,success,1,0,0,65,1.7392440014121944,343.9142287365074,0.9752728110646031,14.207089448711413,42.153899769670716,23.99703310193113
H3,map-barrier-01,7019,H3_map-barrier-01_seed101,2024,0.0,center,,success,1,0,0,64,2.862104035884504,339.3968264091958,0.988253780017905,14.201852002238766,38.375391371801335,23.500553778545957
H3,map-barrier-01,7019,H3_map-barrier-01_seed101,2025,0.0,center,,success,1,0,0,64,2.878869239629121,339.42966026920067,0.9881581838162158,14.201512808487424,38.35781935641465,23.50158618619484
H3,map-barrier-01,7019,H3_map-barrier-01_seed101,2026,0.0,center,,success,1,0,0,65,1.4880768417324295,343.9503086918396,0.9751705061718011,14.222895628282494,42.048558279582416,24.030882656482405
H3,map-barrier-01,7019,H3_map-barrier-01_seed101,2027,0.0,center,,success,1,0,0,65,1.5593686065004186,343.82143196833664,0.9755360353913517,14.217212877747361,38.03119578035737,23.863162659934524
H3,map-barrier-01,7019,H3_map-barrier-01_seed101,2028,0.0,center,,success,1,0,0,64,2.9547255180044982,339.4741153919016,0.9880287816281911,14.203576995126674,43.47976796486832,23.71663981338495
H3,map-barrier-01,7019,H3_map-barrier-01_seed101,2029,0.0,center,,success,1,0,0,65,1.6040800602343497,343.9780034802251,0.9750919920210853,14.210286612623271,38.04408429338354,23.847744224167954
H3,map-barrier-01,7019,H3_map-barrier-01_seed101,2030,0.0,center,,success,1,0,0,65,1.3413667588428684,344.0111600336903,0.9749980105067536,14.231141849395454,37.88409997424728,23.851480910081868
H3,map-barrier-01,7019,H3_map-barrier-01_seed101,2031,0.0,center,,success,1,0,0,65,1.5977395357516462,343.92287796653886,0.97524828417376,14.215740851698676,42.72640155880701,24.05907720087595
H3,map-barrier-01,7019,H3_map-barrier-01_seed101,2032,0.0,center,,success,1,0,0,65,1.3218434006797168,344.08205723282543,0.9747971147417632,14.231245887213865,37.868095088924505,23.847436335033226
H3,map-barrier-01,7019,H3_map-barrier-01_seed101,2033,0.0,center,,success,1,0,0,64,2.9161452251458924,339.5952723006935,0.9876762840443215,14.201450485423306,41.66340418486011,23.64040033584031
H3,map-barrier-01,7019,H3_map-barrier-01_seed101,2034,0.0,center,,success,1,0,0,65,1.2754595269546447,344.0483066202527,0.974892740847527,14.241908559707992,40.573905422678045,23.99885323146016
H3,map-barrier-01,7019,H3_map-barrier-01_seed101,2035,0.0,center,,success,1,0,0,65,1.7271955707327182,343.8605825592886,0.9754249647591895,14.206950624660303,38.640950633567364,23.85656951840641
H3,map-barrier-01,7019,H3_map-barrier-01_seed101,2036,0.0,center,,success,1,0,0,65,1.576712339972932,343.7534659034303,0.9757289159062452,14.217865873125639,38.04527441214826,23.87234017692038
H3,map-barrier-01,7019,H3_map-barrier-01_seed101,2037,0.0,center,,success,1,0,0,65,1.7228726930864373,344.0316660337416,0.9749398957713167,14.203698870505002,39.15701212238752,23.862024776489413
H3,map-barrier-01,7019,H3_map-barrier-01_seed101,2038,0.0,center,,success,1,0,0,64,2.928367087577353,339.2889115636932,0.9885681058044344,14.204041793763206,38.32090455294306,23.503492953571566
H3,map-barrier-01,7019,H3_map-barrier-01_seed101,2039,0.0,center,,success,1,0,0,65,1.4551409397114907,343.81276429123585,0.9755606291011646,14.225492008414278,37.96491128578773,23.870041569884386
H3,map-barrier-01,7019,H3_map-barrier-01_seed101,2040,0.0,center,,success,1,0,0,64,2.8537038429519024,339.2593588700761,0.9886542194210133,14.204347324352455,40.7087280572675,23.557700469558927
H3,map-barrier-01,7019,H3_map-barrier-01_seed101,2041,0.0,center,,success,1,0,0,65,1.6824394681793153,343.73587290064825,0.9757788554176126,14.212294107107939,38.09471113963589,23.869563745507367
H3,map-barrier-01,7019,H3_map-barrier-01_seed101,2042,0.0,center,,success,1,0,0,65,1.4116149232235444,343.7675023091881,0.975689075819904,14.230593511301072,37.940681549326825,23.880515806032484
H3,map-barrier-01,7019,H3_map-barrier-01_seed101,2043,0.0,center,,success,1,0,0,65,1.6341162503838087,343.8012529789347,0.9755932932726096,14.216270476805132,42.80740018917626,24.067776336991287
H3,map-barrier-01,7019,H3_map-barrier-01_seed101,2044,0.0,center,,success,1,0,0,64,2.9110252387047497,339.23549299492225,0.9887237731636441,14.205295328566242,40.07177049038479,23.540386354631963
H3,map-barrier-01,7019,H3_map-barrier-01_seed101,2045,0.0,center,,success,1,0,0,64,2.9023249617991875,339.4296878938918,0.9881581033943623,14.201541216522685,38.336296598717354,23.500738029822415
H3,map-barrier-01,7019,H3_map-barrier-01_seed101,2046,0.0,center,,success,1,0,0,64,2.881064389015832,339.43917951142805,0.988130471879355,14.201432808276879,38.35520126440598,23.50209992811715
H3,map-barrier-01,7019,H3_map-barrier-01_seed101,2047,0.0,center,,success,1,0,0,65,1.5912090821207825,343.98706457433843,0.9750663067520191,14.214609669407308,41.65308568909879,24.004755755459723
H3,map-barrier-01,7019,H3_map-barrier-01_seed101,2048,0.0,center,,success,1,0,0,64,2.882049341076212,339.42945373736455,0.9881587850784864,14.201511195445674,38.35478287048675,23.501446128602932
H3,map-barrier-01,7019,H3_map-barrier-01_seed101,2049,0.0,center,,success,1,0,0,65,1.7716267188568027,343.6358793788276,0.9760627942322895,14.210555100748406,38.15360412836232,23.8779539296273
H3,map-barrier-01,7019,H3_map-barrier-01_seed101,2050,0.0,center,,success,1,0,0,65,1.4977426500672704,343.79170752589846,0.9756203808368513,14.222541643843721,37.99292700790774,23.870801354259576
H3,map-barrier-01,7019,H3_map-barrier-01_seed101,2001,0.5,center,,success,1,0,0,65,0.9709876926853933,342.31800015188816,0.9798205074700873,14.430795103387085,41.348647971270246,23.711486803695458
H3,map-barrier-01,7019,H3_map-barrier-01_seed101,2002,0.5,center,,success,1,0,0,64,2.1738502786840206,340.1945354485607,0.9859364618620817,14.301564754313041,37.20718563858981,23.508262699134168
H3,map-barrier-01,7019,H3_map-barrier-01_seed101,2003,0.5,center,,success,1,0,0,65,1.5775178330300197,343.9306083682676,0.9752263638769371,14.344202395492163,40.40731854721179,23.987557625758235
H3,map-barrier-01,7019,H3_map-barrier-01_seed101,2004,0.5,center,,success,1,0,0,65,0.8579668710828099,342.7867632488852,0.9784805966426396,14.259880620297874,38.76265253209186,23.49065942073093
H3,map-barrier-01,7019,H3_map-barrier-01_seed101,2005,0.5,center,,success,1,0,0,65,1.6908553193296842,343.8791621764337,0.9753722630418645,14.372290340907453,37.244812470783216,23.59304123105214
H3,map-barrier-01,7019,H3_map-barrier-01_seed101,2006,0.5,center,,success,1,0,0,64,2.198024001385176,340.2458502872812,0.9857877659397467,14.115321797463386,39.74179216895853,23.562947235209
H3,map-barrier-01,7019,H3_map-barrier-01_seed101,2007,0.5,center,,success,1,0,0,64,2.989970018654343,339.5087548229535,0.9879279749350725,14.170061346083546,41.03442513074157,23.45849843730737
H3,map-barrier-01,7019,H3_map-barrier-01_seed101,2008,0.5,center,,success,1,0,0,64,2.6921932950109704,339.9490675737245,0.9866483794729877,14.177604091567165,39.59328957000637,23.573581311275113
H3,map-barrier-01,7019,H3_map-barrier-01_seed101,2009,0.5,center,,success,1,0,0,65,1.50084532053489,344.48396607520965,0.9736598206481978,14.232628041254877,40.79695644759829,24.04869078921653
H3,map-barrier-01,7019,H3_map-barrier-01_seed101,2010,0.5,center,,success,1,0,0,64,2.868835512533509,339.8274878302043,0.987001371685851,14.013195335030193,44.18589980440482,23.96804635905742
H3,map-barrier-01,7019,H3_map-barrier-01_seed101,2011,0.5,center,,success,1,0,0,65,1.359953878387585,343.53842980467294,0.976339668361627,14.430132359283306,40.00192618116296,23.881275098073814
H3,map-barrier-01,7019,H3_map-barrier-01_seed101,2012,0.5,center,,success,1,0,0,64,2.8191208080422725,339.7428269932485,0.9872473234928191,14.124014130020843,40.935942945906824,23.924916531283284
H3,map-barrier-01,7019,H3_map-barrier-01_seed101,2013,0.5,center,,success,1,0,0,65,1.3112137297681323,343.79164953225114,0.9756205454126471,14.311644364667846,38.04933779595263,24.019385135490836
H3,map-barrier-01,7019,H3_map-barrier-01_seed101,2014,0.5,center,,success,1,0,0,64,1.307430007083856,340.96867249283844,0.9836979866002595,14.434036581765639,40.96163433604642,24.002197561066307
H3,map-barrier-01,7019,H3_map-barrier-01_seed101,2015,0.5,center,,success,1,0,0,65,1.140582962866429,342.1674864560516,0.9802515139557216,14.839319407118301,39.20052757505115,23.414865108816524
H3,map-barrier-01,7019,H3_map-barrier-01_seed101,2016,0.5,center,,success,1,0,0,64,1.7269426553321796,340.48396844303664,0.9850983532608907,14.014743843609565,43.87873000060829,23.796157787169367
H3,map-barrier-01,7019,H3_map-barrier-01_seed101,2017,0.5,center,,success,1,0,0,64,1.7767181184273886,341.0300767956726,0.9835208664775006,14.104496248664505,40.729118864303906,23.743022431249443
H3,map-barrier-01,7019,H3_map-barrier-01_seed101,2018,0.5,center,,success,1,0,0,65,0.9794984501771731,342.68174008204625,0.9787804758568788,14.695380336401165,40.29865437082491,23.83536530293697
H3,map-barrier-01,7019,H3_map-barrier-01_seed101,2019,0.5,center,,success,1,0,0,64,2.414793133582381,340.71280392394647,0.9844367243088357,14.279228139977995,38.08383887997055,23.738490016907072
H3,map-barrier-01,7019,H3_map-barrier-01_seed101,2020,0.5,center,,success,1,0,0,65,0.9528734411662921,342.1700611789731,0.9802441378690087,14.707583978542354,38.153485800133126,23.733694750943187
H3,map-barrier-01,7019,H3_map-barrier-01_seed101,2021,0.5,center,,success,1,0,0,65,1.3422258364389867,343.2973211206227,0.9770253829248992,14.2108010400977,37.97749414972086,23.435889027903013
H3,map-barrier-01,7019,H3_map-barrier-01_seed101,2022,0.5,center,,success,1,0,0,65,0.9098159610670213,343.3246908349808,0.9769474948313099,14.182168997655692,39.05280563064669,24.213128412770573
H3,map-barrier-01,7019,H3_map-barrier-01_seed101,2023,0.5,center,,success,1,0,0,64,0.8017914363060019,341.7199452388253,0.9815353224130743,14.074979402736876,45.596534613494626,23.9316282684579
H3,map-barrier-01,7019,H3_map-barrier-01_seed101,2024,0.5,center,,success,1,0,0,65,1.4111821722296494,343.1014878940534,0.9775830430923113,14.133262446113909,37.495110843122866,23.731788002459716
H3,map-barrier-01,7019,H3_map-barrier-01_seed101,2025,0.5,center,,success,1,0,0,64,1.557818003550243,340.63043289343125,0.9846747801594816,14.074369468420326,40.43134883620726,23.641178515722533
H3,map-barrier-01,7019,H3_map-barrier-01_seed101,2026,0.5,center,,success,1,0,0,64,2.6926702363546027,340.46657105474543,0.9851486904746255,14.190581274569618,43.71082991819247,24.165643232180038
H3,map-barrier-01,7019,H3_map-barrier-01_seed101,2027,0.5,center,,success,1,0,0,64,1.457113242801635,341.0414029352959,0.983488203303586,14.19308209496932,40.192668545095835,23.737828860435624
H3,map-barrier-01,7019,H3_map-barrier-01_seed101,2028,0.5,center,,success,1,0,0,65,1.0985949499797605,342.05270966721423,0.980580440223063,14.706962331592432,41.59547438541282,24.051710231581232
H3,map-barrier-01,7019,H3_map-barrier-01_seed101,2029,0.5,center,,success,1,0,0,64,2.785707096547621,339.61407390602193,0.9876216046269721,14.332198884819272,37.10335290598264,23.26982382269575
H3,map-barrier-01,7019,H3_map-barrier-01_seed101,2030,0.5,center,,success,1,0,0,65,1.1202187640318517,342.5727577595257,0.9790918542927891,14.682563791204648,36.77609643229251,23.85372274989239
H3,map-barrier-01,7019,H3_map-barrier-01_seed101,2031,0.5,center,,success,1,0,0,65,1.5792942682486657,341.6446486397616,0.9817516473926483,14.631562423279453,42.623548966273574,23.839252291646222
H3,map-barrier-01,7019,H3_map-barrier-01_seed101,2032,0.5,center,,success,1,0,0,65,0.7625512938732488,343.0643212976034,0.9776889516120941,14.559638146475312,37.497542086455425,23.714704340375153
H3,map-barrier-01,7019,H3_map-barrier-01_seed101,2033,0.5,center,,success,1,0,0,64,1.9835905845667434,340.672177476392,0.9845541221170369,14.318242246133215,43.020266634786466,23.97611710776753
H3,map-barrier-01,7019,H3_map-barrier-01_seed101,2034,0.5,center,,success,1,0,0,64,2.313563128661044,340.8457751582225,0.9840526744662427,14.084431380090916,42.56004239567214,23.888232757815295
H3,map-barrier-01,7019,H3_map-barrier-01_seed101,2035,0.5,center,,success,1,0,0,65,1.545053658448311,343.83510983573234,0.9754972282650575,14.18944462876201,38.48987000657844,23.833880033958664
H3,map-barrier-01,7019,H3_map-barrier-01_seed101,2036,0.5,center,,success,1,0,0,64,1.517926337507244,340.9846794380715,0.9836518085730727,14.125643956941285,40.239223522488345,23.848676105455073
H3,map-barrier-01,7019,H3_map-barrier-01_seed101,2037,0.5,center,,success,1,0,0,64,1.582801233255537,341.0374398501614,0.983499632100026,14.360828492170064,40.9156915416218,23.899640868857208
H3,map-barrier-01,7019,H3_map-barrier-01_seed101,2038,0.5,center,,success,1,0,0,65,1.099577583750939,342.55498153604293,0.979142662357334,14.15207010736515,39.09217287372126,23.453590193181377
H3,map-barrier-01,7019,H3_map-barrier-01_seed101,2039,0.5,center,,success,1,0,0,65,1.0872358836759695,343.26277940403116,0.977123698664049,14.234095029024502,38.31951978118664,23.71992038348634
H3,map-barrier-01,7019,H3_map-barrier-01_seed101,2040,0.5,center,,success,1,0,0,64,2.733856016287255,339.3063164476859,0.9885173967183776,14.482586847878466,39.75260040372594,23.562297857566303
H3,map-barrier-01,7019,H3_map-barrier-01_seed101,2041,0.5,center,,success,1,0,0,65,1.0546151574674085,342.7633931478761,0.9785473108566897,14.539011961741208,35.91044454104731,23.598120051538075
H3,map-barrier-01,7019,H3_map-barrier-01_seed101,2042,0.5,center,,success,1,0,0,65,0.8236142463154112,342.59784417540743,0.979020161181286,14.546686151038573,37.59038496047319,23.49610070793601
H3,map-barrier-01,7019,H3_map-barrier-01_seed101,2043,0.5,center,,success,1,0,0,64,2.711725394229473,339.4371064514107,0.9881365067345144,14.268212477328932,42.713885349593134,23.539058070460992
H3,map-barrier-01,7019,H3_map-barrier-01_seed101,2044,0.5,center,,success,1,0,0,65,2.0793695283264513,340.38081213966035,0.9853968985988187,14.94443856673191,38.67393538961022,23.369799499746527
H3,map-barrier-01,7019,H3_map-barrier-01_seed101,2045,0.5,center,,success,1,0,0,64,1.8287519120365714,340.45662945840184,0.9851774575767221,14.164788154264734,37.52504254859448,23.553533223445584
H3,map-barrier-01,7019,H3_map-barrier-01_seed101,2046,0.5,center,,success,1,0,0,65,1.2654246089581505,343.9949205515898,0.9750440386943624,14.181554578524318,39.19357673882116,24.205621602731686
H3,map-barrier-01,7019,H3_map-barrier-01_seed101,2047,0.5,center,,success,1,0,0,65,0.8924391516210264,342.3421301117931,0.9797514448935603,14.477879490594221,41.31815922059099,23.891510277588647
H3,map-barrier-01,7019,H3_map-barrier-01_seed101,2048,0.5,center,,success,1,0,0,64,2.773476445081891,339.3298246058812,0.988448914016134,14.282077734755248,38.46990919107959,23.457566161894814
H3,map-barrier-01,7019,H3_map-barrier-01_seed101,2049,0.5,center,,success,1,0,0,65,0.7963718934974092,343.04312089803517,0.9777493737432051,14.232972790852953,39.05321794829286,24.10385490997836
H3,map-barrier-01,7019,H3_map-barrier-01_seed101,2050,0.5,center,,success,1,0,0,64,2.236888631997456,340.0788735960127,0.9862717818320279,14.173268553319518,36.17125869740982,23.37954154526108
H3,map-barrier-01,7019,H3_map-barrier-01_seed101,2001,1.5,center,,success,1,0,0,66,0.7652476452503171,343.1900437190007,0.9773307902241993,14.469062753448545,41.723107116925846,23.47393731171858
H3,map-barrier-01,7019,H3_map-barrier-01_seed101,2002,1.5,center,,success,1,0,0,64,1.0269665341628864,341.2807672588615,0.9827984135143479,14.774100508231056,35.89995553526767,23.631780736105398
H3,map-barrier-01,7019,H3_map-barrier-01_seed101,2003,1.5,center,,success,1,0,0,65,0.8461002754617435,344.11569129552066,0.9747018375193008,14.615585630834293,41.46605415772938,24.276647310115038
H3,map-barrier-01,7019,H3_map-barrier-01_seed101,2004,1.5,center,,success,1,0,0,65,2.917853803724463,339.7130690057597,0.987333803808654,14.641858438395476,41.78898628902993,23.016635942919677
H3,map-barrier-01,7019,H3_map-barrier-01_seed101,2005,1.5,center,,success,1,0,0,65,1.9859800533091994,343.34189883990365,0.9768985310510162,14.580418257500035,37.39062583612042,23.098565837815606
H3,map-barrier-01,7019,H3_map-barrier-01_seed101,2006,1.5,center,,success,1,0,0,64,0.46413444659578085,342.01464704962723,0.9806895684683924,14.106826852718708,39.157163511156426,23.63441913547029
H3,map-barrier-01,7019,H3_map-barrier-01_seed101,2007,1.5,center,,success,1,0,0,64,2.9082714117461803,339.16514598145824,0.9889288466076788,14.320533549927122,40.27962068784278,23.192212309104615
H3,map-barrier-01,7019,H3_map-barrier-01_seed101,2008,1.5,center,,success,1,0,0,64,1.656804874754209,340.98824145455364,0.983641533192491,14.418767425771323,38.52688836871058,23.64091646252728
H3,map-barrier-01,7019,H3_map-barrier-01_seed101,2009,1.5,center,,success,1,0,0,65,1.5903120173321132,345.3245739814195,0.9712896848256606,14.264683233153406,40.32185978106829,24.364693660649635
H3,map-barrier-01,7019,H3_map-barrier-01_seed101,2010,1.5,center,,success,1,0,0,64,2.3273453056551014,341.09230954079334,0.9833414217885047,13.584680816741436,44.28633928655445,24.428263367160067
H3,map-barrier-01,7019,H3_map-barrier-01_seed101,2011,1.5,center,,success,1,0,0,65,0.792497689698824,342.5923181207162,0.9790359528925077,14.995337641758837,41.955478684764984,23.852914606530888
H3,map-barrier-01,7019,H3_map-barrier-01_seed101,2012,1.5,center,,success,1,0,0,64,2.4241787221309083,341.01119059507107,0.9835753367497156,13.884546732728069,38.591415554052176,24.66559709244701
H3,map-barrier-01,7019,H3_map-barrier-01_seed101,2013,1.5,center,,success,1,0,0,65,0.41162467440630973,343.4757353536208,0.9765178791440724,14.50403178239227,37.76898191910738,24.346677326361437
H3,map-barrier-01,7019,H3_map-barrier-01_seed101,2014,1.5,center,,success,1,0,0,63,2.067189033699611,340.2779801311842,0.9856946855499168,13.97336325995945,39.997967106719855,24.663100501261702
H3,map-barrier-01,7019,H3_map-barrier-01_seed101,2015,1.5,center,,success,1,0,0,66,0.8807791232880893,342.4896720653767,0.9793293754006783,14.984832326086254,38.11471312421133,22.75132403796961
H3,map-barrier-01,7019,H3_map-barrier-01_seed101,2016,1.5,center,,success,1,0,0,63,2.855547907515323,338.8740837825581,0.9897782470735877,13.698418378768757,43.80997909720306,23.86435796110679
H3,map-barrier-01,7019,H3_map-barrier-01_seed101,2017,1.5,center,,success,1,0,0,64,1.9965843275697244,344.2609429655162,0.9742905882255882,14.176757378046686,42.34846609322226,24.12959672430438
H3,map-barrier-01,7019,H3_map-barrier-01_seed101,2018,1.5,center,,success,1,0,0,66,0.8147091432336918,343.49301556016405,0.976468753165143,15.448182414837149,40.58534369565611,23.878606971152294
H3,map-barrier-01,7019,H3_map-barrier-01_seed101,2019,1.5,center,,success,1,0,0,64,0.6094382411200265,343.0841377096675,0.977632480662242,14.591590241873929,38.7183936497723,24.24842168012849
H3,map-barrier-01,7019,H3_map-barrier-01_seed101,2020,1.5,center,,success,1,0,0,66,0.8613264151859137,343.3295169720043,0.9769337620112588,15.258087152585114,38.374295254948635,23.67106744918775
H3,map-barrier-01,7019,H3_map-barrier-01_seed101,2021,1.5,center,,success,1,0,0,65,0.6877350099254428,341.5906782542113,0.981906761446683,14.408892687177941,39.86438291384202,22.72830579252829
H3,map-barrier-01,7019,H3_map-barrier-01_seed101,2022,1.5,center,,success,1,0,0,65,0.923812109132013,342.78682187419594,0.9784804292974404,14.08938508316395,40.60547066158482,24.699260340123523
H3,map-barrier-01,7019,H3_map-barrier-01_seed101,2023,1.5,center,,success,1,0,0,63,0.6649815982045304,341.7642617421366,0.9814080469245718,13.183237568391267,44.89751071818533,24.255112622446422
H3,map-barrier-01,7019,H3_map-barrier-01_seed101,2024,1.5,center,,success,1,0,0,65,1.0934550871512176,341.3943837438643,0.9824713369526736,14.191392565870142,39.301636084093545,23.403177789715496
H3,map-barrier-01,7019,H3_map-barrier-01_seed101,2025,1.5,center,,success,1,0,0,63,2.9321976947939485,338.7751480331972,0.9900673014896034,13.69010901554797,39.140247131493986,23.53642932602741
H3,map-barrier-01,7019,H3_map-barrier-01_seed101,2026,1.5,center,,success,1,0,0,64,1.4054702926726796,342.5813567593025,0.97906727849358,14.011786431719106,43.446877289605105,25.112289213894464
H3,map-barrier-01,7019,H3_map-barrier-01_seed101,2027,1.5,center,,success,1,0,0,63,2.791202476419327,339.4397218475503,0.9881288931046451,14.341265420862559,42.175145222895026,23.834496498349043
H3,map-barrier-01,7019,H3_map-barrier-01_seed101,2028,1.5,center,,success,1,0,0,66,2.5784470072210897,341.9321279480928,0.9809262400633076,15.223620587797226,41.6375350276002,24.12686270471838
H3,map-barrier-01,7019,H3_map-barrier-01_seed101,2029,1.5,center,,success,1,0,0,64,2.0174799187106993,339.989843020736,0.98653004938301,14.511415251104783,36.43796807214406,22.955070036433554
H3,map-barrier-01,7019,H3_map-barrier-01_seed101,2030,1.5,center,,success,1,0,0,66,0.992676069182679,343.7416656616056,0.9757624115173776,14.876006129177414,36.53956129120725,24.171693674713463
H3,map-barrier-01,7019,H3_map-barrier-01_seed101,2031,1.5,center,,success,1,0,0,66,2.3542808915264466,341.79677921412156,0.9813146788456069,14.780238105047102,42.98899779434084,23.513291818633537
H3,map-barrier-01,7019,H3_map-barrier-01_seed101,2032,1.5,center,,success,1,0,0,65,2.7057549926498266,340.9539041730211,0.9837405951942424,14.87312319969927,37.42927822739122,23.315340473263007
H3,map-barrier-01,7019,H3_map-barrier-01_seed101,2033,1.5,center,,success,1,0,0,64,0.4497327652160794,343.28708217610813,0.9770545238661245,13.87591891626308,41.39424437766293,24.815624683874745
H3,map-barrier-01,7019,H3_map-barrier-01_seed101,2034,1.5,center,,success,1,0,0,64,0.6836421662563892,343.4461084957302,0.9766021169785314,13.653273964846802,41.960138221629244,24.40943952814929
H3,map-barrier-01,7019,H3_map-barrier-01_seed101,2035,1.5,center,,success,1,0,0,65,1.2985609910072171,343.8737725583975,0.9753875502907343,14.123180106760177,38.707662633669024,23.77673603219691
H3,map-barrier-01,7019,H3_map-barrier-01_seed101,2036,1.5,center,,success,1,0,0,63,2.3898433659401146,340.02822414629884,0.9864186935277954,13.217101498114616,38.977902109009605,24.300780363653747
H3,map-barrier-01,7019,H3_map-barrier-01_seed101,2037,1.5,center,,success,1,0,0,64,1.437543693362309,343.90794421903183,0.9752906330403022,13.828656459487098,40.68034007958026,24.79120610125724
H3,map-barrier-01,7019,H3_map-barrier-01_seed101,2038,1.5,center,,success,1,0,0,65,2.1474590137404332,339.79566426813534,0.9870938092967948,14.414770143327742,41.26751971393169,22.904956210243384
H3,map-barrier-01,7019,H3_map-barrier-01_seed101,2039,1.5,center,,success,1,0,0,65,0.971095510869273,342.1105619262418,0.9804146201638816,14.249619531144571,38.96809440490252,23.444289136940025
H3,map-barrier-01,7019,H3_map-barrier-01_seed101,2040,1.5,center,,success,1,0,0,64,2.850638209620569,339.12272954476555,0.9890525388115956,15.00717299397038,39.45629547833027,23.645271815982237
H3,map-barrier-01,7019,H3_map-barrier-01_seed101,2041,1.5,center,,success,1,0,0,65,1.7699226509526436,340.7663283085682,0.9842820982044046,15.40319376734966,35.880804183241295,23.053136669235478
H3,map-barrier-01,7019,H3_map-barrier-01_seed101,2042,1.5,center,,success,1,0,0,65,2.1252703881978183,340.3682077337107,0.9854333894996999,14.521575302439885,34.768198237226564,22.699077914354714
H3,map-barrier-01,7019,H3_map-barrier-01_seed101,2043,1.5,center,,success,1,0,0,64,2.1507565490293463,339.57385352338594,0.9877385821811198,14.53831681714388,43.84743879224651,23.268945044372927
H3,map-barrier-01,7019,H3_map-barrier-01_seed101,2044,1.5,center,,success,1,0,0,67,1.2231458866128648,342.2285065720848,0.980076732895773,15.338552059620634,38.291833030886295,22.950153227063026
H3,map-barrier-01,7019,H3_map-barrier-01_seed101,2045,1.5,center,,success,1,0,0,64,1.475935933644685,343.1188859065275,0.9775334742615741,14.064145623338938,37.01191239299398,23.72319077592817
H3,map-barrier-01,7019,H3_map-barrier-01_seed101,2046,1.5,center,,success,1,0,0,65,0.524707324601509,344.6113573451397,0.9732998912425398,13.937164352329603,38.68991247745522,25.18386909824573
H3,map-barrier-01,7019,H3_map-barrier-01_seed101,2047,1.5,center,,success,1,0,0,66,0.7820195407511803,343.2183351104799,0.9772502291201953,15.180917351377664,41.350605127763714,23.97938101266578
H3,map-barrier-01,7019,H3_map-barrier-01_seed101,2048,1.5,center,,success,1,0,0,64,2.8088090071394203,338.9621282929533,0.9895211548090262,14.476204667685726,38.91296077053204,23.452870704475245
H3,map-barrier-01,7019,H3_map-barrier-01_seed101,2049,1.5,center,,success,1,0,0,65,2.1536072457719224,341.7587706519672,0.981423815356991,14.125429234301581,36.89640074361658,24.239119368018272
H3,map-barrier-01,7019,H3_map-barrier-01_seed101,2050,1.5,center,,success,1,0,0,64,0.9706357120715221,341.52960523905915,0.9820823480008203,14.312699270907084,36.085925908666475,23.145940365750693
H3,map-barrier-01,7019,H3_map-barrier-01_seed101,2001,2.0,center,,success,1,0,0,66,2.1789661469396933,341.4531042840072,0.9823023789117099,14.387885075402348,41.87792090930259,23.024925546804106
H3,map-barrier-01,7019,H3_map-barrier-01_seed101,2002,2.0,center,,success,1,0,0,64,0.760968597315224,341.7492812728392,0.9814510666291355,15.006450532828492,35.6017136069476,23.616120958150102
H3,map-barrier-01,7019,H3_map-barrier-01_seed101,2003,2.0,center,,success,1,0,0,65,0.5400043632651068,344.30449233597193,0.9741673550331594,14.638787719818287,40.79211927369398,24.49178569166091
H3,map-barrier-01,7019,H3_map-barrier-01_seed101,2004,2.0,center,,success,1,0,0,66,0.8863790141752084,342.64352955325285,0.9788896263772575,14.64135552039832,42.128906565868704,23.094893255923065
H3,map-barrier-01,7019,H3_map-barrier-01_seed101,2005,2.0,center,,success,1,0,0,65,2.0904470818295806,343.1251917434907,0.9775155094870164,14.610510025912074,37.40575693019013,22.88793819929937
H3,map-barrier-01,7019,H3_map-barrier-01_seed101,2006,2.0,center,,success,1,0,0,64,1.2824726478116986,343.203549092631,0.9772923313635107,13.755574436214,39.52492908203854,23.75447003202465
H3,map-barrier-01,7019,H3_map-barrier-01_seed101,2007,2.0,center,,success,1,0,0,64,2.8433289138313063,339.0553824581678,0.9892489958225363,14.410396169727258,42.0689205518772,23.07367630799129
H3,map-barrier-01,7019,H3_map-barrier-01_seed101,2008,2.0,center,,success,1,0,0,64,1.1362207311037844,341.63781831850747,0.9817712754279065,14.61492633105431,38.80732242617456,23.73225931799985
H3,map-barrier-01,7019,H3_map-barrier-01_seed101,2009,2.0,center,,success,1,0,0,64,2.982255408447045,341.1637663095389,0.9831354608761407,14.250129731241325,39.052449585068224,24.195422822842826
H3,map-barrier-01,7019,H3_map-barrier-01_seed101,2010,2.0,center,,success,1,0,0,64,1.8544370213464128,341.86440371935214,0.9811205641062234,13.408416213664022,43.532679999850046,24.57982200211641
H3,map-barrier-01,7019,H3_map-barrier-01_seed101,2011,2.0,center,,success,1,0,0,65,0.9534872842719693,342.18465816724586,0.9802023223993687,15.195305392289564,41.582855421148984,23.847097234457124
H3,map-barrier-01,7019,H3_map-barrier-01_seed101,2012,2.0,center,,success,1,0,0,64,1.8407986746382534,341.91520585955055,0.9809747881255267,13.45168190022125,38.17412447925134,25.101769074972548
H3,map-barrier-01,7019,H3_map-barrier-01_seed101,2013,2.0,center,,success,1,0,0,65,1.129059032043125,343.26119399395384,0.9771282116756733,14.563065568942235,37.45481053363148,24.47169637805377
H3,map-barrier-01,7019,H3_map-barrier-01_seed101,2014,2.0,center,,success,1,0,0,63,0.5811078628404851,342.06314405779074,0.9805505283208814,14.010332258741593,40.33001681096869,25.198627368605685
H3,map-barrier-01,7019,H3_map-barrier-01_seed101,2015,2.0,center,,success,1,0,0,67,1.5331863654063436,344.48041311154424,0.9736698629549112,15.264539679067829,37.797620750075154,22.558000674193607
H3,map-barrier-01,7019,H3_map-barrier-01_seed101,2016,2.0,center,,success,1,0,0,63,1.11400290793511,340.72252249903926,0.9844086447966299,13.381889850702224,43.27410703229979,24.160124337651624
H3,map-barrier-01,7019,H3_map-barrier-01_seed101,2017,2.0,center,,success,1,0,0,63,1.3595953522332915,341.1223800670545,0.9832547385458462,13.989035724782218,42.87055998070892,24.107878604852974
H3,map-barrier-01,7019,H3_map-barrier-01_seed101,2018,2.0,center,,success,1,0,0,66,2.6537445829123008,341.8413376744685,0.9811867660791092,15.647459123462502,41.8617994345463,23.735211464342026
H3,map-barrier-01,7019,H3_map-barrier-01_seed101,2019,2.0,center,,success,1,0,0,64,0.8747025580532114,344.3811387239906,0.9739505417391281,14.55893924023875,38.15511519620993,24.455482370676304
H3,map-barrier-01,7019,H3_map-barrier-01_seed101,2020,2.0,center,,success,1,0,0,66,2.078368190944023,341.6843241194638,0.981637648988832,15.49475630427418,39.9760414382247,23.332690383383902
H3,map-barrier-01,7019,H3_map-barrier-01_seed101,2021,2.0,center,,success,1,0,0,65,1.0205157341656996,340.5488857412546,0.9849105684045889,14.52846293882529,39.818997492717145,22.232354019317597
H3,map-barrier-01,7019,H3_map-barrier-01_seed101,2022,2.0,center,,success,1,0,0,65,1.504497844818934,342.54137014826233,0.9791815700386576,14.106527801645154,41.55538939584555,24.94699281673325
H3,map-barrier-01,7019,H3_map-barrier-01_seed101,2023,2.0,center,,success,1,0,0,63,1.5070991769848368,343.86875052603824,0.9754017953415942,12.989467226894488,43.30288987637521,24.56230129035642
H3,map-barrier-01,7019,H3_map-barrier-01_seed101,2024,2.0,center,,success,1,0,0,65,1.5518938139464653,340.6677874334804,0.9845668096531184,14.257098752486124,43.052991111321695,23.16727608383453
H3,map-barrier-01,7019,H3_map-barrier-01_seed101,2025,2.0,center,,success,1,0,0,63,1.3136520189465961,340.2789189579322,0.9856919660263596,13.333964328239157,39.135190205144426,23.69131493505838
H3,map-barrier-01,7019,H3_map-barrier-01_seed101,2026,2.0,center,,success,1,0,0,64,0.4884805811486427,343.8268687825267,0.9755206095807428,13.57116575393573,42.81388085642191,25.53157444088636
H3,map-barrier-01,7019,H3_map-barrier-01_seed101,2027,2.0,center,,success,1,0,0,63,1.2674504149573165,341.0763021381637,0.9833875719958404,14.094252984129193,45.366797218608774,24.173054536144576
H3,map-barrier-01,7019,H3_map-barrier-01_seed101,2028,2.0,center,,success,1,0,0,67,1.244617406521993,343.94504592852877,0.9751854274262935,15.10939102549506,39.727505654087985,24.24149558193595
H3,map-barrier-01,7019,H3_map-barrier-01_seed101,2029,2.0,center,,success,1,0,0,64,1.7431963804375505,340.17345561987185,0.9859975582567909,14.697054653583493,37.16725820898559,22.831137018418328
H3,map-barrier-01,7019,H3_map-barrier-01_seed101,2030,2.0,center,,success,1,0,0,66,2.6581995471711637,342.3482899796697,0.9797338162398497,14.66686323734663,37.64531276889923,23.917254693699764
H3,map-barrier-01,7019,H3_map-barrier-01_seed101,2031,2.0,center,,success,1,0,0,67,1.2806416351502883,343.71281250630324,0.9758443224132575,15.150009518169165,43.0573457332746,23.738777847613648
H3,map-barrier-01,7019,H3_map-barrier-01_seed101,2032,2.0,center,,success,1,0,0,66,0.9729729705361595,344.07633678810294,0.9748133212413517,15.160296752996636,36.55398400130376,23.37904562885962
H3,map-barrier-01,7019,H3_map-barrier-01_seed101,2033,2.0,center,,success,1,0,0,64,1.0516725775111258,344.1388162065075,0.974636341004029,13.839047292273865,39.764485966578924,25.143231169481602
H3,map-barrier-01,7019,H3_map-barrier-01_seed101,2034,2.0,center,,success,1,0,0,64,1.7804480952605086,344.91120714266947,0.9724537494840781,13.249245533899396,41.241636543543784,24.69713190220175
H3,map-barrier-01,7019,H3_map-barrier-01_seed101,2035,2.0,center,,success,1,0,0,65,1.2232856832348324,343.9103881251163,0.9752837024014075,14.032061937678913,37.92740386179751,23.722798729489533
H3,map-barrier-01,7019,H3_map-barrier-01_seed101,2036,2.0,center,,success,1,0,0,63,0.9323033352916853,341.6340816383988,0.9817820137160145,12.828868877632152,38.933281740394804,24.792334042603798
H3,map-barrier-01,7019,H3_map-barrier-01_seed101,2037,2.0,center,,success,1,0,0,63,1.8337011099187088,340.89427197209335,0.9839126796839408,13.778318323489104,41.04619284288828,24.953065159162406
H3,map-barrier-01,7019,H3_map-barrier-01_seed101,2038,2.0,center,,success,1,0,0,66,1.7616806454651945,343.02441492827506,0.9778026928348564,14.367842093897352,40.93475559281855,23.148568872263567
H3,map-barrier-01,7019,H3_map-barrier-01_seed101,2039,2.0,center,,success,1,0,0,65,1.4408693205590444,341.42588982577416,0.9823806765096946,14.269509185603598,39.523192203326985,23.21127109676504
H3,map-barrier-01,7019,H3_map-barrier-01_seed101,2040,2.0,center,,success,1,0,0,64,2.891431187414705,339.0362652947195,0.9893047763884524,15.148821650985713,40.31064995308743,23.72472589405272
H3,map-barrier-01,7019,H3_map-barrier-01_seed101,2041,2.0,center,,success,1,0,0,65,2.5958809577830104,339.8144217052588,0.9870393226450219,15.269916908722639,35.25973916811319,22.719763687633506
H3,map-barrier-01,7019,H3_map-barrier-01_seed101,2042,2.0,center,,success,1,0,0,66,1.7839414524439223,343.4265337854131,0.9766577815869826,14.682063072072387,35.73732230494896,22.62365997924017
H3,map-barrier-01,7019,H3_map-barrier-01_seed101,2043,2.0,center,,success,1,0,0,64,1.8454118525915821,339.7418984106345,0.98725002183737,14.773869808122857,45.81018818333207,23.17175943719617
H3,map-barrier-01,7019,H3_map-barrier-01_seed101,2044,2.0,center,,success,1,0,0,68,1.2500627715817587,342.7238217620946,0.9786602953377342,15.092790231433717,38.601588991267846,22.71881833963267
H3,map-barrier-01,7019,H3_map-barrier-01_seed101,2045,2.0,center,,success,1,0,0,63,2.5085124798057676,339.534768858632,0.98785228314753,13.785146538069572,39.72822403392764,23.40718279265846
H3,map-barrier-01,7019,H3_map-barrier-01_seed101,2046,2.0,center,,success,1,0,0,65,0.692376608745007,345.17236922123607,0.9717179778372973,13.841576234779158,39.97153537257754,25.567720341988718
H3,map-barrier-01,7019,H3_map-barrier-01_seed101,2047,2.0,center,,success,1,0,0,66,2.3459260137061557,341.63582082944447,0.9817770156848277,15.138624695924257,41.808168058182964,23.79234040692686
H3,map-barrier-01,7019,H3_map-barrier-01_seed101,2048,2.0,center,,success,1,0,0,64,2.88184550699143,338.66095123444995,0.9904011531366926,14.53999208241824,39.21614708929839,23.34036790301132
H3,map-barrier-01,7019,H3_map-barrier-01_seed101,2049,2.0,center,,success,1,0,0,65,2.9025775372374354,341.38927354343167,0.9824860434060986,14.050681444330994,38.2610016275336,24.32042774150066
H3,map-barrier-01,7019,H3_map-barrier-01_seed101,2050,2.0,center,,success,1,0,0,64,1.4267535232512,342.3907002692547,0.9796124613232872,14.4615321843047,37.3967855700554,23.100909222933147
H3,map-barrier-01,7019,H3_map-barrier-01_seed211,2001,0.0,center,,collision,0,1,0,43,167.87412495570462,213.7898782946418,nan,0.9547747472222738,38.896229862740924,19.728009383045634
H3,map-barrier-01,7019,H3_map-barrier-01_seed211,2002,0.0,center,,collision,0,1,0,43,167.68630547039504,213.83731709729645,nan,0.7757823933859811,41.31567015542958,19.946326585636772
H3,map-barrier-01,7019,H3_map-barrier-01_seed211,2003,0.0,center,,collision,0,1,0,43,167.5401216074176,213.75186011540805,nan,0.7633583369668884,41.34397912086803,19.951066915199554
H3,map-barrier-01,7019,H3_map-barrier-01_seed211,2004,0.0,center,,collision,0,1,0,43,167.73991996373968,213.88081962454697,nan,0.6794020960987837,45.12571071939947,20.000536589250036
H3,map-barrier-01,7019,H3_map-barrier-01_seed211,2005,0.0,center,,success,1,0,0,92,2.696187954507354,440.3726351105234,0.7616508608460384,1.1487317216778195,58.25641216006374,26.924402129572062
H3,map-barrier-01,7019,H3_map-barrier-01_seed211,2006,0.0,center,,success,1,0,0,91,2.9196544255617036,437.6591280922013,0.7663731317270912,1.4052881554486305,54.194763879344364,26.753664287605222
H3,map-barrier-01,7019,H3_map-barrier-01_seed211,2007,0.0,center,,success,1,0,0,92,2.660988485338258,440.0102041886745,0.7622782231685382,1.1508842354900821,61.62231913190063,26.966707248713238
H3,map-barrier-01,7019,H3_map-barrier-01_seed211,2008,0.0,center,,success,1,0,0,92,2.7145284318787812,439.67414808268643,0.7628608552211039,1.267619360801973,61.78386918520553,27.020973954757036
H3,map-barrier-01,7019,H3_map-barrier-01_seed211,2009,0.0,center,,collision,0,1,0,43,167.87363287720765,213.92291642121023,nan,0.8088121230889556,48.49351645127632,20.079155354015587
H3,map-barrier-01,7019,H3_map-barrier-01_seed211,2010,0.0,center,,collision,0,1,0,43,167.70260737032146,213.64148459071606,nan,1.052474497923157,45.008434630579316,19.87050799078517
H3,map-barrier-01,7019,H3_map-barrier-01_seed211,2011,0.0,center,,collision,0,1,0,43,167.77619339727926,213.76734917014159,nan,0.9805400684800816,47.76365424424401,20.02462508797064
H3,map-barrier-01,7019,H3_map-barrier-01_seed211,2012,0.0,center,,collision,0,1,0,43,167.7802603613687,213.58584567005244,nan,1.2649485609631768,41.60660291180375,19.878244717811878
H3,map-barrier-01,7019,H3_map-barrier-01_seed211,2013,0.0,center,,collision,0,1,0,43,167.72554275887418,213.66438064315605,nan,1.0909099093341297,43.75547984919679,19.926041916943433
H3,map-barrier-01,7019,H3_map-barrier-01_seed211,2014,0.0,center,,success,1,0,0,91,2.7990848655738327,437.20834700164454,0.7671632962298106,1.413495330236401,57.558284042408,26.80973112802418
H3,map-barrier-01,7019,H3_map-barrier-01_seed211,2015,0.0,center,,collision,0,1,0,43,167.966499664715,213.97490621737168,nan,0.7587885872263485,48.13202367253349,20.07911969979289
H3,map-barrier-01,7019,H3_map-barrier-01_seed211,2016,0.0,center,,success,1,0,0,91,2.862009488504911,437.2682876362638,0.7670581336645554,1.3839953240610328,52.03760147757324,26.632486860802683
H3,map-barrier-01,7019,H3_map-barrier-01_seed211,2017,0.0,center,,success,1,0,0,92,2.758265796269435,439.9531948637469,0.7623769995097881,1.2654153316573797,59.54520163582068,26.988890929499366
H3,map-barrier-01,7019,H3_map-barrier-01_seed211,2018,0.0,center,,collision,0,1,0,43,167.98501236265656,213.90347602640676,nan,0.8108654332006608,36.65694036877482,19.70402404851876
H3,map-barrier-01,7019,H3_map-barrier-01_seed211,2019,0.0,center,,collision,0,1,0,43,168.01619062878558,213.9181324668762,nan,1.0287246965440033,41.33469875685886,19.92105075459029
H3,map-barrier-01,7019,H3_map-barrier-01_seed211,2020,0.0,center,,success,1,0,0,91,2.9955813357588807,437.6114121883283,0.7664566948739056,1.346600467772788,54.98043141890402,26.7799465057717
H3,map-barrier-01,7019,H3_map-barrier-01_seed211,2021,0.0,center,,collision,0,1,0,43,167.69428314157747,213.86928231730332,nan,0.6618085108971172,41.20677424682302,19.942036228105906
H3,map-barrier-01,7019,H3_map-barrier-01_seed211,2022,0.0,center,,collision,0,1,0,43,167.86516096847348,213.65331952178326,nan,1.2435660854891353,41.55597715851263,19.877317235505814
H3,map-barrier-01,7019,H3_map-barrier-01_seed211,2023,0.0,center,,collision,0,1,0,43,167.79638952233202,213.67103980741484,nan,1.0922534852001888,44.50808526984519,19.842327651030786
H3,map-barrier-01,7019,H3_map-barrier-01_seed211,2024,0.0,center,,collision,0,1,0,43,167.5334291453619,213.74771756967735,nan,0.7634906500982197,41.34594803483123,19.951301029326622
H3,map-barrier-01,7019,H3_map-barrier-01_seed211,2025,0.0,center,,collision,0,1,0,43,167.522371655997,213.76469990830867,nan,0.699741454925686,41.29070126309892,19.950243496392453
H3,map-barrier-01,7019,H3_map-barrier-01_seed211,2026,0.0,center,,success,1,0,0,92,2.699356143950678,439.46888414045674,0.7632171667420474,1.279475937835855,57.09912510007416,26.852633518894322
H3,map-barrier-01,7019,H3_map-barrier-01_seed211,2027,0.0,center,,success,1,0,0,92,2.724815867313362,439.581305114189,0.7630219773287215,1.2148452388991302,59.44932466271582,26.978132683616547
H3,map-barrier-01,7019,H3_map-barrier-01_seed211,2028,0.0,center,,collision,0,1,0,43,167.6849564614094,213.66141698364527,nan,0.9832398516980447,41.17053749645289,19.7600313939379
H3,map-barrier-01,7019,H3_map-barrier-01_seed211,2029,0.0,center,,collision,0,1,0,43,167.81319343500283,213.86848141770778,nan,0.900743987719494,41.39562314253996,19.945172257812448
H3,map-barrier-01,7019,H3_map-barrier-01_seed211,2030,0.0,center,,collision,0,1,0,43,168.03303188161044,213.94486794178698,nan,1.011770010171631,41.34273945960205,19.927212267826967
H3,map-barrier-01,7019,H3_map-barrier-01_seed211,2031,0.0,center,,success,1,0,0,92,2.700753701301997,439.3608521393999,0.7634048299745875,1.2613076544661226,57.883771022917934,26.85734884830128
H3,map-barrier-01,7019,H3_map-barrier-01_seed211,2032,0.0,center,,collision,0,1,0,43,167.99714453357672,213.99053369517475,nan,0.8683851655405022,41.313992586760875,19.937317098438747
H3,map-barrier-01,7019,H3_map-barrier-01_seed211,2033,0.0,center,,collision,0,1,0,43,167.5517314327252,213.69527806517505,nan,0.704800070839184,36.63378551051904,19.718371849105445
H3,map-barrier-01,7019,H3_map-barrier-01_seed211,2034,0.0,center,,success,1,0,0,92,2.7612149042442917,439.8613058856362,0.7625362634470398,1.2585530970750654,58.27721194241427,26.89038493085529
H3,map-barrier-01,7019,H3_map-barrier-01_seed211,2035,0.0,center,,collision,0,1,0,43,167.78901125743621,213.74113878787028,nan,1.0463895453622456,43.35195830815866,19.931894487697974
H3,map-barrier-01,7019,H3_map-barrier-01_seed211,2036,0.0,center,,success,1,0,0,91,2.992715891008358,437.500511901813,0.7666509809712946,1.323583795184419,54.59752542891447,26.774088843293633
H3,map-barrier-01,7019,H3_map-barrier-01_seed211,2037,0.0,center,,collision,0,1,0,43,167.65413476417478,213.84367523259795,nan,0.6787890898504543,44.85005435659998,19.99816222672435
H3,map-barrier-01,7019,H3_map-barrier-01_seed211,2038,0.0,center,,collision,0,1,0,43,167.6929191687817,213.67566290248266,nan,1.053201325064805,41.40675980950969,19.905267064732502
H3,map-barrier-01,7019,H3_map-barrier-01_seed211,2039,0.0,center,,success,1,0,0,92,2.702902605699044,439.58262559479823,0.7630196852551343,1.2886271384758743,58.83209801695238,26.955855557534186
H3,map-barrier-01,7019,H3_map-barrier-01_seed211,2040,0.0,center,,collision,0,1,0,43,167.65419118706146,213.6072195833059,nan,1.0984213885559484,48.88784799810799,20.058872879435203
H3,map-barrier-01,7019,H3_map-barrier-01_seed211,2041,0.0,center,,success,1,0,0,91,2.9977005334515545,437.3896555112615,0.7668452886315065,1.2965194767325272,54.6739638786951,26.775108268033208
H3,map-barrier-01,7019,H3_map-barrier-01_seed211,2042,0.0,center,,success,1,0,0,91,2.946995112917899,437.6838593978958,0.7663298278496696,1.3914740086426605,54.314888347853014,26.76149331494456
H3,map-barrier-01,7019,H3_map-barrier-01_seed211,2043,0.0,center,,success,1,0,0,91,2.8575964621461742,437.4007546630673,0.766825829743566,1.4136428031623325,54.42015838865838,26.677451535250015
H3,map-barrier-01,7019,H3_map-barrier-01_seed211,2044,0.0,center,,collision,0,1,0,43,167.72091327237095,213.60223297960042,nan,1.1688122060817534,47.12900190424461,19.989779312013614
H3,map-barrier-01,7019,H3_map-barrier-01_seed211,2045,0.0,center,,collision,0,1,0,43,167.55051162103376,213.7710793604482,nan,0.7288640001296471,41.3095108860235,19.949910194216983
H3,map-barrier-01,7019,H3_map-barrier-01_seed211,2046,0.0,center,,collision,0,1,0,43,167.5157492708787,213.7689631374498,nan,0.6778504740537983,41.27289374526546,19.950026824531317
H3,map-barrier-01,7019,H3_map-barrier-01_seed211,2047,0.0,center,,collision,0,1,0,43,167.92429760403684,213.66490709236606,nan,1.1633556166494543,36.23249431389905,19.65400360690712
H3,map-barrier-01,7019,H3_map-barrier-01_seed211,2048,0.0,center,,collision,0,1,0,43,167.52641755729746,213.76548655365127,nan,0.7042757024566697,41.29371121649746,19.950200851465848
H3,map-barrier-01,7019,H3_map-barrier-01_seed211,2049,0.0,center,,success,1,0,0,91,2.831067412500621,437.2832784770756,0.767031837560997,1.3975422370702688,53.970290717215455,26.732728267766056
H3,map-barrier-01,7019,H3_map-barrier-01_seed211,2050,0.0,center,,success,1,0,0,92,2.726318146919951,439.53824510818754,0.763096727890905,1.301031811940959,58.50578525027879,26.93950181634914
H3,map-barrier-01,7019,H3_map-barrier-01_seed211,2001,0.5,center,,success,1,0,0,92,2.5190070083211173,439.86297777848625,0.7625333650923449,1.2526393390079427,59.08219760866701,26.780148018293993
H3,map-barrier-01,7019,H3_map-barrier-01_seed211,2002,0.5,center,,collision,0,1,0,43,167.22826676358972,213.01270774378543,nan,-0.6179910406305567,40.58742375856217,19.8836433916943
H3,map-barrier-01,7019,H3_map-barrier-01_seed211,2003,0.5,center,,success,1,0,0,92,2.8002445399288938,439.90773174687365,0.7624557888379332,1.805967624900262,59.25265404560473,26.955409075208294
H3,map-barrier-01,7019,H3_map-barrier-01_seed211,2004,0.5,center,,collision,0,1,0,43,168.43464667618554,212.74533796560624,nan,-0.12713829367038443,44.9186719321592,19.847891190622892
H3,map-barrier-01,7019,H3_map-barrier-01_seed211,2005,0.5,center,,collision,0,1,0,43,168.0799061521485,212.45730311077978,nan,-0.5286039406807959,41.28815745207523,19.8370034772034
H3,map-barrier-01,7019,H3_map-barrier-01_seed211,2006,0.5,center,,collision,0,1,0,43,166.98186710975037,213.9033784683458,nan,0.8089218321888154,41.786193780806414,19.904070720249088
H3,map-barrier-01,7019,H3_map-barrier-01_seed211,2007,0.5,center,,collision,0,1,0,43,167.96771139940694,212.73551748919064,nan,-0.19224608945279442,46.14567666792569,19.87551467613133
H3,map-barrier-01,7019,H3_map-barrier-01_seed211,2008,0.5,center,,collision,0,1,0,43,167.54393118297338,213.28327079640948,nan,0.26173920078588253,46.5076632809165,19.983943243130206
H3,map-barrier-01,7019,H3_map-barrier-01_seed211,2009,0.5,center,,success,1,0,0,92,2.8084140274600142,440.0018033987858,0.7622927770615907,1.8075492815953567,64.31678776638604,27.10347563771175
H3,map-barrier-01,7019,H3_map-barrier-01_seed211,2010,0.5,center,,success,1,0,0,92,2.6930121986316022,439.4646284859123,0.7632245575270924,2.714625291374432,65.20254484649476,27.222415299971036
H3,map-barrier-01,7019,H3_map-barrier-01_seed211,2011,0.5,center,,collision,0,1,0,43,167.75934183508323,212.97727492153484,nan,0.0037591306434023863,47.641965974311624,19.959473813438432
H3,map-barrier-01,7019,H3_map-barrier-01_seed211,2012,0.5,center,,success,1,0,0,92,2.7440631941155904,438.6912334871075,0.7645700917222128,2.665258328790202,62.506818562095,27.13824923132694
H3,map-barrier-01,7019,H3_map-barrier-01_seed211,2013,0.5,center,,success,1,0,0,92,2.5960891890060096,439.40852185995556,0.7633220111554129,2.5994423371959385,64.23949337245507,27.077559246650807
H3,map-barrier-01,7019,H3_map-barrier-01_seed211,2014,0.5,center,,collision,0,1,0,43,166.33160017863813,214.70741648720428,nan,1.664319722840645,50.142755950739016,20.17119246896978
H3,map-barrier-01,7019,H3_map-barrier-01_seed211,2015,0.5,center,,success,1,0,0,91,2.757251507531917,436.5158585939275,0.7683803234672091,0.7893212813856962,62.8677196870651,26.860527346624984
H3,map-barrier-01,7019,H3_map-barrier-01_seed211,2016,0.5,center,,collision,0,1,0,43,166.8558019369631,213.8644514528879,nan,1.014834956606876,37.207066911664015,19.728555108332394
H3,map-barrier-01,7019,H3_map-barrier-01_seed211,2017,0.5,center,,collision,0,1,0,43,167.4577622027201,214.0823886466253,nan,0.9953640075428609,41.276022393811076,19.915986028622363
H3,map-barrier-01,7019,H3_map-barrier-01_seed211,2018,0.5,center,,success,1,0,0,92,2.394849050773924,439.58119046096573,0.7630221763429901,0.7575970893197389,58.81009720269919,26.778652977650665
H3,map-barrier-01,7019,H3_map-barrier-01_seed211,2019,0.5,center,,collision,0,1,0,43,167.5027745588145,214.85342838042885,nan,1.771057692949995,42.15085551199422,20.027684947012624
H3,map-barrier-01,7019,H3_map-barrier-01_seed211,2020,0.5,center,,success,1,0,0,91,2.8282665210078166,437.65915524264904,0.7663730841846751,1.402180920581077,55.1608633682963,26.770363592285765
H3,map-barrier-01,7019,H3_map-barrier-01_seed211,2021,0.5,center,,collision,0,1,0,43,168.03552899795108,211.8580780119789,nan,-0.5074917932342657,39.578815131692686,19.753521669917998
H3,map-barrier-01,7019,H3_map-barrier-01_seed211,2022,0.5,center,,success,1,0,0,92,2.683409218137077,439.81508767556306,0.7626163949891356,2.869775729206907,62.27351459821131,27.104022590942446
H3,map-barrier-01,7019,H3_map-barrier-01_seed211,2023,0.5,center,,collision,0,1,0,43,166.3362926078138,214.72638057916174,nan,1.2789483304255782,44.52425915157562,19.910475838589022
H3,map-barrier-01,7019,H3_map-barrier-01_seed211,2024,0.5,center,,collision,0,1,0,43,167.6222971002188,212.92288148007827,nan,-0.13568683444560747,40.964696934604405,19.82775920459857
H3,map-barrier-01,7019,H3_map-barrier-01_seed211,2025,0.5,center,,collision,0,1,0,43,166.3495930821889,214.58031464836904,nan,0.7906500283843627,41.3264244769408,19.956922872220147
H3,map-barrier-01,7019,H3_map-barrier-01_seed211,2026,0.5,center,,success,1,0,0,92,2.835277271757096,439.4410694438839,0.7632654750486401,2.582775989088958,59.264008762740225,26.958438716391008
H3,map-barrier-01,7019,H3_map-barrier-01_seed211,2027,0.5,center,,collision,0,1,0,43,167.11758979286031,214.22860484783192,nan,1.125851885142481,41.40344053276546,19.980327493732677
H3,map-barrier-01,7019,H3_map-barrier-01_seed211,2028,0.5,center,,success,1,0,0,91,2.341250776311146,437.3126786069908,0.7669802707147185,1.9369880509385318,54.12793253504813,26.60952237667493
H3,map-barrier-01,7019,H3_map-barrier-01_seed211,2029,0.5,center,,collision,0,1,0,43,167.7952827559432,212.87091870955612,nan,-0.390560346766506,41.13256323487234,19.89198058269597
H3,map-barrier-01,7019,H3_map-barrier-01_seed211,2030,0.5,center,,success,1,0,0,91,2.464317801270892,437.7756108888678,0.7661692161058158,1.7087900788845616,54.19084330590967,26.703061699866147
H3,map-barrier-01,7019,H3_map-barrier-01_seed211,2031,0.5,center,,success,1,0,0,91,2.843366334406163,437.89040137301043,0.7659683691930353,2.390881298863544,55.96622408006085,26.720363921943953
H3,map-barrier-01,7019,H3_map-barrier-01_seed211,2032,0.5,center,,success,1,0,0,92,2.7156296441316288,440.95305882716497,0.7606483046451327,1.013960640331956,59.35616153401576,26.930225905962498
H3,map-barrier-01,7019,H3_map-barrier-01_seed211,2033,0.5,center,,collision,0,1,0,43,166.39837917045585,214.74562467205035,nan,1.0430342766408103,37.18643635951795,19.79523684019534
H3,map-barrier-01,7019,H3_map-barrier-01_seed211,2034,0.5,center,,collision,0,1,0,43,167.07938911051988,214.80738714134705,nan,1.6750917011823958,38.802065702489,19.809593074628545
H3,map-barrier-01,7019,H3_map-barrier-01_seed211,2035,0.5,center,,success,1,0,0,92,2.8839269118586137,440.0538307967401,0.7622026514749141,1.7361754949714339,62.01319737050824,26.977097915157312
H3,map-barrier-01,7019,H3_map-barrier-01_seed211,2036,0.5,center,,collision,0,1,0,43,166.31826023054361,214.6939194998826,nan,1.296220700201843,41.75105638309213,19.95632384404721
H3,map-barrier-01,7019,H3_map-barrier-01_seed211,2037,0.5,center,,collision,0,1,0,43,166.06042060693295,214.48803006913442,nan,0.21233285544664682,44.74196840381351,20.02889235476574
H3,map-barrier-01,7019,H3_map-barrier-01_seed211,2038,0.5,center,,collision,0,1,0,43,168.17218558035378,212.37909788522052,nan,-0.11652327276081564,40.848416866916146,19.814607112901598
H3,map-barrier-01,7019,H3_map-barrier-01_seed211,2039,0.5,center,,success,1,0,0,91,2.5521967877933998,438.15758279907584,0.7655012940373468,1.0153905656462712,54.250802217715176,26.784811733986427
H3,map-barrier-01,7019,H3_map-barrier-01_seed211,2040,0.5,center,,collision,0,1,0,43,167.15317917825294,213.16408230044917,nan,0.1881130443852328,48.41446032793465,20.004344169406618
H3,map-barrier-01,7019,H3_map-barrier-01_seed211,2041,0.5,center,,success,1,0,0,91,2.479006877092578,437.9852436309096,0.7658025047702721,0.8430544574415819,54.67443351652417,26.759942050169194
H3,map-barrier-01,7019,H3_map-barrier-01_seed211,2042,0.5,center,,success,1,0,0,91,2.8823341675760843,437.74659084719804,0.7662200086489044,0.8904175911592243,57.390283450762254,26.89803532193022
H3,map-barrier-01,7019,H3_map-barrier-01_seed211,2043,0.5,center,,collision,0,1,0,43,167.28919031160592,212.94979404077375,nan,0.13597417492806585,42.132856888952986,19.734916469311763
H3,map-barrier-01,7019,H3_map-barrier-01_seed211,2044,0.5,center,,success,1,0,0,92,2.481476637415475,439.6221036594187,0.7629511660878985,1.75109591238061,62.64034780864748,26.96920314116305
H3,map-barrier-01,7019,H3_map-barrier-01_seed211,2045,0.5,center,,collision,0,1,0,43,166.68382180206666,213.68882078749914,nan,-0.024088570377386986,41.00183763914803,19.911941802285195
H3,map-barrier-01,7019,H3_map-barrier-01_seed211,2046,0.5,center,,success,1,0,0,92,2.7129207870876395,440.60240878021756,0.7612536607630729,2.9552168916785604,62.01900228730227,27.120662217008874
H3,map-barrier-01,7019,H3_map-barrier-01_seed211,2047,0.5,center,,success,1,0,0,91,2.461622973135326,437.5322424495376,0.7665953821989535,1.7367188809991205,51.29384408945274,26.566520979000874
H3,map-barrier-01,7019,H3_map-barrier-01_seed211,2048,0.5,center,,collision,0,1,0,43,167.80532038384354,212.22143872385968,nan,-0.786613865989807,40.48989005910214,19.77856784362364
H3,map-barrier-01,7019,H3_map-barrier-01_seed211,2049,0.5,center,,success,1,0,0,91,2.858032840052607,437.1359668517294,0.7672903216832192,3.071347204218256,58.46452945565896,26.977182066838303
H3,map-barrier-01,7019,H3_map-barrier-01_seed211,2050,0.5,center,,collision,0,1,0,43,167.54363380155286,212.8487818508356,nan,-0.16348470328702547,40.843858153080674,19.84220302890291
H3,map-barrier-01,7019,H3_map-barrier-01_seed211,2001,1.5,center,,success,1,0,0,92,2.6920708743665314,440.2962480214746,0.7617829998147282,3.251958681102366,59.40006945310136,26.86701834013397
H3,map-barrier-01,7019,H3_map-barrier-01_seed211,2002,1.5,center,,collision,0,1,0,43,166.27901195327817,211.43696325316742,nan,-2.1300965471035624,37.00463501507829,19.6920354188408
H3,map-barrier-01,7019,H3_map-barrier-01_seed211,2003,1.5,center,,success,1,0,0,147,2.9920620049558737,458.45645510123927,0.731607534135169,3.8750634588770083,61.54052509989386,21.008096513106878
H3,map-barrier-01,7019,H3_map-barrier-01_seed211,2004,1.5,center,,success,1,0,0,88,2.322665517236209,428.1334148868036,0.7834244769557389,1.3266781827157672,55.98870089321634,26.071464337489545
H3,map-barrier-01,7019,H3_map-barrier-01_seed211,2005,1.5,center,,collision,0,1,0,43,167.95861594689003,209.66942653853803,nan,-0.37678620642662963,35.054522884571185,19.505544301428774
H3,map-barrier-01,7019,H3_map-barrier-01_seed211,2006,1.5,center,,collision,0,1,0,43,164.7225261213773,214.05897223796316,nan,-0.7144793615509286,41.989381812791926,19.814260390086833
H3,map-barrier-01,7019,H3_map-barrier-01_seed211,2007,1.5,center,,collision,0,1,0,43,167.81331093427974,210.56541093724192,nan,-0.6188273329408673,43.769219445796665,19.690035263053957
H3,map-barrier-01,7019,H3_map-barrier-01_seed211,2008,1.5,center,,collision,0,1,0,43,166.4178295624181,212.17005338375654,nan,-1.9858857215021146,44.56542149899255,19.859157748507748
H3,map-barrier-01,7019,H3_map-barrier-01_seed211,2009,1.5,center,,success,1,0,0,215,2.9766062958225334,461.36321289367964,0.7269981378039848,2.5523390790369547,50.96977080833388,14.848116301942373
H3,map-barrier-01,7019,H3_map-barrier-01_seed211,2010,1.5,center,,success,1,0,0,133,2.97893409334583,455.14826542048706,0.7369251343078305,2.2901382863435815,58.429605111668195,22.34708315829209
H3,map-barrier-01,7019,H3_map-barrier-01_seed211,2011,1.5,center,,collision,0,1,0,43,167.75518963071093,211.36306514538907,nan,-0.7539227974723985,47.43721297673617,19.805826306202544
H3,map-barrier-01,7019,H3_map-barrier-01_seed211,2012,1.5,center,,success,1,0,0,123,2.980861709669589,453.45953384288714,0.7396695219582263,1.3511561504822045,57.855572773826346,23.507887059146274
H3,map-barrier-01,7019,H3_map-barrier-01_seed211,2013,1.5,center,,success,1,0,0,187,2.97118381159218,464.4831037080347,0.7221149573522506,3.1066608323129064,54.61284473837167,16.922535441239663
H3,map-barrier-01,7019,H3_map-barrier-01_seed211,2014,1.5,center,,collision,0,1,0,42,166.84352850322603,209.902470137834,nan,-1.5382853145591753,43.496372713735276,20.0223056738596
H3,map-barrier-01,7019,H3_map-barrier-01_seed211,2015,1.5,center,,success,1,0,0,91,2.365726663057318,433.8600161522273,0.7730839075691271,3.12424306809973,60.41831696789083,26.515933456434812
H3,map-barrier-01,7019,H3_map-barrier-01_seed211,2016,1.5,center,,collision,0,1,0,43,164.93256728491636,214.36657175597233,nan,0.09164589371886223,36.72988815739251,19.847003330735973
H3,map-barrier-01,7019,H3_map-barrier-01_seed211,2017,1.5,center,,collision,0,1,0,43,165.9865570116128,214.48678328739007,nan,0.3483092762029685,40.7715992941967,19.94972445608577
H3,map-barrier-01,7019,H3_map-barrier-01_seed211,2018,1.5,center,,success,1,0,0,91,1.9320140141951638,436.85464342567997,0.7677844373926868,2.8844214580419294,57.803647721177725,26.431078769257322
H3,map-barrier-01,7019,H3_map-barrier-01_seed211,2019,1.5,center,,collision,0,1,0,43,166.4394855155631,216.98337855240626,nan,1.6780957391309528,43.12360543246955,20.507805408014615
H3,map-barrier-01,7019,H3_map-barrier-01_seed211,2020,1.5,center,,success,1,0,0,91,2.3838677928509338,437.6988288601614,0.7663036190853673,2.682037240277343,56.40530331173697,26.74367441326607
H3,map-barrier-01,7019,H3_map-barrier-01_seed211,2021,1.5,center,,collision,0,1,0,44,165.26490627331384,215.26527961349802,nan,0.2941865372753796,41.207702020498445,19.523919064286986
H3,map-barrier-01,7019,H3_map-barrier-01_seed211,2022,1.5,center,,success,1,0,0,92,2.8582273756351677,439.8070714093974,0.7626302950294076,4.771693167512362,53.02364760063435,27.179996085251243
H3,map-barrier-01,7019,H3_map-barrier-01_seed211,2023,1.5,center,,collision,0,1,0,42,167.25296213999707,209.530529679135,nan,-1.0957272852521385,39.76147900935531,19.96568410290271
H3,map-barrier-01,7019,H3_map-barrier-01_seed211,2024,1.5,center,,collision,0,1,0,43,167.74851904304944,211.32428887833137,nan,-0.7654539805608636,40.27993468699863,19.62520663494817
H3,map-barrier-01,7019,H3_map-barrier-01_seed211,2025,1.5,center,,collision,0,1,0,42,167.84467530639742,208.73628805829892,nan,-0.44831557980083403,37.75107737145803,19.9955715537413
H3,map-barrier-01,7019,H3_map-barrier-01_seed211,2026,1.5,center,,success,1,0,0,125,2.983088448800129,456.56276933224154,0.7346420232984215,1.5786224114237086,53.89800867952159,23.503309153542666
H3,map-barrier-01,7019,H3_map-barrier-01_seed211,2027,1.5,center,,collision,0,1,0,43,165.47902995793095,215.09424661122353,nan,0.8367616087129477,41.47847436505584,20.14216707276478
H3,map-barrier-01,7019,H3_map-barrier-01_seed211,2028,1.5,center,,success,1,0,0,90,2.096376774802546,435.296752867315,0.7705322734792064,4.638609327544971,59.81389454527803,26.7648105702596
H3,map-barrier-01,7019,H3_map-barrier-01_seed211,2029,1.5,center,,collision,0,1,0,43,167.58321657800636,211.0111951653642,nan,-0.8525007448779718,41.1363126443709,19.844888342094464
H3,map-barrier-01,7019,H3_map-barrier-01_seed211,2030,1.5,center,,success,1,0,0,90,2.880093437526275,436.15222331776005,0.7690209488640033,3.5225661921444966,58.766347758436474,26.621052843750444
H3,map-barrier-01,7019,H3_map-barrier-01_seed211,2031,1.5,center,,success,1,0,0,229,2.978375040024149,466.5677717028618,0.7188884808755666,5.673317076151781,52.686381638160746,14.555149249232993
H3,map-barrier-01,7019,H3_map-barrier-01_seed211,2032,1.5,center,,success,1,0,0,91,2.7041374782000482,439.1096656971718,0.7638415248556183,2.933052155371631,54.390738125005875,26.71909315698199
H3,map-barrier-01,7019,H3_map-barrier-01_seed211,2033,1.5,center,,collision,0,1,0,42,167.61476300573335,209.6936193810919,nan,-0.735213405490498,33.42780893849425,20.02333195521698
H3,map-barrier-01,7019,H3_map-barrier-01_seed211,2034,1.5,center,,collision,0,1,0,43,164.95981295778483,217.00752912686895,nan,0.29136209227397103,38.13671386959324,20.215238797356225
H3,map-barrier-01,7019,H3_map-barrier-01_seed211,2035,1.5,center,,success,1,0,0,129,2.8902361528903255,457.48053140625836,0.7331682412668895,3.4113114718485065,59.20590362482184,22.85672176332915
H3,map-barrier-01,7019,H3_map-barrier-01_seed211,2036,1.5,center,,collision,0,1,0,42,166.96877049254567,209.10304260084496,nan,-1.3367691676460254,33.05865000138029,19.889988542155496
H3,map-barrier-01,7019,H3_map-barrier-01_seed211,2037,1.5,center,,collision,0,1,0,42,166.50644841059122,208.51261375713312,nan,-1.6987888480994684,37.99948472516461,19.962977487099185
H3,map-barrier-01,7019,H3_map-barrier-01_seed211,2038,1.5,center,,collision,0,1,0,44,165.60971859728033,216.73636031104857,nan,0.8456866919666766,42.74976058990895,19.982237528095816
H3,map-barrier-01,7019,H3_map-barrier-01_seed211,2039,1.5,center,,collision,0,1,0,43,168.1278024771051,212.7623344659388,nan,0.21321343753845667,41.173589940169535,19.73861769173082
H3,map-barrier-01,7019,H3_map-barrier-01_seed211,2040,1.5,center,,collision,0,1,0,43,166.12570507932804,212.16772408501774,nan,-1.7969090682265403,47.797081859025376,19.82791624442437
H3,map-barrier-01,7019,H3_map-barrier-01_seed211,2041,1.5,center,,success,1,0,0,89,1.97876523655521,432.3209007009544,0.7758361811356858,1.5118146918149193,59.338318546456605,26.542382410582274
H3,map-barrier-01,7019,H3_map-barrier-01_seed211,2042,1.5,center,,success,1,0,0,90,2.179270123019596,434.72413453738585,0.7715472180579465,3.155315861584995,60.45316821235686,26.72097902509772
H3,map-barrier-01,7019,H3_map-barrier-01_seed211,2043,1.5,center,,collision,0,1,0,43,165.75151797168172,211.6065776792867,nan,-2.705677467873386,40.44114975218535,19.563053927705088
H3,map-barrier-01,7019,H3_map-barrier-01_seed211,2044,1.5,center,,success,1,0,0,91,2.209548837672955,437.2326008004242,0.7671207407932219,6.142627692217231,59.19002049705094,26.775619146798025
H3,map-barrier-01,7019,H3_map-barrier-01_seed211,2045,1.5,center,,collision,0,1,0,43,164.8109793631647,213.6250626141989,nan,-1.5299915227088263,40.84986884595695,19.86769347205223
H3,map-barrier-01,7019,H3_map-barrier-01_seed211,2046,1.5,center,,success,1,0,0,125,2.9940849530725777,461.8302086734695,0.7262630081916437,2.939555059594911,59.471643190337744,24.284738764709665
H3,map-barrier-01,7019,H3_map-barrier-01_seed211,2047,1.5,center,,success,1,0,0,91,2.1119965284216495,438.0753944129221,0.7656449115898456,3.2704981581703954,53.98714388634114,26.620178970244755
H3,map-barrier-01,7019,H3_map-barrier-01_seed211,2048,1.5,center,,collision,0,1,0,44,164.7381408887069,216.39946579437765,nan,0.09302235013072391,42.02365244839221,19.663720263340988
H3,map-barrier-01,7019,H3_map-barrier-01_seed211,2049,1.5,center,,success,1,0,0,136,2.878797597537463,452.60519591927755,0.7410657227293279,3.7538789469540355,54.642825112575245,21.33837600460619
H3,map-barrier-01,7019,H3_map-barrier-01_seed211,2050,1.5,center,,collision,0,1,0,43,166.38482441834864,211.07141584318612,nan,-2.0300623682291814,37.23903358450974,19.579803978389815
H3,map-barrier-01,7019,H3_map-barrier-01_seed211,2001,2.0,center,,success,1,0,0,92,2.8689595000064014,440.7677091062943,0.7609681691634127,4.35276121918232,59.01980484454118,26.93969213379682
H3,map-barrier-01,7019,H3_map-barrier-01_seed211,2002,2.0,center,,collision,0,1,0,43,165.8921853390055,210.68080011197543,nan,-2.4307709270566136,34.88948062292879,19.494213688768347
H3,map-barrier-01,7019,H3_map-barrier-01_seed211,2003,2.0,center,,success,1,0,0,148,2.920264597927604,460.4807653949127,0.7283913288697683,4.074260689297077,65.2997449825615,21.223373384314634
H3,map-barrier-01,7019,H3_map-barrier-01_seed211,2004,2.0,center,,success,1,0,0,88,1.5147210284589383,427.37760649437087,0.784809946820146,2.105029393867653,59.826524607213564,26.086072388801078
H3,map-barrier-01,7019,H3_map-barrier-01_seed211,2005,2.0,center,,collision,0,1,0,43,168.1060655451648,208.08586232275675,nan,-0.11659202845638106,34.10245663570978,19.389920361309457
H3,map-barrier-01,7019,H3_map-barrier-01_seed211,2006,2.0,center,,collision,0,1,0,42,167.46528232188467,206.75855342980182,nan,-0.705181675044571,35.518765655713125,19.636430135726357
H3,map-barrier-01,7019,H3_map-barrier-01_seed211,2007,2.0,center,,collision,0,1,0,43,167.80208547589163,209.53229385952977,nan,-0.5406089446031501,41.84564489034588,19.437108866252895
H3,map-barrier-01,7019,H3_map-barrier-01_seed211,2008,2.0,center,,collision,0,1,0,43,165.8837669702711,211.61904120747866,nan,-2.546530472634714,43.020276098588326,19.757955608765737
H3,map-barrier-01,7019,H3_map-barrier-01_seed211,2009,2.0,center,,success,1,0,0,217,2.9709095274534882,465.46595332033644,0.7205901833042065,2.1655796367413984,56.11097236808217,15.32046010324522
H3,map-barrier-01,7019,H3_map-barrier-01_seed211,2010,2.0,center,,success,1,0,0,93,2.8137255935506036,442.88185170946724,0.7573356084254256,2.699224044436967,62.43513184173787,27.695128525025613
H3,map-barrier-01,7019,H3_map-barrier-01_seed211,2011,2.0,center,,collision,0,1,0,43,167.70815605200966,210.6477392606478,nan,-0.7317959718449174,45.583828970537084,19.610355909226193
H3,map-barrier-01,7019,H3_map-barrier-01_seed211,2012,2.0,center,,success,1,0,0,131,2.981683733051151,451.36154514862915,0.7431076046022508,1.7536722379504892,61.7484889275995,22.365114505716875
H3,map-barrier-01,7019,H3_map-barrier-01_seed211,2013,2.0,center,,success,1,0,0,264,2.9647666796789474,469.51954759789413,0.7143689721566618,3.3969004458186163,59.57261318327037,13.39000632917575
H3,map-barrier-01,7019,H3_map-barrier-01_seed211,2014,2.0,center,,collision,0,1,0,42,165.16071131997177,211.22884125805567,nan,-3.24521917157017,43.01304279811277,20.08277743856611
H3,map-barrier-01,7019,H3_map-barrier-01_seed211,2015,2.0,center,,success,1,0,0,92,2.1309287700251875,434.9094506126625,0.7712184597333349,2.5918825348760457,55.396428542565374,26.137003692819476
H3,map-barrier-01,7019,H3_map-barrier-01_seed211,2016,2.0,center,,collision,0,1,0,42,167.7809467271736,207.12821119428688,nan,-0.4350661525631381,29.074685126725633,19.76950836592253
H3,map-barrier-01,7019,H3_map-barrier-01_seed211,2017,2.0,center,,collision,0,1,0,43,165.23441613553734,214.68207615766158,nan,0.0022462224761170546,40.287578552167325,19.95146690458741
H3,map-barrier-01,7019,H3_map-barrier-01_seed211,2018,2.0,center,,success,1,0,0,90,2.4451658896549335,434.1394590778988,0.7725862959735824,4.073113856323516,58.15584080241877,26.340295195115125
H3,map-barrier-01,7019,H3_map-barrier-01_seed211,2019,2.0,center,,collision,0,1,0,43,165.77595697863057,218.21108909534837,nan,0.93733804220102,43.23218155763498,20.63934892562318
H3,map-barrier-01,7019,H3_map-barrier-01_seed211,2020,2.0,center,,success,1,0,0,90,2.9352608495187775,435.1416396962809,0.7708069419857803,3.531790305747748,57.828814912952915,26.534577698393093
H3,map-barrier-01,7019,H3_map-barrier-01_seed211,2021,2.0,center,,collision,0,1,0,44,165.58751176689245,213.22967463715162,nan,-1.9671534883965194,40.74926418137591,19.36421459204014
H3,map-barrier-01,7019,H3_map-barrier-01_seed211,2022,2.0,center,,success,1,0,0,91,2.9016042717647195,437.4796692253049,0.7666875062306724,5.30708706211921,55.43470708619986,27.427131039919228
H3,map-barrier-01,7019,H3_map-barrier-01_seed211,2023,2.0,center,,collision,0,1,0,42,165.65658024681179,210.76537477561533,nan,-2.7143482005906208,39.5070878460364,20.07982681382684
H3,map-barrier-01,7019,H3_map-barrier-01_seed211,2024,2.0,center,,collision,0,1,0,43,167.78608096881982,210.5885774651739,nan,-0.6641117286683311,38.29853051366989,19.42342508238847
H3,map-barrier-01,7019,H3_map-barrier-01_seed211,2025,2.0,center,,collision,0,1,0,42,166.6836900083815,209.58483174180273,nan,-1.619021563443681,38.35132440258885,20.112657891192594
H3,map-barrier-01,7019,H3_map-barrier-01_seed211,2026,2.0,center,,success,1,0,0,274,2.9577209063488565,468.8105757345248,0.7154492965510713,1.1274650337216878,51.10631104544581,12.949436325955517
H3,map-barrier-01,7019,H3_map-barrier-01_seed211,2027,2.0,center,,collision,0,1,0,43,164.65456225184326,215.51271938479144,nan,0.1520353109596897,41.53979024985156,20.22176511370721
H3,map-barrier-01,7019,H3_map-barrier-01_seed211,2028,2.0,center,,success,1,0,0,90,2.2147087101356626,436.0116209720749,0.7692689380094536,6.150620776845176,57.67843253277083,26.672662300557707
H3,map-barrier-01,7019,H3_map-barrier-01_seed211,2029,2.0,center,,collision,0,1,0,43,167.44797109445642,210.15754855089088,nan,-0.903669702810987,40.041445898021244,19.722340351467352
H3,map-barrier-01,7019,H3_map-barrier-01_seed211,2030,2.0,center,,success,1,0,0,91,2.2285600171984767,439.1735538453128,0.7637304060961462,4.515767531077829,62.989001355914816,26.821781317850082
H3,map-barrier-01,7019,H3_map-barrier-01_seed211,2031,2.0,center,,success,1,0,0,281,2.9748055844862127,471.4711480358133,0.7114119241915742,7.321934715444188,59.35499923288175,12.973912600484496
H3,map-barrier-01,7019,H3_map-barrier-01_seed211,2032,2.0,center,,success,1,0,0,91,2.379428303206363,438.8818581095294,0.7642380071706266,3.8563322430441933,62.113672139023365,26.81492359227795
H3,map-barrier-01,7019,H3_map-barrier-01_seed211,2033,2.0,center,,collision,0,1,0,42,166.21400286708254,210.99825172960783,nan,-2.1690280977549037,33.27017386846254,20.218829765260963
H3,map-barrier-01,7019,H3_map-barrier-01_seed211,2034,2.0,center,,collision,0,1,0,42,167.53591470912843,210.8594454411996,nan,-0.9120423517054519,33.60448193246144,20.018546139136976
H3,map-barrier-01,7019,H3_map-barrier-01_seed211,2035,2.0,center,,success,1,0,0,130,2.841172223618381,459.2568935003382,0.730332416065784,3.849161409586344,60.682638647069666,22.911320595059156
H3,map-barrier-01,7019,H3_map-barrier-01_seed211,2036,2.0,center,,collision,0,1,0,42,165.2879751842224,210.1112138638873,nan,-3.0157839704703804,31.886208197336238,19.906659711006103
H3,map-barrier-01,7019,H3_map-barrier-01_seed211,2037,2.0,center,,collision,0,1,0,42,164.70076611400975,209.36779842622016,nan,-3.4859698543120885,38.056016762679526,19.995684077611273
H3,map-barrier-01,7019,H3_map-barrier-01_seed211,2038,2.0,center,,collision,0,1,0,44,166.2202291794614,215.4765077281046,nan,1.539031061000884,42.904121217379334,19.563554818853117
H3,map-barrier-01,7019,H3_map-barrier-01_seed211,2039,2.0,center,,collision,0,1,0,43,168.1351848501485,212.4074464376794,nan,-0.18837454668141618,41.23931852586981,19.67245701118796
H3,map-barrier-01,7019,H3_map-barrier-01_seed211,2040,2.0,center,,collision,0,1,0,43,165.6985736507061,211.64581422135424,nan,-2.7565073407243403,47.270295001005834,19.69266766224168
H3,map-barrier-01,7019,H3_map-barrier-01_seed211,2041,2.0,center,,success,1,0,0,88,2.3252424033972345,429.18357471653854,0.7815075328698116,2.248392573114643,58.88793500203022,26.305483032493157
H3,map-barrier-01,7019,H3_map-barrier-01_seed211,2042,2.0,center,,success,1,0,0,90,1.7926317520964679,434.4411234510692,0.7720498325770154,3.841933028677272,61.64177173051679,26.693698190492796
H3,map-barrier-01,7019,H3_map-barrier-01_seed211,2043,2.0,center,,collision,0,1,0,43,165.06420269915347,211.0320586259723,nan,-3.3032548533827537,35.67788657307755,19.304709374346807
H3,map-barrier-01,7019,H3_map-barrier-01_seed211,2044,2.0,center,,success,1,0,0,90,2.6688347343481023,434.6974783944986,0.7715945302092954,7.347910290777103,60.92670857294411,26.600511266854223
H3,map-barrier-01,7019,H3_map-barrier-01_seed211,2045,2.0,center,,collision,0,1,0,42,167.8135466401927,206.2070343233274,nan,-0.32310654277512185,34.098901976218784,19.748577548001663
H3,map-barrier-01,7019,H3_map-barrier-01_seed211,2046,2.0,center,,success,1,0,0,126,2.8878757879748918,464.22984068550335,0.7225089109517092,4.524395071941333,62.00804960569052,24.4751789901811
H3,map-barrier-01,7019,H3_map-barrier-01_seed211,2047,2.0,center,,success,1,0,0,91,2.037114683643663,438.40580839213635,0.7650678668129268,4.138528607539273,55.96943379487453,26.629814262457558
H3,map-barrier-01,7019,H3_map-barrier-01_seed211,2048,2.0,center,,collision,0,1,0,44,165.2145370845966,214.9901952465092,nan,0.28028171824595915,41.49195053346028,19.46278222387808
H3,map-barrier-01,7019,H3_map-barrier-01_seed211,2049,2.0,center,,success,1,0,0,91,2.96423153962086,436.14143568209,0.7690399700281034,4.182202452442034,56.38435797752348,27.44619663723857
H3,map-barrier-01,7019,H3_map-barrier-01_seed211,2050,2.0,center,,collision,0,1,0,43,166.031688087127,210.20036359108533,nan,-2.2893460232257326,33.922554400613386,19.469769326002037
H3,map-barrier-01,7019,H3_map-barrier-01_seed307,2001,0.0,center,,success,1,0,0,65,1.7863143212334653,345.2329451562831,0.9715474763659419,7.225439065923808,58.95513365686,26.158719592600598
H3,map-barrier-01,7019,H3_map-barrier-01_seed307,2002,0.0,center,,success,1,0,0,65,1.365261474306995,345.4611600828803,0.9709056628667011,7.215076941335553,60.41685311465181,26.322478550424474
H3,map-barrier-01,7019,H3_map-barrier-01_seed307,2003,0.0,center,,success,1,0,0,65,0.972882182428939,345.5014445336684,0.9707924581261294,7.203797348854067,60.643024262202424,26.375408421388464
H3,map-barrier-01,7019,H3_map-barrier-01_seed307,2004,0.0,center,,success,1,0,0,65,1.4750623877161673,345.52689522170556,0.970720951866147,7.230185237731405,62.70809234520886,26.333475200086433
H3,map-barrier-01,7019,H3_map-barrier-01_seed307,2005,0.0,center,,success,1,0,0,65,2.2719396651489747,345.2512556862504,0.9714959499807727,7.277701946019292,60.940723166300295,26.302980309110385
H3,map-barrier-01,7019,H3_map-barrier-01_seed307,2006,0.0,center,,success,1,0,0,65,1.7451890172833682,345.2399529256544,0.9715277556453534,7.3417097916215965,60.85822896036809,26.310494851707446
H3,map-barrier-01,7019,H3_map-barrier-01_seed307,2007,0.0,center,,success,1,0,0,65,1.8967674915063855,345.2356931826181,0.9715397429881265,7.273057206345044,64.10743417481062,26.31918309953663
H3,map-barrier-01,7019,H3_map-barrier-01_seed307,2008,0.0,center,,success,1,0,0,65,1.8792644436785109,345.24150027682464,0.9715234013177062,7.305626748751465,64.50189838004835,26.36848787058682
H3,map-barrier-01,7019,H3_map-barrier-01_seed307,2009,0.0,center,,success,1,0,0,65,1.8156605324876587,345.4149404482829,0.9710355788017445,7.236750824591667,64.93933154814961,26.364010637544542
H3,map-barrier-01,7019,H3_map-barrier-01_seed307,2010,0.0,center,,success,1,0,0,65,1.0889008095172426,345.3476472290808,0.9712247913548967,7.249873737122044,63.1250652676466,26.338678407875133
H3,map-barrier-01,7019,H3_map-barrier-01_seed307,2011,0.0,center,,success,1,0,0,65,1.444857935905909,345.3321257187967,0.9712684446221849,7.230524667819012,64.80390859616746,26.38980345008853
H3,map-barrier-01,7019,H3_map-barrier-01_seed307,2012,0.0,center,,success,1,0,0,65,1.0334655311293983,345.3324618842529,0.9712674991364985,7.294500898947334,60.98911440869794,26.37360298514836
H3,map-barrier-01,7019,H3_map-barrier-01_seed307,2013,0.0,center,,success,1,0,0,65,1.1043771553234512,345.3691867529553,0.9711642193050924,7.257632590631204,62.318800791708775,26.379207194164458
H3,map-barrier-01,7019,H3_map-barrier-01_seed307,2014,0.0,center,,success,1,0,0,65,1.048321903555586,345.280143918913,0.9714146687326961,7.326972965532164,66.30316158665167,26.49607532406459
H3,map-barrier-01,7019,H3_map-barrier-01_seed307,2015,0.0,center,,success,1,0,0,65,1.9830204645574114,345.46426700832154,0.9708969310475434,7.250851039459448,64.57867980349842,26.34694068340736
H3,map-barrier-01,7019,H3_map-barrier-01_seed307,2016,0.0,center,,success,1,0,0,65,1.1945912300969699,345.20304285408895,0.9716316341010363,7.322791800543968,58.164308690166756,26.20985670460519
H3,map-barrier-01,7019,H3_map-barrier-01_seed307,2017,0.0,center,,success,1,0,0,65,2.159437335807588,345.2443052781769,0.9715155079957518,7.311439223781122,60.74062181642934,26.294124277108054
H3,map-barrier-01,7019,H3_map-barrier-01_seed307,2018,0.0,center,,success,1,0,0,65,2.0374550908100475,345.3538981211817,0.9712072122240124,7.251136823295269,57.165177756350566,26.10302140846803
H3,map-barrier-01,7019,H3_map-barrier-01_seed307,2019,0.0,center,,success,1,0,0,65,2.0795162699233396,345.2840108938558,0.9714037894679037,7.245166821738692,60.627640449848606,26.285983469557923
H3,map-barrier-01,7019,H3_map-barrier-01_seed307,2020,0.0,center,,success,1,0,0,65,1.726569371929458,345.2458710411316,0.9715111019677009,7.324543153914078,61.42514543388942,26.31510983174831
H3,map-barrier-01,7019,H3_map-barrier-01_seed307,2021,0.0,center,,success,1,0,0,65,1.3651948247618504,345.5538293840018,0.9706452891084559,7.227365231386301,60.189319908779424,26.30566106335793
H3,map-barrier-01,7019,H3_map-barrier-01_seed307,2022,0.0,center,,success,1,0,0,65,1.3118961003228413,345.30353931995796,0.9713488523330127,7.291298931583896,60.86843385177409,26.34205379195267
H3,map-barrier-01,7019,H3_map-barrier-01_seed307,2023,0.0,center,,success,1,0,0,65,1.3255597805853532,345.29623734381727,0.9713693934376554,7.256483842421119,62.75675136919494,26.3007980059253
H3,map-barrier-01,7019,H3_map-barrier-01_seed307,2024,0.0,center,,success,1,0,0,65,0.9491354159496537,345.50645921582634,0.9707783680404335,7.204486144252428,60.653134253036804,26.378149779172407
H3,map-barrier-01,7019,H3_map-barrier-01_seed307,2025,0.0,center,,success,1,0,0,65,0.9414699681851686,345.55081406251963,0.9706537590858737,7.207643969063426,60.57068271963139,26.372293347323655
H3,map-barrier-01,7019,H3_map-barrier-01_seed307,2026,0.0,center,,success,1,0,0,65,1.7347269808471477,345.17857265364995,0.9717005144508695,7.306089863409966,58.26555681305407,26.158583199688625
H3,map-barrier-01,7019,H3_map-barrier-01_seed307,2027,0.0,center,,success,1,0,0,65,1.6375216740616045,345.2754777365413,0.9714277967950553,7.287309309728656,60.77401609861986,26.312185908139625
H3,map-barrier-01,7019,H3_map-barrier-01_seed307,2028,0.0,center,,success,1,0,0,65,1.1406449746093121,345.3398978036721,0.9712465856338768,7.235054390534728,60.57647087520673,26.248189683435747
H3,map-barrier-01,7019,H3_map-barrier-01_seed307,2029,0.0,center,,success,1,0,0,65,1.6559178563671881,345.36149947603116,0.9711858360988113,7.220330554648939,60.51960038596611,26.304219291076727
H3,map-barrier-01,7019,H3_map-barrier-01_seed307,2030,0.0,center,,success,1,0,0,65,2.1213734621523157,345.3043559015248,0.971346555270858,7.249264249069469,60.5583153041082,26.2806404327254
H3,map-barrier-01,7019,H3_map-barrier-01_seed307,2031,0.0,center,,success,1,0,0,65,1.5380833031038514,345.2044363203911,0.9716277119731671,7.298065659037434,59.49506898289193,26.188508361074884
H3,map-barrier-01,7019,H3_map-barrier-01_seed307,2032,0.0,center,,success,1,0,0,65,2.0785663634315656,345.4028596730557,0.9710695416432109,7.2510516674961565,60.260903347729396,26.260147971861425
H3,map-barrier-01,7019,H3_map-barrier-01_seed307,2033,0.0,center,,success,1,0,0,65,1.0203393599219548,345.4545650353474,0.9709241983548512,7.209436745827389,57.48581211943464,26.20927078178877
H3,map-barrier-01,7019,H3_map-barrier-01_seed307,2034,0.0,center,,success,1,0,0,65,2.143118188481727,345.15530345162097,0.9717660232098435,7.308893863652358,58.851278433622696,26.150566493598305
H3,map-barrier-01,7019,H3_map-barrier-01_seed307,2035,0.0,center,,success,1,0,0,65,1.375411483574453,345.34167948322033,0.971241574798867,7.2458896108517905,61.98034317308686,26.347417379989118
H3,map-barrier-01,7019,H3_map-barrier-01_seed307,2036,0.0,center,,success,1,0,0,65,1.54253588751145,345.26383128074235,0.9714605650431954,7.314248635444287,60.864297392463726,26.323136025284303
H3,map-barrier-01,7019,H3_map-barrier-01_seed307,2037,0.0,center,,success,1,0,0,65,1.2862628803202385,345.53695056158114,0.9706927032835295,7.222165246024147,62.623724708822586,26.35356906630357
H3,map-barrier-01,7019,H3_map-barrier-01_seed307,2038,0.0,center,,success,1,0,0,65,1.056515554820029,345.3938919341724,0.9710947543012524,7.25042171811549,60.79191653683813,26.36540013843086
H3,map-barrier-01,7019,H3_map-barrier-01_seed307,2039,0.0,center,,success,1,0,0,65,1.7904262442896133,345.25244119951515,0.9714926140989717,7.3097414776198235,60.79138890505606,26.303177487927154
H3,map-barrier-01,7019,H3_map-barrier-01_seed307,2040,0.0,center,,success,1,0,0,65,0.8665012562668177,345.3998631348148,0.971077966218107,7.2617717544911216,65.7550708765973,26.496643765516172
H3,map-barrier-01,7019,H3_map-barrier-01_seed307,2041,0.0,center,,success,1,0,0,65,1.3574194245517943,345.2863293847162,0.9713972667920374,7.304427761037729,60.896272568490495,26.33928683942819
H3,map-barrier-01,7019,H3_map-barrier-01_seed307,2042,0.0,center,,success,1,0,0,65,1.8031449472178582,345.23949524825605,0.9715290435811248,7.339500049273923,60.83757095167513,26.306076177486
H3,map-barrier-01,7019,H3_map-barrier-01_seed307,2043,0.0,center,,success,1,0,0,65,1.3846031380626938,345.2032412071075,0.9716310758036492,7.334014815238845,61.585416746470365,26.2551272676842
H3,map-barrier-01,7019,H3_map-barrier-01_seed307,2044,0.0,center,,success,1,0,0,65,0.9795610189148157,345.35967808284295,0.9711909580379912,7.274547663513644,64.58145235803856,26.44551171649094
H3,map-barrier-01,7019,H3_map-barrier-01_seed307,2045,0.0,center,,success,1,0,0,65,1.0149697144830427,345.5204581004932,0.9707390366084077,7.206349890295357,60.56366166189291,26.365427928530778
H3,map-barrier-01,7019,H3_map-barrier-01_seed307,2046,0.0,center,,success,1,0,0,65,0.9251100187812076,345.5708655366148,0.9705974376749947,7.209957025502362,60.545435378645934,26.371449479712336
H3,map-barrier-01,7019,H3_map-barrier-01_seed307,2047,0.0,center,,success,1,0,0,65,1.6037069583539505,345.2058994882461,0.9716235936935048,7.273788611894318,57.35101398397565,26.16160490677801
H3,map-barrier-01,7019,H3_map-barrier-01_seed307,2048,0.0,center,,success,1,0,0,65,0.9520988034483822,345.54609221455,0.9706670229588701,7.207391519264121,60.569883541980296,26.371336296760422
H3,map-barrier-01,7019,H3_map-barrier-01_seed307,2049,0.0,center,,success,1,0,0,65,1.1151173084974344,345.28801618084185,0.9713925213358695,7.324529418787634,61.068871647209164,26.3699859206846
H3,map-barrier-01,7019,H3_map-barrier-01_seed307,2050,0.0,center,,success,1,0,0,65,1.7034282009100448,345.2558471660116,0.9714830302749109,7.3113933890044365,60.814049530615385,26.309508001651082
H3,map-barrier-01,7019,H3_map-barrier-01_seed307,2001,0.5,center,,success,1,0,0,66,1.123946463808624,348.61033488477,0.9621349772542896,7.024514840179393,56.84229755637364,26.448357071462734
H3,map-barrier-01,7019,H3_map-barrier-01_seed307,2002,0.5,center,,success,1,0,0,65,1.395688518649266,347.2550403782524,0.9658900739341847,7.645995708672984,60.359975667781576,26.5590734124035
H3,map-barrier-01,7019,H3_map-barrier-01_seed307,2003,0.5,center,,success,1,0,0,65,1.3225191247126937,345.48705760378584,0.9708328843091605,6.7517715246295325,59.09918265254391,26.243626200245277
H3,map-barrier-01,7019,H3_map-barrier-01_seed307,2004,0.5,center,,success,1,0,0,66,1.3679097719001407,348.68472754157585,0.961929703631701,7.446992063845087,62.8944888909816,26.4960980316918
H3,map-barrier-01,7019,H3_map-barrier-01_seed307,2005,0.5,center,,success,1,0,0,65,1.8104900288528787,345.0882977100188,0.9719547108688602,7.772676520270281,59.68120928975449,26.181007586965734
H3,map-barrier-01,7019,H3_map-barrier-01_seed307,2006,0.5,center,,success,1,0,0,65,0.60561199772799,346.0472731755178,0.9692612039593963,7.440668767899382,61.92097992450363,26.662741203747807
H3,map-barrier-01,7019,H3_map-barrier-01_seed307,2007,0.5,center,,success,1,0,0,65,1.7484708930819188,345.00324503639393,0.9721943241130573,7.660988623726098,63.488372561589976,26.366617596114803
H3,map-barrier-01,7019,H3_map-barrier-01_seed307,2008,0.5,center,,success,1,0,0,65,0.6280302482381173,346.85158162966064,0.9670136000218436,7.648875409167374,65.65989554068096,26.875589484064196
H3,map-barrier-01,7019,H3_map-barrier-01_seed307,2009,0.5,center,,success,1,0,0,65,2.224508311243786,345.31280605951906,0.9713227854259082,6.964014750950724,67.43315481428182,26.40425610680183
H3,map-barrier-01,7019,H3_map-barrier-01_seed307,2010,0.5,center,,success,1,0,0,65,0.7417417660748674,345.9276890275729,0.9695962690001201,6.8867479947298165,65.00190938585192,26.523031383987384
H3,map-barrier-01,7019,H3_map-barrier-01_seed307,2011,0.5,center,,success,1,0,0,65,2.341955926885785,344.30583341165465,0.9741635606386881,7.4766465640117445,64.5567233299509,26.192631490434405
H3,map-barrier-01,7019,H3_map-barrier-01_seed307,2012,0.5,center,,success,1,0,0,65,1.0185776933630768,347.26308821822215,0.9658676893819327,6.997640467039787,61.302234864033196,26.67387507036111
H3,map-barrier-01,7019,H3_map-barrier-01_seed307,2013,0.5,center,,success,1,0,0,65,1.7011449300246497,345.2496723930077,0.9715004051999834,7.102676665048605,62.80377750325125,26.2556056318274
H3,map-barrier-01,7019,H3_map-barrier-01_seed307,2014,0.5,center,,success,1,0,0,64,2.7903764004260267,342.9675041687809,0.9779649457982079,7.404575570504096,64.14805103176398,26.583043854386677
H3,map-barrier-01,7019,H3_map-barrier-01_seed307,2015,0.5,center,,success,1,0,0,66,0.4142356444187988,348.06317211634143,0.9636474740650135,7.3217622639182816,61.85593087573935,26.485693564654056
H3,map-barrier-01,7019,H3_map-barrier-01_seed307,2016,0.5,center,,success,1,0,0,65,1.809973344991655,347.37335066915836,0.9655611058788914,7.3606699571995335,57.24408219249084,26.588585257964574
H3,map-barrier-01,7019,H3_map-barrier-01_seed307,2017,0.5,center,,success,1,0,0,65,1.1186560392472462,347.78899372070106,0.9644071626209263,7.449049149991538,60.456638823191795,26.87812009351325
H3,map-barrier-01,7019,H3_map-barrier-01_seed307,2018,0.5,center,,success,1,0,0,66,0.4454815692050931,348.27441806481306,0.9630629734123894,7.454058083770239,55.119838376038416,26.435999747632145
H3,map-barrier-01,7019,H3_map-barrier-01_seed307,2019,0.5,center,,success,1,0,0,65,0.6577652161847412,346.46783841676574,0.9680846515442046,7.219646527376554,61.35626881579452,26.65321199134062
H3,map-barrier-01,7019,H3_map-barrier-01_seed307,2020,0.5,center,,success,1,0,0,66,1.353097133809834,348.79272379245344,0.961631862551559,7.163757220719288,57.38749744368857,26.646835134760657
H3,map-barrier-01,7019,H3_map-barrier-01_seed307,2021,0.5,center,,success,1,0,0,65,1.5836582521312856,344.84505224999555,0.9726403044977219,7.695569462415321,59.13136768792891,25.929552373346507
H3,map-barrier-01,7019,H3_map-barrier-01_seed307,2022,0.5,center,,success,1,0,0,65,0.3740525530778033,346.60678794765,0.9676965607367949,7.166000947572556,58.55898147976788,26.46279296113635
H3,map-barrier-01,7019,H3_map-barrier-01_seed307,2023,0.5,center,,success,1,0,0,64,1.0722762642414663,344.7978458920423,0.9727734689212266,7.347647556102501,59.5489221769631,26.36421463456962
H3,map-barrier-01,7019,H3_map-barrier-01_seed307,2024,0.5,center,,success,1,0,0,65,1.905554936395906,344.5983401205292,0.9733366577089518,7.537652988330322,60.64061995544719,26.182246703320597
H3,map-barrier-01,7019,H3_map-barrier-01_seed307,2025,0.5,center,,success,1,0,0,64,2.6924894028733624,343.25215023240605,0.9771539563492085,7.1043465481199775,60.41999643796134,26.388167499734664
H3,map-barrier-01,7019,H3_map-barrier-01_seed307,2026,0.5,center,,success,1,0,0,65,1.5554932154783123,348.151440490254,0.9634031562605521,6.996391116702284,57.24568203333109,26.548506204754
H3,map-barrier-01,7019,H3_map-barrier-01_seed307,2027,0.5,center,,success,1,0,0,65,1.9250150545098748,347.9575035946022,0.9639401167096189,7.277146374742173,58.92638315892208,26.715198905832445
H3,map-barrier-01,7019,H3_map-barrier-01_seed307,2028,0.5,center,,success,1,0,0,66,0.7141067931968587,346.92010315680056,0.9668226014373406,6.994470983328611,57.895555617396354,26.423534591538044
H3,map-barrier-01,7019,H3_map-barrier-01_seed307,2029,0.5,center,,success,1,0,0,65,1.6539694180273317,344.89818667132573,0.9724904612055878,7.687431397450197,61.48077395331141,26.3072742730123
H3,map-barrier-01,7019,H3_map-barrier-01_seed307,2030,0.5,center,,success,1,0,0,66,0.47536226138337034,348.2898768289722,0.9630202280891205,7.175378289984835,59.89724428463277,26.605113321434487
H3,map-barrier-01,7019,H3_map-barrier-01_seed307,2031,0.5,center,,success,1,0,0,66,0.7690159503823976,347.25096851677404,0.9659013999517942,6.89369484182086,58.17355296998829,26.33789749086633
H3,map-barrier-01,7019,H3_map-barrier-01_seed307,2032,0.5,center,,success,1,0,0,66,0.9482622933603168,348.91144545368934,0.961304654792378,7.260189037292424,57.32733841839301,26.702687669917456
H3,map-barrier-01,7019,H3_map-barrier-01_seed307,2033,0.5,center,,success,1,0,0,64,2.6554365599757523,343.15072810825916,0.9774427653819558,7.28242358128756,57.334517784667064,26.137527926048854
H3,map-barrier-01,7019,H3_map-barrier-01_seed307,2034,0.5,center,,success,1,0,0,65,0.22235405645305828,346.79662786766903,0.9671668340239877,7.231510070280407,59.74454915145868,26.579846135719844
H3,map-barrier-01,7019,H3_map-barrier-01_seed307,2035,0.5,center,,success,1,0,0,65,2.1004207644189643,344.8957243367268,0.9724974041646933,6.921616298909271,62.23433562379697,26.32506954787851
H3,map-barrier-01,7019,H3_map-barrier-01_seed307,2036,0.5,center,,success,1,0,0,64,2.3948300481204634,343.6543830502686,0.9760102392638647,7.279150655378089,58.63566625670501,26.472100358817674
H3,map-barrier-01,7019,H3_map-barrier-01_seed307,2037,0.5,center,,success,1,0,0,64,2.492607808148132,343.57288557834704,0.976241754527171,7.541633532742054,61.34473437248126,26.463406082914183
H3,map-barrier-01,7019,H3_map-barrier-01_seed307,2038,0.5,center,,success,1,0,0,65,2.6382255452131735,343.948957912003,0.9751743359280097,7.506345300626151,62.5275941273913,26.148305744020835
H3,map-barrier-01,7019,H3_map-barrier-01_seed307,2039,0.5,center,,success,1,0,0,66,1.2800821129148894,348.60624663272904,0.9621462606157395,7.381359684757811,61.770279354752375,26.70739758465113
H3,map-barrier-01,7019,H3_map-barrier-01_seed307,2040,0.5,center,,success,1,0,0,65,0.250948654368642,345.7154932989652,0.9701913947342679,7.57407817834266,64.0469928080798,26.617324907846122
H3,map-barrier-01,7019,H3_map-barrier-01_seed307,2041,0.5,center,,success,1,0,0,66,0.5887352805335453,347.6767712555825,0.9647184521809866,7.480301488593128,60.344514771939565,26.635704636650974
H3,map-barrier-01,7019,H3_map-barrier-01_seed307,2042,0.5,center,,success,1,0,0,66,0.29372471241714904,347.68319453274074,0.9647006294788961,7.312561788232323,58.13545569404527,26.594289263138588
H3,map-barrier-01,7019,H3_map-barrier-01_seed307,2043,0.5,center,,success,1,0,0,65,0.27475408832178233,345.84846304808326,0.9698183813479502,7.53659050061097,61.19900360728267,26.407805924121
H3,map-barrier-01,7019,H3_map-barrier-01_seed307,2044,0.5,center,,success,1,0,0,66,1.9888301083078492,345.55942034032427,0.9706295846156927,6.940353541660889,61.62103238066209,26.10860860753007
H3,map-barrier-01,7019,H3_map-barrier-01_seed307,2045,0.5,center,,success,1,0,0,65,1.1863593091126665,346.8479922326183,0.9670236072752616,7.5874560414350185,60.924695549266644,26.917889650515388
H3,map-barrier-01,7019,H3_map-barrier-01_seed307,2046,0.5,center,,success,1,0,0,65,0.6735298971943317,346.26083638161197,0.9686633929784509,6.697393172828967,61.32668597602622,26.397487612613215
H3,map-barrier-01,7019,H3_map-barrier-01_seed307,2047,0.5,center,,success,1,0,0,66,0.6533931778958849,348.0691840519235,0.9636308297115248,7.10371696998466,57.83599449854751,26.48725904925556
H3,map-barrier-01,7019,H3_map-barrier-01_seed307,2048,0.5,center,,success,1,0,0,65,1.332295465228692,347.16971159622574,0.9661274743202998,7.864474269786413,59.55440485792847,26.50599937299605
H3,map-barrier-01,7019,H3_map-barrier-01_seed307,2049,0.5,center,,success,1,0,0,65,1.5813769387406504,345.2722113075036,0.9714369869350653,7.046344852582351,61.3812672007648,26.36245655137273
H3,map-barrier-01,7019,H3_map-barrier-01_seed307,2050,0.5,center,,success,1,0,0,65,0.5352052638676783,345.958126122498,0.9695109647639996,7.746652037038032,61.56819759194115,26.769081723952617
H3,map-barrier-01,7019,H3_map-barrier-01_seed307,2001,1.5,center,,success,1,0,0,67,1.1729032718095018,349.5314317336445,0.959599527176609,6.366352849031614,57.42791476924428,26.13382631108388
H3,map-barrier-01,7019,H3_map-barrier-01_seed307,2002,1.5,center,,success,1,0,0,64,0.9268361571445676,344.08266777135066,0.9747953850667503,8.342334090397248,58.24634699486977,26.348269972048843
H3,map-barrier-01,7019,H3_map-barrier-01_seed307,2003,1.5,center,,success,1,0,0,65,0.9981753052496644,346.3797299725639,0.9683309027682876,5.908035064162604,56.186686154674575,26.249985090808092
H3,map-barrier-01,7019,H3_map-barrier-01_seed307,2004,1.5,center,,success,1,0,0,66,1.386530432606218,346.44395002081785,0.968151404014455,7.640661793967661,62.51195295776485,25.891228533748716
H3,map-barrier-01,7019,H3_map-barrier-01_seed307,2005,1.5,center,,success,1,0,0,65,1.2802874023096125,344.7709193610526,0.972849442309601,8.944040269969662,58.06325608335822,26.146114757160024
H3,map-barrier-01,7019,H3_map-barrier-01_seed307,2006,1.5,center,,success,1,0,0,65,1.6253173495628461,347.6547327865294,0.9647796074472559,7.868244709575349,64.8836277051179,26.905998210157897
H3,map-barrier-01,7019,H3_map-barrier-01_seed307,2007,1.5,center,,success,1,0,0,65,0.9855812506487392,345.20849117435847,0.9716162991354663,8.795450661435993,64.66550526482534,26.608474327891926
H3,map-barrier-01,7019,H3_map-barrier-01_seed307,2008,1.5,center,,success,1,0,0,64,1.4315352303019084,344.14721030999,0.9746125686238989,8.206631763848165,60.194638890301846,26.575375553768037
H3,map-barrier-01,7019,H3_map-barrier-01_seed307,2009,1.5,center,,success,1,0,0,65,2.3782059289973962,345.62847459896017,0.970435659313521,6.470040405471522,68.05664442010317,26.51851173249068
H3,map-barrier-01,7019,H3_map-barrier-01_seed307,2010,1.5,center,,success,1,0,0,65,0.5554221643591603,346.8495238925107,0.9670193369759755,6.051970006588263,63.8301150263364,26.880556260552833
H3,map-barrier-01,7019,H3_map-barrier-01_seed307,2011,1.5,center,,success,1,0,0,66,0.5238503056075922,346.7662851550578,0.9672514629701922,8.098216369659553,64.87783585489535,26.514591127078134
H3,map-barrier-01,7019,H3_map-barrier-01_seed307,2012,1.5,center,,success,1,0,0,64,1.650349881012806,344.94517828292703,0.9723579795913603,6.185701120429513,58.70445183014092,26.490000328956135
H3,map-barrier-01,7019,H3_map-barrier-01_seed307,2013,1.5,center,,success,1,0,0,66,0.9439572209757895,348.86483469571164,0.9614330917517708,6.421594761042073,62.47468985358364,26.903133829621442
H3,map-barrier-01,7019,H3_map-barrier-01_seed307,2014,1.5,center,,success,1,0,0,63,2.304597576047216,342.45094259347593,0.979440132606481,7.902704363652404,61.57666612921178,26.719516396373688
H3,map-barrier-01,7019,H3_map-barrier-01_seed307,2015,1.5,center,,success,1,0,0,67,1.4986824984787555,347.41171118435517,0.9654544905280465,8.038038849673825,62.541973105033655,25.819745536321367
H3,map-barrier-01,7019,H3_map-barrier-01_seed307,2016,1.5,center,,success,1,0,0,64,1.8673079302893647,345.9669653808927,0.9694861943125068,7.474757131936572,54.353683410708875,26.735028325778856
H3,map-barrier-01,7019,H3_map-barrier-01_seed307,2017,1.5,center,,success,1,0,0,64,1.6779375821159135,347.10047091312316,0.9663202004382164,7.484310519871236,54.12193520982136,26.935520663293453
H3,map-barrier-01,7019,H3_map-barrier-01_seed307,2018,1.5,center,,success,1,0,0,67,1.8933581409304816,350.7442174163915,0.9562814722809272,7.742147099878608,52.79632961285559,26.235703756782037
H3,map-barrier-01,7019,H3_map-barrier-01_seed307,2019,1.5,center,,success,1,0,0,65,1.4305074570503764,348.3434251572523,0.9628721899187694,7.099151727035434,59.722979602533854,26.942655158257082
H3,map-barrier-01,7019,H3_map-barrier-01_seed307,2020,1.5,center,,success,1,0,0,66,1.473212397526862,346.6992986086248,0.9674383477873714,6.725587448488895,56.79796293674463,26.15238460088891
H3,map-barrier-01,7019,H3_map-barrier-01_seed307,2021,1.5,center,,success,1,0,0,66,1.0826084036698167,346.9451396412119,0.9667528329459462,7.926700614918042,60.73750209081403,25.890261810463876
H3,map-barrier-01,7019,H3_map-barrier-01_seed307,2022,1.5,center,,success,1,0,0,65,0.8404190866682859,347.7993489714721,0.9643784487143481,6.10349470594673,59.017615855125,26.544912564165024
H3,map-barrier-01,7019,H3_map-barrier-01_seed307,2023,1.5,center,,success,1,0,0,62,1.71058685520594,343.3620711009672,0.976841139003788,7.690108058361724,58.7814162834327,26.473110677276598
H3,map-barrier-01,7019,H3_map-barrier-01_seed307,2024,1.5,center,,success,1,0,0,66,1.0584728121867906,347.4933262452764,0.9652277361672865,8.269628780413512,60.47413735342493,26.476287118896256
H3,map-barrier-01,7019,H3_map-barrier-01_seed307,2025,1.5,center,,success,1,0,0,63,2.5184353702906743,342.5644451548712,0.979115612752315,7.090738787313109,58.781328043873714,26.52805222586318
H3,map-barrier-01,7019,H3_map-barrier-01_seed307,2026,1.5,center,,success,1,0,0,64,0.8209383893814254,347.413314716786,0.9654500343442435,6.228910597190982,53.918231439751544,26.33143438515909
H3,map-barrier-01,7019,H3_map-barrier-01_seed307,2027,1.5,center,,success,1,0,0,64,2.248942836113138,346.69947728354316,0.9674378492086911,7.130332810876956,59.24626421322691,26.79045343212214
H3,map-barrier-01,7019,H3_map-barrier-01_seed307,2028,1.5,center,,success,1,0,0,68,0.8529283923794396,349.715797270395,0.9590936390146378,5.865911127032817,62.71865494393022,26.586150392229683
H3,map-barrier-01,7019,H3_map-barrier-01_seed307,2029,1.5,center,,success,1,0,0,65,1.3667685013672777,344.562982681328,0.9734365369572374,9.135625948504028,62.941801918899834,26.653630578173512
H3,map-barrier-01,7019,H3_map-barrier-01_seed307,2030,1.5,center,,success,1,0,0,67,1.1815385586562615,349.83273645044835,0.9587730411629938,6.910739091467391,58.64528909816759,26.534051325114802
H3,map-barrier-01,7019,H3_map-barrier-01_seed307,2031,1.5,center,,success,1,0,0,68,1.3288225309709027,350.0687156405137,0.9581267380927633,5.0089187060143985,59.44839861319704,26.522480713673463
H3,map-barrier-01,7019,H3_map-barrier-01_seed307,2032,1.5,center,,success,1,0,0,66,1.3086043348256073,347.42540865343324,0.9654164268668954,7.288856630799145,56.026955998722514,26.325459334594466
H3,map-barrier-01,7019,H3_map-barrier-01_seed307,2033,1.5,center,,success,1,0,0,64,1.2541163019875126,346.0521612037378,0.9692475130288122,7.7618427355954225,55.92838649620708,26.152245079623373
H3,map-barrier-01,7019,H3_map-barrier-01_seed307,2034,1.5,center,,success,1,0,0,64,1.0689498087570295,345.112667507272,0.9718860772269419,7.270212003531959,53.62524888815533,26.553112948180654
H3,map-barrier-01,7019,H3_map-barrier-01_seed307,2035,1.5,center,,success,1,0,0,65,2.8159869184836395,344.6095802637722,0.973304910351702,6.233186288139052,61.75321990364226,26.472224967061287
H3,map-barrier-01,7019,H3_map-barrier-01_seed307,2036,1.5,center,,success,1,0,0,63,1.2154767804276887,345.25186792377406,0.9714942272202899,7.49074387072657,54.67655490775729,27.040021100631495
H3,map-barrier-01,7019,H3_map-barrier-01_seed307,2037,1.5,center,,success,1,0,0,63,0.6715147365161694,343.98348990832704,0.9750764396115541,8.501630178376075,56.771459341471584,26.5143747958014
H3,map-barrier-01,7019,H3_map-barrier-01_seed307,2038,1.5,center,,success,1,0,0,66,0.4618990366610866,346.5270084409578,0.9679193495883498,7.797173219642953,63.46799399833753,26.13659306755488
H3,map-barrier-01,7019,H3_map-barrier-01_seed307,2039,1.5,center,,success,1,0,0,66,1.4851760462993824,346.2973599906732,0.9685612290951396,7.600319052316124,61.18862359442609,26.331848056724546
H3,map-barrier-01,7019,H3_map-barrier-01_seed307,2040,1.5,center,,success,1,0,0,65,0.22675251669865154,345.72187414238493,0.9701734883191985,8.50875374620179,62.64137086337213,26.743305506361317
H3,map-barrier-01,7019,H3_map-barrier-01_seed307,2041,1.5,center,,success,1,0,0,67,1.3168059750548406,348.8281430265653,0.9615342205901806,7.8294889482630765,57.76328175713667,26.35929640194978
H3,map-barrier-01,7019,H3_map-barrier-01_seed307,2042,1.5,center,,success,1,0,0,67,0.7586713466743414,348.5896742502761,0.9621920022339927,7.382105453950956,57.974433863919245,26.18614605720021
H3,map-barrier-01,7019,H3_map-barrier-01_seed307,2043,1.5,center,,success,1,0,0,65,1.838013866540662,346.8507286780787,0.9670159780355297,8.268152167013731,60.66411850001205,26.313336650259068
H3,map-barrier-01,7019,H3_map-barrier-01_seed307,2044,1.5,center,,success,1,0,0,69,0.9019987623002536,350.2778969415887,0.9575545575486325,6.467241962572871,63.190985338692165,25.734293864181165
H3,map-barrier-01,7019,H3_map-barrier-01_seed307,2045,1.5,center,,success,1,0,0,64,1.9464884694575861,343.73512546103854,0.9757809772134746,8.093425696997198,59.100277549876665,26.995908589099685
H3,map-barrier-01,7019,H3_map-barrier-01_seed307,2046,1.5,center,,success,1,0,0,65,1.3853829464335194,347.0904596651242,0.966348072339917,5.207932585569964,58.120529012639075,26.409607643981914
H3,map-barrier-01,7019,H3_map-barrier-01_seed307,2047,1.5,center,,success,1,0,0,67,1.19441347694305,349.46418825256495,0.9597841721697693,6.716542717209984,57.95253540223757,26.347770682899288
H3,map-barrier-01,7019,H3_map-barrier-01_seed307,2048,1.5,center,,success,1,0,0,64,0.9574175830106941,344.08913120157644,0.9747770743403005,8.983625256650042,57.197134169277284,26.072620846538097
H3,map-barrier-01,7019,H3_map-barrier-01_seed307,2049,1.5,center,,success,1,0,0,66,0.6609930398776416,348.0439955402319,0.9637005692465594,5.821531498061006,65.42297865393735,27.0336584839913
H3,map-barrier-01,7019,H3_map-barrier-01_seed307,2050,1.5,center,,success,1,0,0,65,2.2063269068111286,346.5745116711967,0.9677866817372304,8.682980541764636,56.1955723552524,26.600278004527603
H3,map-barrier-01,7019,H3_map-barrier-01_seed307,2001,2.0,center,,success,1,0,0,67,2.155003566643886,347.5913202153051,0.9649556163174864,6.0881219439961,58.37380868099505,25.729601584404097
H3,map-barrier-01,7019,H3_map-barrier-01_seed307,2002,2.0,center,,success,1,0,0,64,2.1285524067013095,345.6755207351221,0.9703035838687011,8.626328520162525,57.400591521969844,26.35024197977308
H3,map-barrier-01,7019,H3_map-barrier-01_seed307,2003,2.0,center,,success,1,0,0,65,1.8092689668285242,346.0533213518109,0.9692442636144439,5.516599529884431,57.79054259865366,26.34755928402565
H3,map-barrier-01,7019,H3_map-barrier-01_seed307,2004,2.0,center,,success,1,0,0,67,1.1366831223814895,349.2073620677478,0.9604900499202459,7.89858740269473,62.073071630934656,25.98388230043519
H3,map-barrier-01,7019,H3_map-barrier-01_seed307,2005,2.0,center,,success,1,0,0,65,1.2506145490119305,344.8243323179429,0.9726987488681798,9.527404955713777,56.912046841677004,26.09949146346809
H3,map-barrier-01,7019,H3_map-barrier-01_seed307,2006,2.0,center,,success,1,0,0,64,1.2798715343560196,344.3011211039934,0.9741768936141817,8.038244475694931,66.9492536578706,26.912150848929382
H3,map-barrier-01,7019,H3_map-barrier-01_seed307,2007,2.0,center,,success,1,0,0,65,1.3989584763172498,344.5992199695728,0.9733341725340653,9.330096035503999,64.38087572461558,26.630390025202203
H3,map-barrier-01,7019,H3_map-barrier-01_seed307,2008,2.0,center,,success,1,0,0,64,1.817048034942034,345.6912223783167,0.970259511703491,8.466239488110764,59.623054979541905,26.79200110701718
H3,map-barrier-01,7019,H3_map-barrier-01_seed307,2009,2.0,center,,success,1,0,0,66,1.6919397796387732,350.0350617220626,0.9582188566335487,6.10232471194918,67.23518862974088,26.886876925879942
H3,map-barrier-01,7019,H3_map-barrier-01_seed307,2010,2.0,center,,success,1,0,0,65,1.2367652510167764,346.8108868924837,0.9671270692518669,5.365408678948171,64.60539907679131,26.865789338381376
H3,map-barrier-01,7019,H3_map-barrier-01_seed307,2011,2.0,center,,success,1,0,0,66,0.9018030159192094,345.60280379008435,0.9705077416810924,8.279321833242065,65.14141612854294,26.325101520262756
H3,map-barrier-01,7019,H3_map-barrier-01_seed307,2012,2.0,center,,success,1,0,0,64,1.1962031159115498,345.7498460683468,0.9700949991418524,5.76452127078286,59.84600102693989,26.661701085136762
H3,map-barrier-01,7019,H3_map-barrier-01_seed307,2013,2.0,center,,success,1,0,0,66,0.8981890787602467,348.54343300636793,0.9623196562100784,5.705563252181761,59.54531890761699,26.89775211647085
H3,map-barrier-01,7019,H3_map-barrier-01_seed307,2014,2.0,center,,success,1,0,0,63,1.225896460522971,344.9635549350699,0.9723061808314806,7.988830705748668,66.00246875035823,27.478330767618147
H3,map-barrier-01,7019,H3_map-barrier-01_seed307,2015,2.0,center,,success,1,0,0,68,0.9211528539682635,349.4531645786263,0.959814449038998,7.895416544928985,64.63042878039326,25.785944228286038
H3,map-barrier-01,7019,H3_map-barrier-01_seed307,2016,2.0,center,,success,1,0,0,63,1.3125124978107563,343.529419371668,0.9763652767744028,7.7823423475384175,57.24717300988436,26.904351704897945
H3,map-barrier-01,7019,H3_map-barrier-01_seed307,2017,2.0,center,,success,1,0,0,63,1.7269720707630112,345.452779619136,0.9709292164178285,7.500768998395703,54.89993321818325,26.754784945449202
H3,map-barrier-01,7019,H3_map-barrier-01_seed307,2018,2.0,center,,success,1,0,0,67,1.6311261754712494,348.55930096279906,0.9622758471757609,7.81257892456685,52.56144960590429,25.745454978486723
H3,map-barrier-01,7019,H3_map-barrier-01_seed307,2019,2.0,center,,success,1,0,0,65,1.5528957116590127,348.60228175693913,0.962157203717993,6.9479536964714645,59.10878572555718,26.987001091952813
H3,map-barrier-01,7019,H3_map-barrier-01_seed307,2020,2.0,center,,success,1,0,0,67,1.2532140241988934,349.8226311369605,0.9588007372045939,6.556476177917716,57.60054821639739,26.461780674714305
H3,map-barrier-01,7019,H3_map-barrier-01_seed307,2021,2.0,center,,success,1,0,0,66,1.2598353392155253,344.75838129591693,0.9728848225942777,7.864426048027903,62.485633379377774,25.53906728761866
H3,map-barrier-01,7019,H3_map-barrier-01_seed307,2022,2.0,center,,success,1,0,0,65,1.0829177517162323,348.4741783316713,0.9625109046264291,5.369587076205079,56.321489343590926,26.673534735881702
H3,map-barrier-01,7019,H3_map-barrier-01_seed307,2023,2.0,center,,success,1,0,0,61,2.481037600622347,343.2474460419364,0.9771673481992625,7.473809414460547,58.27403948218929,26.586383706237466
H3,map-barrier-01,7019,H3_map-barrier-01_seed307,2024,2.0,center,,success,1,0,0,66,0.9718372037818315,347.0807896572989,0.9663749957355642,8.661575622794402,60.72017676282128,26.171831782408137
H3,map-barrier-01,7019,H3_map-barrier-01_seed307,2025,2.0,center,,success,1,0,0,63,1.0904458635792331,343.8829859066874,0.9753614176072729,7.371522426555342,57.56150045604507,26.414062678215448
H3,map-barrier-01,7019,H3_map-barrier-01_seed307,2026,2.0,center,,success,1,0,0,64,2.052763080980033,348.8562670119627,0.9614567039251923,5.829626384153386,52.946024040836676,26.438938455484028
H3,map-barrier-01,7019,H3_map-barrier-01_seed307,2027,2.0,center,,success,1,0,0,63,2.041168744524566,344.2308569536925,0.9743757418879196,7.216823452261009,60.56794758802989,26.599958124131685
H3,map-barrier-01,7019,H3_map-barrier-01_seed307,2028,2.0,center,,success,1,0,0,69,0.9260810151373654,351.4215142124895,0.9544384252529295,4.916032364083293,63.00092239892468,26.458459162646413
H3,map-barrier-01,7019,H3_map-barrier-01_seed307,2029,2.0,center,,success,1,0,0,65,1.3765100632554224,344.9831102016046,0.9722510659404694,9.696304339899854,59.955817236947304,26.479499809367184
H3,map-barrier-01,7019,H3_map-barrier-01_seed307,2030,2.0,center,,success,1,0,0,67,1.9957761893123096,348.06602352151594,0.9636395797311565,6.571302577320793,58.775725009759114,26.168453824831705
H3,map-barrier-01,7019,H3_map-barrier-01_seed307,2031,2.0,center,,success,1,0,0,69,1.7909162974089796,351.2970130518122,0.9547766823041544,3.671894469105709,58.80767982776143,26.273509112594112
H3,map-barrier-01,7019,H3_map-barrier-01_seed307,2032,2.0,center,,success,1,0,0,67,0.9727610221635126,350.30817829934574,0.9574717845677967,7.210894670626814,57.90395563808089,26.653693570107485
H3,map-barrier-01,7019,H3_map-barrier-01_seed307,2033,2.0,center,,success,1,0,0,63,1.1384754818895504,343.20778250402054,0.977280276623795,7.647127412001467,58.74124150096298,25.720936524909582
H3,map-barrier-01,7019,H3_map-barrier-01_seed307,2034,2.0,center,,success,1,0,0,64,2.1479430998610685,347.2756509299305,0.9658327490764501,7.471526475455164,54.62083467850285,26.809885235709757
H3,map-barrier-01,7019,H3_map-barrier-01_seed307,2035,2.0,center,,success,1,0,0,66,1.3664952313389975,348.8807387156233,0.9613892640211508,5.808026213634776,61.8734027244547,26.80900181222285
H3,map-barrier-01,7019,H3_map-barrier-01_seed307,2036,2.0,center,,success,1,0,0,62,1.1996796058905872,343.5137058809783,0.9764099390583921,7.594358030973723,59.092925228670346,27.097538373621326
H3,map-barrier-01,7019,H3_map-barrier-01_seed307,2037,2.0,center,,success,1,0,0,62,1.9951711216294596,342.008754014205,0.9807064663936571,8.695900100278442,60.36519941345913,26.740945506778548
H3,map-barrier-01,7019,H3_map-barrier-01_seed307,2038,2.0,center,,success,1,0,0,66,2.078347499105891,344.8009298740992,0.9727647682024533,7.975598638738403,64.10274981618852,25.825171405635444
H3,map-barrier-01,7019,H3_map-barrier-01_seed307,2039,2.0,center,,success,1,0,0,66,2.846038010583728,345.1360665686822,0.9718201866283995,7.750101994698113,60.52138396745069,26.3121065421
H3,map-barrier-01,7019,H3_map-barrier-01_seed307,2040,2.0,center,,success,1,0,0,65,0.5268310013637497,344.9474579812957,0.97235155344486,8.823139693316037,63.2742989919628,26.62582623491054
H3,map-barrier-01,7019,H3_map-barrier-01_seed307,2041,2.0,center,,success,1,0,0,67,0.9034014142317515,347.03205320386576,0.9665107114123836,8.057165226538796,59.86147480812041,26.328275874216885
H3,map-barrier-01,7019,H3_map-barrier-01_seed307,2042,2.0,center,,success,1,0,0,67,1.4421715555542487,346.7162360360039,0.96739108747748,7.7046101328632375,60.469215409007134,26.014096622161915
H3,map-barrier-01,7019,H3_map-barrier-01_seed307,2043,2.0,center,,success,1,0,0,64,1.9548528835715353,342.66311654089077,0.9788336720066667,8.41098399374073,60.08950810935709,25.789014502767017
H3,map-barrier-01,7019,H3_map-barrier-01_seed307,2044,2.0,center,,success,1,0,0,70,1.887110228455749,349.8211736407696,0.9588047319554199,5.867961838310691,60.948473636377656,25.4118153329411
H3,map-barrier-01,7019,H3_map-barrier-01_seed307,2045,2.0,center,,success,1,0,0,64,2.1097528484479113,343.75247639060905,0.97573172460244,8.629358875359937,57.45732220605892,27.196141774770528
H3,map-barrier-01,7019,H3_map-barrier-01_seed307,2046,2.0,center,,success,1,0,0,65,1.791227026268791,347.495196647184,0.9652225408039652,4.317540588713172,61.51202662511009,26.88309993752076
H3,map-barrier-01,7019,H3_map-barrier-01_seed307,2047,2.0,center,,success,1,0,0,67,2.2284920003201316,347.88305804954723,0.9641463959339972,6.185277587163796,58.005405998674874,26.11107893618646
H3,map-barrier-01,7019,H3_map-barrier-01_seed307,2048,2.0,center,,success,1,0,0,64,0.549971608473007,345.00681599117627,0.9721842615235369,8.976330207377833,56.35208038961121,25.887029010649734
H3,map-barrier-01,7019,H3_map-barrier-01_seed307,2049,2.0,center,,success,1,0,0,66,2.4958850504756014,346.90024084314314,0.9668779583714094,4.720902320868134,64.54680236380005,27.07320020750362
H3,map-barrier-01,7019,H3_map-barrier-01_seed307,2050,2.0,center,,success,1,0,0,64,2.5047811064826075,342.8271179372878,0.9783654182407002,9.206544136231985,58.712990616493165,26.75718375202667
H3,map-barrier-01,7019,H3_map-barrier-01_seed401,2001,0.0,center,,success,1,0,0,68,1.1483867714746419,347.31566954599657,0.9657214633114864,12.743909856139894,43.45831214076354,28.42150852629877
H3,map-barrier-01,7019,H3_map-barrier-01_seed401,2002,0.0,center,,success,1,0,0,68,1.6059243441110171,346.8675396838585,0.966969111409697,12.95100204722462,41.01382074208754,28.288119123075052
H3,map-barrier-01,7019,H3_map-barrier-01_seed401,2003,0.0,center,,success,1,0,0,68,1.8176683320208973,346.59949088701535,0.9677169339360214,13.09503993852698,40.633994753022236,28.24256495911948
H3,map-barrier-01,7019,H3_map-barrier-01_seed401,2004,0.0,center,,success,1,0,0,68,1.7122781016476614,346.9818572185009,0.9666505312805287,12.913742996891926,42.208406606095096,28.290297512876293
H3,map-barrier-01,7019,H3_map-barrier-01_seed401,2005,0.0,center,,success,1,0,0,68,1.7299271812137138,347.1571251559902,0.9661625019917325,11.972373731581115,41.121621715918806,28.347169996080154
H3,map-barrier-01,7019,H3_map-barrier-01_seed401,2006,0.0,center,,success,1,0,0,68,1.962672033862598,346.7904027753003,0.9671841952393776,11.723410051434456,40.790262518839064,28.36281329052552
H3,map-barrier-01,7019,H3_map-barrier-01_seed401,2007,0.0,center,,success,1,0,0,68,1.5291630313790485,347.08948456624455,0.9663507871583272,12.21938210065602,44.06083021891,28.444608559503397
H3,map-barrier-01,7019,H3_map-barrier-01_seed401,2008,0.0,center,,success,1,0,0,68,1.766863907633536,346.9442071847901,0.9667554312164135,11.95030102925584,42.919048633771595,28.403525635343097
H3,map-barrier-01,7019,H3_map-barrier-01_seed401,2009,0.0,center,,success,1,0,0,68,1.3490236001598628,347.2369140834139,0.9659404948645396,12.757329562710865,43.10278940828855,28.349989282112045
H3,map-barrier-01,7019,H3_map-barrier-01_seed401,2010,0.0,center,,success,1,0,0,68,1.0919865438285439,346.91582590707134,0.9668345217401962,12.8203306904264,44.19865653621036,28.46430681083478
H3,map-barrier-01,7019,H3_map-barrier-01_seed401,2011,0.0,center,,success,1,0,0,68,1.1719768985917383,347.02648557832555,0.966526217922536,12.81267813703377,43.31691158046291,28.395121440770495
H3,map-barrier-01,7019,H3_map-barrier-01_seed401,2012,0.0,center,,success,1,0,0,68,1.3425128730543996,346.64342473132297,0.9675942847753101,12.436516955424091,40.86695152565055,28.377061092030136
H3,map-barrier-01,7019,H3_map-barrier-01_seed401,2013,0.0,center,,success,1,0,0,68,1.0616948743245136,346.85005323477554,0.967017861167622,12.762779899122254,41.30058557318745,28.353253617521585
H3,map-barrier-01,7019,H3_map-barrier-01_seed401,2014,0.0,center,,success,1,0,0,68,1.645129995413011,346.53888837604234,0.9678861676874841,12.144170967158368,43.834390582323365,28.46337634025688
H3,map-barrier-01,7019,H3_map-barrier-01_seed401,2015,0.0,center,,success,1,0,0,68,1.3495849468776417,347.36259058281576,0.9655910156076589,12.687499052087816,42.52568975702815,28.317258372092837
H3,map-barrier-01,7019,H3_map-barrier-01_seed401,2016,0.0,center,,success,1,0,0,68,1.6476451276580226,346.7283526874736,0.9673572813564894,12.126370249379562,44.63715547644819,28.530738311134034
H3,map-barrier-01,7019,H3_map-barrier-01_seed401,2017,0.0,center,,success,1,0,0,68,1.9070038574291135,347.0392118878571,0.9664907743432565,11.7646972465202,40.97606300162366,28.35352466956477
H3,map-barrier-01,7019,H3_map-barrier-01_seed401,2018,0.0,center,,success,1,0,0,68,1.2499756765768397,347.52087885519916,0.965151209705369,12.652126197419307,43.07508590875752,28.395075327435727
H3,map-barrier-01,7019,H3_map-barrier-01_seed401,2019,0.0,center,,success,1,0,0,68,1.373547980328373,347.20339102284345,0.9660337580139041,12.391709361962711,40.706905020527195,28.318198828092683
H3,map-barrier-01,7019,H3_map-barrier-01_seed401,2020,0.0,center,,success,1,0,0,68,1.834739662369494,346.82264078253115,0.9670942931181974,11.86831374159972,41.3136510957832,28.376852213807258
H3,map-barrier-01,7019,H3_map-barrier-01_seed401,2021,0.0,center,,success,1,0,0,68,1.779451936239426,346.9196069127253,0.9668239844090095,12.957057331155951,40.93956707948382,28.262812154640194
H3,map-barrier-01,7019,H3_map-barrier-01_seed401,2022,0.0,center,,success,1,0,0,68,1.4308415377562638,346.7509386945299,0.9672942714668408,12.364111241590928,40.89615397753645,28.37017984530755
H3,map-barrier-01,7019,H3_map-barrier-01_seed401,2023,0.0,center,,success,1,0,0,68,1.1510257444852148,346.99297721605586,0.966619553271606,12.670228303764626,44.52654910689096,28.476608897150218
H3,map-barrier-01,7019,H3_map-barrier-01_seed401,2024,0.0,center,,success,1,0,0,68,1.828958154458421,346.584430803195,0.967758984001876,13.100776441400015,40.62305372174112,28.239903561606045
H3,map-barrier-01,7019,H3_map-barrier-01_seed401,2025,0.0,center,,success,1,0,0,68,1.9508610675998994,346.59733453574546,0.9677229545756266,13.111742852039725,40.764268356979265,28.235249573857647
H3,map-barrier-01,7019,H3_map-barrier-01_seed401,2026,0.0,center,,success,1,0,0,68,1.7162596175579667,346.9955146521876,0.9666124847785664,12.017750545331978,44.603262695309446,28.50683680127229
H3,map-barrier-01,7019,H3_map-barrier-01_seed401,2027,0.0,center,,success,1,0,0,68,1.531702332201216,346.88247925885054,0.9669274658714566,12.232143599932655,40.943192834324115,28.36229354052198
H3,map-barrier-01,7019,H3_map-barrier-01_seed401,2028,0.0,center,,success,1,0,0,68,1.2373441495252548,346.93308679473574,0.966786419029025,12.878845523940065,45.10637074947832,28.50527114542388
H3,map-barrier-01,7019,H3_map-barrier-01_seed401,2029,0.0,center,,success,1,0,0,68,1.2810928970578928,347.0582465253485,0.9664377665219106,12.815203909254933,40.51030909007485,28.298038467040197
H3,map-barrier-01,7019,H3_map-barrier-01_seed401,2030,0.0,center,,success,1,0,0,68,1.377066810553546,347.24636006849744,0.9659142188237937,12.382282276781666,40.70275876472947,28.313995907637953
H3,map-barrier-01,7019,H3_map-barrier-01_seed401,2031,0.0,center,,success,1,0,0,68,1.5771891380244363,346.9390694650089,0.9667697476164379,12.186273900491045,45.00363075029576,28.52657526654855
H3,map-barrier-01,7019,H3_map-barrier-01_seed401,2032,0.0,center,,success,1,0,0,68,1.1910757084216625,347.3986963456355,0.9654906600203836,12.605733118086292,40.63871343264265,28.292341938053227
H3,map-barrier-01,7019,H3_map-barrier-01_seed401,2033,0.0,center,,success,1,0,0,68,1.8894122104823083,346.8017940634469,0.9671524264479603,13.083489763720621,43.2683024631026,28.35176410931163
H3,map-barrier-01,7019,H3_map-barrier-01_seed401,2034,0.0,center,,success,1,0,0,68,1.8823376675974397,347.1873613952994,0.9660783597565301,11.792532786121882,43.65879750057299,28.4685433297761
H3,map-barrier-01,7019,H3_map-barrier-01_seed401,2035,0.0,center,,success,1,0,0,68,1.0887821363297325,346.97251076138616,0.9666765701091257,12.747622241561546,41.1780832525132,28.33864416428559
H3,map-barrier-01,7019,H3_map-barrier-01_seed401,2036,0.0,center,,success,1,0,0,68,1.7051477160537098,346.7615228387835,0.9672647469047698,12.040467865108141,41.30250746031777,28.38738234932335
H3,map-barrier-01,7019,H3_map-barrier-01_seed401,2037,0.0,center,,success,1,0,0,68,1.7838507570178608,346.875594649307,0.9669466569536836,12.98636026220258,41.82287631636074,28.27311991552121
H3,map-barrier-01,7019,H3_map-barrier-01_seed401,2038,0.0,center,,success,1,0,0,68,1.0969270112548515,346.8151623163081,0.9671151468258534,12.827224835975729,40.51034447515974,28.338167604622754
H3,map-barrier-01,7019,H3_map-barrier-01_seed401,2039,0.0,center,,success,1,0,0,68,1.762604934293574,346.876863658301,0.966943119490875,11.959874949252253,41.28716353476833,28.378222597852766
H3,map-barrier-01,7019,H3_map-barrier-01_seed401,2040,0.0,center,,success,1,0,0,68,1.0436677266990009,346.7768174747173,0.9672220855692653,12.826734639771026,42.709205330885375,28.402199126460435
H3,map-barrier-01,7019,H3_map-barrier-01_seed401,2041,0.0,center,,success,1,0,0,68,1.5573252511258684,346.7201128804688,0.9673802706121079,12.218974465764887,41.09653952343317,28.381821444530367
H3,map-barrier-01,7019,H3_map-barrier-01_seed401,2042,0.0,center,,success,1,0,0,68,1.9701496160671343,346.8176644728949,0.9671081694605612,11.71545803576116,40.79956288566291,28.360288038774776
H3,map-barrier-01,7019,H3_map-barrier-01_seed401,2043,0.0,center,,success,1,0,0,68,1.7824710155428583,346.7734156388461,0.9672315739863057,11.94115198840106,45.56535280891573,28.567367751067803
H3,map-barrier-01,7019,H3_map-barrier-01_seed401,2044,0.0,center,,success,1,0,0,68,1.146324477290538,346.7426413051095,0.967317418366871,12.652389129407025,42.339778870675076,28.38902721185659
H3,map-barrier-01,7019,H3_map-barrier-01_seed401,2045,0.0,center,,success,1,0,0,68,1.8536086024671334,346.6435134852653,0.9675940370343196,13.08491228721995,40.615515617517346,28.239938231659306
H3,map-barrier-01,7019,H3_map-barrier-01_seed401,2046,0.0,center,,success,1,0,0,68,1.9991880431203493,346.59542008084406,0.9677282998913643,13.117759985324241,40.914536745320916,28.240570903230957
H3,map-barrier-01,7019,H3_map-barrier-01_seed401,2047,0.0,center,,success,1,0,0,68,1.4107549989515313,347.05359571827756,0.9664507175924474,12.376025027897157,43.726303860886105,28.46914457556652
H3,map-barrier-01,7019,H3_map-barrier-01_seed401,2048,0.0,center,,success,1,0,0,68,1.9360376546580624,346.6038135687725,0.9677048650199487,13.107912355965894,40.72725348690963,28.23485285785233
H3,map-barrier-01,7019,H3_map-barrier-01_seed401,2049,0.0,center,,success,1,0,0,68,1.636408016759864,346.5525243072917,0.9678480839099495,12.146045398779279,41.45849000246166,28.408908990923504
H3,map-barrier-01,7019,H3_map-barrier-01_seed401,2050,0.0,center,,success,1,0,0,68,1.7423911611361962,346.83612833852817,0.9670566853335203,11.988119470840886,41.29225278442004,28.38143922413544
H3,map-barrier-01,7019,H3_map-barrier-01_seed401,2001,0.5,center,,success,1,0,0,68,2.754270306622963,345.9644190104171,0.9694933299336461,12.468378170292496,43.54245451110819,27.843552788193456
H3,map-barrier-01,7019,H3_map-barrier-01_seed401,2002,0.5,center,,success,1,0,0,68,1.8627096845729556,346.425090455711,0.9682041106888282,12.608022737387481,41.19164926230877,28.42177395458214
H3,map-barrier-01,7019,H3_map-barrier-01_seed401,2003,0.5,center,,success,1,0,0,68,0.9736228958898012,347.02188923812895,0.9665390196605366,13.150218929825002,42.10023212022372,28.278067171277932
H3,map-barrier-01,7019,H3_map-barrier-01_seed401,2004,0.5,center,,success,1,0,0,69,0.9344512462390089,349.00788742970116,0.961039015751552,12.569258354429394,41.408873168955594,28.090349334540377
H3,map-barrier-01,7019,H3_map-barrier-01_seed401,2005,0.5,center,,success,1,0,0,68,2.2100927393478424,346.79567097752556,0.9671695026628665,11.86012889137578,40.506007262282644,28.38868274311941
H3,map-barrier-01,7019,H3_map-barrier-01_seed401,2006,0.5,center,,success,1,0,0,68,1.0831745114974993,347.20915663130296,0.9660177164657451,11.869776024452209,41.639186732556624,28.36195326002366
H3,map-barrier-01,7019,H3_map-barrier-01_seed401,2007,0.5,center,,success,1,0,0,68,2.597853526469373,346.34999893340904,0.9684140252861848,12.02756835875769,43.345823477366075,28.530015154811462
H3,map-barrier-01,7019,H3_map-barrier-01_seed401,2008,0.5,center,,success,1,0,0,68,2.8156968254236725,346.28186355846907,0.9686045731018629,11.683452389228954,42.44793233801523,28.590559625633244
H3,map-barrier-01,7019,H3_map-barrier-01_seed401,2009,0.5,center,,success,1,0,0,68,0.4873356227165017,347.7781962496592,0.9644371045739392,13.090853610511353,44.50941632783778,28.48796544805533
H3,map-barrier-01,7019,H3_map-barrier-01_seed401,2010,0.5,center,,success,1,0,0,68,0.4484268697239578,347.7210799144453,0.9645955220991899,13.018908528251043,44.61678885423623,28.6240111897729
H3,map-barrier-01,7019,H3_map-barrier-01_seed401,2011,0.5,center,,success,1,0,0,68,2.2877009245398265,346.3112084141408,0.9685224979027065,12.634252099787417,42.78813338432748,28.23406355930111
H3,map-barrier-01,7019,H3_map-barrier-01_seed401,2012,0.5,center,,success,1,0,0,68,0.4951383576757699,347.5643124843841,0.965030598876685,12.673981563298922,41.27209357147624,28.44231779131958
H3,map-barrier-01,7019,H3_map-barrier-01_seed401,2013,0.5,center,,success,1,0,0,68,0.7203974723303491,347.0499691256226,0.9664608167809954,12.824350332067327,42.37146906427342,28.258270204129698
H3,map-barrier-01,7019,H3_map-barrier-01_seed401,2014,0.5,center,,success,1,0,0,68,0.9500864259331946,347.26180032293394,0.965871271510589,11.967404918150049,43.920016579708616,28.628289338968063
H3,map-barrier-01,7019,H3_map-barrier-01_seed401,2015,0.5,center,,success,1,0,0,69,1.5786787000280234,348.22271188357655,0.9632059747358128,11.95690481576834,43.167467378987396,27.983722326163495
H3,map-barrier-01,7019,H3_map-barrier-01_seed401,2016,0.5,center,,success,1,0,0,68,1.6798374113976418,346.84192389549156,0.9670405262947174,11.812562011783756,44.25891391046335,28.664832665011474
H3,map-barrier-01,7019,H3_map-barrier-01_seed401,2017,0.5,center,,success,1,0,0,68,1.0876207969422527,347.7575150679637,0.9644944597657878,11.739666054066667,43.436576677990104,28.80311762916353
H3,map-barrier-01,7019,H3_map-barrier-01_seed401,2018,0.5,center,,success,1,0,0,69,1.3311177421427691,348.84437182324854,0.961489488484318,11.88637738918203,44.24761306052365,28.13588451515921
H3,map-barrier-01,7019,H3_map-barrier-01_seed401,2019,0.5,center,,success,1,0,0,68,0.7027686032827035,347.8817390889423,0.9641500514035741,12.337860571361263,43.90983850873477,28.705749961061542
H3,map-barrier-01,7019,H3_map-barrier-01_seed401,2020,0.5,center,,success,1,0,0,69,1.3052729047589537,348.61950537549166,0.9621096681429352,11.784796184595649,40.63823682390676,28.21343288188203
H3,map-barrier-01,7019,H3_map-barrier-01_seed401,2021,0.5,center,,success,1,0,0,68,2.2095686710299547,346.0071500671467,0.9693735998226575,12.547551863162695,41.42242350450403,28.18583810640293
H3,map-barrier-01,7019,H3_map-barrier-01_seed401,2022,0.5,center,,success,1,0,0,68,0.5077673144726074,347.62609805556866,0.964859078478488,12.473244299103385,41.34557639126644,28.216462852545426
H3,map-barrier-01,7019,H3_map-barrier-01_seed401,2023,0.5,center,,success,1,0,0,68,0.2787218942841847,348.1131068276791,0.9635092446863867,12.196658114143212,48.90722064192386,29.103546902137445
H3,map-barrier-01,7019,H3_map-barrier-01_seed401,2024,0.5,center,,success,1,0,0,69,1.6254439083598917,348.4664464665011,0.9625322610715469,12.928121450558038,39.8870128568011,28.34712804480886
H3,map-barrier-01,7019,H3_map-barrier-01_seed401,2025,0.5,center,,success,1,0,0,67,2.7954670363280743,344.57757414083,0.9733953158770722,13.301870597667014,41.73712204106739,28.310440624132745
H3,map-barrier-01,7019,H3_map-barrier-01_seed401,2026,0.5,center,,success,1,0,0,68,0.25320421591562864,348.25630773780455,0.9631130554496441,12.114810323828017,46.73824915544737,28.623183897428124
H3,map-barrier-01,7019,H3_map-barrier-01_seed401,2027,0.5,center,,success,1,0,0,68,0.7761555499410301,347.5141891164047,0.9651697891179292,12.262794561641968,43.42959809422854,28.88175243597286
H3,map-barrier-01,7019,H3_map-barrier-01_seed401,2028,0.5,center,,success,1,0,0,69,1.9687676847742825,347.80338059571,0.9643672699514457,12.265268427103493,46.38312077311976,28.238193021504134
H3,map-barrier-01,7019,H3_map-barrier-01_seed401,2029,0.5,center,,success,1,0,0,68,2.0169473254983665,346.2553824764765,0.9686786504979608,12.386676178516682,41.492582047662,28.37695990024456
H3,map-barrier-01,7019,H3_map-barrier-01_seed401,2030,0.5,center,,success,1,0,0,68,2.763569752142782,346.24569479283576,0.968705753368716,12.19815610718949,41.54634609950977,27.767205481654845
H3,map-barrier-01,7019,H3_map-barrier-01_seed401,2031,0.5,center,,success,1,0,0,68,2.463042271010714,345.90632149360874,0.9696561634857714,12.236290224448936,44.80291921789389,27.806759395813256
H3,map-barrier-01,7019,H3_map-barrier-01_seed401,2032,0.5,center,,success,1,0,0,69,0.605512954975503,349.2773026731663,0.9602977177673241,11.813234234906048,40.90055696577982,28.14190949505592
H3,map-barrier-01,7019,H3_map-barrier-01_seed401,2033,0.5,center,,success,1,0,0,67,2.789630727404218,344.59928277986353,0.9733339951239387,13.376752489909592,44.3256169693747,28.48867902991887
H3,map-barrier-01,7019,H3_map-barrier-01_seed401,2034,0.5,center,,success,1,0,0,68,1.3225217623557577,347.6108521345347,0.9649013963901097,11.905906795416875,44.36815831710211,28.701551162845494
H3,map-barrier-01,7019,H3_map-barrier-01_seed401,2035,0.5,center,,success,1,0,0,68,0.8436725103912515,346.99959045863204,0.9666011310896772,13.081876512761596,41.882427593773805,28.31920174283314
H3,map-barrier-01,7019,H3_map-barrier-01_seed401,2036,0.5,center,,success,1,0,0,68,0.8239109264077745,348.02856340636885,0.963743301245459,12.089828490228674,42.213470469254936,28.542091981289417
H3,map-barrier-01,7019,H3_map-barrier-01_seed401,2037,0.5,center,,success,1,0,0,68,0.9952247805960432,347.6881740870574,0.9646868131355695,13.08117120015026,41.85191054912756,28.64995009650807
H3,map-barrier-01,7019,H3_map-barrier-01_seed401,2038,0.5,center,,success,1,0,0,68,2.1176500956412356,345.9027330685711,0.969666222783147,12.62532411936003,40.26474325457352,28.19895318307226
H3,map-barrier-01,7019,H3_map-barrier-01_seed401,2039,0.5,center,,success,1,0,0,68,2.606058535416862,346.36679892835326,0.9683670538363257,11.657685609791912,40.632302012370246,28.2787530243595
H3,map-barrier-01,7019,H3_map-barrier-01_seed401,2040,0.5,center,,success,1,0,0,68,2.0641507787576816,346.1585477972599,0.9689496294669384,12.555002073886735,44.08131892622818,28.30489903182469
H3,map-barrier-01,7019,H3_map-barrier-01_seed401,2041,0.5,center,,success,1,0,0,69,0.8853336434020652,348.43547803191075,0.9626178095281406,11.920314819938142,40.33967273392036,28.149073960655016
H3,map-barrier-01,7019,H3_map-barrier-01_seed401,2042,0.5,center,,success,1,0,0,69,0.8748615484108873,348.81868486177814,0.961560292442124,11.382667648279678,40.482837327475764,28.231560291212297
H3,map-barrier-01,7019,H3_map-barrier-01_seed401,2043,0.5,center,,success,1,0,0,68,2.573288371471035,346.16065869256585,0.9689437207907987,11.612959749637758,46.631520572698605,28.482962021159164
H3,map-barrier-01,7019,H3_map-barrier-01_seed401,2044,0.5,center,,success,1,0,0,69,2.2720958708477106,346.7453481026908,0.9673098671986643,12.036432470054919,42.40648794178363,27.57003526278453
H3,map-barrier-01,7019,H3_map-barrier-01_seed401,2045,0.5,center,,success,1,0,0,68,1.4252483334707786,346.7185229569799,0.9673847066618517,13.102983225281802,40.889932255537595,28.656786452114254
H3,map-barrier-01,7019,H3_map-barrier-01_seed401,2046,0.5,center,,success,1,0,0,68,0.360474766171191,347.90816754921286,0.9640768108081955,13.478102804012156,41.610716346593506,28.200869636601855
H3,map-barrier-01,7019,H3_map-barrier-01_seed401,2047,0.5,center,,success,1,0,0,68,1.7860798916171574,346.5895661973974,0.9677446447823481,12.182358354796591,43.5854596061564,27.95742887015803
H3,map-barrier-01,7019,H3_map-barrier-01_seed401,2048,0.5,center,,success,1,0,0,68,1.505375020197749,346.64749540640156,0.9675829223336556,12.779598652065204,41.047370498501685,28.236625407022213
H3,map-barrier-01,7019,H3_map-barrier-01_seed401,2049,0.5,center,,success,1,0,0,68,0.9348125054089386,347.09093926799693,0.9663467370607175,12.444933836342486,40.6492480782565,28.096257837359396
H3,map-barrier-01,7019,H3_map-barrier-01_seed401,2050,0.5,center,,success,1,0,0,68,2.3581917936564505,346.4212184121879,0.9682149325676754,11.729940035865976,43.299463506230474,28.549811298498685
H3,map-barrier-01,7019,H3_map-barrier-01_seed401,2001,1.5,center,,success,1,0,0,69,1.91926171189053,347.62974124190885,0.964848966681372,12.053784601559727,43.535197440847284,27.296072559257517
H3,map-barrier-01,7019,H3_map-barrier-01_seed401,2002,1.5,center,,success,1,0,0,68,2.683576953950624,345.6502633376899,0.9703744860083696,11.30156107849984,45.31223581387414,28.53603343199179
H3,map-barrier-01,7019,H3_map-barrier-01_seed401,2003,1.5,center,,success,1,0,0,67,2.313270408513905,345.0221806345575,0.9721409678881778,13.254944494879084,46.04676447207257,28.232411880636416
H3,map-barrier-01,7019,H3_map-barrier-01_seed401,2004,1.5,center,,success,1,0,0,70,0.7857022299859915,350.02224282340444,0.9582539495759755,11.885437001205318,44.34184489678404,27.45733769033036
H3,map-barrier-01,7019,H3_map-barrier-01_seed401,2005,1.5,center,,success,1,0,0,69,1.84637598407107,348.9883408185863,0.9610928429248697,11.115533767725628,41.28480561540474,28.306727090266296
H3,map-barrier-01,7019,H3_map-barrier-01_seed401,2006,1.5,center,,success,1,0,0,67,0.8926916372364165,345.7450680559078,0.9701084053373449,12.323173976650493,43.884157050038084,28.637847341783708
H3,map-barrier-01,7019,H3_map-barrier-01_seed401,2007,1.5,center,,success,1,0,0,69,2.247683397732611,348.44567839425866,0.9625896299550577,11.451486921027524,44.02207578717281,28.548815835624705
H3,map-barrier-01,7019,H3_map-barrier-01_seed401,2008,1.5,center,,success,1,0,0,69,2.6292140234953623,348.0061066389464,0.9638054914161432,11.449557357333822,39.63436144410516,28.99906255804816
H3,map-barrier-01,7019,H3_map-barrier-01_seed401,2009,1.5,center,,success,1,0,0,67,1.8720031896837663,345.77674900730716,0.9700195215204606,13.45766212384568,48.52290422031189,28.413404072084855
H3,map-barrier-01,7019,H3_map-barrier-01_seed401,2010,1.5,center,,success,1,0,0,67,1.3629264129914707,346.22383421176517,0.9687669174728664,13.392029763140306,48.262479636128994,28.885732099871046
H3,map-barrier-01,7019,H3_map-barrier-01_seed401,2011,1.5,center,,success,1,0,0,69,1.6288361834501257,348.37884370773645,0.9627742978168683,12.149559367532845,42.78551642320984,28.135373104018193
H3,map-barrier-01,7019,H3_map-barrier-01_seed401,2012,1.5,center,,success,1,0,0,67,1.271699199310441,346.14126854152255,0.9689979991066371,13.196045107263085,46.09116587900017,28.64739300863343
H3,map-barrier-01,7019,H3_map-barrier-01_seed401,2013,1.5,center,,success,1,0,0,68,0.8167136004253372,347.5098955614656,0.9651817139855892,12.956957336902747,47.34250577306417,28.346761199694054
H3,map-barrier-01,7019,H3_map-barrier-01_seed401,2014,1.5,center,,success,1,0,0,66,2.6456438254803585,344.03687743759997,0.9749251275709646,12.696885636104964,44.40956802954239,28.977646171433083
H3,map-barrier-01,7019,H3_map-barrier-01_seed401,2015,1.5,center,,success,1,0,0,70,1.663222160079256,348.66185569385533,0.9619928051994235,11.21471238425913,45.26256616102234,27.358441538049355
H3,map-barrier-01,7019,H3_map-barrier-01_seed401,2016,1.5,center,,success,1,0,0,67,1.6420247005726365,345.59468444166953,0.9705305426408547,12.13813057483162,46.98553821478066,28.873761369230166
H3,map-barrier-01,7019,H3_map-barrier-01_seed401,2017,1.5,center,,success,1,0,0,66,2.491818808081718,344.34438882512535,0.9740544858865289,12.09023731943031,42.198905457979144,28.389474301512205
H3,map-barrier-01,7019,H3_map-barrier-01_seed401,2018,1.5,center,,success,1,0,0,70,1.988063173762949,349.7802513640413,0.9589169065919708,11.159556569962291,45.69244632206437,27.937752104952107
H3,map-barrier-01,7019,H3_map-barrier-01_seed401,2019,1.5,center,,success,1,0,0,67,2.9334860778374674,346.2069405498244,0.9688141898377045,12.26699829585369,47.61566318338798,28.999877389240226
H3,map-barrier-01,7019,H3_map-barrier-01_seed401,2020,1.5,center,,success,1,0,0,70,1.8299382717298078,349.8776860440401,0.958649865378238,11.161264318210772,40.805904725959834,27.85421305752619
H3,map-barrier-01,7019,H3_map-barrier-01_seed401,2021,1.5,center,,success,1,0,0,69,1.3424501461769096,346.87906482239526,0.9669369836334778,11.872427468177008,42.36921571888723,28.09278576715024
H3,map-barrier-01,7019,H3_map-barrier-01_seed401,2022,1.5,center,,success,1,0,0,68,0.4162717437367352,348.7161213686211,0.9618431040944414,12.509238119843232,44.99730911620668,28.114458780560575
H3,map-barrier-01,7019,H3_map-barrier-01_seed401,2023,1.5,center,,success,1,0,0,65,1.8803942304036645,344.1845970803121,0.9745067021308447,13.029779842888857,48.34930670778359,28.791361545609323
H3,map-barrier-01,7019,H3_map-barrier-01_seed401,2024,1.5,center,,success,1,0,0,87,2.936279397721355,368.4173690927247,0.9104082075472157,12.486775503883706,41.29432971154391,27.87476284858918
H3,map-barrier-01,7019,H3_map-barrier-01_seed401,2025,1.5,center,,success,1,0,0,67,0.8047918496432045,346.8239353554232,0.967090683292207,13.138243130638756,44.60341639644688,28.80935970743051
H3,map-barrier-01,7019,H3_map-barrier-01_seed401,2026,1.5,center,,success,1,0,0,67,1.1662642532717424,347.9856991554176,0.9638620134075319,12.43971786533237,48.80979718455623,28.72905221252422
H3,map-barrier-01,7019,H3_map-barrier-01_seed401,2027,1.5,center,,success,1,0,0,67,1.5336449749064425,346.6357645340517,0.9676156673441569,12.438110145993242,44.686813614364546,29.25674866652484
H3,map-barrier-01,7019,H3_map-barrier-01_seed401,2028,1.5,center,,success,1,0,0,70,2.22065840333652,348.9254801587423,0.9612659885783489,11.693661405930749,48.22240853771353,27.51511366908786
H3,map-barrier-01,7019,H3_map-barrier-01_seed401,2029,1.5,center,,success,1,0,0,69,1.2122341205254366,347.5339939460848,0.9651147872371956,11.241353826482275,44.07670900968074,28.433652999439023
H3,map-barrier-01,7019,H3_map-barrier-01_seed401,2030,1.5,center,,success,1,0,0,69,2.6320536454958674,347.1114776699685,0.9662895588369869,12.02583522374556,41.09229477807985,27.0569050243442
H3,map-barrier-01,7019,H3_map-barrier-01_seed401,2031,1.5,center,,success,1,0,0,69,2.5562079469639563,346.94750344586646,0.9667462463159124,11.933061406504365,49.17849299730578,27.220800308255242
H3,map-barrier-01,7019,H3_map-barrier-01_seed401,2032,1.5,center,,success,1,0,0,70,0.34531949799547346,350.8885325963208,0.9558881680833973,10.803965553635507,47.22789976990502,28.146463966832858
H3,map-barrier-01,7019,H3_map-barrier-01_seed401,2033,1.5,center,,success,1,0,0,67,0.9302846208365383,346.41319425518554,0.9682373598561269,13.742729665189543,46.08038134450503,29.133541090439383
H3,map-barrier-01,7019,H3_map-barrier-01_seed401,2034,1.5,center,,success,1,0,0,67,0.7905666707438316,346.4910394821857,0.9680198285249251,12.842017730623809,46.43839234800926,28.477866278259103
H3,map-barrier-01,7019,H3_map-barrier-01_seed401,2035,1.5,center,,success,1,0,0,68,0.7872168340921597,347.15653176784105,0.9661641534351776,13.549992330859297,43.50338563345533,28.093780689683626
H3,map-barrier-01,7019,H3_map-barrier-01_seed401,2036,1.5,center,,success,1,0,0,66,1.1441262661449194,345.2824430988198,0.9714082002396344,13.163535249064225,41.45475776445203,28.746688835740798
H3,map-barrier-01,7019,H3_map-barrier-01_seed401,2037,1.5,center,,success,1,0,0,67,1.6033834297936747,346.3560328441954,0.9683971544270725,13.205327940358686,44.274947704084724,29.096135651339868
H3,map-barrier-01,7019,H3_map-barrier-01_seed401,2038,1.5,center,,success,1,0,0,69,2.9928604927721,347.30187185046407,0.9657598297350504,11.899400686181778,39.04843143334656,27.929496714645516
H3,map-barrier-01,7019,H3_map-barrier-01_seed401,2039,1.5,center,,success,1,0,0,69,2.1124364728378255,348.82438708048267,0.961544573853378,11.478738091711563,41.142518834681375,28.00378918093479
H3,map-barrier-01,7019,H3_map-barrier-01_seed401,2040,1.5,center,,success,1,0,0,69,1.0894708416657826,348.811142916559,0.9615810831628271,11.934579896874116,45.00938618232603,28.177319337481993
H3,map-barrier-01,7019,H3_map-barrier-01_seed401,2041,1.5,center,,success,1,0,0,70,1.509644854262566,348.5609031784282,0.962271423921782,11.354677632104753,44.07346437975317,27.967648785423556
H3,map-barrier-01,7019,H3_map-barrier-01_seed401,2042,1.5,center,,success,1,0,0,69,1.9637415861798573,346.9349312637784,0.966781279138342,10.683131906836449,40.512602884763794,27.81766492897552
H3,map-barrier-01,7019,H3_map-barrier-01_seed401,2043,1.5,center,,success,1,0,0,68,2.1342012021882084,345.8845683868167,0.969717146356948,11.242450826409254,47.77453456752117,28.137770121245328
H3,map-barrier-01,7019,H3_map-barrier-01_seed401,2044,1.5,center,,success,1,0,0,71,1.134569212225294,349.5024335023614,0.9596791451888483,11.479714283991854,42.158245820174535,26.726343996417846
H3,map-barrier-01,7019,H3_map-barrier-01_seed401,2045,1.5,center,,success,1,0,0,68,2.074542900593542,347.0744525917943,0.9663926403118338,12.485305209831282,41.90596555686898,29.20827143676352
H3,map-barrier-01,7019,H3_map-barrier-01_seed401,2046,1.5,center,,success,1,0,0,67,0.7961688500356402,346.54065047033026,0.9678812461676419,14.008916401393893,43.29256571112856,27.875533421642334
H3,map-barrier-01,7019,H3_map-barrier-01_seed401,2047,1.5,center,,success,1,0,0,69,0.6932011531335407,348.2969025410905,0.9630008024128158,11.520055350911875,43.00380661391541,27.230607437448615
H3,map-barrier-01,7019,H3_map-barrier-01_seed401,2048,1.5,center,,success,1,0,0,68,1.063115573448005,346.79654286056723,0.9671670710968513,12.15645188739694,42.00601863989795,28.191644336268745
H3,map-barrier-01,7019,H3_map-barrier-01_seed401,2049,1.5,center,,success,1,0,0,68,0.5838673976869104,348.09827088444405,0.9635503094363616,12.912139568471005,39.638334450995785,27.469036013400082
H3,map-barrier-01,7019,H3_map-barrier-01_seed401,2050,1.5,center,,success,1,0,0,68,2.1926447770104986,346.2192295102187,0.9687798020331184,11.27624155325544,46.0898461400988,28.804812707824833
H3,map-barrier-01,7019,H3_map-barrier-01_seed401,2001,2.0,center,,success,1,0,0,69,2.997368185119946,346.59481130405277,0.967729999658672,12.031717012372795,44.54338814360408,26.826205387071212
H3,map-barrier-01,7019,H3_map-barrier-01_seed401,2002,2.0,center,,success,1,0,0,68,2.3544909889952437,345.70133663883547,0.9702311246062133,10.982459868246394,45.63549659519885,28.55238455802891
H3,map-barrier-01,7019,H3_map-barrier-01_seed401,2003,2.0,center,,success,1,0,0,67,1.3241181484747389,345.86625286640106,0.9697684982134656,13.29594799763683,45.38168846935733,28.010261993927873
H3,map-barrier-01,7019,H3_map-barrier-01_seed401,2004,2.0,center,,success,1,0,0,70,1.5303355990345846,349.11684621579695,0.9607390770757706,11.560564952057819,44.8234029277272,27.13303940606807
H3,map-barrier-01,7019,H3_map-barrier-01_seed401,2005,2.0,center,,success,1,0,0,69,2.4651093725956685,348.8238922091247,0.9615459379826123,10.712208569105755,42.074124136214806,28.056928947514137
H3,map-barrier-01,7019,H3_map-barrier-01_seed401,2006,2.0,center,,success,1,0,0,66,2.7413372666796465,343.2432106740232,0.9771794057232097,12.5843782009038,44.284522838813146,28.4755848954894
H3,map-barrier-01,7019,H3_map-barrier-01_seed401,2007,2.0,center,,success,1,0,0,69,2.7343142214903606,348.07875073699535,0.9636043450362786,11.050203469854836,44.76530680332541,28.449474915071036
H3,map-barrier-01,7019,H3_map-barrier-01_seed401,2008,2.0,center,,success,1,0,0,85,2.6914651021129243,360.2093471756918,0.9311535063008025,11.420351522085468,40.54606739198822,27.566877864497023
H3,map-barrier-01,7019,H3_map-barrier-01_seed401,2009,2.0,center,,success,1,0,0,67,1.0818736228707846,346.67431268931944,0.9675080741432217,13.56652843482184,48.45381679631617,28.212847434184386
H3,map-barrier-01,7019,H3_map-barrier-01_seed401,2010,2.0,center,,success,1,0,0,67,0.73286686753277,347.2678886966575,0.9658543376521437,13.794135281650998,48.601430162094,28.828493764609288
H3,map-barrier-01,7019,H3_map-barrier-01_seed401,2011,2.0,center,,success,1,0,0,69,2.1495145820336163,347.9176993808718,0.964050398188535,11.940143355855241,43.205089693489164,27.955864247199372
H3,map-barrier-01,7019,H3_map-barrier-01_seed401,2012,2.0,center,,success,1,0,0,67,0.5818243261633742,347.2599298504286,0.9658764740562955,13.57555888826634,46.639877455979665,28.85653561940994
H3,map-barrier-01,7019,H3_map-barrier-01_seed401,2013,2.0,center,,success,1,0,0,68,1.128593069057934,348.0002267418987,0.9638217761097384,13.04614588517903,46.247328444195226,28.320550068008014
H3,map-barrier-01,7019,H3_map-barrier-01_seed401,2014,2.0,center,,success,1,0,0,66,2.3811724630075464,344.9677548419054,0.9722943432167536,12.175373996918065,46.032230186625796,29.3589526195371
H3,map-barrier-01,7019,H3_map-barrier-01_seed401,2015,2.0,center,,success,1,0,0,70,2.786640868816109,347.4820570386591,0.9652590395125135,10.902011626648303,47.711876975763325,26.72098013438452
H3,map-barrier-01,7019,H3_map-barrier-01_seed401,2016,2.0,center,,success,1,0,0,67,1.3772323425121182,346.434684980041,0.9681772962320222,12.321064945840007,46.117697604377085,29.35903081232378
H3,map-barrier-01,7019,H3_map-barrier-01_seed401,2017,2.0,center,,success,1,0,0,66,0.7506730862510771,346.4840388733883,0.9680393870828019,11.934843447625639,43.109186707455365,28.778205738070106
H3,map-barrier-01,7019,H3_map-barrier-01_seed401,2018,2.0,center,,success,1,0,0,71,0.0663530881159022,352.4210932160548,0.9517313324357187,10.832267200764008,45.40456848419615,27.766222085138704
H3,map-barrier-01,7019,H3_map-barrier-01_seed401,2019,2.0,center,,success,1,0,0,67,1.6026688417820518,347.9058518458257,0.9640832278199372,12.361534005954377,45.72240346642726,29.018047341302605
H3,map-barrier-01,7019,H3_map-barrier-01_seed401,2020,2.0,center,,success,1,0,0,70,2.9688045699192758,348.2022375999033,0.9632626112252807,10.92830515787277,41.16600002236526,27.614614270223125
H3,map-barrier-01,7019,H3_map-barrier-01_seed401,2021,2.0,center,,success,1,0,0,69,2.326960741271961,345.7620597979847,0.9700607314201436,11.57696784276365,44.23489080921107,28.20175660284857
H3,map-barrier-01,7019,H3_map-barrier-01_seed401,2022,2.0,center,,success,1,0,0,68,0.8712872930192448,349.21338018054394,0.960473497468971,12.484742992801188,47.223420381467065,28.10444031416372
H3,map-barrier-01,7019,H3_map-barrier-01_seed401,2023,2.0,center,,success,1,0,0,64,2.7344702428343677,342.799821332394,0.978443323923847,12.96210304129,47.93718205076904,28.12426293909048
H3,map-barrier-01,7019,H3_map-barrier-01_seed401,2024,2.0,center,,success,1,0,0,330,2.9386369233379996,446.3539179454322,0.7514444998463599,12.259455768730717,54.96010825805738,12.703326746023796
H3,map-barrier-01,7019,H3_map-barrier-01_seed401,2025,2.0,center,,success,1,0,0,66,1.925300889814952,344.6881660913006,0.9730830055132366,13.412083991501206,44.15307775716714,28.558306653001654
H3,map-barrier-01,7019,H3_map-barrier-01_seed401,2026,2.0,center,,success,1,0,0,66,2.5412173347706686,346.1379126504393,0.9690073937774489,12.76330741557905,48.893063931862564,28.563127443752517
H3,map-barrier-01,7019,H3_map-barrier-01_seed401,2027,2.0,center,,success,1,0,0,66,2.6218170121353865,345.1791296044854,0.9716989465999569,12.821300477123245,41.889132212612616,28.716171731371254
H3,map-barrier-01,7019,H3_map-barrier-01_seed401,2028,2.0,center,,success,1,0,0,71,0.9593679030815094,350.89642136064015,0.95586667804812,11.390912631498523,51.978842922141396,27.185646001899002
H3,map-barrier-01,7019,H3_map-barrier-01_seed401,2029,2.0,center,,success,1,0,0,69,1.3224274469000146,346.79485817377673,0.9671717694755916,10.815832139547686,42.917902045801114,28.1286647199166
H3,map-barrier-01,7019,H3_map-barrier-01_seed401,2030,2.0,center,,success,1,0,0,70,0.8649734222987214,349.2544380356278,0.9603605855704344,12.016664397304908,42.95599738755233,26.987572317834033
H3,map-barrier-01,7019,H3_map-barrier-01_seed401,2031,2.0,center,,success,1,0,0,70,0.31304948739801464,349.79990493475583,0.9588630296727173,11.782290171500875,51.37354990088794,27.12954723504875
H3,map-barrier-01,7019,H3_map-barrier-01_seed401,2032,2.0,center,,success,1,0,0,70,1.9353705851766667,349.7845099446837,0.9589052319040988,10.327306024304946,47.95038839510826,28.052879350799035
H3,map-barrier-01,7019,H3_map-barrier-01_seed401,2033,2.0,center,,success,1,0,0,67,0.1676338499479102,347.16582927072255,0.9661382784404541,13.880161149204602,46.82677734906072,29.356223091312962
H3,map-barrier-01,7019,H3_map-barrier-01_seed401,2034,2.0,center,,success,1,0,0,66,1.849745372138284,344.6175492760034,0.9732824034342465,13.410566563857955,48.73179738320495,28.753482445838383
H3,map-barrier-01,7019,H3_map-barrier-01_seed401,2035,2.0,center,,success,1,0,0,67,2.927037149802521,343.91889044759455,0.9752595915520883,13.744161082577534,45.08608670101016,27.91192897311499
H3,map-barrier-01,7019,H3_map-barrier-01_seed401,2036,2.0,center,,success,1,0,0,65,2.4957718710327574,343.2269231583787,0.977225776866568,13.290559690508823,44.479349658327045,28.68158078996951
H3,map-barrier-01,7019,H3_map-barrier-01_seed401,2037,2.0,center,,success,1,0,0,66,2.406116966023484,344.1600573830055,0.9745761875315485,13.045141344413665,43.293797608327566,29.24708218828215
H3,map-barrier-01,7019,H3_map-barrier-01_seed401,2038,2.0,center,,success,1,0,0,388,2.9890762547579293,434.3218730987678,0.7722618118030953,12.010340159283354,52.93769234113505,10.864848988930898
H3,map-barrier-01,7019,H3_map-barrier-01_seed401,2039,2.0,center,,success,1,0,0,69,2.603743256438001,348.7200313238399,0.9618323196165602,11.475736591961564,41.650319796591326,27.73545996474279
H3,map-barrier-01,7019,H3_map-barrier-01_seed401,2040,2.0,center,,success,1,0,0,69,1.1707991277832046,348.8036256672096,0.9616018066996251,11.560807777568861,47.45657661013992,28.025601383045117
H3,map-barrier-01,7019,H3_map-barrier-01_seed401,2041,2.0,center,,success,1,0,0,71,1.093852407224994,350.067821658751,0.9581291848981456,11.13910132936293,44.32392513057467,28.145853826807087
H3,map-barrier-01,7019,H3_map-barrier-01_seed401,2042,2.0,center,,success,1,0,0,70,0.7912746314778633,349.10103625270864,0.9607825866840751,10.621613762252835,40.56470157129452,27.73124151876052
H3,map-barrier-01,7019,H3_map-barrier-01_seed401,2043,2.0,center,,success,1,0,0,68,1.8237455738190684,345.8816937295565,0.9697252057728859,10.965674326692255,47.891327144335875,28.159519677805147
H3,map-barrier-01,7019,H3_map-barrier-01_seed401,2044,2.0,center,,success,1,0,0,71,2.545949994420124,347.3283301713819,0.9656862613523848,11.203931699740235,42.92314553190088,26.088130943996337
H3,map-barrier-01,7019,H3_map-barrier-01_seed401,2045,2.0,center,,success,1,0,0,68,1.9141912245128276,347.2587492761296,0.9658797577430093,12.726454460049723,42.55371631800364,29.16446935169059
H3,map-barrier-01,7019,H3_map-barrier-01_seed401,2046,2.0,center,,success,1,0,0,67,1.4529201130400105,347.09277979323906,0.9663416128240125,14.496309769447963,45.61158301401685,27.825452015689482
H3,map-barrier-01,7019,H3_map-barrier-01_seed401,2047,2.0,center,,success,1,0,0,69,0.4304756000875596,348.6752501437462,0.9619558499970703,11.233474727866318,43.060190424805405,27.008586471513745
H3,map-barrier-01,7019,H3_map-barrier-01_seed401,2048,2.0,center,,success,1,0,0,68,0.9663574795321257,346.85993709372303,0.9669903057565833,11.880725416137679,42.95474164818193,28.21413789461622
H3,map-barrier-01,7019,H3_map-barrier-01_seed401,2049,2.0,center,,success,1,0,0,68,0.4419846243941598,348.3884614546009,0.9627477190965361,13.319405629411037,40.00257989731027,27.0839025417194
H3,map-barrier-01,7019,H3_map-barrier-01_seed401,2050,2.0,center,,success,1,0,0,68,1.467826173430462,346.41319646039835,0.9682373536924777,11.020185679457303,44.38125873865072,28.799237139153995
H3,map-barrier-01,7019,H3_map-barrier-01_seed503,2001,0.0,center,,success,1,0,0,87,2.6692004431967526,430.56560180907064,0.7789990543036976,10.988545062495962,57.61144670555663,28.627981023137888
H3,map-barrier-01,7019,H3_map-barrier-01_seed503,2002,0.0,center,,success,1,0,0,87,2.670406913412351,430.3023894043861,0.7794755615678429,10.973120606049342,56.46021373436849,28.576573812465195
H3,map-barrier-01,7019,H3_map-barrier-01_seed503,2003,0.0,center,,success,1,0,0,87,2.651721861957009,430.1128428596659,0.7798190688632929,10.934050353893165,56.46239000692536,28.60857920748596
H3,map-barrier-01,7019,H3_map-barrier-01_seed503,2004,0.0,center,,success,1,0,0,87,2.6793592898198835,430.42122553513786,0.7792603541053459,10.98222683431893,57.787844063797735,28.59314200568199
H3,map-barrier-01,7019,H3_map-barrier-01_seed503,2005,0.0,center,,success,1,0,0,87,2.6598790717530263,430.5718531011246,0.7789877443433202,11.005363711394843,54.72597470946929,28.485034806615495
H3,map-barrier-01,7019,H3_map-barrier-01_seed503,2006,0.0,center,,success,1,0,0,87,2.6214958749947135,430.31358702981953,0.7794552780452305,11.008668313951242,53.34463783669596,28.488273675386967
H3,map-barrier-01,7019,H3_map-barrier-01_seed503,2007,0.0,center,,success,1,0,0,87,2.6557248390198973,430.47999304497625,0.7791539724121976,10.998368859109737,57.0813593187995,28.57634192408685
H3,map-barrier-01,7019,H3_map-barrier-01_seed503,2008,0.0,center,,success,1,0,0,87,2.6429984453995434,430.4119879024677,0.7792770788274912,11.003553455324205,55.295789094635055,28.514007034898192
H3,map-barrier-01,7019,H3_map-barrier-01_seed503,2009,0.0,center,,success,1,0,0,87,2.6789961919218035,430.54599582090947,0.7790345279729095,10.992568527715001,58.38711211240612,28.597447273018926
H3,map-barrier-01,7019,H3_map-barrier-01_seed503,2010,0.0,center,,success,1,0,0,87,2.6511195756510366,430.20545915280843,0.7796511864016844,10.967558859123278,57.82545770541982,28.648684211741934
H3,map-barrier-01,7019,H3_map-barrier-01_seed503,2011,0.0,center,,success,1,0,0,87,2.661638905836982,430.3188331499323,0.7794457755189729,10.977549672514233,57.62254797439868,28.605342469914877
H3,map-barrier-01,7019,H3_map-barrier-01_seed503,2012,0.0,center,,success,1,0,0,87,2.6320462922645205,430.05768476344196,0.7799190864580519,10.978847242293003,53.836445393322634,28.53221744125095
H3,map-barrier-01,7019,H3_map-barrier-01_seed503,2013,0.0,center,,success,1,0,0,87,2.6488704284968305,430.12399956596823,0.7797988416443303,10.9702976132729,55.20610393494883,28.54871565938839
H3,map-barrier-01,7019,H3_map-barrier-01_seed503,2014,0.0,center,,success,1,0,0,87,2.6112938435206585,430.0654192871093,0.7799050599812362,10.990520987442471,55.02841346114263,28.56740745867405
H3,map-barrier-01,7019,H3_map-barrier-01_seed503,2015,0.0,center,,success,1,0,0,87,2.685512333495319,430.64226698076806,0.7788603728485097,11.000032140085896,58.227017526771775,28.575143427670596
H3,map-barrier-01,7019,H3_map-barrier-01_seed503,2016,0.0,center,,success,1,0,0,87,2.6182507759692806,430.23762431416105,0.7795928985979402,10.99317656972544,56.22786377887513,28.63199352975147
H3,map-barrier-01,7019,H3_map-barrier-01_seed503,2017,0.0,center,,success,1,0,0,87,2.6459481229846245,430.5108435038466,0.77909813814474,11.00798158048621,54.06365993587307,28.47914376785411
H3,map-barrier-01,7019,H3_map-barrier-01_seed503,2018,0.0,center,,success,1,0,0,87,2.683065715171789,430.76303127994026,0.7786420195538907,11.00040502654365,58.83811059359324,28.633756686902473
H3,map-barrier-01,7019,H3_map-barrier-01_seed503,2019,0.0,center,,success,1,0,0,87,2.6683806297018164,430.5136773237604,0.7790930097970592,10.998632685611021,55.32912505266169,28.507226239473006
H3,map-barrier-01,7019,H3_map-barrier-01_seed503,2020,0.0,center,,success,1,0,0,87,2.63065783795941,430.31686248601477,0.7794493450413398,11.004803135441724,53.746690425353584,28.492776852162237
H3,map-barrier-01,7019,H3_map-barrier-01_seed503,2021,0.0,center,,success,1,0,0,87,2.677587263586621,430.3709708251538,0.7793513488651053,10.97770424040614,57.01184614208081,28.5910251820824
H3,map-barrier-01,7019,H3_map-barrier-01_seed503,2022,0.0,center,,success,1,0,0,87,2.638642135809842,430.1696451067477,0.779716096754655,10.987147134128946,54.00310305688713,28.519387925058048
H3,map-barrier-01,7019,H3_map-barrier-01_seed503,2023,0.0,center,,success,1,0,0,87,2.6524701451148402,430.29230856778537,0.7794938230278179,10.97858215209888,57.7650860822401,28.639518190658595
H3,map-barrier-01,7019,H3_map-barrier-01_seed503,2024,0.0,center,,success,1,0,0,87,2.65062797779329,430.1033350403894,0.7798363074619529,10.931747893863383,56.45258123911409,28.610290014500432
H3,map-barrier-01,7019,H3_map-barrier-01_seed503,2025,0.0,center,,success,1,0,0,87,2.6526543162286,430.12931701705025,0.7797892014221223,10.932218440183146,56.74643218119097,28.61947931977902
H3,map-barrier-01,7019,H3_map-barrier-01_seed503,2026,0.0,center,,success,1,0,0,87,2.639919481558004,430.4739904637923,0.7791648370290568,11.001109936602719,56.92980506134198,28.616643173081403
H3,map-barrier-01,7019,H3_map-barrier-01_seed503,2027,0.0,center,,success,1,0,0,87,2.646178097416763,430.3023919529448,0.7794755569512308,10.99507693821753,54.21728762644387,28.505854047923474
H3,map-barrier-01,7019,H3_map-barrier-01_seed503,2028,0.0,center,,success,1,0,0,87,2.6559930546045245,430.28835821172095,0.7795009793407699,10.966185633807905,59.183874286730735,28.715747411967445
H3,map-barrier-01,7019,H3_map-barrier-01_seed503,2029,0.0,center,,success,1,0,0,87,2.6700216975419813,430.37277176871993,0.7793480875811915,10.983806859103765,55.918799981670105,28.54564315181238
H3,map-barrier-01,7019,H3_map-barrier-01_seed503,2030,0.0,center,,success,1,0,0,87,2.6706487815277207,430.54822953405437,0.7790304862894323,10.999982546320224,55.446966533077,28.506570088806516
H3,map-barrier-01,7019,H3_map-barrier-01_seed503,2031,0.0,center,,success,1,0,0,87,2.639717890755959,430.3953054365034,0.7793072842297808,10.9950763321645,57.43131885393148,28.64990827905544
H3,map-barrier-01,7019,H3_map-barrier-01_seed503,2032,0.0,center,,success,1,0,0,87,2.680064170435047,430.6041617321509,0.7789292961678433,11.000471016517318,56.15228994461813,28.52319128577565
H3,map-barrier-01,7019,H3_map-barrier-01_seed503,2033,0.0,center,,success,1,0,0,87,2.6573286475365436,430.3174419778722,0.7794482953870505,10.941931838007422,59.202881676855526,28.713587186828917
H3,map-barrier-01,7019,H3_map-barrier-01_seed503,2034,0.0,center,,success,1,0,0,87,2.646663792058009,430.6613235276486,0.7788259086688917,11.007499445052247,56.11273286489327,28.576341343949238
H3,map-barrier-01,7019,H3_map-barrier-01_seed503,2035,0.0,center,,success,1,0,0,87,2.656442785025195,430.23226665038084,0.7796026068345369,10.978007866930035,55.43105281272657,28.5401450832971
H3,map-barrier-01,7019,H3_map-barrier-01_seed503,2036,0.0,center,,success,1,0,0,87,2.631805585914507,430.2453994081039,0.779578810340327,10.999077135008994,53.673960175865055,28.502252595709923
H3,map-barrier-01,7019,H3_map-barrier-01_seed503,2037,0.0,center,,success,1,0,0,87,2.6742727272475944,430.3315651472277,0.7794227144602229,10.972936190873178,57.774411630072976,28.60295980224767
H3,map-barrier-01,7019,H3_map-barrier-01_seed503,2038,0.0,center,,success,1,0,0,87,2.6504933477431694,430.11041749599207,0.7798234662104969,10.966301842865212,54.97125216069109,28.55181805945494
H3,map-barrier-01,7019,H3_map-barrier-01_seed503,2039,0.0,center,,success,1,0,0,87,2.6393832245478897,430.352323491191,0.7793851184629054,11.002843233231243,53.88499178194901,28.49293738796355
H3,map-barrier-01,7019,H3_map-barrier-01_seed503,2040,0.0,center,,success,1,0,0,87,2.644146160211584,430.063250066251,0.7799089937893989,10.961035803336982,56.491218242144996,28.594283728278675
H3,map-barrier-01,7019,H3_map-barrier-01_seed503,2041,0.0,center,,success,1,0,0,87,2.6329904197095217,430.1769560506089,0.7797028453228178,10.99208074689607,53.762000056619364,28.5132076475374
H3,map-barrier-01,7019,H3_map-barrier-01_seed503,2042,0.0,center,,success,1,0,0,87,2.6244210560129777,430.34051816637293,0.7794064989606587,11.008891599835973,53.41305069078467,28.486366150330685
H3,map-barrier-01,7019,H3_map-barrier-01_seed503,2043,0.0,center,,success,1,0,0,87,2.6158804579785673,430.28060962753057,0.7795150167592121,11.000959632258223,56.759693380814895,28.64429259836983
H3,map-barrier-01,7019,H3_map-barrier-01_seed503,2044,0.0,center,,success,1,0,0,87,2.6407397033153064,430.07709072883745,0.7798838949002372,10.970163692171099,55.561375520266054,28.565467778268633
H3,map-barrier-01,7019,H3_map-barrier-01_seed503,2045,0.0,center,,success,1,0,0,87,2.6555570891225164,430.1500848891216,0.779751552789827,10.939850932276498,56.645233027112816,28.609305555748712
H3,map-barrier-01,7019,H3_map-barrier-01_seed503,2046,0.0,center,,success,1,0,0,87,2.6529149809205186,430.1344868695606,0.779779829015855,10.931543647847871,56.84559621672957,28.623575728849413
H3,map-barrier-01,7019,H3_map-barrier-01_seed503,2047,0.0,center,,success,1,0,0,87,2.6508016547673274,430.4438893180578,0.779219324396383,10.991331896252058,57.146092572546046,28.620611731172573
H3,map-barrier-01,7019,H3_map-barrier-01_seed503,2048,0.0,center,,success,1,0,0,87,2.6530520948836425,430.13207233694635,0.7797842062849548,10.933280530933288,56.72974573654555,28.617955163532226
H3,map-barrier-01,7019,H3_map-barrier-01_seed503,2049,0.0,center,,success,1,0,0,87,2.6149322142792344,430.0585812289865,0.7799174607014245,10.99158105749864,53.26854601990054,28.519990322423514
H3,map-barrier-01,7019,H3_map-barrier-01_seed503,2050,0.0,center,,success,1,0,0,87,2.636782351353672,430.3146484308745,0.7794533554644923,11.001628154596746,53.80957231146456,28.49607725854254
H3,map-barrier-01,7019,H3_map-barrier-01_seed503,2001,0.5,center,,success,1,0,0,87,2.775945202253605,430.66917391622974,0.7788117119573776,11.187899612550465,58.16687179615755,28.624077768455024
H3,map-barrier-01,7019,H3_map-barrier-01_seed503,2002,0.5,center,,success,1,0,0,87,1.9230882613845919,428.9555147586026,0.781923031841012,10.604225008271017,64.57784004319588,28.88427422959496
H3,map-barrier-01,7019,H3_map-barrier-01_seed503,2003,0.5,center,,success,1,0,0,88,1.1661211831106324,433.7806901294292,0.7732252823999394,11.511208442022925,59.86905984846432,28.702397096355337
H3,map-barrier-01,7019,H3_map-barrier-01_seed503,2004,0.5,center,,success,1,0,0,87,1.7363641969363552,429.7140502641262,0.7805427735462843,10.714021871600362,59.62132344503683,28.44529952862043
H3,map-barrier-01,7019,H3_map-barrier-01_seed503,2005,0.5,center,,success,1,0,0,87,1.4039485244808994,429.4255605085171,0.7810671452062203,10.504734837868238,61.58499978932751,28.67140704131511
H3,map-barrier-01,7019,H3_map-barrier-01_seed503,2006,0.5,center,,success,1,0,0,87,2.473211282898452,429.9266391270994,0.7801568130459834,10.76399634582206,57.71813573021476,28.79504146716299
H3,map-barrier-01,7019,H3_map-barrier-01_seed503,2007,0.5,center,,success,1,0,0,87,1.590821173668875,429.4779912010428,0.7809717924939248,10.53121543400165,62.34203791740624,28.70600714364424
H3,map-barrier-01,7019,H3_map-barrier-01_seed503,2008,0.5,center,,success,1,0,0,87,1.6209238163791315,429.5231688831595,0.7808896490894721,10.662315269588502,68.3077226800135,29.022576741169217
H3,map-barrier-01,7019,H3_map-barrier-01_seed503,2009,0.5,center,,success,1,0,0,88,1.064938684967925,434.1390170657048,0.772587082570848,11.49706172852878,65.70512130300799,28.97085033382166
H3,map-barrier-01,7019,H3_map-barrier-01_seed503,2010,0.5,center,,success,1,0,0,88,0.5303966476831095,434.3111018152367,0.7722809645507465,11.650656659865092,68.82190310036918,29.1352923967058
H3,map-barrier-01,7019,H3_map-barrier-01_seed503,2011,0.5,center,,success,1,0,0,87,1.4885939037515061,429.70209711646913,0.7805644861306246,10.615113340913128,70.69646641182017,29.032291568159938
H3,map-barrier-01,7019,H3_map-barrier-01_seed503,2012,0.5,center,,success,1,0,0,88,0.8097953614044585,433.8917786457435,0.7730273149490081,11.637881716154737,64.80602461526675,28.992586495328407
H3,map-barrier-01,7019,H3_map-barrier-01_seed503,2013,0.5,center,,success,1,0,0,88,0.8206403836075177,433.57861708130287,0.7735856507012054,11.458677951420528,64.39830379215189,28.86568985815547
H3,map-barrier-01,7019,H3_map-barrier-01_seed503,2014,0.5,center,,success,1,0,0,87,2.8361087873903337,430.10793180586506,0.77982797298507,11.053323362572891,55.99602794341191,28.56871382462818
H3,map-barrier-01,7019,H3_map-barrier-01_seed503,2015,0.5,center,,success,1,0,0,87,2.1208462245609954,429.49037227195544,0.7809492791437594,10.58655628571909,60.639017195961905,28.386494349591498
H3,map-barrier-01,7019,H3_map-barrier-01_seed503,2016,0.5,center,,success,1,0,0,87,2.2677296114402017,429.8790206937914,0.780243232348586,11.08462439826572,63.40283319597163,28.915169528988006
H3,map-barrier-01,7019,H3_map-barrier-01_seed503,2017,0.5,center,,success,1,0,0,88,0.4252911178452646,433.173371738596,0.7743093608888222,11.038458276199153,61.84119001826308,28.96417760840566
H3,map-barrier-01,7019,H3_map-barrier-01_seed503,2018,0.5,center,,success,1,0,0,87,2.4367662894515267,430.2400774287826,0.7795884535663433,10.532596265838611,58.74808132786908,28.367110755497357
H3,map-barrier-01,7019,H3_map-barrier-01_seed503,2019,0.5,center,,success,1,0,0,88,1.195882643040287,433.9634183028435,0.7728997018612772,11.220805679842899,64.52182747484467,28.981040233550694
H3,map-barrier-01,7019,H3_map-barrier-01_seed503,2020,0.5,center,,success,1,0,0,87,2.3056157287266545,430.329728676582,0.7794260407164406,10.970992302552208,54.674440793870566,28.319359626402687
H3,map-barrier-01,7019,H3_map-barrier-01_seed503,2021,0.5,center,,success,1,0,0,87,2.122858467740431,428.85665724448194,0.7821032761390908,10.960745566091553,55.19701320225805,28.509197643283677
H3,map-barrier-01,7019,H3_map-barrier-01_seed503,2022,0.5,center,,success,1,0,0,88,1.0528243812693323,433.4403498338653,0.773832424123709,11.529407542558964,59.149499278351506,28.555397078107582
H3,map-barrier-01,7019,H3_map-barrier-01_seed503,2023,0.5,center,,success,1,0,0,88,1.5938262790212545,433.2376985598405,0.774194391992968,11.428120219615993,65.60327214766477,28.891179876011382
H3,map-barrier-01,7019,H3_map-barrier-01_seed503,2024,0.5,center,,success,1,0,0,87,1.6232461968717873,429.6699370495903,0.7806229100600471,10.660305520642593,66.32011616516733,28.832897635914104
H3,map-barrier-01,7019,H3_map-barrier-01_seed503,2025,0.5,center,,success,1,0,0,88,0.380220974618672,433.35056208408776,0.7739927577615214,11.245444484261382,64.17952794186617,28.744203672254624
H3,map-barrier-01,7019,H3_map-barrier-01_seed503,2026,0.5,center,,success,1,0,0,88,1.5998375107075733,434.030322620746,0.7727805619655947,11.522035466692177,57.78661786588539,28.646485132289175
H3,map-barrier-01,7019,H3_map-barrier-01_seed503,2027,0.5,center,,success,1,0,0,88,0.5358974010087563,433.1656952568667,0.7743230830550205,11.082412832983442,64.44493050403139,29.028125349782705
H3,map-barrier-01,7019,H3_map-barrier-01_seed503,2028,0.5,center,,success,1,0,0,87,2.2698866618424804,430.7018528275411,0.7787526206887977,11.005838346005273,58.872445945279395,28.496458589780776
H3,map-barrier-01,7019,H3_map-barrier-01_seed503,2029,0.5,center,,success,1,0,0,87,0.8742038107233662,428.8980725270836,0.7820277546334469,10.351713538295447,61.650754824435076,28.904547400318634
H3,map-barrier-01,7019,H3_map-barrier-01_seed503,2030,0.5,center,,success,1,0,0,87,2.2886091201704257,430.9722492252607,0.778264023328463,10.971196024522238,55.62625197806538,28.44319464224194
H3,map-barrier-01,7019,H3_map-barrier-01_seed503,2031,0.5,center,,success,1,0,0,87,2.750007807520928,430.6721601143138,0.7788063118264719,11.419554475614158,58.24254144870727,28.58620560867389
H3,map-barrier-01,7019,H3_map-barrier-01_seed503,2032,0.5,center,,success,1,0,0,87,2.5116836585183027,430.2459691065934,0.779577778082264,10.669527636744379,55.311853713144686,28.318781566311554
H3,map-barrier-01,7019,H3_map-barrier-01_seed503,2033,0.5,center,,success,1,0,0,88,0.5784188467475437,433.68402284798356,0.7733976327334928,11.32500589360968,65.38690017124154,28.857012355397675
H3,map-barrier-01,7019,H3_map-barrier-01_seed503,2034,0.5,center,,success,1,0,0,88,0.3595731953296615,434.1021707945817,0.7726526591908831,11.297076298608562,60.211508128618895,29.037687087035085
H3,map-barrier-01,7019,H3_map-barrier-01_seed503,2035,0.5,center,,success,1,0,0,88,1.0465450397602611,433.70279193841395,0.7733641628772289,11.531084157656942,63.62942155833209,28.82673650293214
H3,map-barrier-01,7019,H3_map-barrier-01_seed503,2036,0.5,center,,success,1,0,0,88,0.40000253188492885,433.202800587672,0.7742567595822544,11.408605541894714,62.2171292655615,28.896955122237163
H3,map-barrier-01,7019,H3_map-barrier-01_seed503,2037,0.5,center,,success,1,0,0,87,2.776712029960301,430.4966191284659,0.7791238809354682,10.958084899329855,60.012802814407856,28.5287799852627
H3,map-barrier-01,7019,H3_map-barrier-01_seed503,2038,0.5,center,,success,1,0,0,87,1.3163419110181604,429.33703955401023,0.7812281860735525,10.778851061373922,62.863920238260846,28.687746450468488
H3,map-barrier-01,7019,H3_map-barrier-01_seed503,2039,0.5,center,,success,1,0,0,87,1.4168892781028268,430.08425441325284,0.7798709047894709,10.757531176132268,55.84511848618492,28.485323101968984
H3,map-barrier-01,7019,H3_map-barrier-01_seed503,2040,0.5,center,,success,1,0,0,87,1.8935921030238752,428.98637180145687,0.7818667880204893,10.486847391945792,64.71193991961438,28.712732128959466
H3,map-barrier-01,7019,H3_map-barrier-01_seed503,2041,0.5,center,,success,1,0,0,87,1.687020397739882,429.67202665701257,0.7806191136867074,10.48691631420321,54.77794325775694,28.28749381913024
H3,map-barrier-01,7019,H3_map-barrier-01_seed503,2042,0.5,center,,success,1,0,0,87,1.606235521504139,429.3378245521239,0.7812267576816957,10.550998332812965,56.13736858279834,28.318577883751765
H3,map-barrier-01,7019,H3_map-barrier-01_seed503,2043,0.5,center,,success,1,0,0,87,1.4675052474706851,429.13623298295244,0.7815937477325359,10.505882987380287,71.8184028737065,29.17159459236534
H3,map-barrier-01,7019,H3_map-barrier-01_seed503,2044,0.5,center,,success,1,0,0,87,1.8003000084363985,429.3486467152363,0.7812070660779976,10.528214308310671,55.884590670408855,28.34587980439994
H3,map-barrier-01,7019,H3_map-barrier-01_seed503,2045,0.5,center,,success,1,0,0,87,2.2450836310068016,429.45481040113015,0.7810139472222473,10.889736069525043,62.80515653712386,28.787222162978118
H3,map-barrier-01,7019,H3_map-barrier-01_seed503,2046,0.5,center,,success,1,0,0,88,0.9486396911256401,434.2626573103138,0.7723671169480555,11.854947210768184,65.4731764643374,29.043849838940677
H3,map-barrier-01,7019,H3_map-barrier-01_seed503,2047,0.5,center,,success,1,0,0,87,2.434048058527958,430.7547595704671,0.778656971682512,11.092629848181499,57.77816861410827,28.522274699565283
H3,map-barrier-01,7019,H3_map-barrier-01_seed503,2048,0.5,center,,success,1,0,0,87,2.6295197312499896,428.85967152936934,0.7820977790447213,10.633052712857586,54.70911984631196,28.473573957136548
H3,map-barrier-01,7019,H3_map-barrier-01_seed503,2049,0.5,center,,success,1,0,0,87,2.4975689071432474,430.81051697493274,0.7785561944498323,11.674709897635243,56.05068309857137,28.662295851626702
H3,map-barrier-01,7019,H3_map-barrier-01_seed503,2050,0.5,center,,success,1,0,0,87,1.7134002808621964,429.1333250168408,0.7815990441008182,10.506435597293823,61.47326115043217,28.76025980932522
H3,map-barrier-01,7019,H3_map-barrier-01_seed503,2001,1.5,center,,success,1,0,0,87,1.718351276654903,429.7523205273497,0.7804732647246352,11.16860727856472,57.63072566949316,28.45835578787296
H3,map-barrier-01,7019,H3_map-barrier-01_seed503,2002,1.5,center,,success,1,0,0,88,0.9098961917058869,430.75927852085545,0.778648803054696,10.42876057267328,62.35197660647788,28.747541946371765
H3,map-barrier-01,7019,H3_map-barrier-01_seed503,2003,1.5,center,,success,1,0,0,87,2.517532780794396,430.51881814139415,0.779083706661135,12.354543452794235,57.60304928202587,28.83118425085172
H3,map-barrier-01,7019,H3_map-barrier-01_seed503,2004,1.5,center,,success,1,0,0,87,0.1950148798837962,428.7302337689676,0.7823339018486691,10.363930787975121,64.00577379507965,28.526219910599806
H3,map-barrier-01,7019,H3_map-barrier-01_seed503,2005,1.5,center,,success,1,0,0,87,0.27962966790257926,428.4119628225074,0.7829151044596999,9.511149975762528,67.57502440835407,28.898186389429203
H3,map-barrier-01,7019,H3_map-barrier-01_seed503,2006,1.5,center,,success,1,0,0,88,0.9083644361986307,433.0783619311817,0.7744792308008841,11.333816699015953,63.60984640443433,29.120005340925708
H3,map-barrier-01,7019,H3_map-barrier-01_seed503,2007,1.5,center,,success,1,0,0,87,0.8519093749840941,428.6635361969332,0.7824556284882533,10.245107529631237,66.07723222635889,28.833115216694488
H3,map-barrier-01,7019,H3_map-barrier-01_seed503,2008,1.5,center,,success,1,0,0,87,0.5149710702678544,428.6529907800395,0.7824748779067356,10.708859350908721,58.07971174136705,28.914639406568497
H3,map-barrier-01,7019,H3_map-barrier-01_seed503,2009,1.5,center,,success,1,0,0,87,2.697232810155315,430.85397490380836,0.7784776656635267,12.055807366213976,58.79253494950153,29.08386162282334
H3,map-barrier-01,7019,H3_map-barrier-01_seed503,2010,1.5,center,,success,1,0,0,88,0.9194516277084451,435.6296355665586,0.7699434777635144,12.35062869003838,61.48832395467428,29.21481153473239
H3,map-barrier-01,7019,H3_map-barrier-01_seed503,2011,1.5,center,,success,1,0,0,86,2.323026393686134,426.33735148211673,0.786724868133065,10.257294369333229,56.35393653341395,28.7733324659282
H3,map-barrier-01,7019,H3_map-barrier-01_seed503,2012,1.5,center,,success,1,0,0,88,1.395626450723219,435.3727114566009,0.7703978402844917,12.661910544886972,56.774409139765574,28.752273846876353
H3,map-barrier-01,7019,H3_map-barrier-01_seed503,2013,1.5,center,,success,1,0,0,88,1.832486543954676,433.79318511055396,0.7732030104149465,11.781176183443012,58.157939168666914,28.71339907958531
H3,map-barrier-01,7019,H3_map-barrier-01_seed503,2014,1.5,center,,success,1,0,0,87,2.6242279923959346,429.5487595917045,0.7808431269683638,11.14385349598982,69.61481101033611,29.49150770833382
H3,map-barrier-01,7019,H3_map-barrier-01_seed503,2015,1.5,center,,success,1,0,0,87,1.8458259130483456,427.5430399208333,0.7845062726014094,10.353917137155712,60.10090122790822,28.147120221394626
H3,map-barrier-01,7019,H3_map-barrier-01_seed503,2016,1.5,center,,success,1,0,0,87,1.44270586055209,429.7321650344281,0.780509870835703,11.861241618696932,59.68742365548937,29.064166123879872
H3,map-barrier-01,7019,H3_map-barrier-01_seed503,2017,1.5,center,,success,1,0,0,88,1.1907599564640867,432.81883809977637,0.7749436186685743,11.274876008749443,58.22812125542458,29.10413777629677
H3,map-barrier-01,7019,H3_map-barrier-01_seed503,2018,1.5,center,,success,1,0,0,87,2.6170048957176317,429.50597103949264,0.780920916682967,9.718845293854265,59.29638776578003,28.31110498246809
H3,map-barrier-01,7019,H3_map-barrier-01_seed503,2019,1.5,center,,success,1,0,0,88,2.836928843255725,434.60936305409376,0.7717509679680361,11.896571495625482,56.859351994898326,28.841317389695398
H3,map-barrier-01,7019,H3_map-barrier-01_seed503,2020,1.5,center,,success,1,0,0,87,1.9526346152649965,430.043453116115,0.7799448967181583,10.92014600864311,56.25704120299089,28.048633191177615
H3,map-barrier-01,7019,H3_map-barrier-01_seed503,2021,1.5,center,,success,1,0,0,87,2.84691138687656,427.1739537840515,0.7851841004204292,10.035224174746908,53.736929110210504,28.24173045231203
H3,map-barrier-01,7019,H3_map-barrier-01_seed503,2022,1.5,center,,success,1,0,0,88,2.621354523381605,434.1668987391671,0.7725374679622263,11.911003881607503,56.223992192813505,28.677661688294712
H3,map-barrier-01,7019,H3_map-barrier-01_seed503,2023,1.5,center,,success,1,0,0,89,1.4082544145131142,435.2605827223728,0.7705963046943467,12.048569377278037,69.06724479025807,29.53582150853173
H3,map-barrier-01,7019,H3_map-barrier-01_seed503,2024,1.5,center,,success,1,0,0,86,2.0590374759401033,425.7261752642814,0.7878542972293241,10.2708065115436,61.135201553096486,28.686507096561325
H3,map-barrier-01,7019,H3_map-barrier-01_seed503,2025,1.5,center,,success,1,0,0,88,1.4740054757423127,433.8731990702233,0.7730604179832773,11.6714491702311,69.79439630316634,29.027484215933875
H3,map-barrier-01,7019,H3_map-barrier-01_seed503,2026,1.5,center,,success,1,0,0,89,0.8619970201723667,437.4045755304411,0.7668191312772988,12.247327052994695,59.47444597453033,28.715458526422832
H3,map-barrier-01,7019,H3_map-barrier-01_seed503,2027,1.5,center,,success,1,0,0,88,2.185840873093525,433.20744688826875,0.7742484554091154,11.663085222576848,55.91073126528296,28.77822831131829
H3,map-barrier-01,7019,H3_map-barrier-01_seed503,2028,1.5,center,,success,1,0,0,87,0.5700651079979827,430.99396086760584,0.7782248176976218,10.999816303888823,63.52484571730142,28.61210056888989
H3,map-barrier-01,7019,H3_map-barrier-01_seed503,2029,1.5,center,,success,1,0,0,86,1.5358231034105654,423.48577176234676,0.7920223511386237,9.692237050580752,54.50455098074975,28.497735617017902
H3,map-barrier-01,7019,H3_map-barrier-01_seed503,2030,1.5,center,,success,1,0,0,86,2.5360464478805382,427.9757325457793,0.7837131199701625,10.867767414791173,59.22069374262915,28.396945393879168
H3,map-barrier-01,7019,H3_map-barrier-01_seed503,2031,1.5,center,,success,1,0,0,87,1.6501153127322794,429.99230205127384,0.7800376774767771,11.694701918327155,55.851394608254,28.3905568341162
H3,map-barrier-01,7019,H3_map-barrier-01_seed503,2032,1.5,center,,success,1,0,0,87,2.3165468801270537,429.57956205985516,0.7807871375832222,10.154923284070708,54.47610165548012,28.13056201990365
H3,map-barrier-01,7019,H3_map-barrier-01_seed503,2033,1.5,center,,success,1,0,0,88,1.8590863709457084,434.3475991309591,0.7722160714046902,11.767856412221962,61.508358391339605,29.27452525286126
H3,map-barrier-01,7019,H3_map-barrier-01_seed503,2034,1.5,center,,success,1,0,0,88,0.5975706875247506,434.7883816365074,0.7714332093293578,11.93783779567532,60.573101613990204,29.163210985190155
H3,map-barrier-01,7019,H3_map-barrier-01_seed503,2035,1.5,center,,success,1,0,0,88,0.654318246250149,433.52710687864726,0.7736775654927072,12.143992061168177,60.21109845856617,28.8267034346216
H3,map-barrier-01,7019,H3_map-barrier-01_seed503,2036,1.5,center,,success,1,0,0,88,0.6668693074256282,432.96363749274343,0.7746844482536712,12.600234277741569,57.17062441023671,29.230579004105405
H3,map-barrier-01,7019,H3_map-barrier-01_seed503,2037,1.5,center,,success,1,0,0,88,0.26755667741125194,433.71165088680806,0.7733483662224819,10.94867951090622,60.97374454251056,28.795389740092673
H3,map-barrier-01,7019,H3_map-barrier-01_seed503,2038,1.5,center,,success,1,0,0,86,2.1653962144296686,425.4715767597518,0.7883257424134875,10.664941433854745,54.921473594648575,28.42584304938354
H3,map-barrier-01,7019,H3_map-barrier-01_seed503,2039,1.5,center,,success,1,0,0,86,1.9039585737919154,427.19703235533126,0.7851416822249436,10.387751641900683,55.96018331905647,28.403789924295772
H3,map-barrier-01,7019,H3_map-barrier-01_seed503,2040,1.5,center,,success,1,0,0,87,0.8903991580064265,427.7283894720613,0.784166318814985,10.137233751528942,60.2424041845386,28.358324314528303
H3,map-barrier-01,7019,H3_map-barrier-01_seed503,2041,1.5,center,,success,1,0,0,87,0.4916277731718073,429.419592486184,0.781078000384344,9.747851741294332,67.9651263600296,28.4077456735382
H3,map-barrier-01,7019,H3_map-barrier-01_seed503,2042,1.5,center,,success,1,0,0,86,2.0635670741832284,424.7132974891298,0.7897332120465408,9.816361150485973,62.41053598291593,28.620065191886773
H3,map-barrier-01,7019,H3_map-barrier-01_seed503,2043,1.5,center,,success,1,0,0,87,0.9873210473002147,428.2249906545724,0.7832569418993275,10.669637914317002,62.985206996887825,28.75860794570157
H3,map-barrier-01,7019,H3_map-barrier-01_seed503,2044,1.5,center,,success,1,0,0,86,2.3781193712616036,424.8663145381652,0.789448786942696,9.679793759164621,58.60229530397866,28.292590054866704
H3,map-barrier-01,7019,H3_map-barrier-01_seed503,2045,1.5,center,,success,1,0,0,87,2.0666420230073683,428.65328166457556,0.7824743469185184,11.30780355953284,62.727960540866874,29.036793750381527
H3,map-barrier-01,7019,H3_map-barrier-01_seed503,2046,1.5,center,,success,1,0,0,88,0.6206944425031836,435.3525662307728,0.7704334891807514,12.90322330723831,63.62307263465072,29.37525196225338
H3,map-barrier-01,7019,H3_map-barrier-01_seed503,2047,1.5,center,,success,1,0,0,86,2.7930028849373247,427.26346527927865,0.7850196047203083,11.094413979311135,58.60588781909624,28.45690802073633
H3,map-barrier-01,7019,H3_map-barrier-01_seed503,2048,1.5,center,,success,1,0,0,88,2.491106929078426,430.98107771434536,0.7782480808757888,10.084808047449638,55.2175415136474,28.282064204769885
H3,map-barrier-01,7019,H3_map-barrier-01_seed503,2049,1.5,center,,success,1,0,0,88,0.6147452909306556,435.0511535970313,0.7709672617846777,12.683942483200752,54.39821530626478,28.782913089690005
H3,map-barrier-01,7019,H3_map-barrier-01_seed503,2050,1.5,center,,success,1,0,0,87,2.0038133963471156,428.1146810499209,0.7834587587662231,10.256332066351199,69.48446004806354,28.970837269327763
H3,map-barrier-01,7019,H3_map-barrier-01_seed503,2001,2.0,center,,success,1,0,0,86,2.9362962385450717,425.64442575412147,0.7880056129731208,10.758267835318664,50.87305361010156,28.17364748709885
H3,map-barrier-01,7019,H3_map-barrier-01_seed503,2002,2.0,center,,success,1,0,0,88,0.8932263726020916,429.93160613072337,0.7801477998874661,9.896407286756924,56.32293321273903,28.74418073359036
H3,map-barrier-01,7019,H3_map-barrier-01_seed503,2003,2.0,center,,success,1,0,0,88,0.5357615875666188,433.98330490318773,0.7728642849516786,12.82387761721058,59.37757409564003,28.825539216693723
H3,map-barrier-01,7019,H3_map-barrier-01_seed503,2004,2.0,center,,success,1,0,0,86,2.00201796954932,425.0063549614894,0.7891886620268551,10.16027186412637,54.375834671729905,28.27107765469601
H3,map-barrier-01,7019,H3_map-barrier-01_seed503,2005,2.0,center,,success,1,0,0,87,0.15056968969268777,427.98809916575493,0.7836904747556261,8.948511888086566,62.76596865750732,28.755143362603707
H3,map-barrier-01,7019,H3_map-barrier-01_seed503,2006,2.0,center,,success,1,0,0,87,2.9176412575324315,429.89911666101,0.7802067592742945,11.628657712500193,56.64929389159542,29.27215431408921
H3,map-barrier-01,7019,H3_map-barrier-01_seed503,2007,2.0,center,,success,1,0,0,87,0.8511767975745663,428.3506972938896,0.7830270821173544,9.66481942304035,68.34181004790332,28.92376086487114
H3,map-barrier-01,7019,H3_map-barrier-01_seed503,2008,2.0,center,,success,1,0,0,87,0.6183271272613425,428.61852681676396,0.782537794425199,10.748079728510223,60.64472839552774,28.937565988278518
H3,map-barrier-01,7019,H3_map-barrier-01_seed503,2009,2.0,center,,success,1,0,0,88,0.7439718709521385,434.49015873371786,0.7719627013014312,12.333282470001663,63.3183165860922,29.39687567553788
H3,map-barrier-01,7019,H3_map-barrier-01_seed503,2010,2.0,center,,success,1,0,0,88,1.7191742318934873,436.3314982574816,0.7687049822542059,12.519043595690874,58.57815418610112,29.149578286808143
H3,map-barrier-01,7019,H3_map-barrier-01_seed503,2011,2.0,center,,success,1,0,0,86,0.5510577157366597,425.86397644908124,0.7875993631151191,10.037243562078965,63.77612105110885,29.06072760204824
H3,map-barrier-01,7019,H3_map-barrier-01_seed503,2012,2.0,center,,success,1,0,0,88,2.107218476935161,436.1861395244745,0.7689611526643857,12.951611424421724,60.60129284318615,29.05075340268663
H3,map-barrier-01,7019,H3_map-barrier-01_seed503,2013,2.0,center,,success,1,0,0,88,2.155109199063141,433.7711628049416,0.7732422654748856,12.056121513690414,56.90832416684658,28.761294120382214
H3,map-barrier-01,7019,H3_map-barrier-01_seed503,2014,2.0,center,,success,1,0,0,87,2.300836892943436,429.501743332891,0.780928603507447,11.368209352246458,66.84596338779795,29.424005973705984
H3,map-barrier-01,7019,H3_map-barrier-01_seed503,2015,2.0,center,,success,1,0,0,87,1.2384651117504624,426.27667892262434,0.7868368437904868,9.651652454480383,59.9469108578089,27.910757410993437
H3,map-barrier-01,7019,H3_map-barrier-01_seed503,2016,2.0,center,,success,1,0,0,87,1.3981934294838478,429.9024348376664,0.7802007372943148,12.38853015739504,62.83333629334828,29.347659341697742
H3,map-barrier-01,7019,H3_map-barrier-01_seed503,2017,2.0,center,,success,1,0,0,88,2.942697312660082,432.69596516318705,0.7751636798796397,11.529083830802026,59.0624239498302,29.090272991237544
H3,map-barrier-01,7019,H3_map-barrier-01_seed503,2018,2.0,center,,success,1,0,0,87,2.849873181000993,429.0324598824404,0.7817827973129925,9.391418344678677,61.450334260105045,28.035893677501637
H3,map-barrier-01,7019,H3_map-barrier-01_seed503,2019,2.0,center,,success,1,0,0,89,0.9050651038242774,437.1609593190662,0.7672464557388943,11.917458299175282,57.708929771507734,28.94742510656433
H3,map-barrier-01,7019,H3_map-barrier-01_seed503,2020,2.0,center,,success,1,0,0,87,1.657856243545016,429.90113484564284,0.7802030965686992,10.908662305283062,53.6790002237199,27.642891759274764
H3,map-barrier-01,7019,H3_map-barrier-01_seed503,2021,2.0,center,,success,1,0,0,87,2.5193498162067165,425.69078432154777,0.787919797605049,9.807451319908857,63.92438193692153,28.70184746006325
H3,map-barrier-01,7019,H3_map-barrier-01_seed503,2022,2.0,center,,success,1,0,0,89,0.5880821751768968,437.1874680026661,0.7671999340633503,12.013861694279106,54.65213519469139,28.551779224826873
H3,map-barrier-01,7019,H3_map-barrier-01_seed503,2023,2.0,center,,success,1,0,0,89,1.9448214970072595,434.7096489608477,0.771572927876688,12.354921332188134,65.17539316165416,29.636141811107098
H3,map-barrier-01,7019,H3_map-barrier-01_seed503,2024,2.0,center,,success,1,0,0,86,0.6830542857570426,425.54662136330916,0.7881867221749436,10.03873412268612,56.33289090770987,28.55657677772584
H3,map-barrier-01,7019,H3_map-barrier-01_seed503,2025,2.0,center,,success,1,0,0,88,2.063647520957093,434.2732508708371,0.7723482760045177,11.817433047336088,62.30942616913623,29.004573459968057
H3,map-barrier-01,7019,H3_map-barrier-01_seed503,2026,2.0,center,,success,1,0,0,90,1.030961935876576,441.5662050404981,0.7595920901469496,12.730484312475983,60.96705396016223,28.638661337259983
H3,map-barrier-01,7019,H3_map-barrier-01_seed503,2027,2.0,center,,success,1,0,0,88,2.827613905738441,433.2638030886049,0.7741477460935623,11.90704760977151,56.764289313023795,29.063135815830698
H3,map-barrier-01,7019,H3_map-barrier-01_seed503,2028,2.0,center,,success,1,0,0,87,0.7350941211052269,431.7337247116047,0.7768913509108428,10.729352365170266,60.52491627252795,28.300500744147527
H3,map-barrier-01,7019,H3_map-barrier-01_seed503,2029,2.0,center,,success,1,0,0,86,1.3541258864317487,422.8112188420036,0.7932859434136841,9.028561720693498,60.210072991695064,28.708072270374338
H3,map-barrier-01,7019,H3_map-barrier-01_seed503,2030,2.0,center,,success,1,0,0,86,1.9756981453103275,428.1281207472922,0.7834341646129533,10.487909019828656,50.12666923671437,28.09701645092411
H3,map-barrier-01,7019,H3_map-barrier-01_seed503,2031,2.0,center,,success,1,0,0,87,1.7297876766607108,430.1025414394571,0.7798377463718895,11.734131181462368,57.675704207630545,28.458679470075197
H3,map-barrier-01,7019,H3_map-barrier-01_seed503,2032,2.0,center,,success,1,0,0,87,2.2442631626039966,429.23260845644626,0.7814182567143012,9.897329330422156,55.86821642536235,27.97153367736887
H3,map-barrier-01,7019,H3_map-barrier-01_seed503,2033,2.0,center,,success,1,0,0,88,2.3460260826057273,434.5638920317813,0.7718317208932736,12.193385769722102,56.41538239871999,29.044048384383306
H3,map-barrier-01,7019,H3_map-barrier-01_seed503,2034,2.0,center,,success,1,0,0,88,0.7205988292551408,434.5128433141823,0.7719223995007304,12.064746588500439,64.39451176712323,29.409268275343248
H3,map-barrier-01,7019,H3_map-barrier-01_seed503,2035,2.0,center,,success,1,0,0,88,0.6306143444750061,433.3328141411839,0.7740244580593628,12.49887844255155,60.29302123909378,28.866371889102513
H3,map-barrier-01,7019,H3_map-barrier-01_seed503,2036,2.0,center,,success,1,0,0,88,0.617433725521432,432.2489118330552,0.7759653927237921,13.298499336098871,66.40438333911273,29.675173880108794
H3,map-barrier-01,7019,H3_map-barrier-01_seed503,2037,2.0,center,,success,1,0,0,87,2.8874571009813845,430.67495623893916,0.778801255485314,10.969464334463881,56.3361074333748,28.747730495014896
H3,map-barrier-01,7019,H3_map-barrier-01_seed503,2038,2.0,center,,success,1,0,0,86,1.7824640711023045,425.2734205583251,0.7886930628879213,10.194140497686533,57.44637208393953,28.67902686685035
H3,map-barrier-01,7019,H3_map-barrier-01_seed503,2039,2.0,center,,success,1,0,0,86,0.8824049345064516,427.0984433143757,0.7853229199856437,10.227253085983916,55.58047798290276,28.33105645785114
H3,map-barrier-01,7019,H3_map-barrier-01_seed503,2040,2.0,center,,success,1,0,0,87,1.3957978535221607,427.3451648738558,0.7848695251389476,10.11395639113322,60.56532105605985,28.308946453943257
H3,map-barrier-01,7019,H3_map-barrier-01_seed503,2041,2.0,center,,success,1,0,0,86,2.746039700994769,426.2166869644225,0.7869475946936966,9.38263547463056,58.50947343551229,28.129068296151225
H3,map-barrier-01,7019,H3_map-barrier-01_seed503,2042,2.0,center,,success,1,0,0,86,1.1902746431514788,423.81510018938513,0.7914069047447525,9.596787780613772,58.87137550490996,28.423243022789105
H3,map-barrier-01,7019,H3_map-barrier-01_seed503,2043,2.0,center,,success,1,0,0,87,0.8650949365231484,427.7092643102182,0.784201383072439,10.16660379875455,65.79464750865519,28.906131683286482
H3,map-barrier-01,7019,H3_map-barrier-01_seed503,2044,2.0,center,,success,1,0,0,86,1.1561564961689241,423.87276961617965,0.7912992309666064,9.226043654329892,58.41080189758666,28.088444799715106
H3,map-barrier-01,7019,H3_map-barrier-01_seed503,2045,2.0,center,,success,1,0,0,87,0.8720923267625935,428.5774748480819,0.7826127510407809,11.568559912709189,57.83125569813388,29.22676849303485
H3,map-barrier-01,7019,H3_map-barrier-01_seed503,2046,2.0,center,,success,1,0,0,88,1.1553719461979413,436.0346223251818,0.7692283581436096,13.692563445188396,67.27343829692698,29.554882336025234
H3,map-barrier-01,7019,H3_map-barrier-01_seed503,2047,2.0,center,,success,1,0,0,86,2.7161729936180516,427.55186707007266,0.7844900758438208,11.23375397671622,58.95839173014487,28.20115225538071
H3,map-barrier-01,7019,H3_map-barrier-01_seed503,2048,2.0,center,,success,1,0,0,88,2.296092802254613,429.25394189402687,0.7813794211068043,9.442066554541334,66.33796963315656,28.291491190099126
H3,map-barrier-01,7019,H3_map-barrier-01_seed503,2049,2.0,center,,success,1,0,0,88,0.7710677249260387,435.23791625254637,0.7706364360736141,12.899667663053842,50.92051095070531,28.56018467161477
H3,map-barrier-01,7019,H3_map-barrier-01_seed503,2050,2.0,center,,success,1,0,0,87,1.908360971982534,427.52283210767894,0.7845433540272059,9.762295691359736,62.25187142059183,28.762920122847184
H3,map-mixed-01,7027,H3_map-mixed-01_seed101,2001,0.0,center,,success,1,0,0,63,2.8193015242142665,337.123706228421,0.9949172675436491,2.3508002458345723,62.01344260560683,23.509732956115364
H3,map-mixed-01,7027,H3_map-mixed-01_seed101,2002,0.0,center,,success,1,0,0,63,2.497888834309348,337.1244753091476,0.994914997842838,2.27301263850879,60.714644959709275,23.439274512678246
H3,map-mixed-01,7027,H3_map-mixed-01_seed101,2003,0.0,center,,success,1,0,0,63,2.1622518859940234,337.1935888263357,0.9947110732218407,2.2167386652428913,62.242318055569264,23.49271152179041
H3,map-mixed-01,7027,H3_map-mixed-01_seed101,2004,0.0,center,,success,1,0,0,63,2.667295849080821,337.1484731619577,0.9948441809014089,2.3161888703577445,62.14627889613035,23.45093931520412
H3,map-mixed-01,7027,H3_map-mixed-01_seed101,2005,0.0,center,,success,1,0,0,64,1.884772824816702,341.92865826756326,0.9809361938960554,2.5317727503513865,54.042721989113645,23.716498035767966
H3,map-mixed-01,7027,H3_map-mixed-01_seed101,2006,0.0,center,,success,1,0,0,63,2.979904473122856,336.68317524704406,0.9962190607797924,2.409704440707756,58.177040373931106,23.427819008914945
H3,map-mixed-01,7027,H3_map-mixed-01_seed101,2007,0.0,center,,success,1,0,0,63,2.984473496989787,336.884644680331,0.9956232850661341,2.410219400703994,60.23215552902336,23.49420447920363
H3,map-mixed-01,7027,H3_map-mixed-01_seed101,2008,0.0,center,,success,1,0,0,64,2.154706265569851,341.9086683502395,0.9809935449819768,2.427166903179831,59.05964839644024,23.81284745080055
H3,map-mixed-01,7027,H3_map-mixed-01_seed101,2009,0.0,center,,success,1,0,0,63,2.934360643248682,337.05980794412744,0.9951058794899913,2.3902586260034546,61.53162999916949,23.43920830808591
H3,map-mixed-01,7027,H3_map-mixed-01_seed101,2010,0.0,center,,success,1,0,0,63,2.3047443500627045,337.081535112995,0.9950417382326614,2.2365596780112385,64.79235991973441,23.587078204674544
H3,map-mixed-01,7027,H3_map-mixed-01_seed101,2011,0.0,center,,success,1,0,0,63,2.542037153881182,337.0574417906406,0.9951128651635133,2.2841094178931525,63.01897362797487,23.51185795722652
H3,map-mixed-01,7027,H3_map-mixed-01_seed101,2012,0.0,center,,success,1,0,0,63,2.3235573800544413,336.8701559564358,0.995666106641824,2.24057628293487,58.1199855191327,23.464834087180325
H3,map-mixed-01,7027,H3_map-mixed-01_seed101,2013,0.0,center,,success,1,0,0,63,2.3267937404230294,336.9738445606093,0.9953597350035291,2.240308287467369,61.74951189641676,23.458388438003652
H3,map-mixed-01,7027,H3_map-mixed-01_seed101,2014,0.0,center,,success,1,0,0,63,2.3789853465129536,336.81665942445414,0.995824248117985,2.250980748925578,62.217149809159714,23.545787411440553
H3,map-mixed-01,7027,H3_map-mixed-01_seed101,2015,0.0,center,,success,1,0,0,64,2.038784317476121,342.16872210623865,0.9802479740413803,2.461978183692196,58.89332183080446,23.752033885471754
H3,map-mixed-01,7027,H3_map-mixed-01_seed101,2016,0.0,center,,success,1,0,0,63,2.488398181823436,336.92200312246234,0.9955128887888501,2.2733778684513744,63.48406580951481,23.633364719367798
H3,map-mixed-01,7027,H3_map-mixed-01_seed101,2017,0.0,center,,success,1,0,0,64,1.9135271939031404,341.8629100262608,0.9811248508918483,2.5189868782763583,55.77918286946614,23.750535569314753
H3,map-mixed-01,7027,H3_map-mixed-01_seed101,2018,0.0,center,,success,1,0,0,64,2.0109690625844974,342.2609179963912,0.979983921589625,2.47218200677937,59.91708632090823,23.843593187988912
H3,map-mixed-01,7027,H3_map-mixed-01_seed101,2019,0.0,center,,success,1,0,0,64,2.0859405781889846,342.01520619414106,0.980687965185316,2.448035382338297,56.86376089710239,23.733518610969504
H3,map-mixed-01,7027,H3_map-mixed-01_seed101,2020,0.0,center,,success,1,0,0,63,2.9348486373385594,336.718838497122,0.9961135472015928,2.3926023494602697,58.588385958833115,23.42071296598401
H3,map-mixed-01,7027,H3_map-mixed-01_seed101,2021,0.0,center,,success,1,0,0,63,2.5764319914452813,337.16496874422586,0.9947955087807816,2.2916047623703277,61.43142166243669,23.450610478286496
H3,map-mixed-01,7027,H3_map-mixed-01_seed101,2022,0.0,center,,success,1,0,0,63,2.533532353281979,336.84899042461797,0.9957286682146923,2.2832762312668584,58.06838402376081,23.44883339782644
H3,map-mixed-01,7027,H3_map-mixed-01_seed101,2023,0.0,center,,success,1,0,0,63,2.491338597683568,337.0328245373484,0.9951855493167251,2.2727214869591355,64.42714447161622,23.585713693929584
H3,map-mixed-01,7027,H3_map-mixed-01_seed101,2024,0.0,center,,success,1,0,0,63,2.1467228631429034,337.196366246942,0.9947028799810215,2.2151667441305056,62.30981774362791,23.495618363014646
H3,map-mixed-01,7027,H3_map-mixed-01_seed101,2025,0.0,center,,success,1,0,0,63,2.169621284620577,337.2233796333573,0.9946231989894645,2.2173297000537193,62.784628519665056,23.50873835546811
H3,map-mixed-01,7027,H3_map-mixed-01_seed101,2026,0.0,center,,success,1,0,0,63,2.909737208452178,336.90134144297866,0.9955739421765925,2.3831672609073493,62.18385288805089,23.576756409913376
H3,map-mixed-01,7027,H3_map-mixed-01_seed101,2027,0.0,center,,success,1,0,0,63,2.7986837208940023,336.8122823307963,0.9958371894987762,2.3451703533777213,57.22807171520916,23.40133144922275
H3,map-mixed-01,7027,H3_map-mixed-01_seed101,2028,0.0,center,,success,1,0,0,63,2.3223686724052373,337.1747531091172,0.9947666411322983,2.2391442747458434,65.33970702201108,23.662660960469236
H3,map-mixed-01,7027,H3_map-mixed-01_seed101,2029,0.0,center,,success,1,0,0,63,2.7176297569114722,337.01218727255144,0.9952464904591495,2.3188549840212773,58.885902850424955,23.37717618403385
H3,map-mixed-01,7027,H3_map-mixed-01_seed101,2030,0.0,center,,success,1,0,0,64,2.0267935648432664,342.01663433757824,0.9806838701708027,2.468450294493479,56.60284455656167,23.723891332421243
H3,map-mixed-01,7027,H3_map-mixed-01_seed101,2031,0.0,center,,success,1,0,0,63,2.736854935643278,336.93583292761974,0.9954720271530781,2.3260260157772517,62.469955263274606,23.60789428512458
H3,map-mixed-01,7027,H3_map-mixed-01_seed101,2032,0.0,center,,success,1,0,0,64,1.9977062690534584,342.0818456719211,0.9804969216245659,2.477307813798255,57.19592269542536,23.70828897394678
H3,map-mixed-01,7027,H3_map-mixed-01_seed101,2033,0.0,center,,success,1,0,0,63,2.2342851738254446,337.35848877322246,0.9942248610511069,2.2250919259337842,65.84733277842595,23.636167484488855
H3,map-mixed-01,7027,H3_map-mixed-01_seed101,2034,0.0,center,,success,1,0,0,64,1.9293419385423312,342.0231812865185,0.9806650980887457,2.510810383493279,58.72775587898985,23.884575395535265
H3,map-mixed-01,7027,H3_map-mixed-01_seed101,2035,0.0,center,,success,1,0,0,63,2.513119897533281,336.9698016619292,0.9953716771376285,2.277490085964135,61.671884959257625,23.440510199895865
H3,map-mixed-01,7027,H3_map-mixed-01_seed101,2036,0.0,center,,success,1,0,0,63,2.767053492223487,336.7558692818202,0.9960040112746318,2.3355281073763376,58.31134401301114,23.419944601044456
H3,map-mixed-01,7027,H3_map-mixed-01_seed101,2037,0.0,center,,success,1,0,0,63,2.491253816163508,337.18091069644083,0.9947484747347797,2.271197691790282,62.68814202806867,23.471761260949147
H3,map-mixed-01,7027,H3_map-mixed-01_seed101,2038,0.0,center,,success,1,0,0,63,2.281720250682638,337.00191051694264,0.9952768401534206,2.2329900198815014,60.768934085063535,23.452532261253697
H3,map-mixed-01,7027,H3_map-mixed-01_seed101,2039,0.0,center,,success,1,0,0,63,2.961805710866018,336.7453941228552,0.9960349940305357,2.4023099308514704,58.093158451215,23.410033325267168
H3,map-mixed-01,7027,H3_map-mixed-01_seed101,2040,0.0,center,,success,1,0,0,63,2.157799426180581,337.0250972670385,0.9952083668095777,2.21744953925398,63.760980025439444,23.522532580420542
H3,map-mixed-01,7027,H3_map-mixed-01_seed101,2041,0.0,center,,success,1,0,0,63,2.5893628512002147,336.81023999136784,0.9958432280252666,2.2974723736601343,58.66638082736518,23.453865368713696
H3,map-mixed-01,7027,H3_map-mixed-01_seed101,2042,0.0,center,,success,1,0,0,64,2.158260034435184,341.8252637905106,0.9812329050977531,2.426420262249586,57.48983477049032,23.799869441863187
H3,map-mixed-01,7027,H3_map-mixed-01_seed101,2043,0.0,center,,success,1,0,0,63,2.657216802101239,336.8544964625756,0.9957123925826308,2.3163528285320973,64.37161207870064,23.663970088154308
H3,map-mixed-01,7027,H3_map-mixed-01_seed101,2044,0.0,center,,success,1,0,0,63,2.256687745968932,336.9546863920551,0.9954163279827792,2.2298521105937774,61.60730771391872,23.493488547207935
H3,map-mixed-01,7027,H3_map-mixed-01_seed101,2045,0.0,center,,success,1,0,0,63,2.2126703168860846,337.20113315049014,0.994688818187564,2.2223899329690258,62.331012060441616,23.49206050553089
H3,map-mixed-01,7027,H3_map-mixed-01_seed101,2046,0.0,center,,success,1,0,0,63,2.171254348909408,337.2344852563995,0.9945904445980842,2.217457572576184,62.69475653718289,23.512777597233413
H3,map-mixed-01,7027,H3_map-mixed-01_seed101,2047,0.0,center,,success,1,0,0,63,2.7490547301222703,336.99619794627404,0.995293711528584,2.329357572401142,60.77892406769462,23.54578819784879
H3,map-mixed-01,7027,H3_map-mixed-01_seed101,2048,0.0,center,,success,1,0,0,63,2.1755440834700055,337.22004791467344,0.9946330258212794,2.2179802009801186,62.71633449245539,23.506152796128525
H3,map-mixed-01,7027,H3_map-mixed-01_seed101,2049,0.0,center,,success,1,0,0,63,2.4281502830362247,336.78006799858736,0.9959324452252779,2.2605150664593356,59.54209149178882,23.47843352164335
H3,map-mixed-01,7027,H3_map-mixed-01_seed101,2050,0.0,center,,success,1,0,0,63,2.8932118217043206,336.74883050697923,0.9960248299006846,2.377399057620824,58.17689735998406,23.413593668680985
H3,map-mixed-01,7027,H3_map-mixed-01_seed101,2001,0.5,center,,success,1,0,0,64,0.9787479199437124,340.8816556900305,0.9839490950195415,2.915400602286013,59.30622822532679,23.67982713611028
H3,map-mixed-01,7027,H3_map-mixed-01_seed101,2002,0.5,center,,success,1,0,0,63,1.5379847644933102,338.15344248337277,0.991887570807329,2.2435576355184206,58.20929639621645,23.357671908824905
H3,map-mixed-01,7027,H3_map-mixed-01_seed101,2003,0.5,center,,success,1,0,0,63,2.0492152388171228,337.31033560561906,0.9943667928904728,2.368404018983016,64.13034192374823,23.66975678126406
H3,map-mixed-01,7027,H3_map-mixed-01_seed101,2004,0.5,center,,success,1,0,0,64,1.1753620723337779,340.83319728729305,0.9840889892607689,2.580825073586979,50.53129494341117,23.52524315644203
H3,map-mixed-01,7027,H3_map-mixed-01_seed101,2005,0.5,center,,success,1,0,0,63,2.825918247920864,337.1515084117916,0.9948352246886693,2.360374051624134,48.80992985311063,23.09557154247312
H3,map-mixed-01,7027,H3_map-mixed-01_seed101,2006,0.5,center,,success,1,0,0,63,1.315850898676366,338.4403760186704,0.9910466374333103,2.4217694337283637,53.523729991603666,23.45754964954974
H3,map-mixed-01,7027,H3_map-mixed-01_seed101,2007,0.5,center,,success,1,0,0,63,2.9239344956843123,336.99965314560257,0.9952835069537969,2.329267060171715,60.44288323338141,23.294496191263466
H3,map-mixed-01,7027,H3_map-mixed-01_seed101,2008,0.5,center,,success,1,0,0,63,2.411971293276735,337.5018895809553,0.9938024259402402,2.232785990885311,58.73773158288116,23.332516145722725
H3,map-mixed-01,7027,H3_map-mixed-01_seed101,2009,0.5,center,,success,1,0,0,63,1.8749045160249769,338.0592603187889,0.992163907324052,2.367287734953006,67.3894047751547,23.683245830318484
H3,map-mixed-01,7027,H3_map-mixed-01_seed101,2010,0.5,center,,success,1,0,0,63,2.072369816898979,337.36283680667407,0.9942120471828243,2.312650365856041,64.45708654371487,23.849676453625786
H3,map-mixed-01,7027,H3_map-mixed-01_seed101,2011,0.5,center,,success,1,0,0,63,2.211371993110686,337.4862819701499,0.9938483859756853,2.2109160121474933,51.832217729714905,23.131726915761895
H3,map-mixed-01,7027,H3_map-mixed-01_seed101,2012,0.5,center,,success,1,0,0,63,1.8288898218191851,337.41883752793404,0.9940470398224306,2.3645762045207803,63.84595692076971,23.774059143816597
H3,map-mixed-01,7027,H3_map-mixed-01_seed101,2013,0.5,center,,success,1,0,0,63,1.7929660789575441,337.4222784356249,0.9940369028980987,2.229357397597423,59.077431420010534,23.52621073935888
H3,map-mixed-01,7027,H3_map-mixed-01_seed101,2014,0.5,center,,success,1,0,0,63,0.7992631274638279,338.6870633023208,0.990324795268524,2.9743612260307053,55.554802839341,23.780842781074515
H3,map-mixed-01,7027,H3_map-mixed-01_seed101,2015,0.5,center,,success,1,0,0,64,0.910008100328914,340.83605761421325,0.9840807306972603,3.145432012187335,60.76372711499432,23.40066563578957
H3,map-mixed-01,7027,H3_map-mixed-01_seed101,2016,0.5,center,,success,1,0,0,63,1.725720143048317,337.9198186199025,0.9925733210760364,2.4562276166727823,57.90079105838565,23.640406290942828
H3,map-mixed-01,7027,H3_map-mixed-01_seed101,2017,0.5,center,,success,1,0,0,63,2.1756292841922193,337.8220321530648,0.9928606328227771,2.3623137584465885,57.874257360160414,23.51214198361308
H3,map-mixed-01,7027,H3_map-mixed-01_seed101,2018,0.5,center,,success,1,0,0,64,0.6234800010375975,340.7808896251789,0.984240040554746,2.8146529811871943,62.044816732024614,23.704114342376283
H3,map-mixed-01,7027,H3_map-mixed-01_seed101,2019,0.5,center,,success,1,0,0,63,2.1373744888143325,337.8628476419443,0.992740690389329,2.292093985857158,56.22672225279634,23.443681969573625
H3,map-mixed-01,7027,H3_map-mixed-01_seed101,2020,0.5,center,,success,1,0,0,64,0.5758930196068646,340.09157943472803,0.9862349346680663,2.9576796999572963,54.35617724717193,23.662517083741687
H3,map-mixed-01,7027,H3_map-mixed-01_seed101,2021,0.5,center,,success,1,0,0,63,2.787822296077119,336.9476168137601,0.9954372130501182,2.493847885674178,51.602638242126304,23.197576381861612
H3,map-mixed-01,7027,H3_map-mixed-01_seed101,2022,0.5,center,,success,1,0,0,64,1.598316266505539,340.99603143142474,0.9836190621251274,2.555943922631961,48.15049605637788,23.796766626434593
H3,map-mixed-01,7027,H3_map-mixed-01_seed101,2023,0.5,center,,success,1,0,0,63,0.7429399413923424,338.8907169970434,0.9897296674192899,2.785951815875198,62.98310793905193,23.87635683473425
H3,map-mixed-01,7027,H3_map-mixed-01_seed101,2024,0.5,center,,success,1,0,0,63,2.925005430840769,336.49166597229924,0.9967860441826818,2.144030157385864,49.152008950391874,23.286729246786855
H3,map-mixed-01,7027,H3_map-mixed-01_seed101,2025,0.5,center,,success,1,0,0,63,1.4198981675333269,338.0770200411308,0.9921117873795803,2.5112182441124373,57.6355142983147,23.700843803423634
H3,map-mixed-01,7027,H3_map-mixed-01_seed101,2026,0.5,center,,success,1,0,0,63,2.189266478574743,337.6323335537226,0.9934184711950861,2.330181368400607,61.54292074127703,23.85453511891037
H3,map-mixed-01,7027,H3_map-mixed-01_seed101,2027,0.5,center,,success,1,0,0,63,1.2705286012947115,338.3523656437988,0.9913044230879482,2.4163963911228015,48.88227921397845,23.31720496355343
H3,map-mixed-01,7027,H3_map-mixed-01_seed101,2028,0.5,center,,success,1,0,0,64,1.4592492733229843,340.862185020271,0.9840052999866257,2.6450932832782286,52.01169523442927,23.59694987538031
H3,map-mixed-01,7027,H3_map-mixed-01_seed101,2029,0.5,center,,success,1,0,0,63,1.3279877520217689,338.5516785725157,0.9907208200508912,2.175416728381941,57.27633394873319,23.212900296970478
H3,map-mixed-01,7027,H3_map-mixed-01_seed101,2030,0.5,center,,success,1,0,0,64,2.027808721294096,341.9112203357584,0.9809862229604344,2.518056834450938,45.342613144486755,23.351732970303527
H3,map-mixed-01,7027,H3_map-mixed-01_seed101,2031,0.5,center,,success,1,0,0,64,1.0487624177659107,340.66303960499835,0.984580531582996,2.964158118635801,60.07585967396888,23.665277444586295
H3,map-mixed-01,7027,H3_map-mixed-01_seed101,2032,0.5,center,,success,1,0,0,64,0.9263740439958842,340.86814938605335,0.9839880822807431,2.904169273814176,58.9390812595672,23.653515075550562
H3,map-mixed-01,7027,H3_map-mixed-01_seed101,2033,0.5,center,,success,1,0,0,63,0.9045400111248572,338.74296909161484,0.9901613530884976,2.8213513084823987,65.06622804747215,23.92795645801957
H3,map-mixed-01,7027,H3_map-mixed-01_seed101,2034,0.5,center,,success,1,0,0,63,1.5223056110033784,338.63510127552684,0.9904767561354059,2.390752918267884,59.59198746684638,23.662211768975126
H3,map-mixed-01,7027,H3_map-mixed-01_seed101,2035,0.5,center,,success,1,0,0,63,2.3027472852274014,337.1811032148502,0.9947479067688045,2.4670807573232025,63.3083354861965,23.487786788481795
H3,map-mixed-01,7027,H3_map-mixed-01_seed101,2036,0.5,center,,success,1,0,0,63,1.2301183038867805,338.4252351848429,0.9910909759485647,2.6276095297589777,54.060455006897875,23.756902410659134
H3,map-mixed-01,7027,H3_map-mixed-01_seed101,2037,0.5,center,,success,1,0,0,63,1.0698107358552922,338.6674976201017,0.9903820088493196,2.8488779679928182,56.72109419316419,23.76680050973783
H3,map-mixed-01,7027,H3_map-mixed-01_seed101,2038,0.5,center,,success,1,0,0,64,1.7695173657345824,340.92899829813757,0.9838124603635418,2.456325339990407,56.563540069790385,23.5560812460539
H3,map-mixed-01,7027,H3_map-mixed-01_seed101,2039,0.5,center,,success,1,0,0,64,2.2201269096942733,341.8629667318479,0.9811246881504398,2.433816360965359,53.66275540605706,23.667675394804153
H3,map-mixed-01,7027,H3_map-mixed-01_seed101,2040,0.5,center,,success,1,0,0,63,1.6157631198748514,337.5706032579207,0.99360013398056,2.146763826912659,55.45123819487854,23.318904044043443
H3,map-mixed-01,7027,H3_map-mixed-01_seed101,2041,0.5,center,,success,1,0,0,64,2.067295093605855,341.3061367173784,0.9827253616090351,2.3796384282070733,47.790369163588444,23.378979249230202
H3,map-mixed-01,7027,H3_map-mixed-01_seed101,2042,0.5,center,,success,1,0,0,64,1.1943501029563734,340.6793039826946,0.9845335267034778,2.906362387769441,51.238647962408194,23.431946719347525
H3,map-mixed-01,7027,H3_map-mixed-01_seed101,2043,0.5,center,,success,1,0,0,63,2.1287054924863757,337.4272499406734,0.9940222571945225,2.270249545712303,52.16686280257054,23.486484239169027
H3,map-mixed-01,7027,H3_map-mixed-01_seed101,2044,0.5,center,,success,1,0,0,64,0.6356505403062258,339.4850895907822,0.9879968425985199,2.985389111271026,57.97083720631142,23.268412848205642
H3,map-mixed-01,7027,H3_map-mixed-01_seed101,2045,0.5,center,,success,1,0,0,63,1.7477117053304558,338.0646358443675,0.9921481310437302,2.435430509965705,59.18380466177359,23.39580044747326
H3,map-mixed-01,7027,H3_map-mixed-01_seed101,2046,0.5,center,,success,1,0,0,63,2.138595096038093,337.2766002736553,0.994466252188345,2.329448408873998,64.27677206086572,23.740347552903458
H3,map-mixed-01,7027,H3_map-mixed-01_seed101,2047,0.5,center,,success,1,0,0,64,1.4312878760893837,341.10535854397284,0.9833038040114219,2.619619295077108,63.930322746215225,23.96844887818909
H3,map-mixed-01,7027,H3_map-mixed-01_seed101,2048,0.5,center,,success,1,0,0,63,2.539804036426766,336.7957795349758,0.9958859849374584,2.1665394087871586,60.78592640530706,23.526188915593902
H3,map-mixed-01,7027,H3_map-mixed-01_seed101,2049,0.5,center,,success,1,0,0,64,1.8303279974016318,341.11402210160895,0.9832788302236914,2.4637567824033155,64.22052733548445,24.054828336487247
H3,map-mixed-01,7027,H3_map-mixed-01_seed101,2050,0.5,center,,success,1,0,0,63,2.515552759294642,337.2581652849274,0.9945206110624552,2.2015541490205135,57.43425365084157,23.258046283908705
H3,map-mixed-01,7027,H3_map-mixed-01_seed101,2001,1.5,center,,success,1,0,0,64,2.0966031724923653,337.74959858581735,0.9930735610918736,2.429531028894038,61.81849523196128,23.0049503699138
H3,map-mixed-01,7027,H3_map-mixed-01_seed101,2002,1.5,center,,success,1,0,0,63,1.1177614209111522,340.0275744144671,0.9864205783973555,3.077699068401763,51.21374175242302,23.53830463559097
H3,map-mixed-01,7027,H3_map-mixed-01_seed101,2003,1.5,center,,success,1,0,0,63,1.8690762982109426,337.7423224229598,0.993094955404876,2.8580849856827015,61.488429343884356,23.964216228904164
H3,map-mixed-01,7027,H3_map-mixed-01_seed101,2004,1.5,center,,success,1,0,0,64,1.7822026783887406,338.2783764619695,0.9915212439322929,3.1728689445680587,58.10918812168524,23.308775546278373
H3,map-mixed-01,7027,H3_map-mixed-01_seed101,2005,1.5,center,,success,1,0,0,63,2.1236743741541897,337.7316509419076,0.9931263347380538,2.0826344108057295,49.43181908560757,23.026799953057296
H3,map-mixed-01,7027,H3_map-mixed-01_seed101,2006,1.5,center,,success,1,0,0,63,1.2928902246625302,340.6658956768051,0.9845722770652017,3.760084784023025,46.2853501519241,23.760939565404705
H3,map-mixed-01,7027,H3_map-mixed-01_seed101,2007,1.5,center,,success,1,0,0,64,2.8292618677305548,342.2551094344059,0.9800005533277532,2.258986927114426,50.844673803497514,23.08859246414201
H3,map-mixed-01,7027,H3_map-mixed-01_seed101,2008,1.5,center,,success,1,0,0,63,1.6091339499390656,339.1435320113244,0.9889918720719366,2.6593076907302087,56.355774369890426,23.041658061428173
H3,map-mixed-01,7027,H3_map-mixed-01_seed101,2009,1.5,center,,success,1,0,0,63,0.7366004709896031,339.42368502110986,0.9881755794505273,2.337925453018016,65.29705114079202,23.749104567194806
H3,map-mixed-01,7027,H3_map-mixed-01_seed101,2010,1.5,center,,success,1,0,0,63,1.5639513343195155,338.08765359665273,0.992080583413204,2.53091940627523,65.67702793366685,24.452653260997142
H3,map-mixed-01,7027,H3_map-mixed-01_seed101,2011,1.5,center,,success,1,0,0,63,2.52302363714834,337.4425021394318,0.993977327984536,2.2183034523127705,53.62847036616738,22.89833352235764
H3,map-mixed-01,7027,H3_map-mixed-01_seed101,2012,1.5,center,,success,1,0,0,63,0.6979546428610336,338.7008360005135,0.9902845253811536,3.056743235154541,61.337036313124784,24.227494299838504
H3,map-mixed-01,7027,H3_map-mixed-01_seed101,2013,1.5,center,,success,1,0,0,63,1.1904904820816795,338.1686724923162,0.9918428994412236,2.2221942811504127,58.852118323579546,23.70873403180487
H3,map-mixed-01,7027,H3_map-mixed-01_seed101,2014,1.5,center,,success,1,0,0,62,2.586350260227036,336.71453021532045,0.9961262925317839,2.5333448861090027,56.43810020721891,24.002362891091444
H3,map-mixed-01,7027,H3_map-mixed-01_seed101,2015,1.5,center,,success,1,0,0,64,2.5823452369789868,337.445125662942,0.9939696001417245,2.0676395662489573,47.792804363967186,22.383901220818522
H3,map-mixed-01,7027,H3_map-mixed-01_seed101,2016,1.5,center,,success,1,0,0,63,1.7227149498026457,340.38120625941417,0.9853957576298817,3.703518222635843,58.043992158494895,23.83393582283145
H3,map-mixed-01,7027,H3_map-mixed-01_seed101,2017,1.5,center,,success,1,0,0,63,0.29113894909929755,340.2067195662664,0.9859011516662192,3.1218599298793133,54.486908221420144,23.821647869505018
H3,map-mixed-01,7027,H3_map-mixed-01_seed101,2018,1.5,center,,success,1,0,0,64,1.7926298620097547,338.3941944720733,0.9911818881770116,2.2178950218113846,52.58426531574133,23.059060042320333
H3,map-mixed-01,7027,H3_map-mixed-01_seed101,2019,1.5,center,,success,1,0,0,63,0.4891616382511389,340.252086762746,0.985769697450368,2.916798612036952,57.079295678161174,23.67000535972227
H3,map-mixed-01,7027,H3_map-mixed-01_seed101,2020,1.5,center,,success,1,0,0,64,2.3919459377078,337.29254150724114,0.994419251389725,2.3189572872592774,67.34494588910066,23.612545681023658
H3,map-mixed-01,7027,H3_map-mixed-01_seed101,2021,1.5,center,,success,1,0,0,64,1.9838501630828562,341.2421649569019,0.9829095905171332,2.9943847861805963,52.539172204089795,23.17490527224433
H3,map-mixed-01,7027,H3_map-mixed-01_seed101,2022,1.5,center,,success,1,0,0,64,1.2524206263787045,339.9606894032686,0.9866146501047296,3.2183861624722283,65.75234776010639,24.314880809727313
H3,map-mixed-01,7027,H3_map-mixed-01_seed101,2023,1.5,center,,success,1,0,0,63,1.7989103403387106,341.53587596172974,0.9820643166123852,3.3136740002492786,60.85770290839483,24.56114527076969
H3,map-mixed-01,7027,H3_map-mixed-01_seed101,2024,1.5,center,,success,1,0,0,64,1.2861166183228108,340.14754102775,0.9860726777901504,2.193471313972715,52.292682849881466,23.706894279756558
H3,map-mixed-01,7027,H3_map-mixed-01_seed101,2025,1.5,center,,success,1,0,0,63,0.6661633356255398,339.57314968124064,0.987740629492703,3.409710823373665,64.16218152068028,24.24062783212519
H3,map-mixed-01,7027,H3_map-mixed-01_seed101,2026,1.5,center,,success,1,0,0,63,2.027321013093075,339.0180422183129,0.9893579540199776,3.1122084348326764,57.104748811639546,24.510192368482947
H3,map-mixed-01,7027,H3_map-mixed-01_seed101,2027,1.5,center,,success,1,0,0,63,1.2284142304835535,340.7202770636506,0.9844151323060525,3.777050332367515,48.99473996442932,23.51063718540394
H3,map-mixed-01,7027,H3_map-mixed-01_seed101,2028,1.5,center,,success,1,0,0,64,2.2605184967365552,337.212404996949,0.9946555691745776,1.985468831412098,58.10391157610486,23.16481517279269
H3,map-mixed-01,7027,H3_map-mixed-01_seed101,2029,1.5,center,,success,1,0,0,63,1.2899822399778909,339.841320669006,0.9869611969629989,2.499598336030541,43.34366096848343,22.79191319186469
H3,map-mixed-01,7027,H3_map-mixed-01_seed101,2030,1.5,center,,success,1,0,0,64,0.5159591362194192,339.6857518345024,0.9874132041557722,2.6509727714979405,55.04560379227955,23.28826735262471
H3,map-mixed-01,7027,H3_map-mixed-01_seed101,2031,1.5,center,,success,1,0,0,65,2.1173777138101944,341.68280877324565,0.9816420025028536,1.882295783526835,60.955335639235116,23.64564307487007
H3,map-mixed-01,7027,H3_map-mixed-01_seed101,2032,1.5,center,,success,1,0,0,64,1.0119752083502573,339.17906620116673,0.9888882600615365,2.129661697162495,45.408462494432904,22.971055914284392
H3,map-mixed-01,7027,H3_map-mixed-01_seed101,2033,1.5,center,,success,1,0,0,63,1.170608735762134,340.6598138680399,0.9845898546603886,2.942823021985781,54.73891480429876,24.057552829635906
H3,map-mixed-01,7027,H3_map-mixed-01_seed101,2034,1.5,center,,success,1,0,0,63,0.8762058257918435,340.63684642940376,0.9846562406292165,3.7638538915584334,52.96616715652999,23.91631983454524
H3,map-mixed-01,7027,H3_map-mixed-01_seed101,2035,1.5,center,,success,1,0,0,63,1.8461169693527257,337.616163141946,0.9934660518132538,2.8596886472724705,63.61962957340076,23.22068138953811
H3,map-mixed-01,7027,H3_map-mixed-01_seed101,2036,1.5,center,,success,1,0,0,63,0.6288091147000815,340.1691793820983,0.9860099531480944,3.3725516934877504,47.87848770010501,24.29946044819877
H3,map-mixed-01,7027,H3_map-mixed-01_seed101,2037,1.5,center,,success,1,0,0,63,0.7851039849001374,340.3702678308709,0.9854274251464084,2.473174035581504,55.08748386639191,24.464372510136787
H3,map-mixed-01,7027,H3_map-mixed-01_seed101,2038,1.5,center,,success,1,0,0,64,1.2924452787961294,338.8848109377606,0.9897469163543293,3.0925237909450516,62.14574857838,23.31229310475392
H3,map-mixed-01,7027,H3_map-mixed-01_seed101,2039,1.5,center,,success,1,0,0,64,2.3507334523819203,341.9271379983501,0.9809405553138253,2.543543623629809,45.99403155139059,23.500747515358135
H3,map-mixed-01,7027,H3_map-mixed-01_seed101,2040,1.5,center,,success,1,0,0,63,1.076868624956396,338.3642662236409,0.9912695580072869,2.3312273743649587,53.27630831577275,23.434758998421476
H3,map-mixed-01,7027,H3_map-mixed-01_seed101,2041,1.5,center,,success,1,0,0,64,1.1702684514127237,339.87769727075994,0.9868555639817918,2.639885942141845,56.75765706803727,22.81942715801912
H3,map-mixed-01,7027,H3_map-mixed-01_seed101,2042,1.5,center,,success,1,0,0,64,1.0603800868825817,338.7048176751576,0.9902728840032359,2.1031610948156314,59.22807930366771,23.0158912940586
H3,map-mixed-01,7027,H3_map-mixed-01_seed101,2043,1.5,center,,success,1,0,0,63,1.8395332371673874,338.1116972375789,0.9920100350426144,3.0234484290696635,52.786042194941686,23.6966307260925
H3,map-mixed-01,7027,H3_map-mixed-01_seed101,2044,1.5,center,,success,1,0,0,65,1.8772087181603834,337.06088188255814,0.9951027088982554,2.363603793065643,54.2380805939263,22.495977006290406
H3,map-mixed-01,7027,H3_map-mixed-01_seed101,2045,1.5,center,,success,1,0,0,63,1.9530859276136294,339.6933527137716,0.9873911100862425,3.53189863276625,49.29161425279977,23.21811990597992
H3,map-mixed-01,7027,H3_map-mixed-01_seed101,2046,1.5,center,,success,1,0,0,63,1.7921619582971697,337.87830906026596,0.9926952622612503,2.6009893472135976,64.569047148053,24.208677680315606
H3,map-mixed-01,7027,H3_map-mixed-01_seed101,2047,1.5,center,,success,1,0,0,64,1.4245034649911266,338.4898385279971,0.9909018187475843,3.177970078385748,56.343507379444,23.65666169692298
H3,map-mixed-01,7027,H3_map-mixed-01_seed101,2048,1.5,center,,success,1,0,0,64,1.978660762190068,341.11887285845387,0.9832648478647671,2.164292475030919,59.29687674721759,23.775244406254973
H3,map-mixed-01,7027,H3_map-mixed-01_seed101,2049,1.5,center,,success,1,0,0,64,0.41237197944536225,339.7560132890318,0.9872090073638629,2.965176776595868,56.725863232411925,23.85558644023457
H3,map-mixed-01,7027,H3_map-mixed-01_seed101,2050,1.5,center,,success,1,0,0,63,2.0616358161946344,338.4871947264921,0.9909095583246217,2.4669315367378872,56.031472220481405,22.824570652065514
H3,map-mixed-01,7027,H3_map-mixed-01_seed101,2001,2.0,center,,success,1,0,0,65,0.8681892670090103,340.74228600637724,0.9843515477814545,2.2754517137676906,51.951725175451244,22.97053690852097
H3,map-mixed-01,7027,H3_map-mixed-01_seed101,2002,2.0,center,,success,1,0,0,63,1.5621786581130916,340.6082113345809,0.9847390211491219,3.6659599865600256,47.453148192041716,23.552963593108004
H3,map-mixed-01,7027,H3_map-mixed-01_seed101,2003,2.0,center,,success,1,0,0,63,2.066669211555721,337.82825345419604,0.992842348724526,3.116877338668523,52.86859570103613,23.962601776625867
H3,map-mixed-01,7027,H3_map-mixed-01_seed101,2004,2.0,center,,success,1,0,0,64,2.7917561862286084,337.17879871671255,0.9947547055198154,2.551786710695832,56.818091411971686,23.140095736178385
H3,map-mixed-01,7027,H3_map-mixed-01_seed101,2005,2.0,center,,success,1,0,0,63,2.3088442496598702,337.5249868051801,0.9937344188937565,2.0116594507908525,53.07333533071464,23.159180962373927
H3,map-mixed-01,7027,H3_map-mixed-01_seed101,2006,2.0,center,,success,1,0,0,63,2.348685605537391,341.8987422328801,0.981022025511015,4.13824226904984,44.3680999485853,23.90872264244661
H3,map-mixed-01,7027,H3_map-mixed-01_seed101,2007,2.0,center,,success,1,0,0,64,2.833847560654834,342.16650611677017,0.9802543224686756,2.2405567751110183,51.216721601822115,23.073107460779774
H3,map-mixed-01,7027,H3_map-mixed-01_seed101,2008,2.0,center,,success,1,0,0,63,1.7912299421038913,339.4564239697022,0.9880802746419821,3.1852649272820326,56.70160196482077,23.009497875736546
H3,map-mixed-01,7027,H3_map-mixed-01_seed101,2009,2.0,center,,success,1,0,0,63,0.8927555135346669,339.8658659511392,0.9868899181337284,2.3545982356487296,64.17100003149132,23.705712374595148
H3,map-mixed-01,7027,H3_map-mixed-01_seed101,2010,2.0,center,,success,1,0,0,63,1.2114991385551994,338.55570171473533,0.9907090470671877,2.667964555507093,64.39846798070371,24.651221654147598
H3,map-mixed-01,7027,H3_map-mixed-01_seed101,2011,2.0,center,,success,1,0,0,63,2.980043317833209,337.0370698215319,0.995173014062148,2.2651096083011644,49.073457548653785,22.75740306019634
H3,map-mixed-01,7027,H3_map-mixed-01_seed101,2012,2.0,center,,success,1,0,0,63,0.4277491322105519,339.4799984013784,0.9880116596100662,3.527610865483205,53.59280742572355,24.270066114398997
H3,map-mixed-01,7027,H3_map-mixed-01_seed101,2013,2.0,center,,success,1,0,0,63,1.7084390517877188,337.8634779675387,0.9927388383102895,2.220820804337004,59.28062057490413,23.772710005963454
H3,map-mixed-01,7027,H3_map-mixed-01_seed101,2014,2.0,center,,success,1,0,0,62,0.8228372754643876,338.8349885815046,0.9898924489148135,3.175401786879988,52.746458121170804,24.293948556631037
H3,map-mixed-01,7027,H3_map-mixed-01_seed101,2015,2.0,center,,success,1,0,0,65,0.04686721031629243,340.0185165896621,0.9864468558626911,2.895660345197342,52.65589034932505,22.653109285446106
H3,map-mixed-01,7027,H3_map-mixed-01_seed101,2016,2.0,center,,success,1,0,0,63,2.6367916956183413,341.53205715622914,0.982075297463335,3.3403130519997006,55.45821281445158,23.851472812414276
H3,map-mixed-01,7027,H3_map-mixed-01_seed101,2017,2.0,center,,success,1,0,0,63,0.9906834881863869,341.0316259802627,0.9835163986942972,3.859252042814963,48.42127624404487,23.840694222538183
H3,map-mixed-01,7027,H3_map-mixed-01_seed101,2018,2.0,center,,success,1,0,0,65,1.35016782060568,341.4712807238246,0.9822500911760185,1.7721862069196976,52.25810943506121,23.139422208895756
H3,map-mixed-01,7027,H3_map-mixed-01_seed101,2019,2.0,center,,success,1,0,0,63,1.1079993832298551,341.10748409436553,0.9832976767293065,3.537998051316736,49.744165963533995,23.686981960361795
H3,map-mixed-01,7027,H3_map-mixed-01_seed101,2020,2.0,center,,success,1,0,0,65,0.9615033008604432,340.67803635706827,0.9845371900448008,2.3415889907131997,53.594940555513155,23.378434783868464
H3,map-mixed-01,7027,H3_map-mixed-01_seed101,2021,2.0,center,,success,1,0,0,64,1.7305138101455333,340.78806905966513,0.9842193054189491,3.23992589023603,51.478483244141316,22.85256765425536
H3,map-mixed-01,7027,H3_map-mixed-01_seed101,2022,2.0,center,,success,1,0,0,64,1.862282460967861,339.2247462428945,0.988755096259414,3.536402296104548,58.00944626870195,23.88197241975919
H3,map-mixed-01,7027,H3_map-mixed-01_seed101,2023,2.0,center,,success,1,0,0,62,1.1281047182542674,338.6533280854827,0.990423447249585,2.9533361909587277,66.86820594537996,24.4387117811904
H3,map-mixed-01,7027,H3_map-mixed-01_seed101,2024,2.0,center,,success,1,0,0,64,1.308702120107966,339.59396482851696,0.9876800867010074,2.298779856396571,49.678022611595466,23.677783440080667
H3,map-mixed-01,7027,H3_map-mixed-01_seed101,2025,2.0,center,,success,1,0,0,63,1.2648284283501279,340.3214759182151,0.9855687059419461,3.0397918333350944,65.2433118287496,24.36922811944968
H3,map-mixed-01,7027,H3_map-mixed-01_seed101,2026,2.0,center,,success,1,0,0,63,2.606373257448746,339.796434124356,0.9870915728980774,3.7535342855753817,61.96297587720834,24.805847772512898
H3,map-mixed-01,7027,H3_map-mixed-01_seed101,2027,2.0,center,,success,1,0,0,63,2.1043819666062498,341.689815316265,0.9816218733780983,3.8858301283940833,46.7577031328645,23.631614707216038
H3,map-mixed-01,7027,H3_map-mixed-01_seed101,2028,2.0,center,,success,1,0,0,65,1.130954156097921,340.3204381674764,0.9855717112702719,1.7405354627722858,59.54012787039921,23.288844180406535
H3,map-mixed-01,7027,H3_map-mixed-01_seed101,2029,2.0,center,,success,1,0,0,63,1.464613988773381,340.1146817721942,0.9861679445217929,2.9011809106852073,45.45382824853043,22.765343945978326
H3,map-mixed-01,7027,H3_map-mixed-01_seed101,2030,2.0,center,,success,1,0,0,64,1.9336093010914588,337.99305382851037,0.992358253596382,2.7650375952469872,59.9580108205127,23.270208865584593
H3,map-mixed-01,7027,H3_map-mixed-01_seed101,2031,2.0,center,,success,1,0,0,65,1.2528848677180062,338.67818964261613,0.9903507426294674,2.5869713435501396,67.31581012966066,23.478967708674347
H3,map-mixed-01,7027,H3_map-mixed-01_seed101,2032,2.0,center,,success,1,0,0,65,2.304014082518398,342.39356013562883,0.9796042790410716,1.8614241157167533,53.04504031216124,23.3548371870163
H3,map-mixed-01,7027,H3_map-mixed-01_seed101,2033,2.0,center,,success,1,0,0,62,1.624402479700409,337.7448363297688,0.993087563587439,2.730151230378328,61.75011248760529,23.867367306762496
H3,map-mixed-01,7027,H3_map-mixed-01_seed101,2034,2.0,center,,success,1,0,0,63,1.9675231296486495,341.92590862864,0.9809440822141731,3.3820104840619294,63.848147921546904,24.415925143263443
H3,map-mixed-01,7027,H3_map-mixed-01_seed101,2035,2.0,center,,success,1,0,0,63,1.831885083650552,337.61404101813264,0.993472296393485,3.056303410006443,59.77290766070627,23.075990630405617
H3,map-mixed-01,7027,H3_map-mixed-01_seed101,2036,2.0,center,,success,1,0,0,63,1.2697505897515315,341.1422430345389,0.9831974886528781,2.8550814391787895,59.089939093474634,24.728464010041122
H3,map-mixed-01,7027,H3_map-mixed-01_seed101,2037,2.0,center,,success,1,0,0,62,2.036108978970779,337.5025594037961,0.9938004535950073,2.8771178766716887,50.62569653844962,24.535567108067095
H3,map-mixed-01,7027,H3_map-mixed-01_seed101,2038,2.0,center,,success,1,0,0,64,1.8338244349994806,338.0695335300877,0.9921337575813156,2.9201066263019873,63.86431118472425,23.298028281369096
H3,map-mixed-01,7027,H3_map-mixed-01_seed101,2039,2.0,center,,success,1,0,0,64,2.4267509059861916,341.9728781025838,0.9808093509812006,2.604884008697489,50.065560143693595,23.473627857137185
H3,map-mixed-01,7027,H3_map-mixed-01_seed101,2040,2.0,center,,success,1,0,0,63,0.8814823418613037,338.90368119140817,0.9896918069636823,2.58664832632807,51.478085880580956,23.52118488378334
H3,map-mixed-01,7027,H3_map-mixed-01_seed101,2041,2.0,center,,success,1,0,0,64,1.1465596565971854,339.11642183616823,0.9890709356063261,2.8208848935909927,53.80310231426182,22.418629627489885
H3,map-mixed-01,7027,H3_map-mixed-01_seed101,2042,2.0,center,,success,1,0,0,64,2.434576832828001,337.1998241703543,0.994692679482295,1.9654483683094792,60.5512155800055,22.777748977876424
H3,map-mixed-01,7027,H3_map-mixed-01_seed101,2043,2.0,center,,success,1,0,0,63,1.7115567824321143,338.5642137474495,0.9906841390955934,3.661900399676685,53.14819978302328,23.889673824863532
H3,map-mixed-01,7027,H3_map-mixed-01_seed101,2044,2.0,center,,success,1,0,0,66,1.1960393227850792,337.65003817937577,0.9933663814567159,1.3698443575158599,65.13615279565462,22.26690172642383
H3,map-mixed-01,7027,H3_map-mixed-01_seed101,2045,2.0,center,,success,1,0,0,63,2.2544911617839194,340.12295625327073,0.9861439531156112,3.219822157030464,46.56766555291568,23.328805225080377
H3,map-mixed-01,7027,H3_map-mixed-01_seed101,2046,2.0,center,,success,1,0,0,63,1.7837020752569486,338.46827356967873,0.9909649524534219,2.7503413650316,62.95595957149337,24.46251281861524
H3,map-mixed-01,7027,H3_map-mixed-01_seed101,2047,2.0,center,,success,1,0,0,65,1.9659787051295725,341.4849259776687,0.9822108418539756,2.540933419015117,60.69864231467761,24.04209046659431
H3,map-mixed-01,7027,H3_map-mixed-01_seed101,2048,2.0,center,,success,1,0,0,64,1.788390599307824,340.7993825031726,0.9841866325032032,2.158840251364275,59.249836606455,23.49706928168212
H3,map-mixed-01,7027,H3_map-mixed-01_seed101,2049,2.0,center,,success,1,0,0,64,0.7019831576381853,339.0648209053472,0.9892214583906983,3.2261223275661948,55.64580364191032,23.49639361835994
H3,map-mixed-01,7027,H3_map-mixed-01_seed101,2050,2.0,center,,success,1,0,0,63,2.0431853864691925,339.01759361934637,0.9893592631701931,2.8593167827389543,57.12330589964384,22.726715243766773
H3,map-mixed-01,7027,H3_map-mixed-01_seed211,2001,0.0,center,,success,1,0,0,63,0.6032288287450341,336.85864795562287,0.9957001212839719,0.8801242978886303,81.02333599338455,20.748783020811146
H3,map-mixed-01,7027,H3_map-mixed-01_seed211,2002,0.0,center,,success,1,0,0,63,0.7471238149795325,336.99854832684116,0.995286769899281,0.8047430279472377,82.942605459967,20.909697624580208
H3,map-mixed-01,7027,H3_map-mixed-01_seed211,2003,0.0,center,,success,1,0,0,63,0.9176184815321905,336.9442983559549,0.9954470167963317,0.8666886279895085,82.1585225225228,20.91354616735005
H3,map-mixed-01,7027,H3_map-mixed-01_seed211,2004,0.0,center,,success,1,0,0,63,0.6694721390215241,337.05469791771503,0.9951209661134941,0.8321395985770962,85.8954081649229,20.953401411508246
H3,map-mixed-01,7027,H3_map-mixed-01_seed211,2005,0.0,center,,success,1,0,0,63,0.2970751493563431,336.81146012356834,0.9958396204865304,1.1590409858745119,83.57909860838524,20.82833854455114
H3,map-mixed-01,7027,H3_map-mixed-01_seed211,2006,0.0,center,,success,1,0,0,63,0.5169612562601096,336.7340373100315,0.9960685866637112,1.0104175243495561,82.21896636497785,20.87058339515202
H3,map-mixed-01,7027,H3_map-mixed-01_seed211,2007,0.0,center,,success,1,0,0,63,0.5216438759159672,336.8309787259491,0.9957819138062816,0.9973316144359927,85.74575966513457,20.8988849459914
H3,map-mixed-01,7027,H3_map-mixed-01_seed211,2008,0.0,center,,success,1,0,0,63,0.504984574378226,336.7969158817466,0.995882624835956,1.0269090390495705,86.37011868899498,20.941025207508154
H3,map-mixed-01,7027,H3_map-mixed-01_seed211,2009,0.0,center,,success,1,0,0,63,0.5453417949741309,337.00337748498424,0.9952725077359595,0.9579173937916394,87.65969142841946,20.978242335812286
H3,map-mixed-01,7027,H3_map-mixed-01_seed211,2010,0.0,center,,success,1,0,0,63,0.8405515650108686,336.7904915866128,0.9959016213458349,0.8332790507917662,84.05601975976482,20.877587073801415
H3,map-mixed-01,7027,H3_map-mixed-01_seed211,2011,0.0,center,,success,1,0,0,63,0.7210921602592752,336.8914013662309,0.9956033168693069,0.8130598890700873,86.80730968606018,20.978735941185136
H3,map-mixed-01,7027,H3_map-mixed-01_seed211,2012,0.0,center,,success,1,0,0,63,0.823701364240475,336.7311528616337,0.9960771190148598,0.84135498436335,81.71575687392759,20.900258890124434
H3,map-mixed-01,7027,H3_map-mixed-01_seed211,2013,0.0,center,,success,1,0,0,63,0.8275571935923086,336.81627391138943,0.9958253879181893,0.83257677984153,83.56350439343886,20.92193561238596
H3,map-mixed-01,7027,H3_map-mixed-01_seed211,2014,0.0,center,,success,1,0,0,63,0.791531000884834,336.6588651524304,0.9962909976337723,0.8388223680229714,86.98548687928937,21.033994597437143
H3,map-mixed-01,7027,H3_map-mixed-01_seed211,2015,0.0,center,,success,1,0,0,63,0.48480901266085813,337.0450543535226,0.9951494386063908,1.0580317261136614,88.13579115680056,20.963860277127388
H3,map-mixed-01,7027,H3_map-mixed-01_seed211,2016,0.0,center,,success,1,0,0,63,0.7358931531791727,336.5990530771448,0.9964680338779687,0.8324176455955685,78.35141311603897,20.72542659202059
H3,map-mixed-01,7027,H3_map-mixed-01_seed211,2017,0.0,center,,success,1,0,0,63,0.2936375041846621,336.74959398004887,0.9960225717297828,1.1489482404119684,83.44165766063348,20.838822231501947
H3,map-mixed-01,7027,H3_map-mixed-01_seed211,2018,0.0,center,,success,1,0,0,63,0.4791264122455332,336.9342531896627,0.9954766944878225,1.0713218704364564,79.82608127814021,20.690065145026665
H3,map-mixed-01,7027,H3_map-mixed-01_seed211,2019,0.0,center,,success,1,0,0,63,0.4917245074792796,336.9396607261861,0.9954607181062589,1.0468163653115425,83.0977016285195,20.86745272888762
H3,map-mixed-01,7027,H3_map-mixed-01_seed211,2020,0.0,center,,success,1,0,0,63,0.5333763311933745,336.75526509881485,0.9960057982361413,0.9856333579834882,82.77548312098342,20.87702086084947
H3,map-mixed-01,7027,H3_map-mixed-01_seed211,2021,0.0,center,,success,1,0,0,63,0.7138457238230618,337.0605176973716,0.995103784081039,0.8164734874810384,83.1861499452747,20.91708120544233
H3,map-mixed-01,7027,H3_map-mixed-01_seed211,2022,0.0,center,,success,1,0,0,63,0.7160015675120058,336.77350162300837,0.9959518638150872,0.8295035404299946,82.21342839975141,20.900292962104086
H3,map-mixed-01,7027,H3_map-mixed-01_seed211,2023,0.0,center,,success,1,0,0,63,0.743254809304072,336.79565760352165,0.9958863454819713,0.8170138102347788,84.03238237509994,20.860126753800174
H3,map-mixed-01,7027,H3_map-mixed-01_seed211,2024,0.0,center,,success,1,0,0,63,0.9255038928645241,336.9408402720329,0.9954572332465584,0.8726496436915,82.1170002072019,20.91371228070287
H3,map-mixed-01,7027,H3_map-mixed-01_seed211,2025,0.0,center,,success,1,0,0,63,0.9152847357730508,336.97110915921036,0.9953678149496656,0.862370182301615,82.25546216401766,20.914721569972215
H3,map-mixed-01,7027,H3_map-mixed-01_seed211,2026,0.0,center,,success,1,0,0,63,0.5449856056617469,336.694232040192,0.9961863456720274,0.9681221768254223,79.0101747961129,20.701676949729077
H3,map-mixed-01,7027,H3_map-mixed-01_seed211,2027,0.0,center,,success,1,0,0,63,0.603522520987538,336.8285490742023,0.9957890966988034,0.8906100508927364,82.79583066357672,20.904674816676938
H3,map-mixed-01,7027,H3_map-mixed-01_seed211,2028,0.0,center,,success,1,0,0,63,0.8342259172093022,336.8035994112469,0.9958628625444793,0.8266666925148793,81.57649907899028,20.78150668566403
H3,map-mixed-01,7027,H3_map-mixed-01_seed211,2029,0.0,center,,success,1,0,0,63,0.6479688891667451,336.98122239345804,0.99533794269802,0.8494206124483874,83.15284982874171,20.911283474513283
H3,map-mixed-01,7027,H3_map-mixed-01_seed211,2030,0.0,center,,success,1,0,0,63,0.47883814191597196,336.95488256263707,0.9954157484648366,1.0746597560279767,83.2718799925305,20.86533170060832
H3,map-mixed-01,7027,H3_map-mixed-01_seed211,2031,0.0,center,,success,1,0,0,63,0.6306004121955446,336.711384869758,0.9961355977158515,0.8713514561493966,80.64557059161841,20.7512781899583
H3,map-mixed-01,7027,H3_map-mixed-01_seed211,2032,0.0,center,,success,1,0,0,63,0.4751943258442065,337.0183592152729,0.9952282641395296,1.08271384457624,83.51922548378833,20.864533541294907
H3,map-mixed-01,7027,H3_map-mixed-01_seed211,2033,0.0,center,,success,1,0,0,63,0.8840865771353205,336.876770219469,0.9956465576609955,0.8391189178133244,78.74308850234459,20.73894796834807
H3,map-mixed-01,7027,H3_map-mixed-01_seed211,2034,0.0,center,,success,1,0,0,63,0.4606467823741247,336.72876822379556,0.9960841730102765,1.136436802824356,80.5547894281827,20.697933647508975
H3,map-mixed-01,7027,H3_map-mixed-01_seed211,2035,0.0,center,,success,1,0,0,63,0.7323756449109627,336.86895531951353,0.9956696553021295,0.8174300463270175,83.8212394987495,20.918516865605216
H3,map-mixed-01,7027,H3_map-mixed-01_seed211,2036,0.0,center,,success,1,0,0,63,0.6141880393741204,336.7689541572494,0.9959653123736385,0.8864475183862798,82.54645257188838,20.90363966649843
H3,map-mixed-01,7027,H3_map-mixed-01_seed211,2037,0.0,center,,success,1,0,0,63,0.7526687198225847,337.02722006412176,0.9952020983977329,0.801180536259724,85.39565899272019,20.945180025026435
H3,map-mixed-01,7027,H3_map-mixed-01_seed211,2038,0.0,center,,success,1,0,0,63,0.8504557840523939,336.8322375744555,0.9957781922546155,0.8402517490010852,82.01120012918341,20.905508824843846
H3,map-mixed-01,7027,H3_map-mixed-01_seed211,2039,0.0,center,,success,1,0,0,63,0.5253382066260025,336.7901136288914,0.9959027389816928,0.995581871594046,82.3513996453224,20.871075615451193
H3,map-mixed-01,7027,H3_map-mixed-01_seed211,2040,0.0,center,,success,1,0,0,63,0.9106011420129859,336.7669653793562,0.9959711940485036,0.8789862337625756,86.61121879968596,21.01715953307256
H3,map-mixed-01,7027,H3_map-mixed-01_seed211,2041,0.0,center,,success,1,0,0,63,0.6907540878768144,336.7614179743987,0.995987600487141,0.8476328984333971,82.27120138666083,20.905869569890505
H3,map-mixed-01,7027,H3_map-mixed-01_seed211,2042,0.0,center,,success,1,0,0,63,0.5035774760659586,336.74576740292866,0.9960338899334639,1.0316311948823156,82.35493627332984,20.86939005526669
H3,map-mixed-01,7027,H3_map-mixed-01_seed211,2043,0.0,center,,success,1,0,0,63,0.6562977983275329,336.6455751924989,0.9963303288129541,0.8634703404677497,82.31162174826147,20.803088689042628
H3,map-mixed-01,7027,H3_map-mixed-01_seed211,2044,0.0,center,,success,1,0,0,63,0.8591569448074209,336.75391215393046,0.9960097997960369,0.8510772325455278,85.48432327329925,20.972922087640107
H3,map-mixed-01,7027,H3_map-mixed-01_seed211,2045,0.0,center,,success,1,0,0,63,0.8930341711673636,336.96893994050896,0.9953742225742952,0.8482321533056078,82.33002782370987,20.913603489372676
H3,map-mixed-01,7027,H3_map-mixed-01_seed211,2046,0.0,center,,success,1,0,0,63,0.9149225790077885,336.98014712045665,0.99534111873087,0.8612327773694486,82.28609483911644,20.915126720046196
H3,map-mixed-01,7027,H3_map-mixed-01_seed211,2047,0.0,center,,success,1,0,0,63,0.6279341934120395,336.7481212149767,0.9960269278261121,0.8693113624047482,78.67060170963155,20.731291140269803
H3,map-mixed-01,7027,H3_map-mixed-01_seed211,2048,0.0,center,,success,1,0,0,63,0.9121951348521221,336.9705907783373,0.9953693461801382,0.8603275229180676,82.26526936663613,20.91455037533937
H3,map-mixed-01,7027,H3_map-mixed-01_seed211,2049,0.0,center,,success,1,0,0,63,0.7649183251834495,336.6808018746481,0.9962260834517297,0.8366168786528796,81.70986410923703,20.897747246136664
H3,map-mixed-01,7027,H3_map-mixed-01_seed211,2050,0.0,center,,success,1,0,0,63,0.563049664176214,336.79603101717765,0.9958852413194308,0.9313259720303924,82.9077387993688,20.902006854833434
H3,map-mixed-01,7027,H3_map-mixed-01_seed211,2001,0.5,center,,success,1,0,0,63,2.4224403967043244,334.15912133033584,1.0,1.5837080917473827,73.41106380640026,20.289276239275235
H3,map-mixed-01,7027,H3_map-mixed-01_seed211,2002,0.5,center,,success,1,0,0,63,1.5453977183263108,337.9018599775328,0.9926260738762136,1.298523608661148,74.95167347569684,20.741518978058775
H3,map-mixed-01,7027,H3_map-mixed-01_seed211,2003,0.5,center,,success,1,0,0,63,0.658225961820157,336.5359589889301,0.9966548526720777,0.6860657260184797,86.45367576674336,21.03571720510198
H3,map-mixed-01,7027,H3_map-mixed-01_seed211,2004,0.5,center,,success,1,0,0,63,1.21973798776221,335.38475720577406,1.0,1.5767716188529732,78.8405679316334,20.53004966835994
H3,map-mixed-01,7027,H3_map-mixed-01_seed211,2005,0.5,center,,success,1,0,0,63,0.5060395872171709,337.15189734731376,0.9948340770553307,1.238119778879109,83.92606921690073,20.764172428800954
H3,map-mixed-01,7027,H3_map-mixed-01_seed211,2006,0.5,center,,success,1,0,0,63,1.8994357981740593,338.29141126853085,0.9914830393335783,1.252717201791069,76.54004120567423,20.905987290002255
H3,map-mixed-01,7027,H3_map-mixed-01_seed211,2007,0.5,center,,success,1,0,0,63,0.7224755441349531,337.2540104373968,0.9945328631969802,1.1413214369673266,80.92591784409393,20.723197302024946
H3,map-mixed-01,7027,H3_map-mixed-01_seed211,2008,0.5,center,,success,1,0,0,63,1.4792071898074837,338.0065765411218,0.9923185520745706,1.0139621801647567,81.7019430947475,20.920129991724462
H3,map-mixed-01,7027,H3_map-mixed-01_seed211,2009,0.5,center,,success,1,0,0,63,0.7583613210082254,337.307874408746,0.9943740483761196,0.7435384458781326,93.04495929105836,21.12229243821917
H3,map-mixed-01,7027,H3_map-mixed-01_seed211,2010,0.5,center,,success,1,0,0,63,1.149076443292084,337.13463663824,0.9948850108358284,0.9401812683946486,85.97431550716111,20.976340673885915
H3,map-mixed-01,7027,H3_map-mixed-01_seed211,2011,0.5,center,,success,1,0,0,63,0.6612704899436528,336.94660434078344,0.9954402041865925,0.8639416230932047,83.20443459846672,20.751266732391908
H3,map-mixed-01,7027,H3_map-mixed-01_seed211,2012,0.5,center,,success,1,0,0,63,1.2927127685789892,337.23326071592015,0.994594056093158,1.1946931578609277,82.0595364948403,20.9213085369137
H3,map-mixed-01,7027,H3_map-mixed-01_seed211,2013,0.5,center,,success,1,0,0,63,0.4019483426518388,336.1257689542271,0.9978711173157447,0.7322853999681035,87.61300702931607,20.97446002941587
H3,map-mixed-01,7027,H3_map-mixed-01_seed211,2014,0.5,center,,success,1,0,0,62,2.4517683118707314,333.50214489957614,1.0,2.6110914255028206,73.73452280789029,20.595712141717193
H3,map-mixed-01,7027,H3_map-mixed-01_seed211,2015,0.5,center,,success,1,0,0,63,2.745013358179888,334.20592210215284,1.0,2.1017680004849097,82.62714414331525,20.244240788235373
H3,map-mixed-01,7027,H3_map-mixed-01_seed211,2016,0.5,center,,success,1,0,0,63,2.4968634178240547,338.45199482931105,0.9910126155235793,1.6078906081048818,73.00681114474278,20.779987782952443
H3,map-mixed-01,7027,H3_map-mixed-01_seed211,2017,0.5,center,,success,1,0,0,63,1.725520474180526,338.4393714313617,0.9910495791503751,0.9383652943572263,75.63784155924654,20.85149841880509
H3,map-mixed-01,7027,H3_map-mixed-01_seed211,2018,0.5,center,,success,1,0,0,63,2.516691370267435,334.31757812138125,1.0,1.9422200167301682,64.79675020155408,20.043383072402893
H3,map-mixed-01,7027,H3_map-mixed-01_seed211,2019,0.5,center,,success,1,0,0,63,1.548276314637904,338.2560973557036,0.9915865500933086,0.901322923311237,84.14703650048156,21.02767729228884
H3,map-mixed-01,7027,H3_map-mixed-01_seed211,2020,0.5,center,,success,1,0,0,63,2.2935142118460448,334.23390011480427,1.0,1.8364882035150103,77.50672571407003,20.44896915219498
H3,map-mixed-01,7027,H3_map-mixed-01_seed211,2021,0.5,center,,success,1,0,0,63,0.36983820795688543,336.2860781067864,0.997395427468336,1.280954015680102,73.9968236179036,20.497395939542304
H3,map-mixed-01,7027,H3_map-mixed-01_seed211,2022,0.5,center,,success,1,0,0,63,1.1954026730397298,335.2064967823819,1.0,0.9736265171983476,85.01423029606919,20.946358187176845
H3,map-mixed-01,7027,H3_map-mixed-01_seed211,2023,0.5,center,,success,1,0,0,62,2.5689713624708452,333.5765053103355,1.0,2.1533053630503503,72.67760612859026,20.57596684653101
H3,map-mixed-01,7027,H3_map-mixed-01_seed211,2024,0.5,center,,success,1,0,0,63,0.5327818882940699,336.478345765682,0.9968255040654017,1.0130145056331699,78.52401545244632,20.715416927501877
H3,map-mixed-01,7027,H3_map-mixed-01_seed211,2025,0.5,center,,success,1,0,0,63,2.300615105832904,338.4133056984512,0.9911259131277814,1.8397865255348032,79.37898466885095,21.03504406488439
H3,map-mixed-01,7027,H3_map-mixed-01_seed211,2026,0.5,center,,success,1,0,0,63,0.7250625609012922,336.90364645589347,0.995567130701506,0.9751060719938585,80.14364446564124,20.825860318519638
H3,map-mixed-01,7027,H3_map-mixed-01_seed211,2027,0.5,center,,success,1,0,0,63,2.1745901023785437,338.5403537542603,0.990753961545264,1.273500988642218,77.64901012925836,20.97546537679064
H3,map-mixed-01,7027,H3_map-mixed-01_seed211,2028,0.5,center,,success,1,0,0,63,2.187487493395303,333.98360898068404,1.0,1.522413665057016,74.08953777871776,20.154688473584393
H3,map-mixed-01,7027,H3_map-mixed-01_seed211,2029,0.5,center,,success,1,0,0,63,0.8039500854173861,337.2890407728032,0.9944295725009923,1.1805498082465213,74.8021047260472,20.49592516979374
H3,map-mixed-01,7027,H3_map-mixed-01_seed211,2030,0.5,center,,success,1,0,0,63,1.8886434728480601,335.0264544802011,1.0,1.12557908147906,75.87716774856976,20.585263920335827
H3,map-mixed-01,7027,H3_map-mixed-01_seed211,2031,0.5,center,,success,1,0,0,63,2.7738996262031836,333.5924157726337,1.0,1.7589690099139546,73.02460065679254,20.259550541720685
H3,map-mixed-01,7027,H3_map-mixed-01_seed211,2032,0.5,center,,success,1,0,0,63,2.1442002429835387,334.78737600846534,1.0,1.9898538213303638,72.2136158268479,20.271844311299837
H3,map-mixed-01,7027,H3_map-mixed-01_seed211,2033,0.5,center,,success,1,0,0,62,2.961288459310473,333.14395712633717,1.0,2.3510312289758133,69.0469207373878,20.217098842183596
H3,map-mixed-01,7027,H3_map-mixed-01_seed211,2034,0.5,center,,success,1,0,0,63,1.8380035474197332,338.4506143756891,0.9910166576109516,1.2187839458064553,80.23002059510536,20.891281306047077
H3,map-mixed-01,7027,H3_map-mixed-01_seed211,2035,0.5,center,,success,1,0,0,63,0.40189721277018015,336.4835286256277,0.9968101499498556,0.8980046397089225,82.30116067811811,20.86542002476695
H3,map-mixed-01,7027,H3_map-mixed-01_seed211,2036,0.5,center,,success,1,0,0,62,2.7306068621243216,333.5622440440996,1.0,1.8650982945950294,73.2474717077583,20.62603218490501
H3,map-mixed-01,7027,H3_map-mixed-01_seed211,2037,0.5,center,,success,1,0,0,62,2.8960220721961694,333.48713863802175,1.0,2.460484222060842,73.58228919878825,20.508179048411936
H3,map-mixed-01,7027,H3_map-mixed-01_seed211,2038,0.5,center,,success,1,0,0,63,0.5017707871536345,335.6878932925594,0.9991727534023728,1.3025010494507967,77.85879123781683,20.572981609985472
H3,map-mixed-01,7027,H3_map-mixed-01_seed211,2039,0.5,center,,success,1,0,0,63,0.40401264142387483,336.23395469123886,0.9975500449767876,1.185673609851456,81.59796188979021,20.76080507113262
H3,map-mixed-01,7027,H3_map-mixed-01_seed211,2040,0.5,center,,success,1,0,0,63,0.8910305082465092,336.75006655383686,0.9960211739745739,1.2278745745905681,79.72401455851457,20.786841502652496
H3,map-mixed-01,7027,H3_map-mixed-01_seed211,2041,0.5,center,,success,1,0,0,63,1.1979503653349122,335.13472523179576,1.0,1.3358325143588772,75.09271968024007,20.422523443918585
H3,map-mixed-01,7027,H3_map-mixed-01_seed211,2042,0.5,center,,success,1,0,0,63,1.8553137385696987,334.73155413985035,1.0,1.9050807044022093,70.86682499405885,20.208089025684462
H3,map-mixed-01,7027,H3_map-mixed-01_seed211,2043,0.5,center,,success,1,0,0,63,1.172182507354788,337.265170359263,0.9944999546430527,1.151565526367293,80.67606418182267,20.71863035726266
H3,map-mixed-01,7027,H3_map-mixed-01_seed211,2044,0.5,center,,success,1,0,0,64,1.6932103480975467,337.7499636294748,0.9930724877676874,2.177555696080887,82.10988849422303,20.80190499787223
H3,map-mixed-01,7027,H3_map-mixed-01_seed211,2045,0.5,center,,success,1,0,0,62,2.776028665286345,333.357211155912,1.0,1.7235984181182855,72.63270018472868,20.275946967732377
H3,map-mixed-01,7027,H3_map-mixed-01_seed211,2046,0.5,center,,success,1,0,0,63,0.6923650943856574,336.56962170991346,0.9965551701337315,0.8981461394807841,83.00052579424577,20.935649305082197
H3,map-mixed-01,7027,H3_map-mixed-01_seed211,2047,0.5,center,,success,1,0,0,63,1.8676602062143564,334.546812048538,1.0,1.361762440025899,70.03282951084839,20.42283288140997
H3,map-mixed-01,7027,H3_map-mixed-01_seed211,2048,0.5,center,,success,1,0,0,63,0.5759901736912421,336.47247133215996,0.9968429075252851,0.8813109814326826,81.34768969859961,20.913105963508865
H3,map-mixed-01,7027,H3_map-mixed-01_seed211,2049,0.5,center,,success,1,0,0,63,0.5287842604491152,335.90551051378037,0.9985254368466469,0.8716269235176028,88.56540898762772,21.055996713298168
H3,map-mixed-01,7027,H3_map-mixed-01_seed211,2050,0.5,center,,success,1,0,0,63,1.6929700175786024,338.11205162502836,0.9920089952810783,1.0705373914473504,77.85072174554716,20.768777872565504
H3,map-mixed-01,7027,H3_map-mixed-01_seed211,2001,1.5,center,,success,1,0,0,64,2.5618758166611095,334.20224687412826,1.0,1.8117991357141559,73.38738775243696,20.11460260868118
H3,map-mixed-01,7027,H3_map-mixed-01_seed211,2002,1.5,center,,success,1,0,0,62,2.2244340435718133,334.15321579396687,1.0,2.8009509549857348,70.45669243589661,20.387349157109927
H3,map-mixed-01,7027,H3_map-mixed-01_seed211,2003,1.5,center,,success,1,0,0,63,1.0780947554807925,335.345468990339,1.0,1.04400609918045,92.34512131840884,21.10622564746527
H3,map-mixed-01,7027,H3_map-mixed-01_seed211,2004,1.5,center,,success,1,0,0,64,0.8441310028542856,337.3362996487591,0.9942902586356815,3.3090775786175968,76.31081977260791,20.451186887310616
H3,map-mixed-01,7027,H3_map-mixed-01_seed211,2005,1.5,center,,success,1,0,0,63,0.5197242040033423,337.3184809775983,0.9943427814951041,1.8631304746749435,90.34932328080109,20.714211090299997
H3,map-mixed-01,7027,H3_map-mixed-01_seed211,2006,1.5,center,,success,1,0,0,62,0.37004085533609615,335.9731933548695,0.9983242808026461,2.4831549957582553,88.49539249701716,21.182991244570992
H3,map-mixed-01,7027,H3_map-mixed-01_seed211,2007,1.5,center,,success,1,0,0,63,1.2839861037171139,337.8423601021514,0.992800892474089,1.7659662821201898,81.44833935979646,20.820094386949823
H3,map-mixed-01,7027,H3_map-mixed-01_seed211,2008,1.5,center,,success,1,0,0,62,2.076810656608901,334.46200059045253,1.0,2.2294275307571327,83.81382517826923,20.726689516690797
H3,map-mixed-01,7027,H3_map-mixed-01_seed211,2009,1.5,center,,success,1,0,0,63,1.0065150658671944,337.5938478265711,0.9935317209846656,0.9083034490940324,92.78268154611081,21.04874341512165
H3,map-mixed-01,7027,H3_map-mixed-01_seed211,2010,1.5,center,,success,1,0,0,63,1.5172147621248742,337.53386673519753,0.9937082754664879,1.4454133086262557,87.0484625651155,21.227148977884603
H3,map-mixed-01,7027,H3_map-mixed-01_seed211,2011,1.5,center,,success,1,0,0,63,0.3161889074864955,336.5635080594655,0.9965732724823713,1.0587086927790763,75.06541410950265,20.501429508538745
H3,map-mixed-01,7027,H3_map-mixed-01_seed211,2012,1.5,center,,success,1,0,0,63,1.9786675722300935,337.9356429598625,0.992526842351477,2.439330853890482,80.90588176703261,21.203996874258916
H3,map-mixed-01,7027,H3_map-mixed-01_seed211,2013,1.5,center,,success,1,0,0,63,1.7179803471564796,334.6163994666654,1.0,0.6849996143126981,82.20510395486335,20.74576120573813
H3,map-mixed-01,7027,H3_map-mixed-01_seed211,2014,1.5,center,,success,1,0,0,62,2.401428666667269,338.2699076376495,0.9915460673618526,1.2655709522889036,73.2324940900774,21.466846650380738
H3,map-mixed-01,7027,H3_map-mixed-01_seed211,2015,1.5,center,,success,1,0,0,64,2.9166555355884847,334.139433233958,1.0,1.162633618868856,76.73002007337635,19.828734783613104
H3,map-mixed-01,7027,H3_map-mixed-01_seed211,2016,1.5,center,,success,1,0,0,62,1.2029558160837666,337.097024904139,0.9949960155250548,2.4100434477056965,79.23496068184497,20.915957699272294
H3,map-mixed-01,7027,H3_map-mixed-01_seed211,2017,1.5,center,,success,1,0,0,62,0.8529748994100139,335.8913283607357,0.9985675970317087,2.6313814917260174,76.92484977207268,20.99197914615175
H3,map-mixed-01,7027,H3_map-mixed-01_seed211,2018,1.5,center,,success,1,0,0,64,1.8425623207413917,335.1698222891828,1.0,2.005566528768628,76.09859370391489,20.218945580883524
H3,map-mixed-01,7027,H3_map-mixed-01_seed211,2019,1.5,center,,success,1,0,0,62,1.5525862207430512,335.2227313147503,1.0,2.4395109214687807,79.10810176679492,20.560475835556147
H3,map-mixed-01,7027,H3_map-mixed-01_seed211,2020,1.5,center,,success,1,0,0,64,1.413202010724195,335.25875286619873,1.0,1.6499062185136422,89.83714736239071,20.74392298717347
H3,map-mixed-01,7027,H3_map-mixed-01_seed211,2021,1.5,center,,success,1,0,0,63,1.8164704990465879,334.7032391201363,1.0,2.399258393436483,69.37979414584493,20.162712829444153
H3,map-mixed-01,7027,H3_map-mixed-01_seed211,2022,1.5,center,,success,1,0,0,64,1.1909192136240725,336.8587190385781,0.9956999111742043,1.747752740903124,79.01570749798216,21.062499254097965
H3,map-mixed-01,7027,H3_map-mixed-01_seed211,2023,1.5,center,,success,1,0,0,62,2.0526811800159073,338.10029702103384,0.9920434840792287,1.674379292438175,75.88623519210151,21.331601249905564
H3,map-mixed-01,7027,H3_map-mixed-01_seed211,2024,1.5,center,,success,1,0,0,63,1.1810850421340715,334.89640080377086,1.0,1.8838776198920897,80.00619701584299,20.564066923748598
H3,map-mixed-01,7027,H3_map-mixed-01_seed211,2025,1.5,center,,success,1,0,0,62,0.3774003957224185,336.29592378076575,0.9973662269056384,2.303652971159309,92.51651122473609,21.384583734289812
H3,map-mixed-01,7027,H3_map-mixed-01_seed211,2026,1.5,center,,success,1,0,0,63,1.0261816882229313,336.56733616065634,0.99656193750443,2.59365921460585,86.48090108859897,21.369944534464494
H3,map-mixed-01,7027,H3_map-mixed-01_seed211,2027,1.5,center,,success,1,0,0,62,0.3372554327491224,336.16341249235313,0.9977593758291534,2.4955451224925653,77.82143952324253,20.88661187465527
H3,map-mixed-01,7027,H3_map-mixed-01_seed211,2028,1.5,center,,success,1,0,0,64,2.2822805299633115,333.9758222719843,1.0,1.6395012125760535,75.05681186178772,19.836015450301467
H3,map-mixed-01,7027,H3_map-mixed-01_seed211,2029,1.5,center,,success,1,0,0,63,0.9015498635203993,337.4449569494955,0.9939700970999202,2.3823748462179832,71.81444987199643,20.26483709580408
H3,map-mixed-01,7027,H3_map-mixed-01_seed211,2030,1.5,center,,success,1,0,0,64,0.5586985601365099,336.83359282448725,0.995774185740849,1.3654961594001023,80.44551452786382,20.35344695334287
H3,map-mixed-01,7027,H3_map-mixed-01_seed211,2031,1.5,center,,success,1,0,0,65,1.494566382329879,337.7445023742286,0.993088545534122,0.5760530273895308,67.67025736502599,20.270722426496935
H3,map-mixed-01,7027,H3_map-mixed-01_seed211,2032,1.5,center,,success,1,0,0,64,0.733227801778918,336.3579493672454,0.9971823090726417,1.8415578339784957,79.67486585638936,20.371490728580977
H3,map-mixed-01,7027,H3_map-mixed-01_seed211,2033,1.5,center,,success,1,0,0,62,1.0811006063134017,337.0726809287122,0.9950678758683047,1.2429384859342605,77.32542931278411,20.864961344683476
H3,map-mixed-01,7027,H3_map-mixed-01_seed211,2034,1.5,center,,success,1,0,0,62,0.35604608614635935,336.3108531437262,0.9973219522642857,2.2693004398421976,82.56550963420023,20.92978516257527
H3,map-mixed-01,7027,H3_map-mixed-01_seed211,2035,1.5,center,,success,1,0,0,63,0.7357943731577411,335.77151095356504,0.9989239279783729,1.443487630796625,79.19298310099848,20.62261311759942
H3,map-mixed-01,7027,H3_map-mixed-01_seed211,2036,1.5,center,,success,1,0,0,62,2.267085829122865,338.47888238006965,0.9909338930289441,2.0693197794459834,73.324102000051,21.386608429325353
H3,map-mixed-01,7027,H3_map-mixed-01_seed211,2037,1.5,center,,success,1,0,0,62,1.061302320451746,337.3293669115358,0.9943106931242347,1.4529582968358132,81.56777910422858,21.49130852825068
H3,map-mixed-01,7027,H3_map-mixed-01_seed211,2038,1.5,center,,success,1,0,0,63,2.8649280658533596,333.2241186271047,1.0,2.554170634870488,74.08280826768974,20.148242779675943
H3,map-mixed-01,7027,H3_map-mixed-01_seed211,2039,1.5,center,,success,1,0,0,63,1.5075615213703109,334.9788723917055,1.0,1.562005978974419,85.56999083581215,20.663860595960976
H3,map-mixed-01,7027,H3_map-mixed-01_seed211,2040,1.5,center,,success,1,0,0,63,0.594896674148376,336.41044367888446,0.9970267062966964,2.031435105269685,73.41945255658028,20.784038064963653
H3,map-mixed-01,7027,H3_map-mixed-01_seed211,2041,1.5,center,,success,1,0,0,64,1.3639229855464472,337.6348990390879,0.9934109228031494,2.8208087339963797,85.82214518788406,20.531361082471296
H3,map-mixed-01,7027,H3_map-mixed-01_seed211,2042,1.5,center,,success,1,0,0,64,0.39839064478999475,336.64566419670297,0.9963300653977453,1.6241229358162863,68.41826301790603,20.16067044904874
H3,map-mixed-01,7027,H3_map-mixed-01_seed211,2043,1.5,center,,success,1,0,0,63,1.9259293787814722,338.01537466571193,0.9922927232427817,2.5766376023724717,86.19572696659084,21.009381081259303
H3,map-mixed-01,7027,H3_map-mixed-01_seed211,2044,1.5,center,,success,1,0,0,65,2.584498909793092,333.8303602635667,1.0,3.7639827716066563,62.59546739358628,19.584430958140793
H3,map-mixed-01,7027,H3_map-mixed-01_seed211,2045,1.5,center,,success,1,0,0,62,1.078007231308367,337.09317814486553,0.9950073699825103,2.703308352848282,78.44824727929259,20.966115141494587
H3,map-mixed-01,7027,H3_map-mixed-01_seed211,2046,1.5,center,,success,1,0,0,63,1.2968778008324093,335.3360905366805,1.0,1.2049153475255423,78.42650225618992,21.039995873722315
H3,map-mixed-01,7027,H3_map-mixed-01_seed211,2047,1.5,center,,success,1,0,0,64,0.7580303539974681,335.90035064477536,0.9985407755042053,2.7720545577633118,65.2296851001374,20.23644792002151
H3,map-mixed-01,7027,H3_map-mixed-01_seed211,2048,1.5,center,,success,1,0,0,63,1.0547431007033339,335.2134364542275,1.0,1.4074636563637526,80.33685246808001,20.834130922764754
H3,map-mixed-01,7027,H3_map-mixed-01_seed211,2049,1.5,center,,success,1,0,0,63,2.152679159879169,333.9896408309139,1.0,1.5520677943837597,92.67075472378404,20.858251320160925
H3,map-mixed-01,7027,H3_map-mixed-01_seed211,2050,1.5,center,,success,1,0,0,62,1.624071820193431,334.78262207421267,1.0,2.114628884628762,76.38294430630553,20.293888864011496
H3,map-mixed-01,7027,H3_map-mixed-01_seed211,2001,2.0,center,,success,1,0,0,65,0.8006805609542328,336.7503746332142,0.9960202627548508,1.1686417782807987,84.75081477357682,20.35540273481767
H3,map-mixed-01,7027,H3_map-mixed-01_seed211,2002,2.0,center,,success,1,0,0,62,1.2432008683204827,335.1377236957728,1.0,3.0990450907225693,71.76042576797623,20.56452420822796
H3,map-mixed-01,7027,H3_map-mixed-01_seed211,2003,2.0,center,,success,1,0,0,63,1.6792056587492648,334.6767866049072,1.0,1.3218304082176786,93.379579915006,21.131917958736633
H3,map-mixed-01,7027,H3_map-mixed-01_seed211,2004,2.0,center,,success,1,0,0,64,0.9743550600581361,335.63374792115417,0.9993339427349892,2.5997498107609234,76.42749002316444,20.280151300928775
H3,map-mixed-01,7027,H3_map-mixed-01_seed211,2005,2.0,center,,success,1,0,0,63,0.4629005512673444,337.3169554433885,0.9943472784642157,2.1965823648010567,90.24518554886515,20.644907294533077
H3,map-mixed-01,7027,H3_map-mixed-01_seed211,2006,2.0,center,,success,1,0,0,62,1.4721450010689348,337.7425327660698,0.9930943369139806,1.7256156545770551,84.61862577147424,21.25339831752718
H3,map-mixed-01,7027,H3_map-mixed-01_seed211,2007,2.0,center,,success,1,0,0,63,1.4516031770595086,338.01164603289305,0.9923036693011713,2.0996583670560502,81.6854459399474,20.794117701451935
H3,map-mixed-01,7027,H3_map-mixed-01_seed211,2008,2.0,center,,success,1,0,0,62,1.1376501703871706,335.38733460436373,1.0,2.9537128865594577,86.17171835061855,21.00000860032767
H3,map-mixed-01,7027,H3_map-mixed-01_seed211,2009,2.0,center,,success,1,0,0,63,1.1490707726722442,337.7273312257083,0.9931390373638689,1.0542557423802237,91.55008798739699,21.06090917095547
H3,map-mixed-01,7027,H3_map-mixed-01_seed211,2010,2.0,center,,success,1,0,0,63,1.6845312675677757,337.7181391994187,0.9931660686632902,1.6931101361292955,97.27555634319769,21.591915710636936
H3,map-mixed-01,7027,H3_map-mixed-01_seed211,2011,2.0,center,,success,1,0,0,63,0.2578284949948967,336.11332573158586,0.9979080594169036,1.1631711686204322,72.64352090614386,20.41605526576675
H3,map-mixed-01,7027,H3_map-mixed-01_seed211,2012,2.0,center,,success,1,0,0,62,2.718924558948686,333.34541233683467,1.0,2.89833785172128,93.91805923719093,21.282768183532557
H3,map-mixed-01,7027,H3_map-mixed-01_seed211,2013,2.0,center,,success,1,0,0,63,2.487712303168762,333.8816453553963,1.0,0.7631889854529941,84.38122296355859,20.698459541462356
H3,map-mixed-01,7027,H3_map-mixed-01_seed211,2014,2.0,center,,success,1,0,0,61,0.5915836500932957,335.35382747217636,1.0,2.576072237378159,72.83056204336759,21.287655677173127
H3,map-mixed-01,7027,H3_map-mixed-01_seed211,2015,2.0,center,,success,1,0,0,65,0.8697101945968808,336.33209083957576,0.9972589763518968,2.4773573746379896,73.7867232541999,19.92931596368809
H3,map-mixed-01,7027,H3_map-mixed-01_seed211,2016,2.0,center,,success,1,0,0,61,2.6205136976213104,333.2495844818896,1.0,1.835439726893064,76.95046402331,20.540091923374042
H3,map-mixed-01,7027,H3_map-mixed-01_seed211,2017,2.0,center,,success,1,0,0,62,0.628469701605183,337.27331303025306,0.9944759447803762,2.6542929588789335,77.22676403024825,21.206603218809988
H3,map-mixed-01,7027,H3_map-mixed-01_seed211,2018,2.0,center,,success,1,0,0,65,1.1471069514416754,337.60742206261335,0.9934917738945994,1.7833118491445679,79.69827000139665,20.66546056449321
H3,map-mixed-01,7027,H3_map-mixed-01_seed211,2019,2.0,center,,success,1,0,0,62,0.4991549947072531,336.30670365929313,0.9973342576149392,2.6535317613179714,84.53139739103632,20.840434824239633
H3,map-mixed-01,7027,H3_map-mixed-01_seed211,2020,2.0,center,,success,1,0,0,65,1.5454338071667333,337.9781401409188,0.9924020425851221,1.3913483904579977,85.11618886731168,20.457034711657727
H3,map-mixed-01,7027,H3_map-mixed-01_seed211,2021,2.0,center,,success,1,0,0,63,2.5496733181177387,333.95977458732455,1.0,2.94890695064079,74.68957012943338,20.153096732806766
H3,map-mixed-01,7027,H3_map-mixed-01_seed211,2022,2.0,center,,success,1,0,0,64,1.6450177436168159,335.2559770086399,1.0,2.2450939889364676,76.06258637398496,21.083842493433743
H3,map-mixed-01,7027,H3_map-mixed-01_seed211,2023,2.0,center,,success,1,0,0,61,1.0806893393338342,334.94429671778914,1.0,1.325968071368242,79.9895689118531,21.182405442967067
H3,map-mixed-01,7027,H3_map-mixed-01_seed211,2024,2.0,center,,success,1,0,0,63,2.0722756863805185,333.97537026754355,1.0,2.33030052488035,78.66891296137089,20.38100676445892
H3,map-mixed-01,7027,H3_map-mixed-01_seed211,2025,2.0,center,,success,1,0,0,62,1.6791766412191222,337.72933437098584,0.9931331468427618,1.7666697888880591,93.29826567732786,21.508668758106
H3,map-mixed-01,7027,H3_map-mixed-01_seed211,2026,2.0,center,,success,1,0,0,63,1.2934625070745616,336.20882900787933,0.997624594258076,2.5270616851527876,92.01376846242329,21.71693720746928
H3,map-mixed-01,7027,H3_map-mixed-01_seed211,2027,2.0,center,,success,1,0,0,62,1.2447344126153372,337.5300289691031,0.9937195740757967,1.948340111877691,73.43067693964949,20.951913874462992
H3,map-mixed-01,7027,H3_map-mixed-01_seed211,2028,2.0,center,,success,1,0,0,65,0.4234940260459993,336.2947788883189,0.9973696223703664,1.4500264531609375,84.56228854646383,19.92517097379288
H3,map-mixed-01,7027,H3_map-mixed-01_seed211,2029,2.0,center,,success,1,0,0,63,0.7261603682736099,337.2887624835904,0.9944303929819976,2.961628300716337,76.46945722640085,20.193990372006258
H3,map-mixed-01,7027,H3_map-mixed-01_seed211,2030,2.0,center,,success,1,0,0,64,1.9463514228164756,335.10775877129026,1.0,1.7909263434565261,81.33965117398036,19.85525880016318
H3,map-mixed-01,7027,H3_map-mixed-01_seed211,2031,2.0,center,,success,1,0,0,65,1.855952043723025,334.87775119781793,1.0,1.669062843183319,81.24031657870019,20.070371156989907
H3,map-mixed-01,7027,H3_map-mixed-01_seed211,2032,2.0,center,,success,1,0,0,64,2.79990661049165,334.2261923054425,1.0,1.7969875743457442,75.37134864348226,20.044561744958024
H3,map-mixed-01,7027,H3_map-mixed-01_seed211,2033,2.0,center,,success,1,0,0,61,2.670513014252997,333.42081661588674,1.0,1.2887876104955847,74.77418335665257,20.64050688907741
H3,map-mixed-01,7027,H3_map-mixed-01_seed211,2034,2.0,center,,success,1,0,0,62,1.5849565035466409,338.18832509531126,0.9917852620442772,1.5920101617485969,75.82161320064408,21.07570244216298
H3,map-mixed-01,7027,H3_map-mixed-01_seed211,2035,2.0,center,,success,1,0,0,63,1.0146718860322852,335.46945764768117,0.9998233489774949,1.763139729393302,81.82306439349546,20.664743741323814
H3,map-mixed-01,7027,H3_map-mixed-01_seed211,2036,2.0,center,,success,1,0,0,61,0.7089171163859307,335.5144580860853,0.9996892489768948,1.5357849809364839,72.02656782587312,21.137416751056964
H3,map-mixed-01,7027,H3_map-mixed-01_seed211,2037,2.0,center,,success,1,0,0,61,2.1341725466350887,334.19900500631917,1.0,2.3206078013902807,86.58604609609705,21.495650408849205
H3,map-mixed-01,7027,H3_map-mixed-01_seed211,2038,2.0,center,,success,1,0,0,64,1.5042726291725375,337.55100504104644,0.993657822420592,2.7584184476706923,82.10322024643011,20.499913033678215
H3,map-mixed-01,7027,H3_map-mixed-01_seed211,2039,2.0,center,,success,1,0,0,63,2.2441703128699824,334.2004739205945,1.0,1.7189131679602525,88.73748655091723,20.617941012195214
H3,map-mixed-01,7027,H3_map-mixed-01_seed211,2040,2.0,center,,success,1,0,0,63,0.4125625040125409,336.1256272417751,0.9978715380238116,2.4173894590601073,79.97241603370502,20.91835978027622
H3,map-mixed-01,7027,H3_map-mixed-01_seed211,2041,2.0,center,,success,1,0,0,64,0.5225122365028264,336.1875104614825,0.9976878562935102,3.208740836207014,86.27952327942121,20.302459448464017
H3,map-mixed-01,7027,H3_map-mixed-01_seed211,2042,2.0,center,,success,1,0,0,64,1.9119200148598245,334.84791208192087,1.0,1.4569121927218893,73.08360385623067,19.982168289585232
H3,map-mixed-01,7027,H3_map-mixed-01_seed211,2043,2.0,center,,success,1,0,0,62,2.7478397516706026,333.3275165991367,1.0,2.805100607530896,91.13146909862375,20.813038902245815
H3,map-mixed-01,7027,H3_map-mixed-01_seed211,2044,2.0,center,,success,1,0,0,66,1.9408061241961072,334.59313301558734,1.0,2.947332970629644,68.2673394544432,19.465949053992947
H3,map-mixed-01,7027,H3_map-mixed-01_seed211,2045,2.0,center,,success,1,0,0,62,2.7973274922254987,338.82520475183884,0.98992103279515,2.2433095638155507,76.65438934288649,21.025619921931376
H3,map-mixed-01,7027,H3_map-mixed-01_seed211,2046,2.0,center,,success,1,0,0,63,1.9897768360405896,334.68099061604977,1.0,1.3507708242299579,78.6057778818025,21.30722080394976
H3,map-mixed-01,7027,H3_map-mixed-01_seed211,2047,2.0,center,,success,1,0,0,64,2.524959133285188,334.08803185828606,1.0,2.375763672125889,69.10238861066671,20.047508049713525
H3,map-mixed-01,7027,H3_map-mixed-01_seed211,2048,2.0,center,,success,1,0,0,63,1.6936250789025704,334.5517352546013,1.0,1.7397059491109346,79.15585767962101,20.835789496823768
H3,map-mixed-01,7027,H3_map-mixed-01_seed211,2049,2.0,center,,success,1,0,0,64,2.154176727380326,338.1619312924264,0.9918626716586901,1.9231529628235862,89.26158675355286,21.24097172077008
H3,map-mixed-01,7027,H3_map-mixed-01_seed211,2050,2.0,center,,success,1,0,0,62,0.6848391930148051,335.73962654915243,0.9990187934395176,2.6919767888513815,79.89676951447491,20.451114514651536
H3,map-mixed-01,7027,H3_map-mixed-01_seed307,2001,0.0,center,,success,1,0,0,64,1.5450281781620798,338.7019963195054,0.9902811328828671,1.0200841752607759,68.7263142203913,23.85997470028409
H3,map-mixed-01,7027,H3_map-mixed-01_seed307,2002,0.0,center,,success,1,0,0,64,1.3915679007048263,338.79668819181245,0.9900043545734819,1.2592456140717128,68.83445287618471,23.95518124771643
H3,map-mixed-01,7027,H3_map-mixed-01_seed307,2003,0.0,center,,success,1,0,0,64,1.163988580942532,338.78977588921873,0.9900245535586784,1.5328142472735016,69.25380383728772,23.971534165134937
H3,map-mixed-01,7027,H3_map-mixed-01_seed307,2004,0.0,center,,success,1,0,0,64,1.5192264455946676,338.85471768539196,0.9898348145070787,1.1217933736949937,72.57962609309762,24.013675865015397
H3,map-mixed-01,7027,H3_map-mixed-01_seed307,2005,0.0,center,,success,1,0,0,64,1.7720787211014255,338.68328660058046,0.9903358385101771,0.7021330734596979,70.22815449876023,23.80501975536743
H3,map-mixed-01,7027,H3_map-mixed-01_seed307,2006,0.0,center,,success,1,0,0,64,1.4760472755593106,338.50472795926544,0.9908582330505311,0.9336278602020266,70.90497681564963,23.867539497269387
H3,map-mixed-01,7027,H3_map-mixed-01_seed307,2007,0.0,center,,success,1,0,0,64,1.5781555615288625,338.62658725475285,0.9905016594950218,0.9101444929108894,71.30413138834037,23.880172154849003
H3,map-mixed-01,7027,H3_map-mixed-01_seed307,2008,0.0,center,,success,1,0,0,64,1.5602115774896885,338.56915228007574,0.9906696884998724,0.8892501691758606,66.96724716918533,23.792948063485966
H3,map-mixed-01,7027,H3_map-mixed-01_seed307,2009,0.0,center,,success,1,0,0,64,1.6474952321962135,338.81371700256443,0.9899545968572158,0.9284893665506269,71.9726553631048,23.934955698003375
H3,map-mixed-01,7027,H3_map-mixed-01_seed307,2010,0.0,center,,success,1,0,0,64,1.1798256628513306,338.62507779399215,0.9905060747716402,1.4220139377037588,67.97980005429939,23.87391794985936
H3,map-mixed-01,7027,H3_map-mixed-01_seed307,2011,0.0,center,,success,1,0,0,64,1.3657157342265147,338.6881177164214,0.990321712159393,1.226761885480943,70.73981135259828,23.928086965999693
H3,map-mixed-01,7027,H3_map-mixed-01_seed307,2012,0.0,center,,success,1,0,0,64,1.1076544604374803,338.53326971808775,0.9907746937377233,1.4110928351593004,68.26315389382216,23.86228075943178
H3,map-mixed-01,7027,H3_map-mixed-01_seed307,2013,0.0,center,,success,1,0,0,64,1.180621581993439,338.6186826755061,0.9905247813700455,1.4044615013312816,66.61812001746327,23.876521702784398
H3,map-mixed-01,7027,H3_map-mixed-01_seed307,2014,0.0,center,,success,1,0,0,64,1.1059104622198312,338.42495366828825,0.9910918003810241,1.3707231953904875,66.3269594166072,23.79927963615019
H3,map-mixed-01,7027,H3_map-mixed-01_seed307,2015,0.0,center,,success,1,0,0,64,1.7773360899882116,338.8668154455963,0.9897994767764956,0.7794649847456951,71.97401592334484,23.912871600958585
H3,map-mixed-01,7027,H3_map-mixed-01_seed307,2016,0.0,center,,success,1,0,0,64,1.1785418382947725,338.4473998186136,0.9910260702393552,1.2830071067316982,66.56599120290716,23.78546469984163
H3,map-mixed-01,7027,H3_map-mixed-01_seed307,2017,0.0,center,,success,1,0,0,64,1.7131958063728756,338.60824934609366,0.9905553018058446,0.7345497236728532,70.70583089608624,23.818597484273546
H3,map-mixed-01,7027,H3_map-mixed-01_seed307,2018,0.0,center,,success,1,0,0,64,1.7827167898813492,338.81981342476814,0.9899367844951702,0.7628608446914817,69.86718548605867,23.83053556801998
H3,map-mixed-01,7027,H3_map-mixed-01_seed307,2019,0.0,center,,success,1,0,0,64,1.6860149264519653,338.7276850624611,0.9902060310279012,0.8254899778030387,70.12516009563694,23.85385812294422
H3,map-mixed-01,7027,H3_map-mixed-01_seed307,2020,0.0,center,,success,1,0,0,64,1.4709943547359743,338.52760761636273,0.9907912651102682,0.9597147176061366,70.07667935712657,23.848966593793165
H3,map-mixed-01,7027,H3_map-mixed-01_seed307,2021,0.0,center,,success,1,0,0,64,1.4651168275704227,338.8567378905063,0.9898289132835497,1.1944771521252202,70.03066568223825,23.981952309148888
H3,map-mixed-01,7027,H3_map-mixed-01_seed307,2022,0.0,center,,success,1,0,0,64,1.2617896901230832,338.55187168242844,0.9907202549439545,1.2420763704786357,69.13764256629351,23.870445455258526
H3,map-mixed-01,7027,H3_map-mixed-01_seed307,2023,0.0,center,,success,1,0,0,64,1.2913478648673904,338.61283337271675,0.9905418920014084,1.2705205965077977,68.34814422612975,23.86088728275144
H3,map-mixed-01,7027,H3_map-mixed-01_seed307,2024,0.0,center,,success,1,0,0,64,1.1522503861712914,338.7899706942253,0.9900239842923,1.534504723962936,69.25512476802076,23.97157461843622
H3,map-mixed-01,7027,H3_map-mixed-01_seed307,2025,0.0,center,,success,1,0,0,64,1.184214070955363,338.8175710323496,0.9899433361823617,1.5305757707181158,70.01078024600896,23.99227175650041
H3,map-mixed-01,7027,H3_map-mixed-01_seed307,2026,0.0,center,,success,1,0,0,64,1.4814929361236093,338.53287255307237,0.9907758561094703,0.9723594110691428,67.62215223789325,23.789466688439997
H3,map-mixed-01,7027,H3_map-mixed-01_seed307,2027,0.0,center,,success,1,0,0,64,1.4364052756662147,338.58628518520396,0.9906195593288778,1.0488003428979036,70.10310291073526,23.875676808570816
H3,map-mixed-01,7027,H3_map-mixed-01_seed307,2028,0.0,center,,success,1,0,0,64,1.2197040944417714,338.6584686255101,0.9904084134859371,1.406145529524388,68.19179882412946,23.891401528766472
H3,map-mixed-01,7027,H3_map-mixed-01_seed307,2029,0.0,center,,success,1,0,0,64,1.4971910722902393,338.7543044290845,0.9901282204819448,1.0967137426368778,69.4053402170637,23.926826342969786
H3,map-mixed-01,7027,H3_map-mixed-01_seed307,2030,0.0,center,,success,1,0,0,64,1.7259384261355255,338.74718823059374,0.9901490205038878,0.7847710442407487,70.08628452109728,23.844350104782464
H3,map-mixed-01,7027,H3_map-mixed-01_seed307,2031,0.0,center,,success,1,0,0,64,1.379170004093053,338.52898837442757,0.9907872239702865,1.0974918839290002,66.36699596039846,23.79285889705291
H3,map-mixed-01,7027,H3_map-mixed-01_seed307,2032,0.0,center,,success,1,0,0,64,1.7780198157928773,338.8254476890782,0.9899203230235418,0.7568736041281375,69.73849690398002,23.849597318373544
H3,map-mixed-01,7027,H3_map-mixed-01_seed307,2033,0.0,center,,success,1,0,0,64,1.2308730086818385,338.77811987912787,0.9900586163729788,1.478680833748745,68.24055777701349,23.92985556110641
H3,map-mixed-01,7027,H3_map-mixed-01_seed307,2034,0.0,center,,success,1,0,0,64,1.7045385879598178,338.5758160881897,0.9906501902593166,0.7443728606337624,68.8352943643958,23.743673670719172
H3,map-mixed-01,7027,H3_map-mixed-01_seed307,2035,0.0,center,,success,1,0,0,64,1.3226013020240648,338.6556341457869,0.9904167030056813,1.2517669558524418,67.47368524322289,23.88377522483936
H3,map-mixed-01,7027,H3_map-mixed-01_seed307,2036,0.0,center,,success,1,0,0,64,1.3742654587524792,338.52623052295974,0.9907952955575183,1.0785656263289947,70.02886622814194,23.866853628536486
H3,map-mixed-01,7027,H3_map-mixed-01_seed307,2037,0.0,center,,success,1,0,0,64,1.4079024969099487,338.8383415042913,0.989882653586063,1.2638724561552785,72.4884224609192,24.024754246344852
H3,map-mixed-01,7027,H3_map-mixed-01_seed307,2038,0.0,center,,success,1,0,0,64,1.162551078008293,338.6420776958046,0.9904563511633684,1.4412586076644935,67.82949554429665,23.89353987580652
H3,map-mixed-01,7027,H3_map-mixed-01_seed307,2039,0.0,center,,success,1,0,0,64,1.5106125591602453,338.5625724731729,0.9906889417067676,0.936429696457865,70.85220189684833,23.874000202057758
H3,map-mixed-01,7027,H3_map-mixed-01_seed307,2040,0.0,center,,success,1,0,0,64,1.0525570163506548,338.61102932489234,0.9905471693987478,1.542977660256128,69.8870447654368,23.926174500894167
H3,map-mixed-01,7027,H3_map-mixed-01_seed307,2041,0.0,center,,success,1,0,0,64,1.278827303585814,338.5276186815975,0.9907912327249107,1.2007770106700508,69.39915274070442,23.86684571439974
H3,map-mixed-01,7027,H3_map-mixed-01_seed307,2042,0.0,center,,success,1,0,0,64,1.5092124905764346,338.51612575994653,0.9908248709629255,0.9026149721746466,71.04950660676037,23.86675642588177
H3,map-mixed-01,7027,H3_map-mixed-01_seed307,2043,0.0,center,,success,1,0,0,64,1.2784793021089063,338.4497922917437,0.9910190647593748,1.1549445327483525,67.44500449553024,23.783947416141952
H3,map-mixed-01,7027,H3_map-mixed-01_seed307,2044,0.0,center,,success,1,0,0,64,1.0977660437240748,338.5737309819521,0.9906562911782655,1.4642426654161849,67.58801668371585,23.864647504417306
H3,map-mixed-01,7027,H3_map-mixed-01_seed307,2045,0.0,center,,success,1,0,0,64,1.2097957049717107,338.8041383379624,0.9899825848360553,1.4972507808391675,69.65203309255406,23.982306148934903
H3,map-mixed-01,7027,H3_map-mixed-01_seed307,2046,0.0,center,,success,1,0,0,64,1.1904516247280532,338.8272445497345,0.9899150733014197,1.5298973602297095,70.27569426663479,23.999900878193657
H3,map-mixed-01,7027,H3_map-mixed-01_seed307,2047,0.0,center,,success,1,0,0,64,1.4244540128378256,338.58199769894145,0.9906321036099702,1.0832376581629408,69.68467389887478,23.85592157633021
H3,map-mixed-01,7027,H3_map-mixed-01_seed307,2048,0.0,center,,success,1,0,0,64,1.1876189441776936,338.8154780092938,0.9899494515293898,1.5291471816848872,69.9545721507449,23.990655537409054
H3,map-mixed-01,7027,H3_map-mixed-01_seed307,2049,0.0,center,,success,1,0,0,64,1.138712130421749,338.4580385582896,0.9909949193515868,1.3309873213944046,68.79958116692056,23.85726877930311
H3,map-mixed-01,7027,H3_map-mixed-01_seed307,2050,0.0,center,,success,1,0,0,64,1.462701331599225,338.54940222259404,0.9907274814930509,0.9856368125751123,70.52015606437654,23.87096077200412
H3,map-mixed-01,7027,H3_map-mixed-01_seed307,2001,0.5,center,,collision,0,1,0,23,268.69164362233903,68.47175592220704,nan,0.4917954994226932,32.81538257286009,22.135100052060196
H3,map-mixed-01,7027,H3_map-mixed-01_seed307,2002,0.5,center,,success,1,0,0,64,0.342280325057434,340.1230321421723,0.9861437330852859,1.501363911325008,68.84001170374344,23.973136068437576
H3,map-mixed-01,7027,H3_map-mixed-01_seed307,2003,0.5,center,,success,1,0,0,64,1.5397649287825876,338.7878613634124,0.9900301482914681,1.4002385837696891,64.78256137240047,23.831063483662135
H3,map-mixed-01,7027,H3_map-mixed-01_seed307,2004,0.5,center,,collision,0,1,0,23,268.37668257262817,68.87563940463282,nan,0.7582293382195999,41.663090064692106,22.488907235929016
H3,map-mixed-01,7027,H3_map-mixed-01_seed307,2005,0.5,center,,success,1,0,0,64,1.3609726628490229,338.931919603337,0.9896093499175583,1.0052110834831445,70.54583876049779,23.763199055339907
H3,map-mixed-01,7027,H3_map-mixed-01_seed307,2006,0.5,center,,success,1,0,0,64,1.096882773266797,340.52622256304403,0.9849761175525084,1.3987089581796674,63.26169744965445,23.87982122818519
H3,map-mixed-01,7027,H3_map-mixed-01_seed307,2007,0.5,center,,success,1,0,0,64,0.9756613746328778,339.1487951152071,0.988976524333608,1.036345628495743,68.91987443384562,23.76643414108166
H3,map-mixed-01,7027,H3_map-mixed-01_seed307,2008,0.5,center,,success,1,0,0,64,0.13330525857255365,339.8751330220702,0.986863009489983,1.080984402029364,62.50186042590785,23.769491565699578
H3,map-mixed-01,7027,H3_map-mixed-01_seed307,2009,0.5,center,,success,1,0,0,64,1.346063795390363,339.3935141338276,0.9882634247769142,1.3071495056395153,72.45859002233267,23.98071775219357
H3,map-mixed-01,7027,H3_map-mixed-01_seed307,2010,0.5,center,,success,1,0,0,64,0.7913492566017465,339.40984552365046,0.9882158724874017,1.6438418878023409,67.52829935651667,23.80116180393001
H3,map-mixed-01,7027,H3_map-mixed-01_seed307,2011,0.5,center,,success,1,0,0,64,2.046607384355586,338.13909143334126,0.9919296677683576,1.201714589583446,70.20774730471753,23.791293447739783
H3,map-mixed-01,7027,H3_map-mixed-01_seed307,2012,0.5,center,,success,1,0,0,64,0.44241129755849196,339.3399270725049,0.988419486968603,1.9113850969581898,70.46590612788125,24.02162497622867
H3,map-mixed-01,7027,H3_map-mixed-01_seed307,2013,0.5,center,,success,1,0,0,64,1.1013001410984593,338.4999971641353,0.9908720810485897,1.6719147288182634,64.10288134455467,23.595024900664203
H3,map-mixed-01,7027,H3_map-mixed-01_seed307,2014,0.5,center,,success,1,0,0,63,2.752969465379675,336.1255167895895,0.9978718659283794,2.640222882894652,70.40935378533415,23.908216055022862
H3,map-mixed-01,7027,H3_map-mixed-01_seed307,2015,0.5,center,,collision,0,1,0,23,268.85015928950236,68.92617740486693,nan,-0.16192293732705565,37.002176963398576,22.697356130868886
H3,map-mixed-01,7027,H3_map-mixed-01_seed307,2016,0.5,center,,success,1,0,0,64,1.00971677391609,340.31770412865205,0.9855796291402213,1.7615969401594027,64.17199760076373,23.858670137020162
H3,map-mixed-01,7027,H3_map-mixed-01_seed307,2017,0.5,center,,success,1,0,0,64,1.5734675064748795,341.2647455836327,0.9828445538707734,1.3520256576564802,61.89351831152731,23.9532516346393
H3,map-mixed-01,7027,H3_map-mixed-01_seed307,2018,0.5,center,,collision,0,1,0,23,269.06455348292576,68.4744933730067,nan,0.10401153777290517,34.70709839826161,22.300480464368707
H3,map-mixed-01,7027,H3_map-mixed-01_seed307,2019,0.5,center,,success,1,0,0,64,1.0507591768956488,340.48778377485223,0.9850873147529977,1.5673078891224774,66.70567879682879,23.83733649461847
H3,map-mixed-01,7027,H3_map-mixed-01_seed307,2020,0.5,center,,collision,0,1,0,23,268.797877380496,68.22787312903907,nan,0.3047988564261459,40.87260034577742,22.351633616013594
H3,map-mixed-01,7027,H3_map-mixed-01_seed307,2021,0.5,center,,collision,0,1,0,23,268.0814992621953,69.2205406316664,nan,0.857328001728078,44.29444025780018,22.96584542020849
H3,map-mixed-01,7027,H3_map-mixed-01_seed307,2022,0.5,center,,success,1,0,0,64,2.3897709410108527,337.3604600904936,0.9942190514412923,1.108006771299144,64.10853835635976,23.600433190475623
H3,map-mixed-01,7027,H3_map-mixed-01_seed307,2023,0.5,center,,success,1,0,0,63,2.465946408523058,336.8746048417579,0.9956529575226446,2.30416790628324,66.88647920765212,23.91574628823981
H3,map-mixed-01,7027,H3_map-mixed-01_seed307,2024,0.5,center,,success,1,0,0,64,1.7449451954770816,338.2033767115428,0.9917411230078976,1.2764839071615977,68.85094317480156,23.800286869363543
H3,map-mixed-01,7027,H3_map-mixed-01_seed307,2025,0.5,center,,success,1,0,0,64,1.1341913221161244,340.619049606953,0.9847076874062236,2.1274165787318906,67.76388535606515,24.119916270322385
H3,map-mixed-01,7027,H3_map-mixed-01_seed307,2026,0.5,center,,success,1,0,0,64,0.7856875591577696,339.8105466260778,0.9870505784920461,1.5874079044083755,65.72235965457888,23.950727806267338
H3,map-mixed-01,7027,H3_map-mixed-01_seed307,2027,0.5,center,,success,1,0,0,64,2.0565571460531107,341.2937300382755,0.9827610855533525,1.9398233177340165,62.09711294350389,23.87449458596816
H3,map-mixed-01,7027,H3_map-mixed-01_seed307,2028,0.5,center,,success,1,0,0,65,0.274310913605925,339.96374598641694,0.9866057795420621,0.8179783549766739,61.01170738197661,23.469520155170123
H3,map-mixed-01,7027,H3_map-mixed-01_seed307,2029,0.5,center,,success,1,0,0,64,0.6137121357012937,339.00253043851137,0.9894032241915832,1.3580428710796326,67.12224159884717,23.750228113645868
H3,map-mixed-01,7027,H3_map-mixed-01_seed307,2030,0.5,center,,success,1,0,0,65,1.2052776342495048,341.22679172306914,0.982953873379259,0.9650536404313127,69.24037035210124,23.57558258005195
H3,map-mixed-01,7027,H3_map-mixed-01_seed307,2031,0.5,center,,collision,0,1,0,23,268.74407149995034,68.21784833604522,nan,0.24284862212522285,29.592282982160246,21.983461186778154
H3,map-mixed-01,7027,H3_map-mixed-01_seed307,2032,0.5,center,,success,1,0,0,65,0.8349307111869713,341.4171364894831,0.9824058630264458,0.280448316747873,67.63154030492872,23.70138643326372
H3,map-mixed-01,7027,H3_map-mixed-01_seed307,2033,0.5,center,,success,1,0,0,64,1.4933519953999792,340.6723749657707,0.9845535513663797,2.530418271892592,63.53653339887554,23.86106573001791
H3,map-mixed-01,7027,H3_map-mixed-01_seed307,2034,0.5,center,,success,1,0,0,64,1.0298642886069496,340.76302811046935,0.9842916307112826,1.6816570945151224,68.23916289729429,23.912473845297455
H3,map-mixed-01,7027,H3_map-mixed-01_seed307,2035,0.5,center,,success,1,0,0,64,1.9682991574629367,338.34032935016205,0.9913396882635264,0.9775466713666958,65.9872952161608,23.699280267853993
H3,map-mixed-01,7027,H3_map-mixed-01_seed307,2036,0.5,center,,success,1,0,0,64,1.6570830942591552,341.19467680110887,0.9830463938348244,1.765584110704061,71.09494430171726,24.425269474629623
H3,map-mixed-01,7027,H3_map-mixed-01_seed307,2037,0.5,center,,success,1,0,0,63,2.864179497965528,336.56461544887486,0.9965699934844109,2.5281818878373907,68.54367322791045,23.72137788760945
H3,map-mixed-01,7027,H3_map-mixed-01_seed307,2038,0.5,center,,collision,0,1,0,23,268.10950342136204,68.68312956618472,nan,0.9166228156479548,32.18314012220913,22.41669335753915
H3,map-mixed-01,7027,H3_map-mixed-01_seed307,2039,0.5,center,,success,1,0,0,64,2.12921971840056,337.91386292194426,0.9925908150813152,0.8509714488695119,69.29593354433551,23.587417016380414
H3,map-mixed-01,7027,H3_map-mixed-01_seed307,2040,0.5,center,,success,1,0,0,64,0.8207464055174066,338.692307093822,0.990309462600388,1.6066768810804462,66.17897488108129,24.010571893958517
H3,map-mixed-01,7027,H3_map-mixed-01_seed307,2041,0.5,center,,success,1,0,0,65,1.61794537266755,341.5930784938769,0.9818998619756307,0.9461467855247818,71.17825760026018,23.855564904986114
H3,map-mixed-01,7027,H3_map-mixed-01_seed307,2042,0.5,center,,collision,0,1,0,23,268.85409559006223,68.19031328683384,nan,0.26894465335819007,40.914943759736374,22.33285255615378
H3,map-mixed-01,7027,H3_map-mixed-01_seed307,2043,0.5,center,,success,1,0,0,64,0.6930606740590671,338.86094345044467,0.9898166286431861,1.431161515796178,64.00979453292788,23.814240814657584
H3,map-mixed-01,7027,H3_map-mixed-01_seed307,2044,0.5,center,,collision,0,1,0,23,268.4028475138237,68.31466308618877,nan,0.49954634872597126,29.73089536078185,22.10677815785297
H3,map-mixed-01,7027,H3_map-mixed-01_seed307,2045,0.5,center,,success,1,0,0,64,1.0931258018050842,340.57711157902105,0.9848289424673985,2.007087633161374,70.14077124823724,24.160301517692396
H3,map-mixed-01,7027,H3_map-mixed-01_seed307,2046,0.5,center,,success,1,0,0,64,1.2386915656120219,338.5531092048165,0.9907166335372609,1.7032901648171825,64.34147667836292,23.836202288600887
H3,map-mixed-01,7027,H3_map-mixed-01_seed307,2047,0.5,center,,success,1,0,0,65,0.44271568895513375,340.6377307706465,0.9846536843295326,0.6259272360335046,68.38084055036975,23.673861482581483
H3,map-mixed-01,7027,H3_map-mixed-01_seed307,2048,0.5,center,,collision,0,1,0,23,267.7204398091613,69.2358709426102,nan,1.0081119516861037,44.28197725961392,22.998171256166447
H3,map-mixed-01,7027,H3_map-mixed-01_seed307,2049,0.5,center,,success,1,0,0,64,2.3889124465844724,337.27974237966544,0.9944569877173576,0.9779972816065456,67.02635910213537,23.685161864374795
H3,map-mixed-01,7027,H3_map-mixed-01_seed307,2050,0.5,center,,success,1,0,0,64,0.5174136493301296,339.9438298570917,0.9866635813509864,1.253229994857747,60.46923676107032,23.73532588517003
H3,map-mixed-01,7027,H3_map-mixed-01_seed307,2001,1.5,center,,collision,0,1,0,23,269.1398404870972,68.25930757812814,nan,-0.5010103305982057,32.12726033223045,21.947581028864054
H3,map-mixed-01,7027,H3_map-mixed-01_seed307,2002,1.5,center,,collision,0,1,0,23,266.8516415565958,70.2961078323203,nan,0.8447495571881376,34.72927881717039,23.731311119952853
H3,map-mixed-01,7027,H3_map-mixed-01_seed307,2003,1.5,center,,success,1,0,0,64,2.5933561958109266,338.5217821347601,0.9908083152281382,1.1125603569595353,70.84989034500391,23.98432065350673
H3,map-mixed-01,7027,H3_map-mixed-01_seed307,2004,1.5,center,,collision,0,1,0,23,268.3659642444561,69.13410628747357,nan,0.00966822913202492,43.15045642033026,22.327870816605536
H3,map-mixed-01,7027,H3_map-mixed-01_seed307,2005,1.5,center,,success,1,0,0,64,0.4952946529945182,339.5804759627113,0.9877193194752434,0.957980282657426,75.14269131457299,23.744326736423815
H3,map-mixed-01,7027,H3_map-mixed-01_seed307,2006,1.5,center,,success,1,0,0,63,1.8611032953386437,338.9212055558245,0.989640633653778,2.2483382272683037,73.28952662239433,24.06985934474433
H3,map-mixed-01,7027,H3_map-mixed-01_seed307,2007,1.5,center,,success,1,0,0,64,0.10872497614243236,340.16725968337016,0.9860155175932287,1.3241432108062328,76.0287945556965,23.918218427215187
H3,map-mixed-01,7027,H3_map-mixed-01_seed307,2008,1.5,center,,success,1,0,0,63,2.914808233020253,337.1306976403798,0.9948966349624838,1.5465311396547257,75.52425490143054,23.697976602879386
H3,map-mixed-01,7027,H3_map-mixed-01_seed307,2009,1.5,center,,success,1,0,0,64,2.0563398073541537,340.4155054550643,0.9852964722526232,2.017248768363936,64.27002135795773,23.719748261645435
H3,map-mixed-01,7027,H3_map-mixed-01_seed307,2010,1.5,center,,success,1,0,0,64,2.4270444252380083,340.70817123620225,0.9844501099224859,2.0738178086328207,63.095755953799134,23.48969269247957
H3,map-mixed-01,7027,H3_map-mixed-01_seed307,2011,1.5,center,,collision,0,1,0,23,267.6940217550122,69.35926451629449,nan,0.7130452983020632,35.96336570671779,22.871291709288613
H3,map-mixed-01,7027,H3_map-mixed-01_seed307,2012,1.5,center,,success,1,0,0,64,2.0004510384730505,340.6619485407324,0.984583684974913,2.8856390994200134,66.52234123550824,24.125519033469345
H3,map-mixed-01,7027,H3_map-mixed-01_seed307,2013,1.5,center,,success,1,0,0,64,1.582926788735707,337.99827943833526,0.9923429112785204,2.0736044967852774,58.282481968933624,22.89769997234768
H3,map-mixed-01,7027,H3_map-mixed-01_seed307,2014,1.5,center,,success,1,0,0,62,1.9851402605117074,336.3034119614095,0.9973440194042886,2.9056120089751816,70.30765728282076,23.813096144480674
H3,map-mixed-01,7027,H3_map-mixed-01_seed307,2015,1.5,center,,collision,0,1,0,22,274.2674653252853,64.01260066563007,nan,-1.1983264362189772,34.46486283461728,23.17563549713002
H3,map-mixed-01,7027,H3_map-mixed-01_seed307,2016,1.5,center,,success,1,0,0,63,0.962240795954298,339.53054789310363,0.9878645638994686,2.0402164989178075,66.88796622048591,24.106895753647223
H3,map-mixed-01,7027,H3_map-mixed-01_seed307,2017,1.5,center,,success,1,0,0,63,2.3778547528211504,340.1854977603008,0.9859626551785078,2.4995464733269466,66.74800129547488,24.06591247371398
H3,map-mixed-01,7027,H3_map-mixed-01_seed307,2018,1.5,center,,collision,0,1,0,23,269.7089965703834,68.10961653989088,nan,-1.0780819426588266,35.74665964185793,22.301325267116937
H3,map-mixed-01,7027,H3_map-mixed-01_seed307,2019,1.5,center,,success,1,0,0,63,2.2840253537950557,337.7333262714568,0.9931214083249188,2.6958794588753476,62.77169570166778,23.500176774556063
H3,map-mixed-01,7027,H3_map-mixed-01_seed307,2020,1.5,center,,collision,0,1,0,23,269.28504938044057,68.06766601341396,nan,-0.8650381429093272,36.79661356534783,22.135176547406683
H3,map-mixed-01,7027,H3_map-mixed-01_seed307,2021,1.5,center,,collision,0,1,0,22,272.8453910620222,64.69539989465962,nan,-0.12172182962557088,53.75838830256667,24.005343368795454
H3,map-mixed-01,7027,H3_map-mixed-01_seed307,2022,1.5,center,,success,1,0,0,65,0.4945963032170065,339.668812315569,0.9874624471361707,1.330222870055294,63.51753389616039,23.87264697558714
H3,map-mixed-01,7027,H3_map-mixed-01_seed307,2023,1.5,center,,success,1,0,0,62,1.9596514944984667,337.33423835074314,0.9942963342968639,3.292089176757088,61.81876925065888,23.843761453863006
H3,map-mixed-01,7027,H3_map-mixed-01_seed307,2024,1.5,center,,collision,0,1,0,23,267.6928710622346,69.27264176777322,nan,0.6929927503387106,45.49625382475149,23.00339720030605
H3,map-mixed-01,7027,H3_map-mixed-01_seed307,2025,1.5,center,,success,1,0,0,63,0.9531207176320259,339.2843702848655,0.9885813376647907,3.026359902333361,71.79067361390774,24.32948589689085
H3,map-mixed-01,7027,H3_map-mixed-01_seed307,2026,1.5,center,,success,1,0,0,63,2.957803175876221,337.0023347116029,0.9952755873694558,2.7586314745027707,68.47554408391339,23.867343021429484
H3,map-mixed-01,7027,H3_map-mixed-01_seed307,2027,1.5,center,,success,1,0,0,120,2.126861406326597,452.41777692124924,0.7413727172868191,3.3680379928635134,60.07747831664884,26.01668615540349
H3,map-mixed-01,7027,H3_map-mixed-01_seed307,2028,1.5,center,,collision,0,1,0,23,269.1980408064268,67.77274853628788,nan,-0.342995098975031,31.279238185893703,21.672011506006296
H3,map-mixed-01,7027,H3_map-mixed-01_seed307,2029,1.5,center,,success,1,0,0,64,0.2582039866590932,338.6944116109871,0.9903033091972276,2.0050961306759447,71.5758521438959,22.8389863431686
H3,map-mixed-01,7027,H3_map-mixed-01_seed307,2030,1.5,center,,success,1,0,0,66,1.4365881569887735,340.23834570477203,0.9858095093020673,1.5450061566385695,71.17904365046277,22.653992089555697
H3,map-mixed-01,7027,H3_map-mixed-01_seed307,2031,1.5,center,,collision,0,1,0,22,273.9129823539089,63.5344575821226,nan,-0.7624041536489585,37.19383119137929,22.19849379297388
H3,map-mixed-01,7027,H3_map-mixed-01_seed307,2032,1.5,center,,collision,0,1,0,23,270.0339656368277,67.58146415198247,nan,-0.14899616012738193,41.44636626726912,21.972960083454055
H3,map-mixed-01,7027,H3_map-mixed-01_seed307,2033,1.5,center,,success,1,0,0,63,1.6908142171029295,339.89694466796516,0.9867996811581239,2.825283252183233,67.81695388746846,23.928920871978246
H3,map-mixed-01,7027,H3_map-mixed-01_seed307,2034,1.5,center,,success,1,0,0,63,0.7323569115310319,339.5947125888419,0.9876779119086587,3.524180627511143,69.56247957427959,23.886509127418563
H3,map-mixed-01,7027,H3_map-mixed-01_seed307,2035,1.5,center,,collision,0,1,0,23,268.584802168689,68.38242192297008,nan,0.4622929159057705,36.265486150125895,22.26539337951812
H3,map-mixed-01,7027,H3_map-mixed-01_seed307,2036,1.5,center,,success,1,0,0,62,2.8442364779250027,336.78290423009423,0.995924057937965,3.160141851717123,70.21032859872847,24.44830789061534
H3,map-mixed-01,7027,H3_map-mixed-01_seed307,2037,1.5,center,,success,1,0,0,63,1.5844777748726975,340.0204337556293,0.9864412938959598,2.6289813943809146,77.30011977610071,23.678120094537327
H3,map-mixed-01,7027,H3_map-mixed-01_seed307,2038,1.5,center,,collision,0,1,0,22,273.03291877565863,64.09255968972964,nan,-0.2916914698086117,33.2988576959866,23.014972838690124
H3,map-mixed-01,7027,H3_map-mixed-01_seed307,2039,1.5,center,,success,1,0,0,65,1.392130171613542,341.26919759481046,0.9828317322186271,0.6969103587347928,69.11210985692566,23.501621463822378
H3,map-mixed-01,7027,H3_map-mixed-01_seed307,2040,1.5,center,,success,1,0,0,64,1.454054528113379,338.46143945287304,0.9909849617349706,1.1162645633385964,71.5193635834724,23.961172021702968
H3,map-mixed-01,7027,H3_map-mixed-01_seed307,2041,1.5,center,,collision,0,1,0,23,268.273563726627,68.64217127351361,nan,0.49890273401843643,33.57632586887865,22.31817163182753
H3,map-mixed-01,7027,H3_map-mixed-01_seed307,2042,1.5,center,,collision,0,1,0,23,269.232105666712,68.13208332838228,nan,-0.8204466322925441,42.904878520648424,22.300647426387567
H3,map-mixed-01,7027,H3_map-mixed-01_seed307,2043,1.5,center,,success,1,0,0,64,0.7461814648444062,339.7175868863426,0.9873206733250015,2.0516527311298858,76.44703403178136,24.016670845126335
H3,map-mixed-01,7027,H3_map-mixed-01_seed307,2044,1.5,center,,collision,0,1,0,22,273.77224804062456,63.468664799429725,nan,-1.0786307899261374,34.12830017370421,22.26664947194169
H3,map-mixed-01,7027,H3_map-mixed-01_seed307,2045,1.5,center,,success,1,0,0,63,1.0950943507175195,339.93764469362975,0.9866815336890927,3.067171243755702,72.45602262666466,23.95565548917911
H3,map-mixed-01,7027,H3_map-mixed-01_seed307,2046,1.5,center,,success,1,0,0,64,2.138409920631766,337.8521043586279,0.9927722583279595,2.0630457968012053,69.66549852431903,23.83565796335719
H3,map-mixed-01,7027,H3_map-mixed-01_seed307,2047,1.5,center,,collision,0,1,0,23,269.1989026912851,67.91086589802313,nan,-0.21618091691758679,28.3489415163549,21.9266778242845
H3,map-mixed-01,7027,H3_map-mixed-01_seed307,2048,1.5,center,,collision,0,1,0,22,272.28701931125636,64.9136826028896,nan,-0.22368851421732927,40.066500850119766,23.756945862987095
H3,map-mixed-01,7027,H3_map-mixed-01_seed307,2049,1.5,center,,success,1,0,0,65,1.0681758370617773,339.2674238330434,0.9886307174308221,0.2581814486944068,71.85429766000065,23.888300919271764
H3,map-mixed-01,7027,H3_map-mixed-01_seed307,2050,1.5,center,,success,1,0,0,64,2.7286647804343938,342.23474573369634,0.9800588654606149,1.7490391647223476,65.74341292904846,23.834433291005382
H3,map-mixed-01,7027,H3_map-mixed-01_seed307,2001,2.0,center,,collision,0,1,0,23,269.35504570346006,68.18021121573511,nan,-0.9974132456086409,31.838472458778195,21.853512204397262
H3,map-mixed-01,7027,H3_map-mixed-01_seed307,2002,2.0,center,,success,1,0,0,63,2.20134125547133,338.1228229644776,0.9919773935526555,0.9163312608703436,72.79523321222487,24.20189173395521
H3,map-mixed-01,7027,H3_map-mixed-01_seed307,2003,2.0,center,,success,1,0,0,65,2.8388481954529463,343.64566872508357,0.9760349893811597,0.9695111912836722,71.51354401773993,24.2760701540611
H3,map-mixed-01,7027,H3_map-mixed-01_seed307,2004,2.0,center,,collision,0,1,0,22,272.94775116231176,64.70428709820769,nan,-0.7690735684336545,46.30450120309765,22.637363467651166
H3,map-mixed-01,7027,H3_map-mixed-01_seed307,2005,2.0,center,,success,1,0,0,64,0.20584630723950448,339.9173483641934,0.9867404480503423,1.0482480447788631,75.79817706143896,23.620326078006883
H3,map-mixed-01,7027,H3_map-mixed-01_seed307,2006,2.0,center,,success,1,0,0,63,2.203400502843292,341.01960379138404,0.9835510712461942,2.6364134801093413,73.12929747374017,24.32530456087161
H3,map-mixed-01,7027,H3_map-mixed-01_seed307,2007,2.0,center,,success,1,0,0,64,0.8579473740804638,340.8393599002012,0.9840711962467528,1.365991637656514,78.51062557583163,24.016497926623178
H3,map-mixed-01,7027,H3_map-mixed-01_seed307,2008,2.0,center,,success,1,0,0,63,0.582524219362826,339.3417609761814,0.9884141452560893,1.8110062508752491,74.19517087229957,23.5776867702185
H3,map-mixed-01,7027,H3_map-mixed-01_seed307,2009,2.0,center,,success,1,0,0,64,2.5615935419768943,340.85103773080357,0.9840374811763603,2.305440170571658,69.52475215720695,23.706448624352625
H3,map-mixed-01,7027,H3_map-mixed-01_seed307,2010,2.0,center,,success,1,0,0,63,2.7436651872800626,336.27716146396233,0.9974218741611248,2.286573393358432,65.23676164186575,23.053627666514238
H3,map-mixed-01,7027,H3_map-mixed-01_seed307,2011,2.0,center,,collision,0,1,0,23,267.5179716654962,69.61366533987865,nan,0.28116105641592526,45.67080690646629,23.288245849728245
H3,map-mixed-01,7027,H3_map-mixed-01_seed307,2012,2.0,center,,success,1,0,0,63,2.3887396495405304,336.6523031747111,0.9963104171929635,3.414126775169496,66.98193711131137,23.885915512420517
H3,map-mixed-01,7027,H3_map-mixed-01_seed307,2013,2.0,center,,success,1,0,0,64,2.1579755560699896,337.3368139563437,0.9942887427293229,2.163825011291015,63.52962033622812,22.625178260265454
H3,map-mixed-01,7027,H3_map-mixed-01_seed307,2014,2.0,center,,success,1,0,0,62,1.9911278772600085,339.03204362046984,0.9893170953493828,3.088940421665369,74.05384617533082,23.881314494564513
H3,map-mixed-01,7027,H3_map-mixed-01_seed307,2015,2.0,center,,collision,0,1,0,22,274.88826728618005,63.55942365799708,nan,-1.5356352146417862,32.949765554237175,23.081510915616146
H3,map-mixed-01,7027,H3_map-mixed-01_seed307,2016,2.0,center,,success,1,0,0,63,2.1556386867669777,341.21765615869504,0.9829801904183246,2.02286681353025,68.09678494664733,24.318387201858464
H3,map-mixed-01,7027,H3_map-mixed-01_seed307,2017,2.0,center,,success,1,0,0,119,1.4593659601235889,445.664763716766,0.7526064969276598,3.0190931901213993,60.93000272473547,25.756507462291868
H3,map-mixed-01,7027,H3_map-mixed-01_seed307,2018,2.0,center,,collision,0,1,0,23,270.0427193147745,67.92289694767408,nan,-1.6691286828746499,34.187546142511536,22.238819459235
H3,map-mixed-01,7027,H3_map-mixed-01_seed307,2019,2.0,center,,success,1,0,0,63,2.4900629126447718,338.9146202676525,0.9896598628884277,3.2498642154006987,64.7844585896765,23.44489837694162
H3,map-mixed-01,7027,H3_map-mixed-01_seed307,2020,2.0,center,,collision,0,1,0,22,274.08673378187706,63.42390558397108,nan,-0.49104798394920124,37.42472696257967,22.399201759579398
H3,map-mixed-01,7027,H3_map-mixed-01_seed307,2021,2.0,center,,collision,0,1,0,22,273.1170385607647,64.44529198980689,nan,-0.13242185104938642,53.949724581894735,24.009134735833406
H3,map-mixed-01,7027,H3_map-mixed-01_seed307,2022,2.0,center,,success,1,0,0,65,1.0999813906146567,338.68603607282057,0.9903277989082852,1.6257852303075633,63.23589421296024,23.69582381839342
H3,map-mixed-01,7027,H3_map-mixed-01_seed307,2023,2.0,center,,success,1,0,0,62,2.7589395756212225,339.46714016126896,0.9880490832356464,2.826187300403803,74.82364012813179,23.858261665934695
H3,map-mixed-01,7027,H3_map-mixed-01_seed307,2024,2.0,center,,collision,0,1,0,23,267.649551322402,69.39272439675769,nan,0.3152417883579517,44.26245519572709,23.067757070708737
H3,map-mixed-01,7027,H3_map-mixed-01_seed307,2025,2.0,center,,success,1,0,0,63,2.5884277790667576,341.2904492083619,0.9827705328495628,2.863789504595225,65.10042537459188,24.446969813219386
H3,map-mixed-01,7027,H3_map-mixed-01_seed307,2026,2.0,center,,success,1,0,0,63,2.6052412767393056,338.12293103774584,0.99197707648975,3.0478153095167997,63.95110193313371,23.91242906758341
H3,map-mixed-01,7027,H3_map-mixed-01_seed307,2027,2.0,center,,success,1,0,0,122,2.3683067719325677,460.3909704011998,0.7285333948506441,2.901263396983218,63.711685441660634,25.842204108461907
H3,map-mixed-01,7027,H3_map-mixed-01_seed307,2028,2.0,center,,collision,0,1,0,23,269.5843447613684,67.4965970519221,nan,-0.923481825950887,33.55098606374933,21.517917559745396
H3,map-mixed-01,7027,H3_map-mixed-01_seed307,2029,2.0,center,,success,1,0,0,64,0.6857764722017355,339.34044838064756,0.9884179685197139,2.251224351873077,73.21455614901024,22.450444218346643
H3,map-mixed-01,7027,H3_map-mixed-01_seed307,2030,2.0,center,,success,1,0,0,66,2.5307827841216928,337.7254010047761,0.9931447135071286,1.8756275064350945,72.13505321052665,22.182940476617045
H3,map-mixed-01,7027,H3_map-mixed-01_seed307,2031,2.0,center,,collision,0,1,0,22,274.1807023445112,63.56130933267694,nan,-1.793676870079885,35.84307196796758,22.018717005605986
H3,map-mixed-01,7027,H3_map-mixed-01_seed307,2032,2.0,center,,collision,0,1,0,23,270.4003070856651,67.30283640209865,nan,-0.4546097732177259,40.24882572127139,21.75496519705429
H3,map-mixed-01,7027,H3_map-mixed-01_seed307,2033,2.0,center,,success,1,0,0,62,2.1231054003377103,336.5411014223555,0.9966396235330325,2.874062040312258,62.41014254841706,23.291058742550092
H3,map-mixed-01,7027,H3_map-mixed-01_seed307,2034,2.0,center,,success,1,0,0,62,2.9892928181999165,336.0358847379886,0.9981380318548181,3.337345378941599,67.59526221965642,23.486473200758752
H3,map-mixed-01,7027,H3_map-mixed-01_seed307,2035,2.0,center,,collision,0,1,0,23,268.71025314464265,68.30864519020398,nan,0.20466603817532558,30.060312467403783,22.100915818887497
H3,map-mixed-01,7027,H3_map-mixed-01_seed307,2036,2.0,center,,success,1,0,0,62,1.8002867422879076,339.50814976738246,0.9879297355741777,3.3392778141643893,78.9407226918303,25.089346595737382
H3,map-mixed-01,7027,H3_map-mixed-01_seed307,2037,2.0,center,,success,1,0,0,62,1.0482857189370705,337.0861050164372,0.9950282483717713,3.1049431544404493,76.47947136752549,23.03731559985886
H3,map-mixed-01,7027,H3_map-mixed-01_seed307,2038,2.0,center,,collision,0,1,0,22,273.23415861185765,64.0548853098082,nan,-0.8764215194848788,33.25846366668606,23.146021338562814
H3,map-mixed-01,7027,H3_map-mixed-01_seed307,2039,2.0,center,,success,1,0,0,65,1.207378615827558,340.70826703986984,0.9844498331052197,0.62944340868348,69.3328619820321,23.405228974165283
H3,map-mixed-01,7027,H3_map-mixed-01_seed307,2040,2.0,center,,collision,0,1,0,23,267.25146650260575,69.39492194003812,nan,0.9347855527124551,43.45836259929536,23.391049059917247
H3,map-mixed-01,7027,H3_map-mixed-01_seed307,2041,2.0,center,,collision,0,1,0,23,268.291429008221,68.6945199734058,nan,0.18799565292228237,40.59082312028141,22.361218349627837
H3,map-mixed-01,7027,H3_map-mixed-01_seed307,2042,2.0,center,,collision,0,1,0,22,273.9634387111016,63.57716337886849,nan,-0.6589272621031981,45.21992865261588,22.7149072046525
H3,map-mixed-01,7027,H3_map-mixed-01_seed307,2043,2.0,center,,success,1,0,0,64,1.1949476039765916,340.288462953637,0.9856643205405022,2.4207624359089333,75.03499189565619,23.988336773107857
H3,map-mixed-01,7027,H3_map-mixed-01_seed307,2044,2.0,center,,collision,0,1,0,22,274.1741291875065,63.37434828297973,nan,-2.070458473955412,37.44405982412325,22.200337416088704
H3,map-mixed-01,7027,H3_map-mixed-01_seed307,2045,2.0,center,,success,1,0,0,62,1.91880210914718,337.1483055703196,0.9948446754243331,2.6296030516093367,71.75922320958979,23.26877393568783
H3,map-mixed-01,7027,H3_map-mixed-01_seed307,2046,2.0,center,,success,1,0,0,64,2.686998598132428,337.58144135145903,0.9935682343265131,2.2061394153882437,68.75979461677204,23.838766710392587
H3,map-mixed-01,7027,H3_map-mixed-01_seed307,2047,2.0,center,,collision,0,1,0,23,269.4570453221465,67.75208751294929,nan,-0.6372349933931076,32.01465532893265,21.885528240834436
H3,map-mixed-01,7027,H3_map-mixed-01_seed307,2048,2.0,center,,collision,0,1,0,22,272.39360462263846,64.88652114523494,nan,-0.4738375786043463,54.27779994327152,24.302568838246778
H3,map-mixed-01,7027,H3_map-mixed-01_seed307,2049,2.0,center,,collision,0,1,0,23,269.33546907914325,67.33512959023439,nan,-0.02575419768354692,29.300998721919843,21.918829926766332
H3,map-mixed-01,7027,H3_map-mixed-01_seed307,2050,2.0,center,,success,1,0,0,63,2.6102693113925945,338.35249825748014,0.9913040345566693,1.6337768380553968,66.89952847344787,23.587735632726055
H3,map-mixed-01,7027,H3_map-mixed-01_seed401,2001,0.0,center,,success,1,0,0,69,2.340141819184255,342.702596753875,0.9787209078717782,2.972828920588221,73.83373753303206,23.109671927933427
H3,map-mixed-01,7027,H3_map-mixed-01_seed401,2002,0.0,center,,success,1,0,0,69,2.287080340156047,342.79049666097285,0.9784699397798544,3.051698230362085,76.41134683048578,23.309214883822307
H3,map-mixed-01,7027,H3_map-mixed-01_seed401,2003,0.0,center,,success,1,0,0,69,2.2377888102557755,342.696118763468,0.9787394086493044,3.1470881804741353,77.73617586166841,23.375935558682887
H3,map-mixed-01,7027,H3_map-mixed-01_seed401,2004,0.0,center,,success,1,0,0,69,2.3153680808380974,342.8824674988084,0.9782074862901355,3.0056879867757034,78.23760797293214,23.328145996225008
H3,map-mixed-01,7027,H3_map-mixed-01_seed401,2005,0.0,center,,success,1,0,0,69,2.435871554536917,342.82322540016213,0.9783765269504692,2.8953406777223565,72.96286983027589,23.157429713244568
H3,map-mixed-01,7027,H3_map-mixed-01_seed401,2006,0.0,center,,success,1,0,0,69,2.3706292504183804,342.5401648562359,0.9791850154732662,2.9399784771480473,73.91717805187697,23.156693718910088
H3,map-mixed-01,7027,H3_map-mixed-01_seed401,2007,0.0,center,,success,1,0,0,69,2.371370564081936,342.6816409356941,0.9787807590425012,2.9392927180231885,77.74601677470388,23.214616484343583
H3,map-mixed-01,7027,H3_map-mixed-01_seed401,2008,0.0,center,,success,1,0,0,69,2.379889769138586,342.6382999339979,0.9789045669721633,2.931709961980494,77.50660550888124,23.236378602557433
H3,map-mixed-01,7027,H3_map-mixed-01_seed401,2009,0.0,center,,success,1,0,0,69,2.361543978843718,342.8875990793895,0.9781928466515065,2.9492755462725584,79.3811502861776,23.326366969486205
H3,map-mixed-01,7027,H3_map-mixed-01_seed401,2010,0.0,center,,success,1,0,0,69,2.2579742357705266,342.52275906765425,0.9792347741737041,3.105954836287701,79.48774788516852,23.288382546128037
H3,map-mixed-01,7027,H3_map-mixed-01_seed401,2011,0.0,center,,success,1,0,0,69,2.2943216942146445,342.667538233178,0.9788210413929812,3.03920150131691,80.3254141155813,23.33711325789218
H3,map-mixed-01,7027,H3_map-mixed-01_seed401,2012,0.0,center,,success,1,0,0,69,2.260788237568038,342.42621725931843,0.9795108543659298,3.1003939596015044,76.56778137541774,23.27609517503006
H3,map-mixed-01,7027,H3_map-mixed-01_seed401,2013,0.0,center,,success,1,0,0,69,2.261161395747222,342.5396131095677,0.9791865926983494,3.0996598302599665,78.2025122612231,23.317761735692738
H3,map-mixed-01,7027,H3_map-mixed-01_seed401,2014,0.0,center,,success,1,0,0,69,2.2689732231051125,342.3355713259632,0.9797702158903009,3.084572366411031,81.58243496311246,23.355303451739356
H3,map-mixed-01,7027,H3_map-mixed-01_seed401,2015,0.0,center,,success,1,0,0,69,2.401243249415346,342.98366754074027,0.9779188584398929,2.915171974832432,78.2948129117651,23.31161598286714
H3,map-mixed-01,7027,H3_map-mixed-01_seed401,2016,0.0,center,,success,1,0,0,69,2.2858539487395486,342.3197737702333,0.9798154308494531,3.053843179966769,73.60259643947724,23.087767683769705
H3,map-mixed-01,7027,H3_map-mixed-01_seed401,2017,0.0,center,,success,1,0,0,69,2.4293149169414487,342.7333899794323,0.9786329737090884,2.8984548438983557,72.77082142415814,23.14249764350372
H3,map-mixed-01,7027,H3_map-mixed-01_seed401,2018,0.0,center,,success,1,0,0,69,2.4068752704324607,342.8908568101487,0.9781835530560031,2.9113734329256613,71.21739518228075,23.07011889774921
H3,map-mixed-01,7027,H3_map-mixed-01_seed401,2019,0.0,center,,success,1,0,0,69,2.392513992362277,342.83276107906244,0.9783493140190818,2.9215193151168437,73.80729447397614,23.195839464809254
H3,map-mixed-01,7027,H3_map-mixed-01_seed401,2020,0.0,center,,success,1,0,0,69,2.3619162417103845,342.5617080419911,0.9791234360142028,2.948898432810527,74.66549505624707,23.174899423620865
H3,map-mixed-01,7027,H3_map-mixed-01_seed401,2021,0.0,center,,success,1,0,0,69,2.2998777099524794,342.8710164748855,0.9782401559437045,3.0298304252854713,76.19229783826907,23.307788604580992
H3,map-mixed-01,7027,H3_map-mixed-01_seed401,2022,0.0,center,,success,1,0,0,69,2.293073990949607,342.507209011148,0.9792792320877879,3.041328650254762,75.76041265546081,23.24084301978642
H3,map-mixed-01,7027,H3_map-mixed-01_seed401,2023,0.0,center,,success,1,0,0,69,2.286175118231244,342.5518192872398,0.9791517012604657,3.053283646719102,78.39876026156094,23.235015878834698
H3,map-mixed-01,7027,H3_map-mixed-01_seed401,2024,0.0,center,,success,1,0,0,69,2.235728093732556,342.69139735424164,0.9787528931701004,3.1515892863774937,77.794508231958,23.379232544432007
H3,map-mixed-01,7027,H3_map-mixed-01_seed401,2025,0.0,center,,success,1,0,0,69,2.2387499926222465,342.72999485528237,0.978642668163886,3.1450050724041816,77.7693300020354,23.381185624526033
H3,map-mixed-01,7027,H3_map-mixed-01_seed401,2026,0.0,center,,success,1,0,0,69,2.3571145400121285,342.52173650540675,0.9792376975750676,2.9538096470194377,72.33610665004879,23.042674328273826
H3,map-mixed-01,7027,H3_map-mixed-01_seed401,2027,0.0,center,,success,1,0,0,69,2.336514472129232,342.607356409025,0.9789929794284273,2.9772377599951563,74.77988400948549,23.206109541007947
H3,map-mixed-01,7027,H3_map-mixed-01_seed401,2028,0.0,center,,success,1,0,0,69,2.2604747607728277,342.55451786967683,0.9791439876807394,3.1010105557363232,77.15916320643046,23.215663403770815
H3,map-mixed-01,7027,H3_map-mixed-01_seed401,2029,0.0,center,,success,1,0,0,69,2.321828362962097,342.79090945244593,0.9784687614987604,2.9964837687802577,75.46251363808737,23.261999203775442
H3,map-mixed-01,7027,H3_map-mixed-01_seed401,2030,0.0,center,,success,1,0,0,69,2.4040893460231505,342.8644246538539,0.9782589633310279,2.9132213089493852,73.5771218002722,23.191700051781705
H3,map-mixed-01,7027,H3_map-mixed-01_seed401,2031,0.0,center,,success,1,0,0,69,2.3254128766818942,342.4847444128369,0.9793434659403671,2.9915736912970656,74.18509441004171,23.08337101310986
H3,map-mixed-01,7027,H3_map-mixed-01_seed401,2032,0.0,center,,success,1,0,0,69,2.4096272742372804,342.95249815996067,0.9780077370030578,2.909600575586349,73.58790404847514,23.205091111357717
H3,map-mixed-01,7027,H3_map-mixed-01_seed401,2033,0.0,center,,success,1,0,0,69,2.247655196610637,342.66104744534425,0.9788395825132931,3.126369805868414,74.98646218715804,23.224663154680965
H3,map-mixed-01,7027,H3_map-mixed-01_seed401,2034,0.0,center,,success,1,0,0,69,2.4254862506477104,342.64198611182684,0.9788940358158613,2.900408906942736,71.53282505224077,23.011095081494684
H3,map-mixed-01,7027,H3_map-mixed-01_seed401,2035,0.0,center,,success,1,0,0,69,2.2896477098653634,342.63032356177075,0.9789273556941885,3.0472332363096086,77.2944758636097,23.286588416863736
H3,map-mixed-01,7027,H3_map-mixed-01_seed401,2036,0.0,center,,success,1,0,0,69,2.330837903563235,342.52433804883884,0.9792302600615318,2.9844076096855217,74.80361011088551,23.195529263612027
H3,map-mixed-01,7027,H3_map-mixed-01_seed401,2037,0.0,center,,success,1,0,0,69,2.2859781600447415,342.8297126433662,0.9783580134837497,3.053629254576755,78.76866286706804,23.353574977183456
H3,map-mixed-01,7027,H3_map-mixed-01_seed401,2038,0.0,center,,success,1,0,0,69,2.254593426025564,342.55618917130613,0.9791392105230243,3.1125176902423988,76.96871342425698,23.314311467444877
H3,map-mixed-01,7027,H3_map-mixed-01_seed401,2039,0.0,center,,success,1,0,0,69,2.3670762253396904,342.611357877518,0.978981545453832,2.943335651036385,74.0835161186704,23.17484493145995
H3,map-mixed-01,7027,H3_map-mixed-01_seed401,2040,0.0,center,,success,1,0,0,69,2.2373350469968623,342.4761475197345,0.9793680495826096,3.1480741849123817,82.25200074183444,23.433360663548225
H3,map-mixed-01,7027,H3_map-mixed-01_seed401,2041,0.0,center,,success,1,0,0,69,2.3023513618143756,342.4897281330913,0.9793292150783227,3.025767475974203,75.48473376842,23.22425611658061
H3,map-mixed-01,7027,H3_map-mixed-01_seed401,2042,0.0,center,,success,1,0,0,69,2.3792598218807663,342.5640482852354,0.9791167470840072,2.932249107944542,73.74073337245194,23.153079663355996
H3,map-mixed-01,7027,H3_map-mixed-01_seed401,2043,0.0,center,,success,1,0,0,69,2.3139807557537257,342.3775074855013,0.9796502085907969,3.007725652580501,76.18377762016132,23.116155601931553
H3,map-mixed-01,7027,H3_map-mixed-01_seed401,2044,0.0,center,,success,1,0,0,69,2.2510421487488244,342.4604350803019,0.9794129840030126,3.1195452454158143,80.50277623560407,23.367039356469594
H3,map-mixed-01,7027,H3_map-mixed-01_seed401,2045,0.0,center,,success,1,0,0,69,2.244640637573061,342.7283267077456,0.9786474314712319,3.132564083011708,77.58056992908567,23.36913894605816
H3,map-mixed-01,7027,H3_map-mixed-01_seed401,2046,0.0,center,,success,1,0,0,69,2.2389661001873113,342.74138767034543,0.9786101378207985,3.1445452179365105,77.78400840556682,23.383188500362653
H3,map-mixed-01,7027,H3_map-mixed-01_seed401,2047,0.0,center,,success,1,0,0,69,2.327537320631593,342.5431098465213,0.9791765969989915,2.9887295151062396,72.27187039553431,23.077192064345507
H3,map-mixed-01,7027,H3_map-mixed-01_seed401,2048,0.0,center,,success,1,0,0,69,2.239549514064548,342.7294968926928,0.978644090064953,3.143290889172185,77.74281059982718,23.379459486439288
H3,map-mixed-01,7027,H3_map-mixed-01_seed401,2049,0.0,center,,success,1,0,0,69,2.2764226124090645,342.37212448585325,0.9796656112954885,3.070735793545502,76.03421861496538,23.23810648235079
H3,map-mixed-01,7027,H3_map-mixed-01_seed401,2050,0.0,center,,success,1,0,0,69,2.3540182991160314,342.5804139164374,0.979069973062681,2.957087064617768,74.30821477337544,23.18120579544282
H3,map-mixed-01,7027,H3_map-mixed-01_seed401,2001,0.5,center,,success,1,0,0,69,2.744965979922091,341.41371836954954,0.9824156985452975,3.4114745230694923,74.6008891228972,22.75872481446889
H3,map-mixed-01,7027,H3_map-mixed-01_seed401,2002,0.5,center,,success,1,0,0,69,2.083415578428513,343.4264361384676,0.9766580592815313,3.1771127704768176,82.40729838127511,23.6753209693125
H3,map-mixed-01,7027,H3_map-mixed-01_seed401,2003,0.5,center,,success,1,0,0,69,2.4374683364257193,342.428446297288,0.9795044782400278,3.2388214234310055,75.98331247620713,23.43002271081719
H3,map-mixed-01,7027,H3_map-mixed-01_seed401,2004,0.5,center,,success,1,0,0,69,2.6831820582766106,341.960163381741,0.9808458193141621,2.7382001861863756,74.36080918040413,22.92520542195967
H3,map-mixed-01,7027,H3_map-mixed-01_seed401,2005,0.5,center,,success,1,0,0,69,2.36363605555735,342.73264993044296,0.9786350868323734,2.8778218152566475,76.67368635517916,23.12077787027324
H3,map-mixed-01,7027,H3_map-mixed-01_seed401,2006,0.5,center,,success,1,0,0,69,2.153624625843688,343.7670392821139,0.9756903899960946,2.4602453466103285,79.09569313888016,23.661957896346603
H3,map-mixed-01,7027,H3_map-mixed-01_seed401,2007,0.5,center,,success,1,0,0,69,2.236141424275236,342.7595837394385,0.9785581863699049,2.905776007333846,79.53218538339605,23.287023305477014
H3,map-mixed-01,7027,H3_map-mixed-01_seed401,2008,0.5,center,,success,1,0,0,69,2.115738628616436,343.4739428953614,0.9765229752148927,2.748429009807573,79.78121017654176,23.55158080042918
H3,map-mixed-01,7027,H3_map-mixed-01_seed401,2009,0.5,center,,success,1,0,0,69,2.4380141779083155,342.9534661327432,0.9780049766143637,3.186310463823618,81.39320987840186,23.47194524572827
H3,map-mixed-01,7027,H3_map-mixed-01_seed401,2010,0.5,center,,success,1,0,0,69,2.138730916418926,342.9301838980214,0.9780713753814998,3.3731214383278356,80.36453084043812,23.59980201302008
H3,map-mixed-01,7027,H3_map-mixed-01_seed401,2011,0.5,center,,success,1,0,0,69,2.016334946759284,342.90951588425776,0.9781303261883799,2.92520179047375,80.97242190805622,23.41164910759155
H3,map-mixed-01,7027,H3_map-mixed-01_seed401,2012,0.5,center,,success,1,0,0,69,2.163359045714422,343.0705753456648,0.9776711287087854,3.4275903373561363,80.30728751283418,23.568753808276767
H3,map-mixed-01,7027,H3_map-mixed-01_seed401,2013,0.5,center,,success,1,0,0,69,2.6909676077576536,341.781955035621,0.9813572416074791,3.654249052059477,73.48734139937751,23.018220510769737
H3,map-mixed-01,7027,H3_map-mixed-01_seed401,2014,0.5,center,,success,1,0,0,68,2.8869276534137525,340.4076155067036,0.9853193093982449,3.0403495439673094,79.91589873319478,23.35508394255434
H3,map-mixed-01,7027,H3_map-mixed-01_seed401,2015,0.5,center,,success,1,0,0,70,2.737216351730327,344.25340819003884,0.9743119128099129,3.5260742647394103,79.09058869273088,23.179036995065864
H3,map-mixed-01,7027,H3_map-mixed-01_seed401,2016,0.5,center,,success,1,0,0,69,1.9554094879293111,343.2714493578001,0.977099019602304,3.1521321970875746,74.41688758073973,23.352743557051017
H3,map-mixed-01,7027,H3_map-mixed-01_seed401,2017,0.5,center,,success,1,0,0,69,2.1388382050081876,343.9461955264275,0.9751821679888208,2.8013933945106757,79.23842516460849,23.725213800008845
H3,map-mixed-01,7027,H3_map-mixed-01_seed401,2018,0.5,center,,success,1,0,0,69,2.708785485727243,341.8154289921925,0.9812611373743158,3.181714494070429,70.62200817046295,22.682127670136445
H3,map-mixed-01,7027,H3_map-mixed-01_seed401,2019,0.5,center,,success,1,0,0,69,2.1177163535436945,343.6145575296786,0.9761233605360229,3.155722408728195,81.6062862134902,23.69548617234109
H3,map-mixed-01,7027,H3_map-mixed-01_seed401,2020,0.5,center,,success,1,0,0,69,2.841887534212868,341.1884995824008,0.9830641918924444,3.2910137711724987,74.5448071182385,22.763644537700294
H3,map-mixed-01,7027,H3_map-mixed-01_seed401,2021,0.5,center,,success,1,0,0,69,2.6286401440499287,342.0862784934867,0.9804842161517877,2.7580176766774955,73.94799664886386,23.196644890592125
H3,map-mixed-01,7027,H3_map-mixed-01_seed401,2022,0.5,center,,success,1,0,0,69,2.5787246672584607,342.01362039266195,0.9806925123037142,3.4027250072628643,73.6215309967155,23.03788424534595
H3,map-mixed-01,7027,H3_map-mixed-01_seed401,2023,0.5,center,,success,1,0,0,68,2.708679369637808,340.965062878474,0.9837084004835845,3.015297727199254,82.7238206554022,23.38031582859091
H3,map-mixed-01,7027,H3_map-mixed-01_seed401,2024,0.5,center,,success,1,0,0,69,2.047323387467491,342.8657527597027,0.9782551740011216,2.7793936617684665,77.87798249203804,23.470040882323627
H3,map-mixed-01,7027,H3_map-mixed-01_seed401,2025,0.5,center,,success,1,0,0,69,2.0788856810114975,343.49248188888123,0.9764702702677279,3.2196134623639807,78.95157561002618,23.60539475384128
H3,map-mixed-01,7027,H3_map-mixed-01_seed401,2026,0.5,center,,success,1,0,0,69,2.256868314966592,343.2894095872259,0.9770478996956782,3.517429531716452,78.88215319448817,23.605834427579047
H3,map-mixed-01,7027,H3_map-mixed-01_seed401,2027,0.5,center,,success,1,0,0,69,2.0929822866554786,343.7072030691688,0.9758602485775353,3.0452376057958475,78.12173369073193,23.619963620700474
H3,map-mixed-01,7027,H3_map-mixed-01_seed401,2028,0.5,center,,success,1,0,0,69,2.6936810584085165,341.07169949492106,0.9834008424670342,3.289735833239307,75.42237014563858,22.714741501209676
H3,map-mixed-01,7027,H3_map-mixed-01_seed401,2029,0.5,center,,success,1,0,0,69,2.342426850360596,342.64450999128417,0.978886825396678,3.1429858538444364,75.28446445252843,23.304732009750644
H3,map-mixed-01,7027,H3_map-mixed-01_seed401,2030,0.5,center,,success,1,0,0,69,2.3481502827523704,342.02672874819956,0.9806549267437453,3.405699483574209,73.30692220454014,22.607824096105354
H3,map-mixed-01,7027,H3_map-mixed-01_seed401,2031,0.5,center,,success,1,0,0,69,2.9544180809109837,340.8599047066988,0.9840118828689469,3.6901840116045843,73.3418527404608,22.665660536771185
H3,map-mixed-01,7027,H3_map-mixed-01_seed401,2032,0.5,center,,success,1,0,0,69,2.7410322942219767,341.86739260857456,0.9811119863338376,3.1968472928039637,74.40055866239977,22.82538504712963
H3,map-mixed-01,7027,H3_map-mixed-01_seed401,2033,0.5,center,,success,1,0,0,69,2.162820396177407,343.3987270875114,0.9767368664109604,3.762495110979316,75.29922117557543,23.504435075187203
H3,map-mixed-01,7027,H3_map-mixed-01_seed401,2034,0.5,center,,success,1,0,0,69,2.0364990318271796,343.7635854137501,0.9757001929720753,3.2134849913772214,74.15115656258321,23.360797613887218
H3,map-mixed-01,7027,H3_map-mixed-01_seed401,2035,0.5,center,,success,1,0,0,69,2.528409425021989,342.284284690733,0.979917021104327,3.1395752003348334,77.86030413213804,23.282397930891875
H3,map-mixed-01,7027,H3_map-mixed-01_seed401,2036,0.5,center,,success,1,0,0,68,2.557501922189363,341.1162007596811,0.9832725501691064,2.7610941973464875,73.65337627896587,23.37457773782393
H3,map-mixed-01,7027,H3_map-mixed-01_seed401,2037,0.5,center,,success,1,0,0,69,2.4406519200132144,343.70455897311234,0.9758677558047966,3.0656632643411186,78.4634271421046,23.621156725167893
H3,map-mixed-01,7027,H3_map-mixed-01_seed401,2038,0.5,center,,success,1,0,0,69,2.3920181044696336,341.92827763393325,0.9809372858715623,2.8068924611893555,73.85580028232955,23.221646782004797
H3,map-mixed-01,7027,H3_map-mixed-01_seed401,2039,0.5,center,,success,1,0,0,69,2.396503730628863,342.3583540060281,0.9797050158123576,2.8133915182712754,73.97904897599022,23.132633134004866
H3,map-mixed-01,7027,H3_map-mixed-01_seed401,2040,0.5,center,,success,1,0,0,69,2.119731851806552,342.76162817912495,0.9785523496512432,3.1747209957198876,79.43420677356902,23.444996746299616
H3,map-mixed-01,7027,H3_map-mixed-01_seed401,2041,0.5,center,,success,1,0,0,69,2.6327742540294303,341.3802655986446,0.9825119681033495,3.2431492386167444,73.79947486572043,22.77085590393325
H3,map-mixed-01,7027,H3_map-mixed-01_seed401,2042,0.5,center,,success,1,0,0,69,2.8083785403791914,341.168291651557,0.9831224203201469,3.3603319335746145,75.36565200552712,22.78877658335801
H3,map-mixed-01,7027,H3_map-mixed-01_seed401,2043,0.5,center,,success,1,0,0,69,1.8565338978855666,343.29859096516867,0.9770217689562246,3.001955760637138,80.78367536016836,23.442697073522943
H3,map-mixed-01,7027,H3_map-mixed-01_seed401,2044,0.5,center,,success,1,0,0,70,2.2367072926363947,343.2877730499449,0.9770525575234212,3.935569892330956,78.98394769279199,22.993799346032354
H3,map-mixed-01,7027,H3_map-mixed-01_seed401,2045,0.5,center,,success,1,0,0,69,1.9327903157091868,343.66951202023085,0.9759672734811106,2.815712369333582,77.07789050699031,23.399683873231876
H3,map-mixed-01,7027,H3_map-mixed-01_seed401,2046,0.5,center,,success,1,0,0,69,2.314068703214187,342.7521765827469,0.9785793338178672,3.6145728520375755,76.14655636267257,23.571879788712785
H3,map-mixed-01,7027,H3_map-mixed-01_seed401,2047,0.5,center,,success,1,0,0,69,2.2866111921650383,341.75638040010386,0.9814306794573792,3.2830144805420822,70.95188596994917,22.730146070612765
H3,map-mixed-01,7027,H3_map-mixed-01_seed401,2048,0.5,center,,success,1,0,0,69,2.303725778642711,342.5239164109037,0.979231465468235,2.993588616545317,74.37291146309909,23.234330725212804
H3,map-mixed-01,7027,H3_map-mixed-01_seed401,2049,0.5,center,,success,1,0,0,69,2.177304546237512,342.24085149167735,0.9800413806915889,3.109669777158814,71.84167867768231,23.057574462093136
H3,map-mixed-01,7027,H3_map-mixed-01_seed401,2050,0.5,center,,success,1,0,0,69,2.008760769852044,343.241221850082,0.9771850677406867,2.9546597031849373,80.5944258668312,23.503977705036583
H3,map-mixed-01,7027,H3_map-mixed-01_seed401,2001,1.5,center,,success,1,0,0,70,2.014351849581982,343.250199578307,0.9771595094104237,5.042332930734176,85.64161796013505,22.845960985771004
H3,map-mixed-01,7027,H3_map-mixed-01_seed401,2002,1.5,center,,success,1,0,0,69,2.2193824162307134,343.7601542676687,0.9757099316513613,3.4792099980175806,90.15028311151815,24.00126037906349
H3,map-mixed-01,7027,H3_map-mixed-01_seed401,2003,1.5,center,,success,1,0,0,69,2.04211262690812,342.629745121861,0.9789290083547043,3.482405731129448,81.49874605200169,23.69790920583092
H3,map-mixed-01,7027,H3_map-mixed-01_seed401,2004,1.5,center,,success,1,0,0,69,2.728279802552787,341.57247398757767,0.9819590926321736,3.3038890372942586,86.06496663803773,22.85466800985912
H3,map-mixed-01,7027,H3_map-mixed-01_seed401,2005,1.5,center,,success,1,0,0,69,2.440275905213138,342.26377882495,0.9799757303460184,2.924217182494921,89.13416695862824,23.265909711942086
H3,map-mixed-01,7027,H3_map-mixed-01_seed401,2006,1.5,center,,success,1,0,0,68,2.290794096159198,342.59298034699555,0.9790340604330189,1.5598188178893082,78.48444683025731,23.69563371912434
H3,map-mixed-01,7027,H3_map-mixed-01_seed401,2007,1.5,center,,success,1,0,0,69,2.2443126967781213,342.4276210815269,0.9795068387462597,2.853880818186326,89.46967660843758,23.596654249209035
H3,map-mixed-01,7027,H3_map-mixed-01_seed401,2008,1.5,center,,success,1,0,0,69,2.086905186457125,343.96077867846157,0.9751408224904436,2.434777027546552,82.76906125955487,23.697777542315315
H3,map-mixed-01,7027,H3_map-mixed-01_seed401,2009,1.5,center,,success,1,0,0,69,2.319373223026962,343.2538988028628,0.9771489786270451,3.684227901660364,95.3883049687879,24.138227882269835
H3,map-mixed-01,7027,H3_map-mixed-01_seed401,2010,1.5,center,,success,1,0,0,68,2.8079205214399385,340.57895573446524,0.9848236098488521,3.950596770002953,88.28851012001071,24.28366222840946
H3,map-mixed-01,7027,H3_map-mixed-01_seed401,2011,1.5,center,,success,1,0,0,69,1.276720750539331,342.90847173834663,0.9781333045655995,2.693812924957406,89.98988484528942,23.678857079372513
H3,map-mixed-01,7027,H3_map-mixed-01_seed401,2012,1.5,center,,success,1,0,0,69,2.8228508092859617,343.6358390746264,0.9760629087122906,4.1374498793999095,81.84492490532405,23.56156168664825
H3,map-mixed-01,7027,H3_map-mixed-01_seed401,2013,1.5,center,,success,1,0,0,96,2.9596548469747472,373.67332123744666,0.8976027389759402,4.741903928481953,73.68599714932608,22.928380846639925
H3,map-mixed-01,7027,H3_map-mixed-01_seed401,2014,1.5,center,,success,1,0,0,67,2.3091028894848673,341.01713557847694,0.9835581899894935,1.2055057135433502,86.37273682304722,24.160214774893504
H3,map-mixed-01,7027,H3_map-mixed-01_seed401,2015,1.5,center,,success,1,0,0,71,2.888946750970802,344.2798201295219,0.9742371670195,4.109144452868556,88.65870579681827,22.96662166550821
H3,map-mixed-01,7027,H3_map-mixed-01_seed401,2016,1.5,center,,success,1,0,0,68,2.4495301385685537,341.77636586527086,0.9813732900337178,3.2007019984495626,82.8834917941644,24.01013433598997
H3,map-mixed-01,7027,H3_map-mixed-01_seed401,2017,1.5,center,,success,1,0,0,68,0.6611650579379355,344.5988564470439,0.9733351993189581,2.739186712618043,76.5643814156991,23.619206760169995
H3,map-mixed-01,7027,H3_map-mixed-01_seed401,2018,1.5,center,,success,1,0,0,70,1.7555934840949505,343.95741627018674,0.9751503551285424,3.99922558567863,69.84385715313695,22.51993152956755
H3,map-mixed-01,7027,H3_map-mixed-01_seed401,2019,1.5,center,,success,1,0,0,68,2.3256052391093562,341.97770843192853,0.9807954973525201,3.6872149999460078,87.17163187189261,23.86193412617126
H3,map-mixed-01,7027,H3_map-mixed-01_seed401,2020,1.5,center,,success,1,0,0,70,2.055721464985021,342.63079575539734,0.9789260065940377,4.406644498420164,74.94296005384615,22.524342641997723
H3,map-mixed-01,7027,H3_map-mixed-01_seed401,2021,1.5,center,,success,1,0,0,70,2.7363241978139907,343.65935857977695,0.975996108504365,2.7548786456130534,73.95733292024339,23.299035487396832
H3,map-mixed-01,7027,H3_map-mixed-01_seed401,2022,1.5,center,,success,1,0,0,69,2.877635547816859,341.6365252463554,0.9817749913686861,4.4142808366476105,82.89556166341053,23.221510936809675
H3,map-mixed-01,7027,H3_map-mixed-01_seed401,2023,1.5,center,,success,1,0,0,67,1.687651177462755,342.9422055871075,0.9780370895170386,1.658314935954481,90.80772102693726,24.314195392417655
H3,map-mixed-01,7027,H3_map-mixed-01_seed401,2024,1.5,center,,success,1,0,0,69,1.37201572734305,342.7885350284231,0.9784755391458969,2.051602912193742,85.48673346884976,23.674198000663658
H3,map-mixed-01,7027,H3_map-mixed-01_seed401,2025,1.5,center,,success,1,0,0,68,1.9995535713630965,342.3433890288722,0.9797478420028173,2.9619712506248854,98.0610848913001,24.28320954574595
H3,map-mixed-01,7027,H3_map-mixed-01_seed401,2026,1.5,center,,success,1,0,0,68,2.685876697716588,341.6410162619945,0.9817620855212309,4.748567552467293,81.27787339196959,23.53456274996028
H3,map-mixed-01,7027,H3_map-mixed-01_seed401,2027,1.5,center,,success,1,0,0,68,1.081920382124373,343.7994535724483,0.9755983994148149,3.2534075167692222,80.04656269248467,23.319303412077957
H3,map-mixed-01,7027,H3_map-mixed-01_seed401,2028,1.5,center,,success,1,0,0,70,1.4957309413222821,343.2421083571123,0.9771825439202949,4.619718659130655,77.60787074649558,22.4884607399274
H3,map-mixed-01,7027,H3_map-mixed-01_seed401,2029,1.5,center,,success,1,0,0,69,2.1682436684377415,342.44063020900575,0.9794696278308264,3.440752136053355,82.2052017082775,23.538011313493982
H3,map-mixed-01,7027,H3_map-mixed-01_seed401,2030,1.5,center,,success,1,0,0,69,2.5530718383816415,341.3737225938847,0.9825307996069437,4.400018174346698,80.84957487144054,22.0794340005299
H3,map-mixed-01,7027,H3_map-mixed-01_seed401,2031,1.5,center,,success,1,0,0,70,2.831375139239301,341.2109577707675,0.9829994875202804,4.9771553383804985,81.86675043838629,22.727810439933915
H3,map-mixed-01,7027,H3_map-mixed-01_seed401,2032,1.5,center,,success,1,0,0,70,2.040935622896836,344.0370593153099,0.9749246121696591,3.864207296418485,79.58483903597846,22.878508465154564
H3,map-mixed-01,7027,H3_map-mixed-01_seed401,2033,1.5,center,,success,1,0,0,68,1.9531120109570426,342.2585235978736,0.9799907774365574,3.152819800648821,82.05081644240872,23.853813649721854
H3,map-mixed-01,7027,H3_map-mixed-01_seed401,2034,1.5,center,,success,1,0,0,68,2.1485114706417465,342.32568751936344,0.9797985043292908,3.3950804945154687,79.5169606307588,23.23082524661062
H3,map-mixed-01,7027,H3_map-mixed-01_seed401,2035,1.5,center,,success,1,0,0,69,2.764336581629678,341.84906343217233,0.9811645913475454,3.469472003926048,88.79576225371108,23.530748489707815
H3,map-mixed-01,7027,H3_map-mixed-01_seed401,2036,1.5,center,,success,1,0,0,67,1.7174775894050531,342.4698801968126,0.9793859723728492,1.8925513874778086,82.08303651230854,24.04831522650051
H3,map-mixed-01,7027,H3_map-mixed-01_seed401,2037,1.5,center,,success,1,0,0,68,2.5576482032099848,343.63924404919396,0.9760532373216155,1.3984300724580079,82.74238911695377,24.19335977312997
H3,map-mixed-01,7027,H3_map-mixed-01_seed401,2038,1.5,center,,success,1,0,0,70,2.044153239208911,343.9500912055486,0.9751711227909616,3.272433912110303,84.14444867128681,23.608967459833785
H3,map-mixed-01,7027,H3_map-mixed-01_seed401,2039,1.5,center,,success,1,0,0,69,2.1433616875723964,342.4011158417862,0.979582662283005,2.553067872030732,82.3866131744661,23.29965365655999
H3,map-mixed-01,7027,H3_map-mixed-01_seed401,2040,1.5,center,,success,1,0,0,68,2.8231469187615166,339.9844118198546,0.9865458090551815,3.243091126796493,84.85787125093718,23.408976223999797
H3,map-mixed-01,7027,H3_map-mixed-01_seed401,2041,1.5,center,,success,1,0,0,70,1.618290480312498,343.82872307894235,0.9755153485183349,4.057848525082605,85.4236138070538,22.905616464472125
H3,map-mixed-01,7027,H3_map-mixed-01_seed401,2042,1.5,center,,success,1,0,0,70,2.6925745131639567,341.6620508076608,0.9817016429892829,4.558749751795752,77.82776934677241,22.656461274505148
H3,map-mixed-01,7027,H3_map-mixed-01_seed401,2043,1.5,center,,success,1,0,0,68,2.411002429394288,340.9197606437287,0.9838391180131155,2.9432757646725562,80.44890877759538,23.071969266285794
H3,map-mixed-01,7027,H3_map-mixed-01_seed401,2044,1.5,center,,success,1,0,0,71,0.8023533129836935,343.0072466758279,0.9778516339684237,5.237559096602012,86.54799316264142,22.117456678504148
H3,map-mixed-01,7027,H3_map-mixed-01_seed401,2045,1.5,center,,success,1,0,0,68,2.3207994428924072,341.97838691096604,0.980793551471697,2.28373308185283,80.30199977672562,23.60124849319981
H3,map-mixed-01,7027,H3_map-mixed-01_seed401,2046,1.5,center,,success,1,0,0,69,2.4633575266634926,343.02151075677506,0.9778109713439997,4.604167598654648,84.50408973480431,24.245308394424477
H3,map-mixed-01,7027,H3_map-mixed-01_seed401,2047,1.5,center,,success,1,0,0,69,2.5873950445808034,340.8156812140866,0.9841395660849225,4.43159207453352,74.72546165769074,22.50791562997862
H3,map-mixed-01,7027,H3_map-mixed-01_seed401,2048,1.5,center,,success,1,0,0,69,2.3468523412913247,342.41934029087537,0.9795305263424875,2.7292330808486187,73.14134301189985,23.08199641117462
H3,map-mixed-01,7027,H3_map-mixed-01_seed401,2049,1.5,center,,success,1,0,0,69,1.7245459603195952,342.38418178197804,0.9796311116923899,3.449908757878164,81.15595261891626,23.04080742486933
H3,map-mixed-01,7027,H3_map-mixed-01_seed401,2050,1.5,center,,success,1,0,0,69,1.659277431547732,343.56840194464934,0.9762544946697538,2.932669590687027,80.89728122070498,23.54765163221619
H3,map-mixed-01,7027,H3_map-mixed-01_seed401,2001,2.0,center,,success,1,0,0,70,1.9075287705803239,342.27841890733004,0.9799338143950551,5.046051296077472,84.55671132628164,22.769744516081808
H3,map-mixed-01,7027,H3_map-mixed-01_seed401,2002,2.0,center,,success,1,0,0,68,2.882806198107489,340.7241245043829,0.9844040163368412,3.367095807622583,93.89147082174834,24.051540646098182
H3,map-mixed-01,7027,H3_map-mixed-01_seed401,2003,2.0,center,,success,1,0,0,69,2.1105163785388377,343.111979419158,0.9775531509939479,3.657915790576617,87.59783278704177,23.932446387453275
H3,map-mixed-01,7027,H3_map-mixed-01_seed401,2004,2.0,center,,success,1,0,0,70,1.699185245743174,344.8529722180887,0.9726179666297076,2.820088958122028,83.3417601380691,22.72784455907917
H3,map-mixed-01,7027,H3_map-mixed-01_seed401,2005,2.0,center,,success,1,0,0,69,2.670530927223887,341.8018938242758,0.9812999947782812,2.895395687131881,95.19508352273964,23.354292941233965
H3,map-mixed-01,7027,H3_map-mixed-01_seed401,2006,2.0,center,,success,1,0,0,68,2.1400199119412995,343.9171141023638,0.9752646288056972,1.1067711860737504,88.47639699994998,24.37243591908695
H3,map-mixed-01,7027,H3_map-mixed-01_seed401,2007,2.0,center,,success,1,0,0,69,2.3611610173748874,342.3474103699655,0.9797363335171715,2.8317006324375598,95.31504626254552,23.67920280433741
H3,map-mixed-01,7027,H3_map-mixed-01_seed401,2008,2.0,center,,success,1,0,0,68,2.690464553634385,341.27286175810724,0.9828211797945593,2.2806326805566144,85.07582005808746,23.687284258212888
H3,map-mixed-01,7027,H3_map-mixed-01_seed401,2009,2.0,center,,success,1,0,0,69,2.153009290919081,343.46243977769666,0.9765556805630917,3.9362144217216297,99.48940924729156,24.396915647458087
H3,map-mixed-01,7027,H3_map-mixed-01_seed401,2010,2.0,center,,success,1,0,0,68,2.2912689010172067,341.2448647129554,0.9829018142356666,4.290586505777966,90.88000712035029,24.656267390526928
H3,map-mixed-01,7027,H3_map-mixed-01_seed401,2011,2.0,center,,success,1,0,0,69,1.4879770217325081,342.7559920296849,0.9785684405946717,2.577442865570859,94.08290780480101,23.71764880975567
H3,map-mixed-01,7027,H3_map-mixed-01_seed401,2012,2.0,center,,success,1,0,0,68,2.9373140573366907,340.87448774563404,0.9839697856040693,4.3390328443671144,85.64396721048374,23.5882063572227
H3,map-mixed-01,7027,H3_map-mixed-01_seed401,2013,2.0,center,,success,1,0,0,97,2.9590964865591727,374.4001951891067,0.8958601008622747,5.268447900003167,81.50496015830353,22.93218916957414
H3,map-mixed-01,7027,H3_map-mixed-01_seed401,2014,2.0,center,,success,1,0,0,67,1.429538930424917,342.7584018117128,0.9785615607147657,1.176868414582053,87.43973276186331,24.638923087969538
H3,map-mixed-01,7027,H3_map-mixed-01_seed401,2015,2.0,center,,success,1,0,0,71,2.708354006060844,342.95404349635993,0.9780033301416039,4.267178254865711,93.79116976649459,22.714814153018818
H3,map-mixed-01,7027,H3_map-mixed-01_seed401,2016,2.0,center,,success,1,0,0,68,1.202666040034142,343.4904814552047,0.9764759570745486,2.4830647969770854,88.20287311609057,24.384038505114745
H3,map-mixed-01,7027,H3_map-mixed-01_seed401,2017,2.0,center,,success,1,0,0,67,1.3521048246876404,342.5912362695936,0.97903904453944,2.7632646806473176,84.43797382711372,23.77187418099379
H3,map-mixed-01,7027,H3_map-mixed-01_seed401,2018,2.0,center,,success,1,0,0,70,1.6187785617127421,343.222808528846,0.9772374920613095,3.722347164744072,78.78279062262868,22.30252279386278
H3,map-mixed-01,7027,H3_map-mixed-01_seed401,2019,2.0,center,,success,1,0,0,68,1.3543382622572027,343.2467152266697,0.9771694287109893,3.96585116150068,89.88499228044448,24.256225237049694
H3,map-mixed-01,7027,H3_map-mixed-01_seed401,2020,2.0,center,,success,1,0,0,70,2.3381283647919258,341.57242509032574,0.9819592332029504,4.239151632125669,81.87697019758981,22.22694081479064
H3,map-mixed-01,7027,H3_map-mixed-01_seed401,2021,2.0,center,,success,1,0,0,70,2.6144801666882533,343.43195357279427,0.9766423687010665,2.9795126354824775,81.34813637943844,23.393220461573446
H3,map-mixed-01,7027,H3_map-mixed-01_seed401,2022,2.0,center,,success,1,0,0,69,2.9223325962970454,341.649981559306,0.9817363229295114,4.948091252039266,90.5803734766043,23.615945237307148
H3,map-mixed-01,7027,H3_map-mixed-01_seed401,2023,2.0,center,,success,1,0,0,66,0.8870817058055018,341.6748879759653,0.9816647591864067,0.8599854818651735,85.31231220406536,24.254122054325194
H3,map-mixed-01,7027,H3_map-mixed-01_seed401,2024,2.0,center,,success,1,0,0,69,1.2532822599137705,342.9334774196115,0.9780619820168867,1.7598667703417552,92.13971086869645,23.76936656859431
H3,map-mixed-01,7027,H3_map-mixed-01_seed401,2025,2.0,center,,success,1,0,0,68,1.4406715985504446,343.5623750429161,0.9762716204970662,2.2107168572418243,104.913263839306,24.874413286359367
H3,map-mixed-01,7027,H3_map-mixed-01_seed401,2026,2.0,center,,success,1,0,0,68,1.9581279415365807,342.442650232695,0.9794638500696458,4.718027469049593,85.54823223960081,24.017843257882905
H3,map-mixed-01,7027,H3_map-mixed-01_seed401,2027,2.0,center,,success,1,0,0,67,1.7255293636320388,341.6781975115041,0.9816552506651391,2.6732385661178704,92.28880928108615,23.36330553061001
H3,map-mixed-01,7027,H3_map-mixed-01_seed401,2028,2.0,center,,success,1,0,0,70,1.1155251171015392,342.603175601614,0.9790049261393605,4.45965588677339,80.45316477093309,22.435324528538036
H3,map-mixed-01,7027,H3_map-mixed-01_seed401,2029,2.0,center,,success,1,0,0,69,1.9182500408434808,342.6215892869978,0.9789523109823979,3.6052389544314067,84.84987795330812,23.654319891985498
H3,map-mixed-01,7027,H3_map-mixed-01_seed401,2030,2.0,center,,success,1,0,0,69,2.392898327153974,341.73221196836624,0.9815000894794694,4.8597466501988436,89.84909070569873,22.019176504749783
H3,map-mixed-01,7027,H3_map-mixed-01_seed401,2031,2.0,center,,success,1,0,0,71,2.086546964384004,343.1009994587769,0.9775844347701106,5.257373121474699,82.12939207011433,22.97780392378731
H3,map-mixed-01,7027,H3_map-mixed-01_seed401,2032,2.0,center,,success,1,0,0,70,2.10253185176703,343.34178225347375,0.9768988627703641,3.5390947410732565,89.18245176789739,22.86678734400773
H3,map-mixed-01,7027,H3_map-mixed-01_seed401,2033,2.0,center,,success,1,0,0,67,2.0157212938537357,340.8891973616456,0.9839273265944403,3.6294984528179057,90.64966635291923,24.11040562549427
H3,map-mixed-01,7027,H3_map-mixed-01_seed401,2034,2.0,center,,success,1,0,0,68,1.8002489022837476,343.5426639576258,0.9763276350047154,2.78945666090146,94.67935497481189,23.925142495259173
H3,map-mixed-01,7027,H3_map-mixed-01_seed401,2035,2.0,center,,success,1,0,0,69,2.782176844568501,341.71095746068,0.9815611390324335,3.7451740659175696,91.3463269559118,23.652631253842095
H3,map-mixed-01,7027,H3_map-mixed-01_seed401,2036,2.0,center,,success,1,0,0,67,0.9291566577260338,344.678489886351,0.9731103230014775,0.5256172625563235,78.56648917657817,24.301047985914597
H3,map-mixed-01,7027,H3_map-mixed-01_seed401,2037,2.0,center,,success,1,0,0,67,2.9785966624657374,341.64369544731807,0.9817543864985185,1.3934611959202314,84.78281414561903,24.24902602912492
H3,map-mixed-01,7027,H3_map-mixed-01_seed401,2038,2.0,center,,success,1,0,0,70,1.4242263224107437,343.6454926417752,0.9760354894996647,3.314256293355058,91.48425721427267,24.03587825616695
H3,map-mixed-01,7027,H3_map-mixed-01_seed401,2039,2.0,center,,success,1,0,0,69,2.0000722085286,342.5678723258653,0.9791058173310305,2.4399395587889883,88.73307414949625,23.510713280704014
H3,map-mixed-01,7027,H3_map-mixed-01_seed401,2040,2.0,center,,success,1,0,0,68,2.3569631244030314,340.3875168110066,0.9853774890669634,3.2816363395780925,93.23818369991227,23.709768086544734
H3,map-mixed-01,7027,H3_map-mixed-01_seed401,2041,2.0,center,,success,1,0,0,70,1.414263812514688,343.4700418603605,0.9765340662849752,4.528669634358772,88.23149705684212,22.666613741629714
H3,map-mixed-01,7027,H3_map-mixed-01_seed401,2042,2.0,center,,success,1,0,0,71,2.464589308007584,343.4470507411076,0.976599437675191,4.440189622730635,84.25525075964812,22.835126469578196
H3,map-mixed-01,7027,H3_map-mixed-01_seed401,2043,2.0,center,,success,1,0,0,68,1.8001384479211682,341.7175426801799,0.9815422234230609,2.9804963759809553,81.90044434565219,23.278445841054122
H3,map-mixed-01,7027,H3_map-mixed-01_seed401,2044,2.0,center,,success,1,0,0,72,0.38016569752225166,344.0247757887291,0.9749594221985601,4.592998690238307,86.69130285444855,21.996705003230222
H3,map-mixed-01,7027,H3_map-mixed-01_seed401,2045,2.0,center,,success,1,0,0,68,0.40912090669841966,343.9878155067546,0.975064178162387,1.9428298923449598,89.22599601707147,24.249819918350102
H3,map-mixed-01,7027,H3_map-mixed-01_seed401,2046,2.0,center,,success,1,0,0,69,2.4056377067091823,343.1565402379821,0.977426210184887,5.133191558805727,92.66742164304159,24.59307407627251
H3,map-mixed-01,7027,H3_map-mixed-01_seed401,2047,2.0,center,,success,1,0,0,70,0.19008064152605914,343.82473254406534,0.9755266706474688,5.117026754131272,82.6560696828103,22.93565514966007
H3,map-mixed-01,7027,H3_map-mixed-01_seed401,2048,2.0,center,,success,1,0,0,69,2.346586144275026,342.4479889927549,0.9794485802399169,2.6545760153088382,78.81957547682045,23.17923573149553
H3,map-mixed-01,7027,H3_map-mixed-01_seed401,2049,2.0,center,,success,1,0,0,69,1.468282022837587,342.4833357997675,0.9793474939203047,3.7015650452030076,86.2398091331852,23.1688292693012
H3,map-mixed-01,7027,H3_map-mixed-01_seed401,2050,2.0,center,,success,1,0,0,69,1.4347465726489652,343.80254086287107,0.9755896387012161,2.9372243683735277,85.26945342924125,23.75900511454868
H3,map-mixed-01,7027,H3_map-mixed-01_seed503,2001,0.0,center,,success,1,0,0,66,2.682708058430216,340.1608209370148,0.9860341814234803,4.049579678931544,53.09623926593907,24.2090244509761
H3,map-mixed-01,7027,H3_map-mixed-01_seed503,2002,0.0,center,,success,1,0,0,66,2.587641676666956,339.7416882770492,0.9872506324612464,4.182103567387152,52.13952240090791,24.073188480702907
H3,map-mixed-01,7027,H3_map-mixed-01_seed503,2003,0.0,center,,success,1,0,0,66,2.484504933573163,339.50876836105374,0.9879279355408972,4.318307497908734,52.548736812032345,24.088178418399224
H3,map-mixed-01,7027,H3_map-mixed-01_seed503,2004,0.0,center,,success,1,0,0,66,2.639260608435514,339.8487944838448,0.9869394921184946,4.118713003831552,53.17291936128382,24.077167592689687
H3,map-mixed-01,7027,H3_map-mixed-01_seed503,2005,0.0,center,,success,1,0,0,66,2.832063263676298,340.45670759948456,0.985177231460357,3.8724618795629824,49.36181431840764,24.066768991492864
H3,map-mixed-01,7027,H3_map-mixed-01_seed503,2006,0.0,center,,success,1,0,0,66,2.7294980785370115,340.3346510620228,0.9855305522911423,3.9489423271608226,49.430444401821575,24.10566085763117
H3,map-mixed-01,7027,H3_map-mixed-01_seed503,2007,0.0,center,,success,1,0,0,66,2.7329298823411095,340.27824683549676,0.9856939129791576,3.9703745529061876,53.21688293047019,24.16345996059523
H3,map-mixed-01,7027,H3_map-mixed-01_seed503,2008,0.0,center,,success,1,0,0,66,2.745772338916189,340.3246148017109,0.985559615840289,3.9432104655807065,51.33572171976826,24.129757733714953
H3,map-mixed-01,7027,H3_map-mixed-01_seed503,2009,0.0,center,,success,1,0,0,66,2.7175200098764445,340.0817942374705,0.9862633116748379,4.019723504939561,53.99015963956806,24.12694130560213
H3,map-mixed-01,7027,H3_map-mixed-01_seed503,2010,0.0,center,,success,1,0,0,66,2.5303496817230324,339.7602691757589,0.9871966414397321,4.2409504427445555,55.61668683537319,24.220103965623444
H3,map-mixed-01,7027,H3_map-mixed-01_seed503,2011,0.0,center,,success,1,0,0,66,2.602210680793931,339.8723906079068,0.9868709724406942,4.151346119551292,54.55728551106952,24.16705763149226
H3,map-mixed-01,7027,H3_map-mixed-01_seed503,2012,0.0,center,,success,1,0,0,66,2.537169667648697,339.78570990775603,0.9871227271918663,4.213737947403175,50.9924507843968,24.098399213033208
H3,map-mixed-01,7027,H3_map-mixed-01_seed503,2013,0.0,center,,success,1,0,0,66,2.5374748145726325,339.7146497439915,0.9873292096108693,4.2302327642589574,52.310792794248826,24.114967034647723
H3,map-mixed-01,7027,H3_map-mixed-01_seed503,2014,0.0,center,,success,1,0,0,66,2.553900134307434,339.93416960197965,0.9866916203737089,4.174656149024976,53.06483614476277,24.180419380451998
H3,map-mixed-01,7027,H3_map-mixed-01_seed503,2015,0.0,center,,success,1,0,0,66,2.7804222017125766,340.20152266229763,0.985916212250216,3.9565986871720424,53.03967978157581,24.095608836876647
H3,map-mixed-01,7027,H3_map-mixed-01_seed503,2016,0.0,center,,success,1,0,0,66,2.5867621375101097,340.10998612801177,0.9861815598049675,4.13125382868003,53.89896478410101,24.26902351847581
H3,map-mixed-01,7027,H3_map-mixed-01_seed503,2017,0.0,center,,success,1,0,0,66,2.821043429541936,340.48965591674255,0.9850818983675201,3.870986903156851,49.0701376227924,24.08179981315993
H3,map-mixed-01,7027,H3_map-mixed-01_seed503,2018,0.0,center,,success,1,0,0,66,2.7892376828432552,340.3617445373085,0.9854521020889959,3.943786652554919,53.367517172320234,24.196509540409064
H3,map-mixed-01,7027,H3_map-mixed-01_seed503,2019,0.0,center,,success,1,0,0,66,2.7664999500442824,340.23629401142233,0.9858154539318729,3.948165918545794,50.1296931673876,24.046675086409536
H3,map-mixed-01,7027,H3_map-mixed-01_seed503,2020,0.0,center,,success,1,0,0,66,2.716779508559692,340.2735368607061,0.9857075566892277,3.967599038011286,49.87226713272882,24.11069715689535
H3,map-mixed-01,7027,H3_map-mixed-01_seed503,2021,0.0,center,,success,1,0,0,66,2.611295206648157,339.77540548162403,0.9871526638296024,4.155370176538497,52.2175746659057,24.068791825118808
H3,map-mixed-01,7027,H3_map-mixed-01_seed503,2022,0.0,center,,success,1,0,0,66,2.600470048813017,339.93333175305156,0.9866940523167967,4.127019335718735,50.64753433674056,24.086539082137403
H3,map-mixed-01,7027,H3_map-mixed-01_seed503,2023,0.0,center,,success,1,0,0,66,2.5876021468093513,339.9234862501519,0.9867226308044451,4.160304755848237,55.29458721495776,24.24176476608294
H3,map-mixed-01,7027,H3_map-mixed-01_seed503,2024,0.0,center,,success,1,0,0,66,2.479691499077585,339.4978581966207,0.9879596837713042,4.324888073174478,52.56807635188933,24.089696309349954
H3,map-mixed-01,7027,H3_map-mixed-01_seed503,2025,0.0,center,,success,1,0,0,66,2.4864356497941675,339.502172061218,0.9879471303190612,4.318039487049397,52.653278603013874,24.09253594043632
H3,map-mixed-01,7027,H3_map-mixed-01_seed503,2026,0.0,center,,success,1,0,0,66,2.709719300981688,340.3643981438135,0.9854444191405949,3.9823396216167484,53.401234184068144,24.256592617922585
H3,map-mixed-01,7027,H3_map-mixed-01_seed503,2027,0.0,center,,success,1,0,0,66,2.6763064698654446,340.1066511776282,0.986191229908624,4.029709155211796,50.170776328971755,24.07682006704856
H3,map-mixed-01,7027,H3_map-mixed-01_seed503,2028,0.0,center,,success,1,0,0,66,2.5349159322814168,339.7955552396395,0.9870941260206354,4.243516090223672,57.09032793485215,24.299787832779668
H3,map-mixed-01,7027,H3_map-mixed-01_seed503,2029,0.0,center,,success,1,0,0,66,2.651184690984543,339.906944284359,0.9867706508060377,4.093484077927829,51.579090476547776,24.071893396713673
H3,map-mixed-01,7027,H3_map-mixed-01_seed503,2030,0.0,center,,success,1,0,0,66,2.784457440397385,340.2714668805349,0.9857135530635804,3.9320624547206307,50.05228647960246,24.042642010310324
H3,map-mixed-01,7027,H3_map-mixed-01_seed503,2031,0.0,center,,success,1,0,0,66,2.6575185429139325,340.22324808688035,0.9858532552111701,4.048284611878557,54.570582192850054,24.276279941216675
H3,map-mixed-01,7027,H3_map-mixed-01_seed503,2032,0.0,center,,success,1,0,0,66,2.7933706600687254,340.24037832757955,0.9858036199984452,3.935517751238894,50.4912816987858,24.052260488710836
H3,map-mixed-01,7027,H3_map-mixed-01_seed503,2033,0.0,center,,success,1,0,0,66,2.506453701194903,339.698340677454,0.9873766117198756,4.290571988638639,55.07847634081952,24.220366695245737
H3,map-mixed-01,7027,H3_map-mixed-01_seed503,2034,0.0,center,,success,1,0,0,66,2.815404868594094,340.6289176613901,0.9846791603242288,3.8764210302084834,51.354131472217524,24.211038891115415
H3,map-mixed-01,7027,H3_map-mixed-01_seed503,2035,0.0,center,,success,1,0,0,66,2.593993340496119,339.8321937781312,0.9869877038311157,4.156031765878851,52.00110467174137,24.10551122598826
H3,map-mixed-01,7027,H3_map-mixed-01_seed503,2036,0.0,center,,success,1,0,0,66,2.6664451775920655,340.1360309518047,0.9861060461203952,4.029992095890554,50.00191384131814,24.106548095532276
H3,map-mixed-01,7027,H3_map-mixed-01_seed503,2037,0.0,center,,success,1,0,0,66,2.5852154619233727,339.72881599487215,0.9872880392637378,4.189214701421783,53.36020886612694,24.08740989655003
H3,map-mixed-01,7027,H3_map-mixed-01_seed503,2038,0.0,center,,success,1,0,0,66,2.5232827716803317,339.66032705076304,0.9874871155465873,4.250763804590768,51.85196488485694,24.090176053343992
H3,map-mixed-01,7027,H3_map-mixed-01_seed503,2039,0.0,center,,success,1,0,0,66,2.725513719935783,340.26530985781386,0.9857313893241889,3.9632211870933496,49.71015305381642,24.103319860122
H3,map-mixed-01,7027,H3_map-mixed-01_seed503,2040,0.0,center,,success,1,0,0,66,2.485661144851272,339.6188205754434,0.98760780117149,4.299650543302285,54.157166907289835,24.149866926416077
H3,map-mixed-01,7027,H3_map-mixed-01_seed503,2041,0.0,center,,success,1,0,0,66,2.617242189329162,340.000037852413,0.9865004684810156,4.09804899475627,50.41365747388899,24.09432212382747
H3,map-mixed-01,7027,H3_map-mixed-01_seed503,2042,0.0,center,,success,1,0,0,66,2.7431455106524387,340.3615103303401,0.9854527801907857,3.935506016534299,49.35657061717451,24.102226810698234
H3,map-mixed-01,7027,H3_map-mixed-01_seed503,2043,0.0,center,,success,1,0,0,66,2.637221287538979,340.2255798908383,0.9858464984690016,4.058355002805436,54.76781018710193,24.31538889319689
H3,map-mixed-01,7027,H3_map-mixed-01_seed503,2044,0.0,center,,success,1,0,0,66,2.516766370213052,339.7123132343153,0.9873360003692906,4.24931321166622,53.15409830867054,24.136938070318433
H3,map-mixed-01,7027,H3_map-mixed-01_seed503,2045,0.0,center,,success,1,0,0,66,2.499914868997244,339.53808442371866,0.987842636840706,4.298571226776765,52.541828071370404,24.08570179591102
H3,map-mixed-01,7027,H3_map-mixed-01_seed503,2046,0.0,center,,success,1,0,0,66,2.486824925204716,339.49918566327716,0.9879558207766536,4.31832762394513,52.69524715076872,24.094561857752126
H3,map-mixed-01,7027,H3_map-mixed-01_seed503,2047,0.0,center,,success,1,0,0,66,2.661367140020154,340.19186506106695,0.9859442011194474,4.054068973353893,53.51897901050212,24.214753395868854
H3,map-mixed-01,7027,H3_map-mixed-01_seed503,2048,0.0,center,,success,1,0,0,66,2.4882852454496596,339.50723125728825,0.987932408340325,4.315337100792497,52.63634301850486,24.091474488964643
H3,map-mixed-01,7027,H3_map-mixed-01_seed503,2049,0.0,center,,success,1,0,0,66,2.5686749056437397,339.92658361123506,0.986713639932816,4.15536815704818,50.558102657500115,24.118252051268122
H3,map-mixed-01,7027,H3_map-mixed-01_seed503,2050,0.0,center,,success,1,0,0,66,2.7046219614605915,340.2197246397484,0.985863465089002,3.9858908261085184,49.804881444502755,24.1044189231232
H3,map-mixed-01,7027,H3_map-mixed-01_seed503,2001,0.5,center,,success,1,0,0,66,2.74607871293948,339.8159789276024,0.9870347994919552,4.098556381029903,52.94842697958829,23.98977655501801
H3,map-mixed-01,7027,H3_map-mixed-01_seed503,2002,0.5,center,,success,1,0,0,66,2.379617189586035,340.12428763370144,0.9861400929597541,4.440995387837248,52.398551115277975,24.08712521447457
H3,map-mixed-01,7027,H3_map-mixed-01_seed503,2003,0.5,center,,success,1,0,0,66,2.2280321696631855,339.5553302890825,0.9877924647491616,4.278723781169617,51.78519063283507,23.924008377887343
H3,map-mixed-01,7027,H3_map-mixed-01_seed503,2004,0.5,center,,success,1,0,0,67,1.520581402378904,342.28907648837713,0.979903302980099,3.801385528095635,52.86130037444468,24.293335378268665
H3,map-mixed-01,7027,H3_map-mixed-01_seed503,2005,0.5,center,,success,1,0,0,67,1.5093807119357054,343.71121810972744,0.975848849128605,3.832004220403515,49.03911788237409,24.508368702264363
H3,map-mixed-01,7027,H3_map-mixed-01_seed503,2006,0.5,center,,success,1,0,0,66,1.864511179053233,341.48300772403684,0.9822163593452474,3.94754801651667,48.602061997200806,24.39437589123103
H3,map-mixed-01,7027,H3_map-mixed-01_seed503,2007,0.5,center,,success,1,0,0,67,1.7060098315247152,342.8213862436166,0.9783817757116776,3.9351466228055934,52.97844977621718,24.604324589565017
H3,map-mixed-01,7027,H3_map-mixed-01_seed503,2008,0.5,center,,success,1,0,0,66,2.6156837664496337,340.6822981271945,0.98452487396261,4.010692904432091,51.352325711800944,24.33562553116742
H3,map-mixed-01,7027,H3_map-mixed-01_seed503,2009,0.5,center,,success,1,0,0,66,2.274286578341845,340.4754371046787,0.985123037001483,4.240122967520227,55.27250449851678,24.27547508761648
H3,map-mixed-01,7027,H3_map-mixed-01_seed503,2010,0.5,center,,success,1,0,0,66,2.0832866723093626,340.1132664961408,0.986172048154359,4.567098002783446,57.21731603361977,24.37330593089835
H3,map-mixed-01,7027,H3_map-mixed-01_seed503,2011,0.5,center,,success,1,0,0,67,1.6893573853781727,342.44269637056533,0.9794637181048627,4.03337958017228,52.388455974688256,24.390661234538364
H3,map-mixed-01,7027,H3_map-mixed-01_seed503,2012,0.5,center,,success,1,0,0,66,1.463334935695789,340.8698554151946,0.9839831574910723,4.670008888553355,52.13336788498596,24.323700353750617
H3,map-mixed-01,7027,H3_map-mixed-01_seed503,2013,0.5,center,,success,1,0,0,66,2.199387209835616,339.8716896333265,0.9868730078307747,4.633563731304804,53.93127331371697,24.07987546354497
H3,map-mixed-01,7027,H3_map-mixed-01_seed503,2014,0.5,center,,success,1,0,0,66,1.0862687634701969,341.8061626434625,0.981287739316843,4.466285169144436,54.435893250058314,24.516750341451566
H3,map-mixed-01,7027,H3_map-mixed-01_seed503,2015,0.5,center,,success,1,0,0,67,1.3567293861134215,342.41024353952065,0.9795565493538039,4.022430367108973,52.96018977029508,24.129036057232057
H3,map-mixed-01,7027,H3_map-mixed-01_seed503,2016,0.5,center,,success,1,0,0,66,1.4130054697435737,341.48126895666974,0.9822213606320187,4.58543786876529,52.75383444021632,24.553809574615027
H3,map-mixed-01,7027,H3_map-mixed-01_seed503,2017,0.5,center,,success,1,0,0,66,1.4629554656885304,341.93234778480223,0.9809256094017215,4.06582017581723,48.91283754574162,24.346889932517723
H3,map-mixed-01,7027,H3_map-mixed-01_seed503,2018,0.5,center,,success,1,0,0,66,2.590218936728629,340.2778945002296,0.9856949336000496,3.8530041032553366,55.441335851816,23.941069649111434
H3,map-mixed-01,7027,H3_map-mixed-01_seed503,2019,0.5,center,,success,1,0,0,66,2.1672069493211774,340.87273715398567,0.9839748388955215,4.3826759913605144,52.514529849417094,24.376106199343003
H3,map-mixed-01,7027,H3_map-mixed-01_seed503,2020,0.5,center,,success,1,0,0,67,1.1353325292118757,342.9294809407908,0.9780733802903326,3.8917798669397294,52.726392194311025,24.222843477496987
H3,map-mixed-01,7027,H3_map-mixed-01_seed503,2021,0.5,center,,success,1,0,0,67,1.8548251694157407,342.2188776105872,0.9801043091685715,3.8158797301726226,49.643846578301236,24.22160149878884
H3,map-mixed-01,7027,H3_map-mixed-01_seed503,2022,0.5,center,,success,1,0,0,66,1.7714982052946824,340.407684174412,0.9853191106376935,4.193821966047189,52.535167136016184,23.892716252891717
H3,map-mixed-01,7027,H3_map-mixed-01_seed503,2023,0.5,center,,success,1,0,0,66,0.48436935028894107,342.4656112837156,0.9793981806456413,4.700566554419872,54.478432818774536,24.48814330751051
H3,map-mixed-01,7027,H3_map-mixed-01_seed503,2024,0.5,center,,success,1,0,0,66,2.9243593851700975,339.1568308887716,0.9889530921314929,4.064940477920672,53.685962293772015,24.199759489919966
H3,map-mixed-01,7027,H3_map-mixed-01_seed503,2025,0.5,center,,success,1,0,0,66,0.6947632724717968,341.4805249866565,0.9822235005585597,4.72418718153591,51.42336012311281,24.415128661237087
H3,map-mixed-01,7027,H3_map-mixed-01_seed503,2026,0.5,center,,success,1,0,0,66,0.9377786922229413,341.9846629392369,0.9807755521614238,4.636221750270607,55.85217568997548,24.37693680344073
H3,map-mixed-01,7027,H3_map-mixed-01_seed503,2027,0.5,center,,success,1,0,0,66,1.5478322215689047,341.5081547102434,0.9821440337480409,4.2829781063738395,50.45084728081682,24.527835254338857
H3,map-mixed-01,7027,H3_map-mixed-01_seed503,2028,0.5,center,,success,1,0,0,67,1.4143834372290045,341.5805259623913,0.9819359452063665,3.974032411372066,59.03771542224571,24.262979428845384
H3,map-mixed-01,7027,H3_map-mixed-01_seed503,2029,0.5,center,,success,1,0,0,67,2.295224437746777,342.17953145401606,0.9802170083047259,4.341712469722083,48.258793627118386,24.235341833771898
H3,map-mixed-01,7027,H3_map-mixed-01_seed503,2030,0.5,center,,success,1,0,0,66,2.69346513788343,340.2293986601153,0.9858354332279171,4.145511058460115,52.81139703962438,23.948855665361524
H3,map-mixed-01,7027,H3_map-mixed-01_seed503,2031,0.5,center,,success,1,0,0,66,2.8988533266934944,339.53603090320985,0.9878486113321578,4.197455097844104,55.78876815774035,24.083595338324525
H3,map-mixed-01,7027,H3_map-mixed-01_seed503,2032,0.5,center,,success,1,0,0,67,1.196850462213777,342.7144099881671,0.9786871717373926,3.8341663505094647,50.540349110098454,23.962778968700498
H3,map-mixed-01,7027,H3_map-mixed-01_seed503,2033,0.5,center,,success,1,0,0,66,0.8523998705026888,341.7300882968505,0.9815061889827151,4.870076856503438,53.2852962257581,24.42661232889406
H3,map-mixed-01,7027,H3_map-mixed-01_seed503,2034,0.5,center,,success,1,0,0,66,1.6132062034612007,341.9319580196045,0.980926727550099,4.480355229990174,53.705489923881984,24.588178448635322
H3,map-mixed-01,7027,H3_map-mixed-01_seed503,2035,0.5,center,,success,1,0,0,67,1.5333722328785035,342.4663642354079,0.9793960273260907,4.181389104186515,51.65096079803329,24.36524549587039
H3,map-mixed-01,7027,H3_map-mixed-01_seed503,2036,0.5,center,,success,1,0,0,66,0.8342009235841505,342.3074877163633,0.9798505982518562,4.4635641296542445,51.03215999079069,24.62488128477573
H3,map-mixed-01,7027,H3_map-mixed-01_seed503,2037,0.5,center,,success,1,0,0,66,0.8225526660255312,341.947595344337,0.9808818695952944,4.621707049189871,54.00053788138347,24.33938290575672
H3,map-mixed-01,7027,H3_map-mixed-01_seed503,2038,0.5,center,,success,1,0,0,67,1.6348684118627286,341.9220213635598,0.9809552344343817,3.9241367756821868,49.107462270839015,24.341239659514528
H3,map-mixed-01,7027,H3_map-mixed-01_seed503,2039,0.5,center,,success,1,0,0,67,1.9783119546469807,342.86273063560685,0.9782637967188131,3.9041265156765546,48.60198348006858,24.355257326242178
H3,map-mixed-01,7027,H3_map-mixed-01_seed503,2040,0.5,center,,success,1,0,0,66,2.6403338573550106,339.5773093586653,0.9877285300906385,4.487881291445824,56.16159002147627,24.406881566695077
H3,map-mixed-01,7027,H3_map-mixed-01_seed503,2041,0.5,center,,success,1,0,0,67,1.9221266839975342,342.3068975341537,0.9798522876434382,3.956336295956337,49.21835132302672,24.31562159161705
H3,map-mixed-01,7027,H3_map-mixed-01_seed503,2042,0.5,center,,success,1,0,0,67,1.784081222401779,342.2283235914441,0.9800772569174748,3.888456160297099,46.74540275542768,24.059311600757628
H3,map-mixed-01,7027,H3_map-mixed-01_seed503,2043,0.5,center,,success,1,0,0,66,2.14165888743147,340.9883949293976,0.9836410904670697,4.197623240573876,54.89786606398215,24.465850403877255
H3,map-mixed-01,7027,H3_map-mixed-01_seed503,2044,0.5,center,,success,1,0,0,67,2.1907717478659245,340.44396273810696,0.9852141125586333,4.240483291425613,52.513440786236636,23.883147815759244
H3,map-mixed-01,7027,H3_map-mixed-01_seed503,2045,0.5,center,,success,1,0,0,66,1.8328778647716606,340.45556728744924,0.9851805311844969,4.372845689711276,51.4709763550121,24.305245615971454
H3,map-mixed-01,7027,H3_map-mixed-01_seed503,2046,0.5,center,,success,1,0,0,66,1.5016625392803835,340.3094008292823,0.98560367655911,4.7754467438276365,53.812078173873964,24.12701113256931
H3,map-mixed-01,7027,H3_map-mixed-01_seed503,2047,0.5,center,,success,1,0,0,66,2.869904860214368,339.6866122307648,0.9874107031251171,4.161499148786126,55.541352158985674,24.10052009016657
H3,map-mixed-01,7027,H3_map-mixed-01_seed503,2048,0.5,center,,success,1,0,0,66,2.4421988580447915,339.5818125383576,0.9877154318654273,4.205009704900249,53.4204539688303,24.088271211163363
H3,map-mixed-01,7027,H3_map-mixed-01_seed503,2049,0.5,center,,success,1,0,0,66,2.582444178630389,339.6221643549459,0.9875980775931473,4.0854483463200415,50.61542706298394,23.94027485232031
H3,map-mixed-01,7027,H3_map-mixed-01_seed503,2050,0.5,center,,success,1,0,0,66,2.7170731280266196,340.54772344945815,0.9849139299113472,4.124477751136496,49.981785883002516,24.40503268863721
H3,map-mixed-01,7027,H3_map-mixed-01_seed503,2001,1.5,center,,success,1,0,0,67,1.8603192139199873,340.8853909395607,0.9839383134035129,4.725070018797275,52.95916926515212,23.504990057495814
H3,map-mixed-01,7027,H3_map-mixed-01_seed503,2002,1.5,center,,success,1,0,0,66,2.212855273223645,340.77965513193845,0.9842436060189946,4.40209231865958,48.69399425628549,24.087823230145325
H3,map-mixed-01,7027,H3_map-mixed-01_seed503,2003,1.5,center,,success,1,0,0,66,1.2949560847982455,340.0329408830721,0.9864050105083988,4.320355108204657,52.1586632248406,23.647970579787476
H3,map-mixed-01,7027,H3_map-mixed-01_seed503,2004,1.5,center,,success,1,0,0,67,1.8936154169014305,340.89790569959695,0.9839021918795116,3.874923684255497,57.22095901031354,24.121107633972255
H3,map-mixed-01,7027,H3_map-mixed-01_seed503,2005,1.5,center,,success,1,0,0,67,0.7735239032355143,344.50108220061446,0.9736114455212305,5.200287428681833,47.91824711861113,25.700201537132838
H3,map-mixed-01,7027,H3_map-mixed-01_seed503,2006,1.5,center,,success,1,0,0,66,1.9502161366496138,342.76095393529954,0.9785542745580099,3.7138444874811074,46.755000996174445,24.744927235876403
H3,map-mixed-01,7027,H3_map-mixed-01_seed503,2007,1.5,center,,success,1,0,0,67,2.2369896018505506,342.25076668590316,0.9800129883501107,3.9370635862276657,53.44826665369263,24.952183256046013
H3,map-mixed-01,7027,H3_map-mixed-01_seed503,2008,1.5,center,,success,1,0,0,66,2.3822239864510446,341.43389286581316,0.9823576499969437,4.353489355206015,50.34443936429086,24.850779087855773
H3,map-mixed-01,7027,H3_map-mixed-01_seed503,2009,1.5,center,,success,1,0,0,66,1.2129460102699883,341.4158759870904,0.9824094900544432,4.736514934033998,57.94248527512511,24.634143714458087
H3,map-mixed-01,7027,H3_map-mixed-01_seed503,2010,1.5,center,,success,1,0,0,66,0.2571499324620566,341.9558414085357,0.9808582162053283,4.898332886267959,58.45335461677367,24.57025046552389
H3,map-mixed-01,7027,H3_map-mixed-01_seed503,2011,1.5,center,,success,1,0,0,67,2.4380918135753853,341.52071929981946,0.9821079005473557,3.788576320950817,52.31826687931894,24.56299140728258
H3,map-mixed-01,7027,H3_map-mixed-01_seed503,2012,1.5,center,,success,1,0,0,65,2.0331558296798757,340.19722351716604,0.985928671484422,4.807354573410776,56.496754271662205,24.42865449100311
H3,map-mixed-01,7027,H3_map-mixed-01_seed503,2013,1.5,center,,success,1,0,0,66,1.407719405352234,340.32840745685246,0.9855486326615049,4.4758419776630545,56.63370080731579,24.153691638420288
H3,map-mixed-01,7027,H3_map-mixed-01_seed503,2014,1.5,center,,success,1,0,0,65,1.100348243292637,342.08467926902654,0.9804887998541173,3.199303257402427,50.91997578746603,25.269077967375896
H3,map-mixed-01,7027,H3_map-mixed-01_seed503,2015,1.5,center,,success,1,0,0,68,2.0610148501624503,342.0597935948727,0.9805601327767278,4.525952474218755,55.05486823685007,23.55254929634896
H3,map-mixed-01,7027,H3_map-mixed-01_seed503,2016,1.5,center,,success,1,0,0,66,0.4293246419391728,343.49636377149943,0.976459235091321,3.941710773937239,53.06470218249738,25.186075462923725
H3,map-mixed-01,7027,H3_map-mixed-01_seed503,2017,1.5,center,,success,1,0,0,66,0.2205620119233855,343.8422862504524,0.9754768684287365,4.51818191310798,50.04137300485044,24.87138945397039
H3,map-mixed-01,7027,H3_map-mixed-01_seed503,2018,1.5,center,,success,1,0,0,67,1.2177308305516021,342.22495366304037,0.9800869078507297,4.805903125986382,57.4730156311468,23.610261101929442
H3,map-mixed-01,7027,H3_map-mixed-01_seed503,2019,1.5,center,,success,1,0,0,66,1.5983790286639168,341.7661333915875,0.9814026723375292,4.927270537006537,51.079525017447395,24.726639948734086
H3,map-mixed-01,7027,H3_map-mixed-01_seed503,2020,1.5,center,,success,1,0,0,67,1.800621379983899,340.7135175404999,0.9844346624289686,4.9567304824407685,55.44313446776214,24.012884658607305
H3,map-mixed-01,7027,H3_map-mixed-01_seed503,2021,1.5,center,,success,1,0,0,67,2.462759940634438,341.5824633188071,0.9819303759511862,3.591698211304962,49.07876957711899,23.97235564012785
H3,map-mixed-01,7027,H3_map-mixed-01_seed503,2022,1.5,center,,success,1,0,0,66,1.0483680106444042,340.87698201049295,0.9839625857009137,4.666720963212425,54.89425929314969,23.633765767081048
H3,map-mixed-01,7027,H3_map-mixed-01_seed503,2023,1.5,center,,success,1,0,0,64,2.9066826504826424,339.7178172743714,0.9873200037491001,3.2504314594913986,53.80653808175454,24.732646551650788
H3,map-mixed-01,7027,H3_map-mixed-01_seed503,2024,1.5,center,,success,1,0,0,67,2.071171873482755,341.7951056332257,0.9813194837988441,3.563708779843037,54.85284813634641,24.717021673985183
H3,map-mixed-01,7027,H3_map-mixed-01_seed503,2025,1.5,center,,success,1,0,0,66,0.7856172057447112,342.4535420526005,0.9794326979787812,3.808322795704344,55.26716771240751,25.139432830042278
H3,map-mixed-01,7027,H3_map-mixed-01_seed503,2026,1.5,center,,success,1,0,0,65,1.4587713621337755,341.91767334488367,0.9809677088164107,4.780455852177375,60.08082676361053,24.48306619226576
H3,map-mixed-01,7027,H3_map-mixed-01_seed503,2027,1.5,center,,success,1,0,0,66,1.1342072048163956,342.61313050081685,0.978976480366297,4.053969471932358,47.02991486594212,25.036022656426802
H3,map-mixed-01,7027,H3_map-mixed-01_seed503,2028,1.5,center,,success,1,0,0,68,1.5998288776082803,341.74283160095615,0.9814695894385808,4.99559045739467,62.29109410450233,23.903713734807837
H3,map-mixed-01,7027,H3_map-mixed-01_seed503,2029,1.5,center,,success,1,0,0,87,2.7692817891820436,367.9876399334198,0.9114713654123122,4.911733140396258,48.55403924876605,24.562104944595962
H3,map-mixed-01,7027,H3_map-mixed-01_seed503,2030,1.5,center,,success,1,0,0,67,2.304949118555723,342.5798808181295,0.9790714966213463,4.59990296528042,53.904387880201384,23.890871273636677
H3,map-mixed-01,7027,H3_map-mixed-01_seed503,2031,1.5,center,,success,1,0,0,67,2.1884406836230474,339.9144601566905,0.9867488322513679,4.6604925553279735,64.32811610878731,23.770593628070205
H3,map-mixed-01,7027,H3_map-mixed-01_seed503,2032,1.5,center,,success,1,0,0,67,2.03592966091121,340.65446123517415,0.9846053253164788,4.635754378955681,55.639180306511086,23.385049004230524
H3,map-mixed-01,7027,H3_map-mixed-01_seed503,2033,1.5,center,,success,1,0,0,65,2.417707198437099,340.1538193401552,0.9860544775760901,4.378616846824267,52.71923691366558,24.727518450527512
H3,map-mixed-01,7027,H3_map-mixed-01_seed503,2034,1.5,center,,success,1,0,0,66,1.2419634930384547,343.0909973380805,0.9776129342573702,4.155143489327874,54.6904207190955,25.131021866999536
H3,map-mixed-01,7027,H3_map-mixed-01_seed503,2035,1.5,center,,success,1,0,0,67,1.2452215285224504,341.89574407184796,0.9810306283148217,4.46574830204348,55.331552595756236,24.431619637278484
H3,map-mixed-01,7027,H3_map-mixed-01_seed503,2036,1.5,center,,success,1,0,0,65,0.5197486842283875,343.35330299149314,0.9768660843005741,3.3029596354159048,51.175600984312844,25.422537660715413
H3,map-mixed-01,7027,H3_map-mixed-01_seed503,2037,1.5,center,,success,1,0,0,65,0.0749390115328915,343.1092197824399,0.9775610134803336,3.2737512442623578,50.518886573053344,24.92780004773228
H3,map-mixed-01,7027,H3_map-mixed-01_seed503,2038,1.5,center,,success,1,0,0,67,2.3263998201314298,340.5672782702405,0.9848573777508365,4.080902284226488,53.02772373714731,24.427067991276143
H3,map-mixed-01,7027,H3_map-mixed-01_seed503,2039,1.5,center,,success,1,0,0,67,2.6356093118019355,342.1009453056852,0.9804421800859446,3.8334666974121965,50.13794542741988,24.34677407061019
H3,map-mixed-01,7027,H3_map-mixed-01_seed503,2040,1.5,center,,success,1,0,0,66,2.6126800372064247,339.78485656775825,0.9871252062644016,4.934396999232661,58.97762987970501,24.932446817819528
H3,map-mixed-01,7027,H3_map-mixed-01_seed503,2041,1.5,center,,success,1,0,0,86,2.8892063076885464,364.4997512218392,0.9201932113825603,4.222954941175158,50.37549524589495,25.00746218885517
H3,map-mixed-01,7027,H3_map-mixed-01_seed503,2042,1.5,center,,success,1,0,0,68,2.7246333405226175,342.366379071303,0.9796820515343716,4.924245249405949,46.12432796942458,23.410837457233317
H3,map-mixed-01,7027,H3_map-mixed-01_seed503,2043,1.5,center,,success,1,0,0,66,1.4984015332439422,342.2485518174547,0.9800193305240525,4.612054178466282,52.69230864604113,24.883621752887375
H3,map-mixed-01,7027,H3_map-mixed-01_seed503,2044,1.5,center,,success,1,0,0,68,2.979133996876282,339.08263211482443,0.9891694969248311,4.79914149014455,51.64773876162596,22.860093812599402
H3,map-mixed-01,7027,H3_map-mixed-01_seed503,2045,1.5,center,,success,1,0,0,66,2.2291042914574835,340.91495035186335,0.983852999930882,3.454866553866529,46.610310920077154,24.82423395345444
H3,map-mixed-01,7027,H3_map-mixed-01_seed503,2046,1.5,center,,success,1,0,0,65,1.8799546143415715,339.4709779044094,0.9880379132716778,4.3104758228570015,58.631516723787236,24.05016034925798
H3,map-mixed-01,7027,H3_map-mixed-01_seed503,2047,1.5,center,,success,1,0,0,67,1.803288124889816,341.52211427936703,0.9821038890342575,4.715586144071682,55.06108784592501,23.948592620122
H3,map-mixed-01,7027,H3_map-mixed-01_seed503,2048,1.5,center,,success,1,0,0,66,1.8086235516928937,340.2819610876198,0.9856831539142421,4.073063972694267,55.174005841124675,23.957087018287588
H3,map-mixed-01,7027,H3_map-mixed-01_seed503,2049,1.5,center,,success,1,0,0,66,2.1431644046653067,339.5188946731589,0.9878984701215356,4.236111365959384,55.11403055534633,23.767412827590015
H3,map-mixed-01,7027,H3_map-mixed-01_seed503,2050,1.5,center,,success,1,0,0,67,1.2457841980687248,343.62410936960816,0.9760962268924948,5.119916950495501,43.11983389566269,25.47073273200776
H3,map-mixed-01,7027,H3_map-mixed-01_seed503,2001,2.0,center,,success,1,0,0,67,1.8097205215826357,340.5351837404541,0.9849501979231852,4.819398450257617,52.48603726726273,23.245953703120872
H3,map-mixed-01,7027,H3_map-mixed-01_seed503,2002,2.0,center,,success,1,0,0,66,2.365869849240285,340.90976761102155,0.983867957129559,4.077400145847332,48.83085364989637,24.557925731907268
H3,map-mixed-01,7027,H3_map-mixed-01_seed503,2003,2.0,center,,success,1,0,0,66,0.2913049326636931,340.9385133976232,0.9837850035844814,4.399151688804146,54.253511541450834,23.765816468730446
H3,map-mixed-01,7027,H3_map-mixed-01_seed503,2004,2.0,center,,success,1,0,0,67,2.2263579573434287,340.26595349198266,0.985729524752089,4.306347513683427,57.557753375763575,24.08255385436719
H3,map-mixed-01,7027,H3_map-mixed-01_seed503,2005,2.0,center,,success,1,0,0,67,0.5077632155206827,345.0172544050868,0.9721548483229229,4.182201629907343,47.72116410249072,26.143992291172705
H3,map-mixed-01,7027,H3_map-mixed-01_seed503,2006,2.0,center,,success,1,0,0,66,2.323990496679277,343.29621823238887,0.9770285217587743,2.8697139776565495,50.25003863158173,25.087155399655682
H3,map-mixed-01,7027,H3_map-mixed-01_seed503,2007,2.0,center,,success,1,0,0,67,2.249884238707657,342.2487963379451,0.9800186303468427,3.988725659345306,51.23970745414379,24.963185995211465
H3,map-mixed-01,7027,H3_map-mixed-01_seed503,2008,2.0,center,,success,1,0,0,66,2.512172788618792,341.60757686881817,0.9818581885663807,4.418825308295689,45.96904400209867,25.32307868503081
H3,map-mixed-01,7027,H3_map-mixed-01_seed503,2009,2.0,center,,success,1,0,0,66,0.6273542622399071,341.93259564344703,0.9809248983525402,4.976682166309942,60.42774925533015,24.814349949794572
H3,map-mixed-01,7027,H3_map-mixed-01_seed503,2010,2.0,center,,success,1,0,0,65,2.9901870808115625,339.2896738390573,0.988565884808127,4.653889554583697,58.78160464338746,24.382610639380864
H3,map-mixed-01,7027,H3_map-mixed-01_seed503,2011,2.0,center,,success,1,0,0,67,2.662374062374334,341.22613632968125,0.9829557613397656,3.6955527729655486,51.63437287560176,24.64360095067624
H3,map-mixed-01,7027,H3_map-mixed-01_seed503,2012,2.0,center,,success,1,0,0,65,0.7052115979049983,341.64261737723103,0.9817574844727849,4.795835783369119,57.679359672275105,24.6590891300183
H3,map-mixed-01,7027,H3_map-mixed-01_seed503,2013,2.0,center,,success,1,0,0,66,1.7163361007277211,340.0159287591344,0.9864543636206273,4.125494215880337,58.51869893918799,23.992618996745183
H3,map-mixed-01,7027,H3_map-mixed-01_seed503,2014,2.0,center,,success,1,0,0,65,0.27277914186884994,343.3719210861755,0.9768131172868707,3.9269548372646526,51.488545127169765,26.214464222193342
H3,map-mixed-01,7027,H3_map-mixed-01_seed503,2015,2.0,center,,success,1,0,0,68,2.3429620093608743,340.6362849007868,0.9846578638052594,4.332754000913205,56.373063435253414,23.04607196635963
H3,map-mixed-01,7027,H3_map-mixed-01_seed503,2016,2.0,center,,success,1,0,0,65,2.7046172108594733,340.9263011226936,0.9838202436140591,3.6909002987551265,51.63844156275648,25.068249569209037
H3,map-mixed-01,7027,H3_map-mixed-01_seed503,2017,2.0,center,,success,1,0,0,65,1.6801794914281183,342.2018807330319,0.9801529901194146,3.9655658503007003,49.26244716777062,24.968644103570696
H3,map-mixed-01,7027,H3_map-mixed-01_seed503,2018,2.0,center,,success,1,0,0,67,1.8597344900664023,341.0731167172154,0.9833967562534632,4.478293589846942,58.31824162650469,23.36805061762323
H3,map-mixed-01,7027,H3_map-mixed-01_seed503,2019,2.0,center,,success,1,0,0,66,1.53672499453446,342.0298740652928,0.9806459086113026,4.645932561967298,49.89823744779504,24.994205226163974
H3,map-mixed-01,7027,H3_map-mixed-01_seed503,2020,2.0,center,,success,1,0,0,67,2.724194060393974,339.56137295417227,0.9877748864863848,4.418626344191956,56.72943489175834,24.13495871105744
H3,map-mixed-01,7027,H3_map-mixed-01_seed503,2021,2.0,center,,success,1,0,0,67,2.6256687285970868,341.3672927792632,0.9825493060398532,3.691016199219456,49.4303964668093,23.997181799894708
H3,map-mixed-01,7027,H3_map-mixed-01_seed503,2022,2.0,center,,success,1,0,0,66,0.490994715980573,341.4916754353028,0.9821914288171675,4.810300055441556,56.666054838038065,23.427262754112203
H3,map-mixed-01,7027,H3_map-mixed-01_seed503,2023,2.0,center,,success,1,0,0,64,1.2483158994442891,341.4402450203993,0.9823393742144528,3.349568928243208,53.21415992255385,24.979757914283947
H3,map-mixed-01,7027,H3_map-mixed-01_seed503,2024,2.0,center,,success,1,0,0,67,2.223629630065044,341.6739248297013,0.9816675264059005,3.2962076262947235,52.293479328184375,24.780395385888667
H3,map-mixed-01,7027,H3_map-mixed-01_seed503,2025,2.0,center,,success,1,0,0,65,0.7333006555426422,341.78023247955315,0.9813621876011634,3.557155694761111,54.7300778118271,25.31608886047236
H3,map-mixed-01,7027,H3_map-mixed-01_seed503,2026,2.0,center,,success,1,0,0,65,1.440513740016345,343.64896728705077,0.9760256207748169,4.905304275752743,61.746859134808716,24.60571804328241
H3,map-mixed-01,7027,H3_map-mixed-01_seed503,2027,2.0,center,,success,1,0,0,65,2.725110097014489,341.2986900068666,0.9827468034472103,3.6878785630808064,45.77267711778268,25.059842535662888
H3,map-mixed-01,7027,H3_map-mixed-01_seed503,2028,2.0,center,,success,1,0,0,68,1.875238976684214,340.29778125349856,0.9856373303095703,4.424896329583689,63.26615758610718,23.644782271520487
H3,map-mixed-01,7027,H3_map-mixed-01_seed503,2029,2.0,center,,success,1,0,0,87,1.9149941115515143,366.8693082560685,0.9142498134263602,5.026783565691296,54.44143219642651,25.08296763428273
H3,map-mixed-01,7027,H3_map-mixed-01_seed503,2030,2.0,center,,success,1,0,0,67,2.2949666760843646,342.569394745468,0.9791014660669881,4.790409089391672,49.88149040947337,23.57501783977538
H3,map-mixed-01,7027,H3_map-mixed-01_seed503,2031,2.0,center,,success,1,0,0,67,2.4881299592502764,339.1228955848286,0.9890520545554512,5.078969668735297,68.30273110893906,23.6673288239882
H3,map-mixed-01,7027,H3_map-mixed-01_seed503,2032,2.0,center,,success,1,0,0,67,2.637920238032455,339.78753063193903,0.987117437774042,4.052790509324581,56.15033406011449,23.316136294829924
H3,map-mixed-01,7027,H3_map-mixed-01_seed503,2033,2.0,center,,success,1,0,0,65,1.113493666384648,342.4499166882639,0.9794430667953593,4.832629053461255,51.830574279248594,25.06883872597068
H3,map-mixed-01,7027,H3_map-mixed-01_seed503,2034,2.0,center,,success,1,0,0,65,2.158007503845029,341.4899577356896,0.9821963692547973,4.011265221353581,54.81108895716151,25.227410513601292
H3,map-mixed-01,7027,H3_map-mixed-01_seed503,2035,2.0,center,,success,1,0,0,67,1.1636933953060575,341.8670282235506,0.9811130320694164,4.638638566736333,56.76510546303699,24.590257763618702
H3,map-mixed-01,7027,H3_map-mixed-01_seed503,2036,2.0,center,,success,1,0,0,64,2.7377205993178353,341.5322192217457,0.9820748314442264,3.288478681097868,49.82570382680408,25.73547895287788
H3,map-mixed-01,7027,H3_map-mixed-01_seed503,2037,2.0,center,,success,1,0,0,64,2.621619707347506,340.8080026309103,0.9841617392658835,3.8077760361975947,51.18802179153356,25.089657895718002
H3,map-mixed-01,7027,H3_map-mixed-01_seed503,2038,2.0,center,,success,1,0,0,67,2.6918658011280714,340.13153539441544,0.9861190795967445,4.472930582940095,54.866304349379135,24.5885887097814
H3,map-mixed-01,7027,H3_map-mixed-01_seed503,2039,2.0,center,,success,1,0,0,67,2.7005904597730113,341.9327315391988,0.9809245084994661,3.7871227753210412,50.874939414176914,24.238132714628378
H3,map-mixed-01,7027,H3_map-mixed-01_seed503,2040,2.0,center,,success,1,0,0,66,2.598292189078916,339.893877116437,0.9868085870522093,4.968243207543434,59.92316182802453,25.239119685077913
H3,map-mixed-01,7027,H3_map-mixed-01_seed503,2041,2.0,center,,success,1,0,0,87,1.9936896294158644,366.32506409812527,0.9156081019209873,4.4877336367807095,53.683167538900435,24.87767731708601
H3,map-mixed-01,7027,H3_map-mixed-01_seed503,2042,2.0,center,,success,1,0,0,68,2.838439820629208,341.6174101729002,0.9818299262183678,4.455180041333037,47.61574286483712,23.153143654720967
H3,map-mixed-01,7027,H3_map-mixed-01_seed503,2043,2.0,center,,success,1,0,0,66,1.3375237094654984,342.7202337408635,0.9786705411696753,4.425164612618499,51.38685109196293,25.57187968072371
H3,map-mixed-01,7027,H3_map-mixed-01_seed503,2044,2.0,center,,success,1,0,0,69,2.333540274013973,339.9758461583048,0.9865706649900934,4.330355649030301,49.43648788359955,22.35352484559941
H3,map-mixed-01,7027,H3_map-mixed-01_seed503,2045,2.0,center,,success,1,0,0,66,1.8684605015545888,342.5625400259976,0.9791210580103525,2.8016339357590527,44.820590180170704,24.869549140582574
H3,map-mixed-01,7027,H3_map-mixed-01_seed503,2046,2.0,center,,success,1,0,0,65,1.2249385874147296,340.030054172791,0.9864133846666541,3.941776679656554,61.74283440023594,24.05552711955854
H3,map-mixed-01,7027,H3_map-mixed-01_seed503,2047,2.0,center,,success,1,0,0,67,1.9483280532796132,340.85432269915714,0.9840279975589639,4.751563253540201,54.7413251240657,23.714608580815316
H3,map-mixed-01,7027,H3_map-mixed-01_seed503,2048,2.0,center,,success,1,0,0,66,1.269793084994608,340.9358427159009,0.983792709951189,4.154121963289824,53.36142325495939,23.981012987769763
H3,map-mixed-01,7027,H3_map-mixed-01_seed503,2049,2.0,center,,success,1,0,0,66,2.1619574788998106,339.2914693652007,0.9885606533300294,4.345217191122707,57.219926513991105,23.73585312435751
H3,map-mixed-01,7027,H3_map-mixed-01_seed503,2050,2.0,center,,success,1,0,0,67,1.3447314413433347,343.9681500711611,0.9751199247825063,4.819119473237244,42.35369522890946,26.387926812450385
