config,map_id,map_seed,unit,eval_seed,wind_scale,apf_basis,apf_d0,status,success,collision,timeout,steps,final_dist_m,path_length_m,path_efficiency,min_obstacle_distance_m,jitter_index,acceleration_index
H0,map-random-01,7001,H0_map-random-01_seed101,2001,1.0,center,,collision,0,1,0,96,80.88181242410427,278.1775826845983,nan,-0.6867137912249319,18.649562298489148,7.899010860916299
H0,map-random-01,7001,H0_map-random-01_seed101,2002,1.0,center,,success,1,0,0,139,2.947969971847138,368.5180950446303,0.9101593683869114,2.4218957595589927,14.232710641911183,9.955197788297205
H0,map-random-01,7001,H0_map-random-01_seed101,2003,1.0,center,,collision,0,1,0,94,78.29762792275662,281.18228123868136,nan,0.23490160170310048,13.054476719605299,8.078459862255968
H0,map-random-01,7001,H0_map-random-01_seed101,2004,1.0,center,,collision,0,1,0,95,80.41916534471714,278.22439550121214,nan,-1.1477506852205295,13.697163030563793,7.6950771475770505
H0,map-random-01,7001,H0_map-random-01_seed101,2005,1.0,center,,success,1,0,0,139,2.9389140798312336,367.0672324957444,0.9137568459719625,1.4578147655415705,14.075058640106771,9.799922616434959
H0,map-random-01,7001,H0_map-random-01_seed101,2006,1.0,center,,success,1,0,0,137,2.962926328969962,368.4179450664847,0.9104067842418488,2.5415971700859217,14.48681093202728,10.255501757977184
H0,map-random-01,7001,H0_map-random-01_seed101,2007,1.0,center,,success,1,0,0,140,2.9084214828328925,367.1625700393813,0.9135195795938373,1.636139594147946,15.748090342262072,9.826592034897438
H0,map-random-01,7001,H0_map-random-01_seed101,2008,1.0,center,,success,1,0,0,138,2.9920722542440266,368.42951895532815,0.9103781846145633,2.479708542886892,14.522655998968851,10.035139714399069
H0,map-random-01,7001,H0_map-random-01_seed101,2009,1.0,center,,success,1,0,0,138,2.920708347301357,368.5884919619788,0.9099855365521483,0.8626092403824908,15.496217965111374,10.25195374507573
H0,map-random-01,7001,H0_map-random-01_seed101,2010,1.0,center,,collision,0,1,0,92,81.16919731119968,277.33325164176415,nan,-0.3319764163765626,17.562553578473366,8.033763303552963
H0,map-random-01,7001,H0_map-random-01_seed101,2011,1.0,center,,success,1,0,0,138,2.8228845151315762,365.95808451661964,0.9165262657552689,1.2511449890156996,15.865592755341943,9.993478887653719
H0,map-random-01,7001,H0_map-random-01_seed101,2012,1.0,center,,collision,0,1,0,93,78.55447204413655,280.30317815609914,nan,0.36807521181597735,13.582268934152781,8.018478390818702
H0,map-random-01,7001,H0_map-random-01_seed101,2013,1.0,center,,collision,0,1,0,93,82.15112748326798,275.49183278048736,nan,-0.07850043514123684,13.647217296965062,7.691602417854487
H0,map-random-01,7001,H0_map-random-01_seed101,2014,1.0,center,,success,1,0,0,135,2.95306540956057,368.4494554673882,0.9103289247625336,2.548518550489902,15.153585884686214,10.326538314798333
H0,map-random-01,7001,H0_map-random-01_seed101,2015,1.0,center,,collision,0,1,0,96,81.33835036914806,277.6170533570997,nan,-0.5380347763320685,13.278769269142895,7.647939436711261
H0,map-random-01,7001,H0_map-random-01_seed101,2016,1.0,center,,success,1,0,0,136,2.777100424924372,368.6691808484712,0.9097863723054933,2.1863017268561955,16.722746436436736,10.325816078460768
H0,map-random-01,7001,H0_map-random-01_seed101,2017,1.0,center,,success,1,0,0,137,2.914907349541257,368.9551688076496,0.9090811702378686,2.483899978860821,13.977185102487871,10.19477423845049
H0,map-random-01,7001,H0_map-random-01_seed101,2018,1.0,center,,collision,0,1,0,96,78.96550887883032,280.7629418229833,nan,0.3489895980000455,17.322786690441298,7.686322013912743
H0,map-random-01,7001,H0_map-random-01_seed101,2019,1.0,center,,success,1,0,0,135,2.9603311682910554,368.05195399900447,0.9113120932537576,1.716190379512658,14.258058852986135,10.316200502169693
H0,map-random-01,7001,H0_map-random-01_seed101,2020,1.0,center,,collision,0,1,0,95,82.22346677416594,275.8784304930109,nan,-0.06693661089353498,12.688061168783596,7.360700580767929
H0,map-random-01,7001,H0_map-random-01_seed101,2021,1.0,center,,success,1,0,0,137,2.947647127354407,366.95663011540057,0.9140322563990426,0.9171616667881678,14.303264921685754,10.226796377894207
H0,map-random-01,7001,H0_map-random-01_seed101,2022,1.0,center,,collision,0,1,0,94,79.8438164775925,277.53519994083763,nan,-1.3919332171425367,12.888437148112573,7.510845575064678
H0,map-random-01,7001,H0_map-random-01_seed101,2023,1.0,center,,success,1,0,0,136,2.851901015021137,369.0529710917755,0.908840255730008,1.9833749923320905,17.045085691350813,10.469890297586598
H0,map-random-01,7001,H0_map-random-01_seed101,2024,1.0,center,,success,1,0,0,140,2.9558596341954475,365.5812571432562,0.9174709864667243,0.8436657919866661,14.37845477978944,9.869260169180215
H0,map-random-01,7001,H0_map-random-01_seed101,2025,1.0,center,,success,1,0,0,136,2.9151863808325524,367.0850425087285,0.9137125128627194,0.7954286281547382,14.54051994582901,10.257317957548066
H0,map-random-01,7001,H0_map-random-01_seed101,2026,1.0,center,,collision,0,1,0,92,80.69408886322681,277.7253759238444,nan,-0.7775410016969602,17.576967480185118,8.007905833369357
H0,map-random-01,7001,H0_map-random-01_seed101,2027,1.0,center,,success,1,0,0,134,2.741791634750834,367.03557807634286,0.9138356515269581,0.9848643060929823,14.202185214887539,10.320341382256798
H0,map-random-01,7001,H0_map-random-01_seed101,2028,1.0,center,,collision,0,1,0,96,79.77640591054836,278.01875695820684,nan,-1.120217264012183,16.39123219183813,7.612800397143414
H0,map-random-01,7001,H0_map-random-01_seed101,2029,1.0,center,,success,1,0,0,141,2.880222078297777,369.4235337159704,0.9079286131317424,3.754531496660721,13.827000148821648,9.80967302776865
H0,map-random-01,7001,H0_map-random-01_seed101,2030,1.0,center,,collision,0,1,0,95,82.24981937172126,275.3093590726027,nan,-0.5865125738561687,12.964816384831044,7.483000766486148
H0,map-random-01,7001,H0_map-random-01_seed101,2031,1.0,center,,collision,0,1,0,96,80.79334356930548,278.0533202364662,nan,-0.9129284619648672,16.552051096877907,8.070373817736154
H0,map-random-01,7001,H0_map-random-01_seed101,2032,1.0,center,,collision,0,1,0,95,81.26801063377115,277.8891480024755,nan,-0.2995626331848342,12.698041524440255,7.409174607686632
H0,map-random-01,7001,H0_map-random-01_seed101,2033,1.0,center,,success,1,0,0,134,2.90731758269302,367.04395074192234,0.9138148059571309,1.0866653038116292,17.889111614067215,10.594521134860873
H0,map-random-01,7001,H0_map-random-01_seed101,2034,1.0,center,,success,1,0,0,136,2.995601241622288,369.7738015575103,0.9070685787154196,2.8708893761704672,18.313214761022095,10.426619671977612
H0,map-random-01,7001,H0_map-random-01_seed101,2035,1.0,center,,collision,0,1,0,94,79.06085109577926,280.70197413588266,nan,0.8370862570828166,13.618914496960715,8.047154354799476
H0,map-random-01,7001,H0_map-random-01_seed101,2036,1.0,center,,success,1,0,0,134,2.9446934483911416,368.13870503158114,0.9110973446712021,1.560674440669203,14.136137621752349,10.469495579183999
H0,map-random-01,7001,H0_map-random-01_seed101,2037,1.0,center,,success,1,0,0,137,2.8750740519822577,367.5441903018144,0.9125710743775909,1.5405598577378965,14.99217767549409,10.167842700552317
H0,map-random-01,7001,H0_map-random-01_seed101,2038,1.0,center,,collision,0,1,0,94,81.48004114346776,277.20353196576946,nan,-0.14415666128702753,12.598859320158477,7.7340500901236275
H0,map-random-01,7001,H0_map-random-01_seed101,2039,1.0,center,,collision,0,1,0,94,81.01699221323001,277.9368688721521,nan,-0.3146911954605116,12.849185130570245,7.702542720766402
H0,map-random-01,7001,H0_map-random-01_seed101,2040,1.0,center,,success,1,0,0,139,2.874813143438149,366.1242792841151,0.9161102270540428,0.9462849820454267,14.943370045096836,9.908297358506964
H0,map-random-01,7001,H0_map-random-01_seed101,2041,1.0,center,,success,1,0,0,141,2.8145095470363843,366.5350924404431,0.9150834491501465,0.3495561743174278,14.501028491224389,9.901910508869937
H0,map-random-01,7001,H0_map-random-01_seed101,2042,1.0,center,,collision,0,1,0,95,81.31498309348339,277.5544922748224,nan,-0.28257809569345227,12.53438719196456,7.5104314047403085
H0,map-random-01,7001,H0_map-random-01_seed101,2043,1.0,center,,success,1,0,0,138,2.7128543466587876,369.2645348866823,0.9083195512612581,2.8496224752136703,17.233918259150816,10.283610662289414
H0,map-random-01,7001,H0_map-random-01_seed101,2044,1.0,center,,collision,0,1,0,97,82.71376275958995,273.9570251203088,nan,-0.5776068850354221,13.477032094375264,7.3298591188026245
H0,map-random-01,7001,H0_map-random-01_seed101,2045,1.0,center,,success,1,0,0,138,2.7709542106284375,372.0197737484917,0.9015923891500629,4.004387760058521,13.532682439987711,10.239728999406692
H0,map-random-01,7001,H0_map-random-01_seed101,2046,1.0,center,,collision,0,1,0,93,80.20988489906313,277.16403644190666,nan,-1.671425234746522,13.34723148841475,7.787066290086329
H0,map-random-01,7001,H0_map-random-01_seed101,2047,1.0,center,,collision,0,1,0,95,81.67506193787962,276.7429543799858,nan,-0.41942693671239795,17.670923374565717,7.899250675335302
H0,map-random-01,7001,H0_map-random-01_seed101,2048,1.0,center,,success,1,0,0,140,2.975527746145447,366.02789495124813,0.9163514618732606,1.3794661964699912,14.154404015028714,9.784851350706079
H0,map-random-01,7001,H0_map-random-01_seed101,2049,1.0,center,,collision,0,1,0,93,82.12191180065086,274.44759974788934,nan,-0.9872361125601543,13.317098672418032,7.755454213519446
H0,map-random-01,7001,H0_map-random-01_seed101,2050,1.0,center,,success,1,0,0,138,2.879803362751259,367.78591254911834,0.9119712995537151,1.9087952231051106,14.10788789622873,10.091859041068789
H0,map-random-01,7001,H0_map-random-01_seed211,2001,1.0,center,,success,1,0,0,386,2.868255880703804,524.5606348250927,0.6394116797132637,3.0380891846976144,18.49088708892315,9.741506681604989
H0,map-random-01,7001,H0_map-random-01_seed211,2002,1.0,center,,success,1,0,0,141,2.0074685128400143,398.75941124283895,0.8411342457838777,7.473977409670154,14.96042748583216,10.319508214888648
H0,map-random-01,7001,H0_map-random-01_seed211,2003,1.0,center,,success,1,0,0,138,2.7342525961544277,390.17930007825623,0.8596309352077288,6.311246096069127,16.664358976991842,10.209243671730006
H0,map-random-01,7001,H0_map-random-01_seed211,2004,1.0,center,,success,1,0,0,137,2.7092394351006366,384.7633580419879,0.8717311293149862,4.806059831681386,14.815770644967865,10.060352649490179
H0,map-random-01,7001,H0_map-random-01_seed211,2005,1.0,center,,success,1,0,0,138,1.937245710920798,392.4354165661095,0.8546889053997129,6.616289506005821,16.236360918651425,10.262701269533151
H0,map-random-01,7001,H0_map-random-01_seed211,2006,1.0,center,,success,1,0,0,139,2.2223284041018116,396.1069619654362,0.8467667292710598,6.5562237407419,16.233098323076927,10.333524212776208
H0,map-random-01,7001,H0_map-random-01_seed211,2007,1.0,center,,success,1,0,0,139,2.0076666243009043,393.7810915641558,0.8517681620838379,6.856794265998391,13.815154409743814,10.218525861160657
H0,map-random-01,7001,H0_map-random-01_seed211,2008,1.0,center,,success,1,0,0,140,2.587102837526002,398.3767243082121,0.8419422525435288,8.840411991399403,12.999319215796174,10.35183367225283
H0,map-random-01,7001,H0_map-random-01_seed211,2009,1.0,center,,success,1,0,0,140,2.447219288875625,395.0729399150266,0.8489829667835753,5.287075465705859,13.558607092143678,10.247703482417185
H0,map-random-01,7001,H0_map-random-01_seed211,2010,1.0,center,,success,1,0,0,138,2.585164498725612,391.57566375663816,0.8565654806204296,6.076584734274542,13.45890418942265,10.308441976815397
H0,map-random-01,7001,H0_map-random-01_seed211,2011,1.0,center,,success,1,0,0,138,2.5671316346412665,390.8963365401072,0.8580540805108168,7.179768169563489,14.562180887398101,10.180981362841665
H0,map-random-01,7001,H0_map-random-01_seed211,2012,1.0,center,,success,1,0,0,137,2.760830695637151,389.0861436607504,0.8620461100702093,5.787402695976593,13.414579243658935,10.298951218558663
H0,map-random-01,7001,H0_map-random-01_seed211,2013,1.0,center,,success,1,0,0,139,2.8358033092452626,390.618013018744,0.8586654620274095,5.2766218615231475,15.593302268891952,10.234477868676288
H0,map-random-01,7001,H0_map-random-01_seed211,2014,1.0,center,,success,1,0,0,140,2.1162259804971657,398.64162784099244,0.8413827688832204,6.286622257814507,15.149959002432917,10.506004206979707
H0,map-random-01,7001,H0_map-random-01_seed211,2015,1.0,center,,success,1,0,0,137,2.9550086610065,383.53867730527037,0.8745146616804048,3.7714717533809505,14.512691454041336,10.055704135254178
H0,map-random-01,7001,H0_map-random-01_seed211,2016,1.0,center,,success,1,0,0,140,2.203143935102053,398.98851738644294,0.8406512518757645,7.313491832019446,13.78540738567814,10.380572414278378
H0,map-random-01,7001,H0_map-random-01_seed211,2017,1.0,center,,success,1,0,0,142,2.3656541152014317,402.19823464287856,0.8339424883920419,6.567259543527341,14.671465558750697,10.365369886531735
H0,map-random-01,7001,H0_map-random-01_seed211,2018,1.0,center,,success,1,0,0,138,2.7375115435594877,386.42581271923825,0.8679808273280758,3.5771888702500156,12.985025954620395,9.97814287859737
H0,map-random-01,7001,H0_map-random-01_seed211,2019,1.0,center,,success,1,0,0,142,1.9125610811435554,400.97254129610207,0.8364916847941505,6.825820578633324,16.02564120392206,10.384121372518043
H0,map-random-01,7001,H0_map-random-01_seed211,2020,1.0,center,,success,1,0,0,136,2.9813672927912815,382.3268332000688,0.8772865713284916,3.5617454710477627,13.032442396875782,10.00459050460845
H0,map-random-01,7001,H0_map-random-01_seed211,2021,1.0,center,,success,1,0,0,140,1.9315741034429128,393.2012678487549,0.8530241991843835,5.817979947280101,14.643656466159868,10.174261294336786
H0,map-random-01,7001,H0_map-random-01_seed211,2022,1.0,center,,success,1,0,0,139,2.9210980706071354,388.7624556664777,0.86276385935971,5.7740766708072915,13.18935362465395,9.981576166795364
H0,map-random-01,7001,H0_map-random-01_seed211,2023,1.0,center,,success,1,0,0,141,2.068263308837625,402.9752748803039,0.8323344322417688,7.28589807678363,15.280898597988273,10.484124222634481
H0,map-random-01,7001,H0_map-random-01_seed211,2024,1.0,center,,success,1,0,0,138,2.2932612451785617,391.9808127025451,0.8556801398324941,7.52620522821011,14.523742752801581,10.22026726774805
H0,map-random-01,7001,H0_map-random-01_seed211,2025,1.0,center,,success,1,0,0,139,2.799536916730464,395.3159825765939,0.8484610069110513,5.865656071255124,14.614453353585908,10.423361338418363
H0,map-random-01,7001,H0_map-random-01_seed211,2026,1.0,center,,success,1,0,0,138,2.489212027836103,391.1310176937078,0.8575392424837707,5.67588478317316,13.483171063941581,10.326271265583408
H0,map-random-01,7001,H0_map-random-01_seed211,2027,1.0,center,,success,1,0,0,139,2.002110646291695,397.1868581310631,0.844464487579522,7.508851122055583,14.961674523556223,10.412026556965634
H0,map-random-01,7001,H0_map-random-01_seed211,2028,1.0,center,,success,1,0,0,137,2.879300822148591,383.91969805910526,0.8736467504028183,2.91226300624485,13.154068493886973,10.181609592889266
H0,map-random-01,7001,H0_map-random-01_seed211,2029,1.0,center,,success,1,0,0,139,2.797348521291084,396.17966242666137,0.8466113443848415,9.070763152142934,14.583360941683809,10.325153267485476
H0,map-random-01,7001,H0_map-random-01_seed211,2030,1.0,center,,success,1,0,0,135,2.752213700815461,380.5834487179138,0.8813052636810081,2.8317100717340984,14.505769069172668,10.053090518285728
H0,map-random-01,7001,H0_map-random-01_seed211,2031,1.0,center,,success,1,0,0,353,2.9422497560632856,513.1905226912857,0.6535783140849962,3.6908720795037944,19.098783887860147,9.913926723963423
H0,map-random-01,7001,H0_map-random-01_seed211,2032,1.0,center,,success,1,0,0,138,2.51042017049663,386.9727850115521,0.8667539672459282,4.45429167491324,15.41541424980496,10.10160254965511
H0,map-random-01,7001,H0_map-random-01_seed211,2033,1.0,center,,success,1,0,0,138,2.8998027703605875,393.48153069364037,0.8524166205049012,5.384666436358169,15.262008312593924,10.588103785847542
H0,map-random-01,7001,H0_map-random-01_seed211,2034,1.0,center,,success,1,0,0,141,1.654931981891655,399.1558309120817,0.840298877404715,6.267571019036387,14.619574308935144,10.292383741576295
H0,map-random-01,7001,H0_map-random-01_seed211,2035,1.0,center,,success,1,0,0,140,2.0695046159133517,392.48220154898297,0.8545870240770861,5.563188106724039,14.758086622845578,10.17671070284386
H0,map-random-01,7001,H0_map-random-01_seed211,2036,1.0,center,,success,1,0,0,139,2.0366154890867976,398.0492374690813,0.8426349432487524,7.898764315628255,15.398578676166254,10.41094805643513
H0,map-random-01,7001,H0_map-random-01_seed211,2037,1.0,center,,success,1,0,0,138,1.964781882515024,394.75655638422415,0.8496633968468082,5.572875260892956,14.737837019100569,10.425600063013588
H0,map-random-01,7001,H0_map-random-01_seed211,2038,1.0,center,,success,1,0,0,138,2.691843764854101,389.2476608308842,0.8616884065764332,5.3575143086741654,15.26790727407022,10.087086463308363
H0,map-random-01,7001,H0_map-random-01_seed211,2039,1.0,center,,success,1,0,0,137,2.784308049806565,387.5664313515963,0.8654263359581,5.63570537075437,15.17645960495368,10.146573417619045
H0,map-random-01,7001,H0_map-random-01_seed211,2040,1.0,center,,success,1,0,0,138,2.3544050288228995,391.77769365466236,0.8561237713564679,6.0559956796062115,17.19737700588078,10.350184628397955
H0,map-random-01,7001,H0_map-random-01_seed211,2041,1.0,center,,success,1,0,0,137,2.628711418105317,386.51818250405006,0.867773398012017,6.013057056864184,15.160085393020927,10.055890057116098
H0,map-random-01,7001,H0_map-random-01_seed211,2042,1.0,center,,success,1,0,0,139,2.898584629826927,388.71879890407763,0.8628607558229674,4.958844167031106,16.410339452787674,10.08610041105093
H0,map-random-01,7001,H0_map-random-01_seed211,2043,1.0,center,,success,1,0,0,138,2.4798628101904474,393.9492544850424,0.8514045725594931,8.404261396002905,15.199354983396324,10.280867096606807
H0,map-random-01,7001,H0_map-random-01_seed211,2044,1.0,center,,success,1,0,0,138,2.5950005553998716,380.58750522287806,0.8812958702586596,2.1390384597455636,16.246387958002202,9.951225480155886
H0,map-random-01,7001,H0_map-random-01_seed211,2045,1.0,center,,success,1,0,0,141,2.8139760711103246,402.2887416300134,0.8337548678740967,8.897896408206234,15.437207968414516,10.514828043164124
H0,map-random-01,7001,H0_map-random-01_seed211,2046,1.0,center,,success,1,0,0,138,2.371670905210852,389.4979307715936,0.8611347330151984,5.248283207307417,14.88430861480654,10.145569611413185
H0,map-random-01,7001,H0_map-random-01_seed211,2047,1.0,center,,success,1,0,0,139,2.6151405375513637,386.75623491917264,0.8672392746171633,3.2340459109794684,14.033438455345765,9.971422380545102
H0,map-random-01,7001,H0_map-random-01_seed211,2048,1.0,center,,success,1,0,0,139,2.7643095647675153,391.74724493306616,0.8561903139415227,5.751034164922611,14.143292404476705,10.067629038209022
H0,map-random-01,7001,H0_map-random-01_seed211,2049,1.0,center,,success,1,0,0,136,2.8311680852513827,384.7209820036678,0.871827148283196,5.454152116763359,13.898015978314989,10.176725667746236
H0,map-random-01,7001,H0_map-random-01_seed211,2050,1.0,center,,success,1,0,0,139,2.2627478499147626,395.959096268073,0.8470829431277629,6.852372607813356,13.535745053135711,10.386778067500279
H0,map-random-01,7001,H0_map-random-01_seed307,2001,1.0,center,,collision,0,1,0,95,84.7982956615411,271.79329718548195,nan,-0.2728514143889811,20.09383865675039,9.10593808806094
H0,map-random-01,7001,H0_map-random-01_seed307,2002,1.0,center,,collision,0,1,0,93,80.60551123222616,276.9354500204811,nan,-1.2753047047184083,14.117139606902425,8.792759058167562
H0,map-random-01,7001,H0_map-random-01_seed307,2003,1.0,center,,collision,0,1,0,93,82.0091116657214,274.44783230954073,nan,-1.7711857868410448,14.547272706492382,9.50283961655913
H0,map-random-01,7001,H0_map-random-01_seed307,2004,1.0,center,,collision,0,1,0,95,81.98203724769745,274.87120081106264,nan,-1.812865379517902,16.003225317776664,9.1011646607078
H0,map-random-01,7001,H0_map-random-01_seed307,2005,1.0,center,,collision,0,1,0,93,82.52796974524568,273.9395901197674,nan,-1.044762223875182,14.17002880419962,8.52891058517243
H0,map-random-01,7001,H0_map-random-01_seed307,2006,1.0,center,,collision,0,1,0,91,83.27907438770919,274.19679884373426,nan,-0.05948462330010784,14.844050522540147,9.833165752284202
H0,map-random-01,7001,H0_map-random-01_seed307,2007,1.0,center,,collision,0,1,0,93,82.50437864605426,275.0449927318842,nan,-0.27603132755302795,17.34290693632347,8.794944148423633
H0,map-random-01,7001,H0_map-random-01_seed307,2008,1.0,center,,collision,0,1,0,92,82.4665428130987,275.13613592485405,nan,-0.14405116191294098,15.634654546241952,8.735033088685434
H0,map-random-01,7001,H0_map-random-01_seed307,2009,1.0,center,,collision,0,1,0,93,81.1372861065955,276.2932477714021,nan,-1.738721025945523,16.153635065873285,9.22069422468466
H0,map-random-01,7001,H0_map-random-01_seed307,2010,1.0,center,,collision,0,1,0,92,82.58767957947586,274.07829927086635,nan,-0.961610958809274,19.195548883798647,9.132530106753931
H0,map-random-01,7001,H0_map-random-01_seed307,2011,1.0,center,,collision,0,1,0,93,83.06984954392257,273.0774600004559,nan,-0.8139893811448502,18.48446924470436,9.052860656479712
H0,map-random-01,7001,H0_map-random-01_seed307,2012,1.0,center,,collision,0,1,0,93,80.57090396220913,276.4545899557239,nan,-1.8671792462286163,15.474442034299802,9.121068861407412
H0,map-random-01,7001,H0_map-random-01_seed307,2013,1.0,center,,collision,0,1,0,93,83.54549410046317,273.1076458330237,nan,-0.7171675078038078,15.674541062562358,9.762716028674067
H0,map-random-01,7001,H0_map-random-01_seed307,2014,1.0,center,,collision,0,1,0,91,80.13008747951666,276.9713013963746,nan,-1.6478817506084056,15.948613075337516,9.28628509641118
H0,map-random-01,7001,H0_map-random-01_seed307,2015,1.0,center,,collision,0,1,0,96,83.12985352956332,274.02177505102,nan,-0.7695586288427734,14.293529713035898,8.639666725120327
H0,map-random-01,7001,H0_map-random-01_seed307,2016,1.0,center,,collision,0,1,0,91,81.58671472659557,275.2880543046809,nan,-0.8966159149736228,18.288650514238302,8.568638170317895
H0,map-random-01,7001,H0_map-random-01_seed307,2017,1.0,center,,collision,0,1,0,92,79.80503346492206,279.26595121552367,nan,-0.6827083944864967,13.91022928758187,9.444536279494496
H0,map-random-01,7001,H0_map-random-01_seed307,2018,1.0,center,,collision,0,1,0,95,83.26634576618736,274.0624750153677,nan,-0.8746668911933,19.488470502950307,9.189772178057439
H0,map-random-01,7001,H0_map-random-01_seed307,2019,1.0,center,,collision,0,1,0,92,80.59557645798645,277.4004528430794,nan,-1.7698798778106521,14.450922482130297,9.24664834759835
H0,map-random-01,7001,H0_map-random-01_seed307,2020,1.0,center,,collision,0,1,0,95,83.68662095069966,272.66395375260333,nan,-0.771459679131226,14.780420869491753,8.593594633345397
H0,map-random-01,7001,H0_map-random-01_seed307,2021,1.0,center,,collision,0,1,0,93,83.66267585787357,272.9888382310821,nan,-0.2977612346143701,14.40304779231006,9.222993288644483
H0,map-random-01,7001,H0_map-random-01_seed307,2022,1.0,center,,collision,0,1,0,94,82.88892357269248,273.9952185446575,nan,-0.6625479276425636,14.729410679326886,8.56491644889057
H0,map-random-01,7001,H0_map-random-01_seed307,2023,1.0,center,,collision,0,1,0,90,81.32530788729532,276.6893549605518,nan,-0.8406820582062977,18.76429758653368,9.780910494115473
H0,map-random-01,7001,H0_map-random-01_seed307,2024,1.0,center,,collision,0,1,0,94,81.62601925791118,275.4452787485045,nan,-1.1357233966593725,14.962139790795304,9.126818936163698
H0,map-random-01,7001,H0_map-random-01_seed307,2025,1.0,center,,collision,0,1,0,91,82.27029333529097,274.74305952751774,nan,-0.8131876164555365,14.203255063552858,9.55688469807469
H0,map-random-01,7001,H0_map-random-01_seed307,2026,1.0,center,,collision,0,1,0,92,82.39446523679477,273.88078631334173,nan,-1.182544005196732,19.244086673344864,8.890572416370082
H0,map-random-01,7001,H0_map-random-01_seed307,2027,1.0,center,,collision,0,1,0,91,81.5128808028705,275.6092908863388,nan,-1.2671399620785309,14.344711219028188,9.183808768348754
H0,map-random-01,7001,H0_map-random-01_seed307,2028,1.0,center,,collision,0,1,0,96,82.72032766816216,274.27291165564236,nan,-0.8334532211335386,19.345979519894716,8.888672961564385
H0,map-random-01,7001,H0_map-random-01_seed307,2029,1.0,center,,collision,0,1,0,93,82.45279816718252,274.60495865696583,nan,-0.49433409437041576,15.184022750475073,8.630680349772083
H0,map-random-01,7001,H0_map-random-01_seed307,2030,1.0,center,,collision,0,1,0,95,83.89835775168137,272.16501238892306,nan,-1.2795020731073237,14.17772261373494,9.141343108280939
H0,map-random-01,7001,H0_map-random-01_seed307,2031,1.0,center,,collision,0,1,0,96,81.99558674909542,275.9797952804479,nan,-2.133249752894372,16.694588580932248,10.287295851467226
H0,map-random-01,7001,H0_map-random-01_seed307,2032,1.0,center,,collision,0,1,0,95,82.00492550520434,275.0064154549473,nan,-1.8815604468144187,15.080778423385222,8.85437884025101
H0,map-random-01,7001,H0_map-random-01_seed307,2033,1.0,center,,collision,0,1,0,92,79.58876453399046,278.1803978801638,nan,-0.9750003132907636,19.063587577422744,9.457562149488906
H0,map-random-01,7001,H0_map-random-01_seed307,2034,1.0,center,,collision,0,1,0,91,82.95841315437929,274.8098285792898,nan,-0.08256351889295388,20.771821173098544,9.401191787257776
H0,map-random-01,7001,H0_map-random-01_seed307,2035,1.0,center,,collision,0,1,0,93,82.40253132304765,275.06842085881993,nan,-1.0882678307356173,15.452269304391386,9.741959947981625
H0,map-random-01,7001,H0_map-random-01_seed307,2036,1.0,center,,collision,0,1,0,90,82.58151644573594,274.6020815572122,nan,-0.4763838851462907,14.67096445962877,9.27987588383821
H0,map-random-01,7001,H0_map-random-01_seed307,2037,1.0,center,,collision,0,1,0,91,81.73046540227516,275.49401207258353,nan,-0.8797958127565977,15.480291935900508,9.44740737532231
H0,map-random-01,7001,H0_map-random-01_seed307,2038,1.0,center,,collision,0,1,0,94,83.55383594942761,273.1385663142177,nan,-0.10249874805849402,14.357738749880337,8.92924783054544
H0,map-random-01,7001,H0_map-random-01_seed307,2039,1.0,center,,collision,0,1,0,94,81.7693728450644,274.6690606728332,nan,-1.8744593177771947,14.731768700861053,9.140267853818662
H0,map-random-01,7001,H0_map-random-01_seed307,2040,1.0,center,,collision,0,1,0,93,82.50151061061747,273.6661869914105,nan,-0.9009006421163406,15.227828493841768,8.934638048336549
H0,map-random-01,7001,H0_map-random-01_seed307,2041,1.0,center,,collision,0,1,0,94,83.80984114859223,272.3171675781313,nan,-1.01888852284317,14.136571286399013,9.428246349832056
H0,map-random-01,7001,H0_map-random-01_seed307,2042,1.0,center,,collision,0,1,0,94,84.6383850037033,271.4416624714819,nan,-0.42346926276402996,14.943858407058977,8.988690573561769
H0,map-random-01,7001,H0_map-random-01_seed307,2043,1.0,center,,collision,0,1,0,92,83.26116742972661,273.14845656505446,nan,-0.4883261329682398,20.502148980610187,9.25382169415663
H0,map-random-01,7001,H0_map-random-01_seed307,2044,1.0,center,,collision,0,1,0,98,82.39898125421678,273.6844879101097,nan,-1.7331634024484543,14.831244741324193,8.289831075470998
H0,map-random-01,7001,H0_map-random-01_seed307,2045,1.0,center,,collision,0,1,0,91,81.28797715710218,276.71289697004903,nan,-0.8228759006610886,13.699428707153624,9.32085539709375
H0,map-random-01,7001,H0_map-random-01_seed307,2046,1.0,center,,collision,0,1,0,93,82.55825862843383,273.6120285154829,nan,-1.433252546310058,14.719252515723113,9.422425821147504
H0,map-random-01,7001,H0_map-random-01_seed307,2047,1.0,center,,collision,0,1,0,95,82.87815255034774,273.3697011325421,nan,-1.4947046047350199,18.858388691841864,8.928860725539975
H0,map-random-01,7001,H0_map-random-01_seed307,2048,1.0,center,,collision,0,1,0,94,81.11877580305692,275.84261087477086,nan,-1.4709172190962079,15.100164177737208,8.648316382945236
H0,map-random-01,7001,H0_map-random-01_seed307,2049,1.0,center,,collision,0,1,0,94,82.11160683327776,274.4417249133739,nan,-1.7348970218671127,15.534382176681442,9.584268768559918
H0,map-random-01,7001,H0_map-random-01_seed307,2050,1.0,center,,collision,0,1,0,92,81.72081464959993,275.29951570136063,nan,-1.082696491056268,15.365620196577579,8.953532289497673
H0,map-random-01,7001,H0_map-random-01_seed401,2001,1.0,center,,success,1,0,0,129,2.267479820009045,367.93382066500453,0.9116046902639916,6.108202428413756,14.378809778235842,9.785322389314267
H0,map-random-01,7001,H0_map-random-01_seed401,2002,1.0,center,,success,1,0,0,136,2.8440125763121893,372.6229255240653,0.9001330128929668,7.132513487425826,14.434851931175043,10.240946867127816
H0,map-random-01,7001,H0_map-random-01_seed401,2003,1.0,center,,success,1,0,0,124,2.0826930527547307,365.3960385912109,0.9179360507523474,4.617881201949221,14.448493429562419,9.95873721573235
H0,map-random-01,7001,H0_map-random-01_seed401,2004,1.0,center,,success,1,0,0,129,2.9122151899086055,369.07920924629127,0.9087756455041741,7.233520879978536,14.24815069854899,9.813258184528987
H0,map-random-01,7001,H0_map-random-01_seed401,2005,1.0,center,,success,1,0,0,132,2.818493799155504,371.6111034810524,0.9025838934386692,7.585107836268694,14.524124099227688,10.0000461887402
H0,map-random-01,7001,H0_map-random-01_seed401,2006,1.0,center,,success,1,0,0,133,2.8074162023395113,372.0457162672043,0.9015295216679122,7.443033587416006,14.424175382458532,10.310922679354476
H0,map-random-01,7001,H0_map-random-01_seed401,2007,1.0,center,,success,1,0,0,135,2.9021326963481138,372.67500900613175,0.9000072141125242,7.212300685760269,14.69206772022989,10.305942909316107
H0,map-random-01,7001,H0_map-random-01_seed401,2008,1.0,center,,success,1,0,0,137,2.7519722763648025,374.8842570119181,0.8947033393677699,7.770665428848552,14.13163722962425,10.221278860785187
H0,map-random-01,7001,H0_map-random-01_seed401,2009,1.0,center,,success,1,0,0,122,2.8395033623068473,365.8151804931975,0.9168843025397783,5.610987944778304,13.800504552318761,9.858552326013141
H0,map-random-01,7001,H0_map-random-01_seed401,2010,1.0,center,,success,1,0,0,121,2.7269267827160273,364.8801263775038,0.9192339411710084,4.768727693541591,13.90317670823267,9.974645639744388
H0,map-random-01,7001,H0_map-random-01_seed401,2011,1.0,center,,success,1,0,0,132,2.7402626142369586,371.15075327163413,0.9037033972540311,7.691826610320261,13.084310494875387,10.026141234749637
H0,map-random-01,7001,H0_map-random-01_seed401,2012,1.0,center,,success,1,0,0,122,2.7031676714527064,365.6656895238746,0.9172591419821171,5.2288413276886905,13.854632997257097,10.051435395445932
H0,map-random-01,7001,H0_map-random-01_seed401,2013,1.0,center,,success,1,0,0,122,2.152232227918842,364.4281607929003,0.9203739795936836,4.2052738636086655,13.70424914802334,9.74011754739179
H0,map-random-01,7001,H0_map-random-01_seed401,2014,1.0,center,,success,1,0,0,121,2.7659891499601335,367.17857656531106,0.9134797562605294,6.722826981590842,12.996100070023008,10.17739018772867
H0,map-random-01,7001,H0_map-random-01_seed401,2015,1.0,center,,success,1,0,0,128,2.574442446444633,367.96464588459787,0.9115283231046082,6.147997784074664,14.05807290466556,9.623043181083656
H0,map-random-01,7001,H0_map-random-01_seed401,2016,1.0,center,,success,1,0,0,132,2.62066420878514,372.52367779547694,0.9003728262586184,7.289163838440618,13.90110980496846,10.52756280705508
H0,map-random-01,7001,H0_map-random-01_seed401,2017,1.0,center,,success,1,0,0,124,2.698371836959277,369.1806631551237,0.9085259064178954,6.889387538145999,12.012325767580219,10.24217917310686
H0,map-random-01,7001,H0_map-random-01_seed401,2018,1.0,center,,success,1,0,0,128,2.485882946928387,368.6521913264351,0.9098283002689886,6.576316364062606,14.253759150515634,9.745677347058265
H0,map-random-01,7001,H0_map-random-01_seed401,2019,1.0,center,,success,1,0,0,121,2.8936976101254417,366.5750438838646,0.9149837181257502,5.4669539972858825,14.422471109941194,10.133813109076351
H0,map-random-01,7001,H0_map-random-01_seed401,2020,1.0,center,,success,1,0,0,128,2.7391529931404515,368.3160220922849,0.9106587183463021,5.929172633328312,13.683857867310818,9.821459232564528
H0,map-random-01,7001,H0_map-random-01_seed401,2021,1.0,center,,success,1,0,0,133,2.810725000377724,371.45747809724537,0.9029571792256665,6.572277649583678,14.045422548559722,10.102462208750683
H0,map-random-01,7001,H0_map-random-01_seed401,2022,1.0,center,,success,1,0,0,124,2.098703995556964,365.8130815772648,0.9168895633223143,4.696935966986456,14.609015814090062,9.916454556968619
H0,map-random-01,7001,H0_map-random-01_seed401,2023,1.0,center,,success,1,0,0,120,2.9969470069413155,367.44444430014204,0.9128187997611774,6.615650799115581,12.744131113155914,10.369093395967226
H0,map-random-01,7001,H0_map-random-01_seed401,2024,1.0,center,,success,1,0,0,137,2.8311115713759434,374.4752608621924,0.8956805206643546,9.181862136541067,14.197876825498147,10.247248719571113
H0,map-random-01,7001,H0_map-random-01_seed401,2025,1.0,center,,success,1,0,0,122,2.9006078271668496,366.9591392658976,0.9140260065356518,6.7617248809241675,12.814175958818545,10.072473113036947
H0,map-random-01,7001,H0_map-random-01_seed401,2026,1.0,center,,success,1,0,0,121,2.596550766333352,365.4376200817589,0.917831602969414,4.471732439155642,13.937895548353985,10.02377907168532
H0,map-random-01,7001,H0_map-random-01_seed401,2027,1.0,center,,success,1,0,0,121,2.3782230153877784,366.77316209701877,0.9144894754765232,5.6858339076003706,14.634351019698725,10.226127547109048
H0,map-random-01,7001,H0_map-random-01_seed401,2028,1.0,center,,success,1,0,0,126,2.8499495207550227,366.0547310927751,0.9162842824723937,6.496987033583958,14.405385994184696,9.619209123732821
H0,map-random-01,7001,H0_map-random-01_seed401,2029,1.0,center,,success,1,0,0,134,2.6978458819026345,372.4259465320258,0.9006091002741823,7.7577953916313795,12.805088335799804,10.173573524995946
H0,map-random-01,7001,H0_map-random-01_seed401,2030,1.0,center,,success,1,0,0,129,2.1163317368818118,368.51350880666996,0.9101706955359724,6.415726729697136,14.067244559186857,9.717411294182869
H0,map-random-01,7001,H0_map-random-01_seed401,2031,1.0,center,,success,1,0,0,126,2.9574592222638176,366.05406140441335,0.9162859587956059,5.95880610361433,14.22755063867886,9.677564757473093
H0,map-random-01,7001,H0_map-random-01_seed401,2032,1.0,center,,success,1,0,0,127,2.8309558959011722,367.22439211091256,0.9133657889578989,5.651127879066936,13.48844913535252,9.704393979461857
H0,map-random-01,7001,H0_map-random-01_seed401,2033,1.0,center,,success,1,0,0,121,2.2018858092368814,366.4443874111848,0.9153099573840845,5.768971344751976,14.301990975714057,10.179796154237966
H0,map-random-01,7001,H0_map-random-01_seed401,2034,1.0,center,,success,1,0,0,122,2.705386588143526,367.77131135998263,0.9120075064709482,6.583293307480021,13.461093258963311,9.986863426090569
H0,map-random-01,7001,H0_map-random-01_seed401,2035,1.0,center,,success,1,0,0,122,2.933664520392901,365.7642540441904,0.9170119630783968,5.455726495591941,13.877307326420528,9.915921473900466
H0,map-random-01,7001,H0_map-random-01_seed401,2036,1.0,center,,success,1,0,0,121,2.72795327804589,367.45659139705015,0.9127886245005349,6.893753011070671,14.16615742132555,10.257776767665183
H0,map-random-01,7001,H0_map-random-01_seed401,2037,1.0,center,,success,1,0,0,131,2.5688403250198544,371.2399212230315,0.903486337137386,7.125293962640014,13.968238666557871,10.385046382249252
H0,map-random-01,7001,H0_map-random-01_seed401,2038,1.0,center,,success,1,0,0,133,2.8667652022760683,371.9250965571077,0.9018218983602994,8.461798230595859,14.721696558028585,10.056368456431459
H0,map-random-01,7001,H0_map-random-01_seed401,2039,1.0,center,,success,1,0,0,133,2.757019494230552,371.91819247550984,0.9018386392783264,7.801729348830975,13.620350784908016,10.03509886924205
H0,map-random-01,7001,H0_map-random-01_seed401,2040,1.0,center,,success,1,0,0,132,2.9252326590599105,370.6756764871211,0.9048616294536448,7.349166312603834,13.547515128642598,10.101217813089644
H0,map-random-01,7001,H0_map-random-01_seed401,2041,1.0,center,,success,1,0,0,131,2.977252931327413,369.5242002686417,0.9076812733269632,6.971354950640899,14.091683739474524,9.868763319248567
H0,map-random-01,7001,H0_map-random-01_seed401,2042,1.0,center,,success,1,0,0,127,2.648609061326689,367.0906920775507,0.9136984507199395,5.520493986852926,14.879147099348458,9.745585614061413
H0,map-random-01,7001,H0_map-random-01_seed401,2043,1.0,center,,success,1,0,0,131,2.843047300320127,371.2325635256207,0.9035042439153376,7.741362675355553,14.368681397716715,10.228285100791435
H0,map-random-01,7001,H0_map-random-01_seed401,2044,1.0,center,,success,1,0,0,132,2.735601581508667,368.5475536173925,0.9100866179488317,5.974261725765949,14.2200631536785,9.714098801016688
H0,map-random-01,7001,H0_map-random-01_seed401,2045,1.0,center,,success,1,0,0,123,2.535501331671603,368.5206016089275,0.9101531777615633,7.634387316212428,13.533013554712227,10.117545724729538
H0,map-random-01,7001,H0_map-random-01_seed401,2046,1.0,center,,success,1,0,0,124,2.989329622372629,364.90159512335566,0.919179858645404,4.7701351343053435,14.048651497329569,9.85186781585498
H0,map-random-01,7001,H0_map-random-01_seed401,2047,1.0,center,,success,1,0,0,132,2.5335480049491865,369.54111930473556,0.907639716132316,5.874419911127845,14.16425206703496,9.963774760697282
H0,map-random-01,7001,H0_map-random-01_seed401,2048,1.0,center,,success,1,0,0,137,2.5367656757110137,373.8505967639222,0.8971771063850195,8.068889313899653,13.768970894604541,10.244180307673979
H0,map-random-01,7001,H0_map-random-01_seed401,2049,1.0,center,,success,1,0,0,123,2.4065129483462626,364.4727696681522,0.9202613323633345,3.8374600192191095,15.290832402229329,9.84670312272259
H0,map-random-01,7001,H0_map-random-01_seed401,2050,1.0,center,,success,1,0,0,123,2.9429108741287955,367.84391563316694,0.9118274963108455,6.828932153014799,12.406233958702535,10.01380983829472
H0,map-random-01,7001,H0_map-random-01_seed503,2001,1.0,center,,success,1,0,0,163,2.673451913982923,413.14028261618637,0.8118554658989031,3.4363614147244164,18.99805145004966,12.093007031773812
H0,map-random-01,7001,H0_map-random-01_seed503,2002,1.0,center,,success,1,0,0,162,2.8616008016312096,421.8129760734404,0.7951632966515743,11.739790444530119,16.631354042922652,12.08660146123175
H0,map-random-01,7001,H0_map-random-01_seed503,2003,1.0,center,,success,1,0,0,161,1.9878936297569043,413.6837860366622,0.8107888390753685,5.109991805745182,19.53463685458323,12.169919821538219
H0,map-random-01,7001,H0_map-random-01_seed503,2004,1.0,center,,success,1,0,0,155,2.2638468281013493,398.33249461839034,0.8420357393797296,1.6909593021006657,19.438311254357327,11.834337410407786
H0,map-random-01,7001,H0_map-random-01_seed503,2005,1.0,center,,success,1,0,0,155,2.167691043934687,405.6487422809603,0.8268488513953207,6.78010987313152,17.222359764078,11.649744595973804
H0,map-random-01,7001,H0_map-random-01_seed503,2006,1.0,center,,success,1,0,0,156,2.2887160452651725,409.7466509029754,0.8185794707188243,9.232721413292083,17.775900417177546,12.01040469294666
H0,map-random-01,7001,H0_map-random-01_seed503,2007,1.0,center,,success,1,0,0,158,2.9397886166427947,412.4445589722127,0.8132249276382522,9.160661799775639,17.701582441652302,12.232620817929062
H0,map-random-01,7001,H0_map-random-01_seed503,2008,1.0,center,,success,1,0,0,161,2.364521165312896,421.7356582872368,0.7953090758015213,11.580482546910112,15.825567699384159,12.154792163477778
H0,map-random-01,7001,H0_map-random-01_seed503,2009,1.0,center,,success,1,0,0,164,2.1087501618066606,420.148856765059,0.7983127675449677,9.535420760185715,18.39681832424232,11.81408802927671
H0,map-random-01,7001,H0_map-random-01_seed503,2010,1.0,center,,success,1,0,0,159,2.905305023866597,409.1104063312402,0.8198525176438567,5.74083490189718,19.514162178884146,11.911595792741695
H0,map-random-01,7001,H0_map-random-01_seed503,2011,1.0,center,,success,1,0,0,157,2.7951240648543063,406.90111261386255,0.8243039555000261,5.262578647087061,17.592542006189273,12.051993683627192
H0,map-random-01,7001,H0_map-random-01_seed503,2012,1.0,center,,success,1,0,0,160,2.239606765681969,412.63706510475333,0.8128455366456724,6.303548520456623,18.23964305494571,12.014117905274512
H0,map-random-01,7001,H0_map-random-01_seed503,2013,1.0,center,,success,1,0,0,164,2.6450464703344108,418.6075008035766,0.8012522374326808,7.423296154540651,17.212987496144386,12.047646678335381
H0,map-random-01,7001,H0_map-random-01_seed503,2014,1.0,center,,success,1,0,0,158,2.4304714083399563,417.1379264151923,0.8040750442124093,9.609167898037887,16.796829671102852,11.81717648652069
H0,map-random-01,7001,H0_map-random-01_seed503,2015,1.0,center,,success,1,0,0,159,2.3717305706908687,407.1540908607909,0.823791788302694,3.5503853573801853,17.052260828953948,12.177376544218006
H0,map-random-01,7001,H0_map-random-01_seed503,2016,1.0,center,,success,1,0,0,154,2.4402577340511797,406.72474557563527,0.8246613963708166,7.346087580101524,17.528244181194218,11.825721671550992
H0,map-random-01,7001,H0_map-random-01_seed503,2017,1.0,center,,success,1,0,0,151,2.5976593385021127,400.1296145076982,0.8382538669067081,5.684067053990226,17.690194778855894,11.876368505899453
H0,map-random-01,7001,H0_map-random-01_seed503,2018,1.0,center,,success,1,0,0,159,2.668915821645061,407.57904470076664,0.8229328788755993,3.6326427808855257,17.82265340039054,12.206360901951287
H0,map-random-01,7001,H0_map-random-01_seed503,2019,1.0,center,,success,1,0,0,160,2.99453968734513,415.8429124917382,0.8065790868363838,10.662008280778814,17.82883166956805,11.99169189504569
H0,map-random-01,7001,H0_map-random-01_seed503,2020,1.0,center,,success,1,0,0,160,2.709441238629502,408.6943332256257,0.820687172189883,3.7403572491487305,18.246601977867186,12.134870424283864
H0,map-random-01,7001,H0_map-random-01_seed503,2021,1.0,center,,success,1,0,0,156,2.7463657441009834,404.6239931397049,0.8289429255599311,4.864271104437185,18.57602173449255,12.246004129749668
H0,map-random-01,7001,H0_map-random-01_seed503,2022,1.0,center,,success,1,0,0,161,1.9115206675836434,409.85203510442057,0.8183689914813133,3.1583137168801834,19.302419712026968,12.148945251454425
H0,map-random-01,7001,H0_map-random-01_seed503,2023,1.0,center,,success,1,0,0,159,2.3467576873887896,418.1683782263017,0.8020936400012851,11.98159138096027,16.9180722313343,11.987287971121665
H0,map-random-01,7001,H0_map-random-01_seed503,2024,1.0,center,,success,1,0,0,155,2.2930510462536455,401.4313365338958,0.8355356597744017,3.644936667984586,17.51075277249075,12.108390156991776
H0,map-random-01,7001,H0_map-random-01_seed503,2025,1.0,center,,success,1,0,0,158,2.6768824826986197,413.64827989375186,0.810858434395329,9.051904714941237,18.41469451731503,11.939105685095731
H0,map-random-01,7001,H0_map-random-01_seed503,2026,1.0,center,,success,1,0,0,161,2.482799146191879,416.2742117080203,0.805743395077832,10.751570841845087,18.107174937376673,11.838256792284279
H0,map-random-01,7001,H0_map-random-01_seed503,2027,1.0,center,,success,1,0,0,157,2.431088376021821,412.30968660537246,0.8134909450866101,8.946200250113838,18.751156818199824,11.940557727905231
H0,map-random-01,7001,H0_map-random-01_seed503,2028,1.0,center,,success,1,0,0,162,1.8701051065281336,409.17242709224513,0.8197282475960985,3.280726137306005,18.646888624627206,12.123607953792353
H0,map-random-01,7001,H0_map-random-01_seed503,2029,1.0,center,,success,1,0,0,165,2.4289868510202357,430.5140738454421,0.7790922922194254,7.116362252940006,15.251591339293448,11.909559931706172
H0,map-random-01,7001,H0_map-random-01_seed503,2030,1.0,center,,success,1,0,0,164,2.678950747951308,415.74546579047785,0.8067681411443325,4.131502298990554,18.778514278251894,12.022757323252382
H0,map-random-01,7001,H0_map-random-01_seed503,2031,1.0,center,,success,1,0,0,161,2.9732475500097144,408.5453498001436,0.8209864505594003,3.481151178652294,18.748102068171047,12.165276504738213
H0,map-random-01,7001,H0_map-random-01_seed503,2032,1.0,center,,success,1,0,0,159,2.756775424936535,408.18810995054855,0.8217049650603565,3.709410404602574,18.861099735055934,12.269501524956873
H0,map-random-01,7001,H0_map-random-01_seed503,2033,1.0,center,,success,1,0,0,160,2.7504966413728327,420.5351496413758,0.7975794577718408,9.470253605196097,18.12967647499274,11.836760460732455
H0,map-random-01,7001,H0_map-random-01_seed503,2034,1.0,center,,success,1,0,0,160,2.639568643094404,419.97845604562,0.7986366724214412,10.283321577291318,17.582105443549114,11.94989659448697
H0,map-random-01,7001,H0_map-random-01_seed503,2035,1.0,center,,success,1,0,0,158,2.2652584624294305,405.71119456910054,0.8267215721794474,4.816445886490712,18.563681348876145,12.119676823314943
H0,map-random-01,7001,H0_map-random-01_seed503,2036,1.0,center,,success,1,0,0,155,2.829281539501703,409.30201564850177,0.819468714546987,8.179733882923125,19.20102552389522,11.853629953682105
H0,map-random-01,7001,H0_map-random-01_seed503,2037,1.0,center,,success,1,0,0,158,2.13752362653196,415.694643252524,0.8068667760561333,10.222088273735578,17.987326247252323,12.037417924496019
H0,map-random-01,7001,H0_map-random-01_seed503,2038,1.0,center,,success,1,0,0,156,2.1317020106511615,401.88260702581755,0.8345974440327576,2.1140349001922187,17.94973512425457,11.973757995318948
H0,map-random-01,7001,H0_map-random-01_seed503,2039,1.0,center,,success,1,0,0,160,1.822840019166254,410.96937296361244,0.8161440211620489,4.721476518314972,18.361438736114106,12.046630596954392
H0,map-random-01,7001,H0_map-random-01_seed503,2040,1.0,center,,success,1,0,0,160,2.544364548975219,411.83127697942984,0.8144359483452287,4.992835788471297,17.378356172201677,12.048398464879686
H0,map-random-01,7001,H0_map-random-01_seed503,2041,1.0,center,,success,1,0,0,162,2.9774811102072487,413.7097667268953,0.8107379220911283,5.046244550902749,18.49263139864062,12.19047482812269
H0,map-random-01,7001,H0_map-random-01_seed503,2042,1.0,center,,success,1,0,0,160,2.2700757427664415,408.15663728749917,0.8217683261358084,4.319954042988994,19.790416389133995,12.086136866823876
H0,map-random-01,7001,H0_map-random-01_seed503,2043,1.0,center,,success,1,0,0,164,2.53499959335254,424.0622910791092,0.79094558436557,10.7983146997216,17.585858581120398,12.042431347301624
H0,map-random-01,7001,H0_map-random-01_seed503,2044,1.0,center,,success,1,0,0,164,2.050223534079763,411.33126807343854,0.8154259660247487,3.5276598377370263,19.447019808617554,12.05383228631511
H0,map-random-01,7001,H0_map-random-01_seed503,2045,1.0,center,,success,1,0,0,158,2.3089295025965852,411.80046970471335,0.8144968772509622,9.024830620871867,18.853751540421015,12.054179668031965
H0,map-random-01,7001,H0_map-random-01_seed503,2046,1.0,center,,success,1,0,0,160,2.7118206347245937,411.8154742784162,0.81446720090515,3.898172763927896,19.707303271789133,12.193947148716347
H0,map-random-01,7001,H0_map-random-01_seed503,2047,1.0,center,,success,1,0,0,162,2.0765842940383807,409.9661605676844,0.8181411757509998,3.2715401717751718,17.73402058112564,12.055751428466857
H0,map-random-01,7001,H0_map-random-01_seed503,2048,1.0,center,,success,1,0,0,156,2.0504795869427768,404.4196975113381,0.8293616722651476,4.028990013015978,17.133447585956972,12.386628772603153
H0,map-random-01,7001,H0_map-random-01_seed503,2049,1.0,center,,success,1,0,0,159,2.7793580280101007,408.45421297620953,0.8211696341212779,3.6555524348855144,18.64869202703544,12.045888476605846
H0,map-random-01,7001,H0_map-random-01_seed503,2050,1.0,center,,success,1,0,0,158,2.556049248950572,414.9622161092583,0.8082909325331346,10.8772091604207,16.46439853194629,12.206977484907359
H0,map-corridor-01,7013,H0_map-corridor-01_seed101,2001,1.0,center,,collision,0,1,0,115,60.66956176152917,345.1612887105124,nan,-0.8267976239393988,14.559110446477476,10.78248272894612
H0,map-corridor-01,7013,H0_map-corridor-01_seed101,2002,1.0,center,,collision,0,1,0,112,60.78034098394956,341.0098922734705,nan,-0.394694843746322,15.002612786700558,11.02754063359287
H0,map-corridor-01,7013,H0_map-corridor-01_seed101,2003,1.0,center,,collision,0,1,0,112,58.552214030952136,346.010641291655,nan,-2.5079895526594953,15.201463432558592,11.16946648349395
H0,map-corridor-01,7013,H0_map-corridor-01_seed101,2004,1.0,center,,collision,0,1,0,115,60.250404128933965,342.207001984367,nan,-1.2899187547406257,14.470703030234372,10.77479371404258
H0,map-corridor-01,7013,H0_map-corridor-01_seed101,2005,1.0,center,,collision,0,1,0,114,60.92435783782382,341.2259018479924,nan,-0.6250468535924085,13.950316126488373,10.920046864718618
H0,map-corridor-01,7013,H0_map-corridor-01_seed101,2006,1.0,center,,collision,0,1,0,112,57.29030935191031,343.54610756315674,nan,-3.9075388381014022,14.516859790408088,11.239849687275326
H0,map-corridor-01,7013,H0_map-corridor-01_seed101,2007,1.0,center,,collision,0,1,0,113,60.53804417303549,340.66503321537516,nan,-0.7497567837732504,12.94073736100938,10.921924256842368
H0,map-corridor-01,7013,H0_map-corridor-01_seed101,2008,1.0,center,,collision,0,1,0,112,60.66524796253577,340.86106808698094,nan,-0.6223811197652651,14.117291058923529,11.029929817302605
H0,map-corridor-01,7013,H0_map-corridor-01_seed101,2009,1.0,center,,collision,0,1,0,111,59.16888645209936,344.2515374721124,nan,-1.8662855789494017,15.866325909176929,11.188433666749622
H0,map-corridor-01,7013,H0_map-corridor-01_seed101,2010,1.0,center,,collision,0,1,0,110,60.48437433526513,342.4780444415871,nan,-0.4355750411163797,15.182961793596952,11.16822746956162
H0,map-corridor-01,7013,H0_map-corridor-01_seed101,2011,1.0,center,,collision,0,1,0,113,60.92952674399179,339.3595072700932,nan,-0.4748900612919442,12.521720543266897,10.849359552287028
H0,map-corridor-01,7013,H0_map-corridor-01_seed101,2012,1.0,center,,collision,0,1,0,111,57.66121364486991,345.11203201069094,nan,-1.6864527610748041,15.866738035569403,11.080743542736402
H0,map-corridor-01,7013,H0_map-corridor-01_seed101,2013,1.0,center,,collision,0,1,0,110,60.33710953662466,341.23104404597206,nan,-0.11453295008092823,14.133760309380362,10.989564763626978
H0,map-corridor-01,7013,H0_map-corridor-01_seed101,2014,1.0,center,,collision,0,1,0,110,60.796177557344954,340.45347441630616,nan,-0.2160393621729213,14.899243091674375,11.277716975786664
H0,map-corridor-01,7013,H0_map-corridor-01_seed101,2015,1.0,center,,collision,0,1,0,114,60.720474954638036,341.0283338014773,nan,-0.47300460056865745,15.458044425876924,10.601198416393006
H0,map-corridor-01,7013,H0_map-corridor-01_seed101,2016,1.0,center,,collision,0,1,0,112,59.84612212032473,343.0061378069961,nan,-1.400140443411118,14.464853641507629,11.158085614765193
H0,map-corridor-01,7013,H0_map-corridor-01_seed101,2017,1.0,center,,collision,0,1,0,110,60.564146419151804,341.42812755303777,nan,-0.4535394900914014,14.894968681291425,11.361415181799769
H0,map-corridor-01,7013,H0_map-corridor-01_seed101,2018,1.0,center,,collision,0,1,0,113,58.54884409264348,341.83163611723626,nan,-2.7373167937352036,13.099428985881856,10.742848561138581
H0,map-corridor-01,7013,H0_map-corridor-01_seed101,2019,1.0,center,,collision,0,1,0,111,52.31263018116383,349.19699290309256,nan,-0.8961042758416227,17.150201628504043,11.204169271619532
H0,map-corridor-01,7013,H0_map-corridor-01_seed101,2020,1.0,center,,collision,0,1,0,114,60.068677302827005,342.7722482359041,nan,-1.2311343304875209,13.124158366652239,10.77350786767492
H0,map-corridor-01,7013,H0_map-corridor-01_seed101,2021,1.0,center,,collision,0,1,0,114,58.80921274120941,343.0760999626881,nan,-2.4814787565218523,14.75118739956802,10.884234266823768
H0,map-corridor-01,7013,H0_map-corridor-01_seed101,2022,1.0,center,,collision,0,1,0,112,59.07934003477224,345.5858163740706,nan,-1.8650033670050732,16.021244102232306,11.042201123340837
H0,map-corridor-01,7013,H0_map-corridor-01_seed101,2023,1.0,center,,collision,0,1,0,111,54.403641806840255,349.3255086109677,nan,-0.22099899816169,14.767869863762254,11.354612567566846
H0,map-corridor-01,7013,H0_map-corridor-01_seed101,2024,1.0,center,,collision,0,1,0,114,58.04715726079589,342.7146775369485,nan,-3.6496755919457655,13.813523755089635,10.737204798445033
H0,map-corridor-01,7013,H0_map-corridor-01_seed101,2025,1.0,center,,collision,0,1,0,112,58.42198397100981,346.0659908862633,nan,-2.6874298419048728,15.624406992744483,11.196621625021523
H0,map-corridor-01,7013,H0_map-corridor-01_seed101,2026,1.0,center,,collision,0,1,0,111,59.91972545354718,344.3614855508353,nan,-0.6994055560485606,16.428422014852476,11.171096246510464
H0,map-corridor-01,7013,H0_map-corridor-01_seed101,2027,1.0,center,,collision,0,1,0,111,58.479554274750484,344.4825150771913,nan,-0.4275954271876401,16.378664695478694,11.338136395118767
H0,map-corridor-01,7013,H0_map-corridor-01_seed101,2028,1.0,center,,collision,0,1,0,112,60.430626741938035,339.8695018988655,nan,-0.7452297946241799,15.394128220464662,10.680961261504711
H0,map-corridor-01,7013,H0_map-corridor-01_seed101,2029,1.0,center,,collision,0,1,0,113,59.04151635839007,342.3050329660266,nan,-2.4255174280642677,14.061972101394202,10.912220727242742
H0,map-corridor-01,7013,H0_map-corridor-01_seed101,2030,1.0,center,,collision,0,1,0,114,59.33277350643012,343.06835062524266,nan,-2.1726698597492202,13.692694665250437,10.67516427822264
H0,map-corridor-01,7013,H0_map-corridor-01_seed101,2031,1.0,center,,collision,0,1,0,112,59.837377559461785,341.9067590477627,nan,-1.3428500289001022,14.04861808158782,10.764339460249545
H0,map-corridor-01,7013,H0_map-corridor-01_seed101,2032,1.0,center,,collision,0,1,0,114,59.562358086715925,344.414608647938,nan,-1.7742442366025273,12.623998354259495,10.863377822209872
H0,map-corridor-01,7013,H0_map-corridor-01_seed101,2033,1.0,center,,collision,0,1,0,111,57.604182475949834,344.3097383066751,nan,-0.87200124923109,16.933433332985874,11.08092840520939
H0,map-corridor-01,7013,H0_map-corridor-01_seed101,2034,1.0,center,,collision,0,1,0,110,60.63245336663193,341.81445835489745,nan,-0.40428579037140366,14.610752253104897,11.24453106211798
H0,map-corridor-01,7013,H0_map-corridor-01_seed101,2035,1.0,center,,collision,0,1,0,111,60.295742141917884,343.1047455146929,nan,-0.7171376814551422,14.67110808281846,11.0062832172122
H0,map-corridor-01,7013,H0_map-corridor-01_seed101,2036,1.0,center,,collision,0,1,0,112,57.92965147111764,345.83454691556915,nan,-2.8630480761125057,15.641721675343232,11.296804031064589
H0,map-corridor-01,7013,H0_map-corridor-01_seed101,2037,1.0,center,,collision,0,1,0,112,59.447847530687554,343.13958318177436,nan,-1.7396070639466075,14.421628924078618,11.19320988370077
H0,map-corridor-01,7013,H0_map-corridor-01_seed101,2038,1.0,center,,collision,0,1,0,115,57.926646452269146,344.5521012537585,nan,-3.850777243734484,14.269715595248144,10.854402609500202
H0,map-corridor-01,7013,H0_map-corridor-01_seed101,2039,1.0,center,,collision,0,1,0,113,60.851790235188226,339.8537441058393,nan,-0.6551091550347223,13.681443835884881,10.924811521856794
H0,map-corridor-01,7013,H0_map-corridor-01_seed101,2040,1.0,center,,collision,0,1,0,113,57.476161656488536,342.6823758917451,nan,-3.9221493985315306,14.875597462804723,10.87222993775637
H0,map-corridor-01,7013,H0_map-corridor-01_seed101,2041,1.0,center,,collision,0,1,0,114,58.4530329172524,342.66954855608356,nan,-3.2440549783191557,13.188401936147613,10.707318613251955
H0,map-corridor-01,7013,H0_map-corridor-01_seed101,2042,1.0,center,,collision,0,1,0,114,59.12933588807295,342.7820961692695,nan,-2.212439832534699,13.71592141593209,10.82516063212263
H0,map-corridor-01,7013,H0_map-corridor-01_seed101,2043,1.0,center,,collision,0,1,0,113,60.68121516111622,340.4644052105473,nan,-0.8041371096017258,13.757709958318477,10.940249303500519
H0,map-corridor-01,7013,H0_map-corridor-01_seed101,2044,1.0,center,,collision,0,1,0,115,58.938335923695945,342.6563292801507,nan,-2.4703597618492097,12.798762752194696,10.387831859042214
H0,map-corridor-01,7013,H0_map-corridor-01_seed101,2045,1.0,center,,collision,0,1,0,111,58.14702843546805,341.4732797529067,nan,-3.0177768222731913,14.599718256024806,11.072621647210195
H0,map-corridor-01,7013,H0_map-corridor-01_seed101,2046,1.0,center,,collision,0,1,0,111,60.986881867323255,344.52061581572985,nan,-0.0880355147613443,14.267097957561045,11.112057179735961
H0,map-corridor-01,7013,H0_map-corridor-01_seed101,2047,1.0,center,,collision,0,1,0,113,61.31031832762886,341.3067597047944,nan,-0.07387432467368171,12.971393948902524,10.727545875062999
H0,map-corridor-01,7013,H0_map-corridor-01_seed101,2048,1.0,center,,collision,0,1,0,114,57.45133269193066,345.4520283532621,nan,-3.8783893103446303,14.110467693372229,10.911875115211965
H0,map-corridor-01,7013,H0_map-corridor-01_seed101,2049,1.0,center,,collision,0,1,0,112,57.26179749558071,344.56218615300367,nan,-2.5361410403631623,15.513498577707322,10.864953793469002
H0,map-corridor-01,7013,H0_map-corridor-01_seed101,2050,1.0,center,,collision,0,1,0,113,57.25137178923463,343.1493814772762,nan,-3.9659841020696263,12.91225498638181,10.922039271767641
H0,map-corridor-01,7013,H0_map-corridor-01_seed211,2001,1.0,center,,collision,0,1,0,41,264.19671801604915,86.10521355013242,nan,-1.0262078460213147,18.441621587284764,10.157788386807017
H0,map-corridor-01,7013,H0_map-corridor-01_seed211,2002,1.0,center,,collision,0,1,0,41,265.8032013516276,83.33318530551892,nan,-0.33731053205790573,15.796373635743448,9.628644342990658
H0,map-corridor-01,7013,H0_map-corridor-01_seed211,2003,1.0,center,,collision,0,1,0,41,263.3053666764335,87.17246764060805,nan,-1.6477804745041453,19.39121879408604,10.668064287477865
H0,map-corridor-01,7013,H0_map-corridor-01_seed211,2004,1.0,center,,collision,0,1,0,41,264.11152433009704,84.9716085242312,nan,-1.7708477205468682,18.463353004574998,9.826899321695459
H0,map-corridor-01,7013,H0_map-corridor-01_seed211,2005,1.0,center,,collision,0,1,0,41,264.9655224965215,83.60518107656014,nan,-1.3810674878599016,16.537346004853898,9.836199597551293
H0,map-corridor-01,7013,H0_map-corridor-01_seed211,2006,1.0,center,,collision,0,1,0,40,264.87937920456915,82.8841047653717,nan,-1.5475607672612668,14.956646213412862,10.009152916243371
H0,map-corridor-01,7013,H0_map-corridor-01_seed211,2007,1.0,center,,collision,0,1,0,41,264.54853993845757,84.16198514468462,nan,-1.5095660447349672,16.501670202325716,9.730838621049404
H0,map-corridor-01,7013,H0_map-corridor-01_seed211,2008,1.0,center,,collision,0,1,0,41,264.54222293000356,84.39584812817857,nan,-1.3444531880706805,20.00418464381178,10.058040197173629
H0,map-corridor-01,7013,H0_map-corridor-01_seed211,2009,1.0,center,,collision,0,1,0,40,265.2706947537472,84.8477664932557,nan,-0.3282924069336417,20.92212267487837,10.423017619539094
H0,map-corridor-01,7013,H0_map-corridor-01_seed211,2010,1.0,center,,collision,0,1,0,40,264.3758006535248,85.69603426678324,nan,-0.8295824722136871,20.25625114656546,10.720379460771829
H0,map-corridor-01,7013,H0_map-corridor-01_seed211,2011,1.0,center,,collision,0,1,0,41,265.03674727055846,84.1882933200873,nan,-0.8248529153281154,18.901503614841655,9.821597383931243
H0,map-corridor-01,7013,H0_map-corridor-01_seed211,2012,1.0,center,,collision,0,1,0,40,263.8565643628958,85.76644630781885,nan,-1.3884857867581886,21.8853028745655,10.856351602739752
H0,map-corridor-01,7013,H0_map-corridor-01_seed211,2013,1.0,center,,collision,0,1,0,40,264.8223764871897,85.42863628085254,nan,-0.33907663908384933,21.22976016592874,10.38036359640132
H0,map-corridor-01,7013,H0_map-corridor-01_seed211,2014,1.0,center,,collision,0,1,0,40,264.5776125188262,83.87461709716844,nan,-1.317763585384661,19.902810937327473,10.466016462563017
H0,map-corridor-01,7013,H0_map-corridor-01_seed211,2015,1.0,center,,collision,0,1,0,42,263.7544685273791,86.6128769122574,nan,-1.5199408340957987,18.838317168427032,9.622124560349558
H0,map-corridor-01,7013,H0_map-corridor-01_seed211,2016,1.0,center,,collision,0,1,0,40,265.8779644238262,82.22874867042655,nan,-0.4254688844724086,19.124340534948118,10.139210921137716
H0,map-corridor-01,7013,H0_map-corridor-01_seed211,2017,1.0,center,,collision,0,1,0,40,265.64364331475474,82.96421303772296,nan,-0.62478180049267,17.34048684383681,10.145970248201095
H0,map-corridor-01,7013,H0_map-corridor-01_seed211,2018,1.0,center,,collision,0,1,0,41,265.1176400960797,85.20348955781505,nan,-0.3520487723962802,16.316237728657637,9.652198533531381
H0,map-corridor-01,7013,H0_map-corridor-01_seed211,2019,1.0,center,,collision,0,1,0,40,265.4699913490652,84.50229490895711,nan,-0.17379332052230723,19.5206438912536,10.346451227634898
H0,map-corridor-01,7013,H0_map-corridor-01_seed211,2020,1.0,center,,collision,0,1,0,41,263.3606385749319,86.10186682997407,nan,-1.9209138938097325,21.07881650263939,10.010189548657138
H0,map-corridor-01,7013,H0_map-corridor-01_seed211,2021,1.0,center,,collision,0,1,0,41,266.21549281031093,82.17745919955189,nan,-0.4334374586967229,14.037853591359493,9.544772976602738
H0,map-corridor-01,7013,H0_map-corridor-01_seed211,2022,1.0,center,,collision,0,1,0,40,265.0673925946446,85.2067293382475,nan,-0.05071778607350552,17.906666161697103,10.511048451676322
H0,map-corridor-01,7013,H0_map-corridor-01_seed211,2023,1.0,center,,collision,0,1,0,40,264.5598557324667,83.88670572740608,nan,-1.4987711032826994,17.83600939306057,10.407769698856292
H0,map-corridor-01,7013,H0_map-corridor-01_seed211,2024,1.0,center,,collision,0,1,0,41,264.30988050490174,84.54173800599666,nan,-1.5918037949241395,16.826077218265045,9.801371494634036
H0,map-corridor-01,7013,H0_map-corridor-01_seed211,2025,1.0,center,,collision,0,1,0,40,265.37669677284316,83.33821849550907,nan,-0.8350197934521333,20.184942804102135,10.389615695739375
H0,map-corridor-01,7013,H0_map-corridor-01_seed211,2026,1.0,center,,collision,0,1,0,41,263.0566777385553,87.84264995353554,nan,-1.604728545852474,19.051337336151516,10.774462595740674
H0,map-corridor-01,7013,H0_map-corridor-01_seed211,2027,1.0,center,,collision,0,1,0,40,265.13840574016655,83.34660338115958,nan,-1.0683770065354992,19.582838822395527,10.371973945241722
H0,map-corridor-01,7013,H0_map-corridor-01_seed211,2028,1.0,center,,collision,0,1,0,41,263.14842773380735,87.36538449576952,nan,-1.6550173901175569,18.896230897704122,10.192108229253932
H0,map-corridor-01,7013,H0_map-corridor-01_seed211,2029,1.0,center,,collision,0,1,0,41,265.436867073934,83.86404537260655,nan,-0.5854065781214359,14.377254922775988,9.764149929569344
H0,map-corridor-01,7013,H0_map-corridor-01_seed211,2030,1.0,center,,collision,0,1,0,41,264.00173387405596,87.21193943310794,nan,-0.837683246732233,18.286861576316905,10.082971969281989
H0,map-corridor-01,7013,H0_map-corridor-01_seed211,2031,1.0,center,,collision,0,1,0,41,262.86463734015916,87.56353624012556,nan,-1.8453799305903402,19.418176313682437,10.228248507662741
H0,map-corridor-01,7013,H0_map-corridor-01_seed211,2032,1.0,center,,collision,0,1,0,41,264.437052555528,85.76140842208868,nan,-0.9702157311131288,20.51405596772722,10.020647530121277
H0,map-corridor-01,7013,H0_map-corridor-01_seed211,2033,1.0,center,,collision,0,1,0,41,263.9355058887415,86.34223388704655,nan,-1.3228491786999328,17.71569748633471,10.293156707323197
H0,map-corridor-01,7013,H0_map-corridor-01_seed211,2034,1.0,center,,collision,0,1,0,40,265.250736628167,84.17177719030735,nan,-0.5654023937705617,18.120711235472992,10.352028904032544
H0,map-corridor-01,7013,H0_map-corridor-01_seed211,2035,1.0,center,,collision,0,1,0,40,265.68952355191794,83.83114787248348,nan,-0.01284528059738932,20.569654291166774,10.253540339037679
H0,map-corridor-01,7013,H0_map-corridor-01_seed211,2036,1.0,center,,collision,0,1,0,40,264.32338362342796,83.63050032786965,nan,-1.9066362974836437,18.24156733044689,10.440400264789927
H0,map-corridor-01,7013,H0_map-corridor-01_seed211,2037,1.0,center,,collision,0,1,0,40,265.8769432358947,82.70458363784996,nan,-0.6122984455520992,14.137361108127978,10.033719830174201
H0,map-corridor-01,7013,H0_map-corridor-01_seed211,2038,1.0,center,,collision,0,1,0,41,264.2559884987111,84.06348225055169,nan,-1.7640704731112606,16.89328253694698,9.688026682908303
H0,map-corridor-01,7013,H0_map-corridor-01_seed211,2039,1.0,center,,collision,0,1,0,41,263.59886232954574,85.65753474711727,nan,-1.8941180626739111,18.172146317088828,9.971127144023097
H0,map-corridor-01,7013,H0_map-corridor-01_seed211,2040,1.0,center,,collision,0,1,0,40,266.48283672867603,81.32374137368663,nan,-0.12392957073078037,14.150074576207723,9.612398747999856
H0,map-corridor-01,7013,H0_map-corridor-01_seed211,2041,1.0,center,,collision,0,1,0,41,264.0909981952078,85.1083231123159,nan,-1.435840060574563,20.221276700329064,9.828374238993558
H0,map-corridor-01,7013,H0_map-corridor-01_seed211,2042,1.0,center,,collision,0,1,0,41,264.4504235466205,84.59098331772192,nan,-1.2257097430581183,17.280472502705244,9.637897628653274
H0,map-corridor-01,7013,H0_map-corridor-01_seed211,2043,1.0,center,,collision,0,1,0,41,264.2330244975505,84.02585900121872,nan,-1.7650889939210188,16.86048998215526,9.701135726833012
H0,map-corridor-01,7013,H0_map-corridor-01_seed211,2044,1.0,center,,collision,0,1,0,41,264.39078507638646,85.07019889231,nan,-0.9789243771527936,16.35075680997874,9.514287551012007
H0,map-corridor-01,7013,H0_map-corridor-01_seed211,2045,1.0,center,,collision,0,1,0,40,265.72928910628104,82.28117106564095,nan,-0.9102286451198438,14.165295297980204,10.049806754277093
H0,map-corridor-01,7013,H0_map-corridor-01_seed211,2046,1.0,center,,collision,0,1,0,40,264.9697034316646,86.02835253732766,nan,-0.02959658170124868,19.05667617145137,10.854483684297435
H0,map-corridor-01,7013,H0_map-corridor-01_seed211,2047,1.0,center,,collision,0,1,0,41,263.45186863058535,86.80263041591027,nan,-1.5242198822563537,18.358980474608313,10.112978846195075
H0,map-corridor-01,7013,H0_map-corridor-01_seed211,2048,1.0,center,,collision,0,1,0,41,265.8919061887567,82.76734603845351,nan,-0.4196048576707625,16.125144116704462,9.533791099729523
H0,map-corridor-01,7013,H0_map-corridor-01_seed211,2049,1.0,center,,collision,0,1,0,40,264.10518301612353,85.60305395361372,nan,-1.027077678237717,19.975938464722702,10.701075488641026
H0,map-corridor-01,7013,H0_map-corridor-01_seed211,2050,1.0,center,,collision,0,1,0,41,264.7136702480094,83.78237039984904,nan,-1.3878752431055688,16.016200531222978,9.70768849943872
H0,map-corridor-01,7013,H0_map-corridor-01_seed307,2001,1.0,center,,collision,0,1,0,40,264.0175721084078,84.34078915800787,nan,-2.0027301854976045,22.139044797674227,9.751996616172356
H0,map-corridor-01,7013,H0_map-corridor-01_seed307,2002,1.0,center,,collision,0,1,0,41,264.60488028717054,83.45884744717472,nan,-1.5750207546753785,5.876279885498048,8.937338245813365
H0,map-corridor-01,7013,H0_map-corridor-01_seed307,2003,1.0,center,,collision,0,1,0,39,266.01393145937334,81.84999766388609,nan,-0.3691558157348851,5.644381932174708,9.478910034621773
H0,map-corridor-01,7013,H0_map-corridor-01_seed307,2004,1.0,center,,collision,0,1,0,40,266.1868635694678,81.60990015188918,nan,-0.4568471706103736,7.787257938004411,9.04019467159706
H0,map-corridor-01,7013,H0_map-corridor-01_seed307,2005,1.0,center,,collision,0,1,0,41,264.65577426611327,83.08312203075174,nan,-1.709105138328546,5.04956837788923,8.727995377228018
H0,map-corridor-01,7013,H0_map-corridor-01_seed307,2006,1.0,center,,collision,0,1,0,40,264.9864014189977,82.29346458596517,nan,-1.426725517762634,5.390086391862047,9.12779243968136
H0,map-corridor-01,7013,H0_map-corridor-01_seed307,2007,1.0,center,,collision,0,1,0,41,263.9578341429051,84.10151559859882,nan,-2.1011725127843803,9.291794022018712,9.085779940859211
H0,map-corridor-01,7013,H0_map-corridor-01_seed307,2008,1.0,center,,collision,0,1,0,40,266.5612597885903,80.96577386649597,nan,-0.06838203360621975,7.679121795612857,9.043125359323463
H0,map-corridor-01,7013,H0_map-corridor-01_seed307,2009,1.0,center,,collision,0,1,0,39,266.1475444533183,82.19692154765397,nan,-0.22464654245329285,9.489643567946084,9.671348322814566
H0,map-corridor-01,7013,H0_map-corridor-01_seed307,2010,1.0,center,,collision,0,1,0,39,264.2640283671659,83.83665050104408,nan,-1.6724444465338593,9.451679066789456,9.832186184450276
H0,map-corridor-01,7013,H0_map-corridor-01_seed307,2011,1.0,center,,collision,0,1,0,40,266.49367339787545,81.10897342798015,nan,-0.16376457823694324,11.047172979080212,9.242503554581418
H0,map-corridor-01,7013,H0_map-corridor-01_seed307,2012,1.0,center,,collision,0,1,0,39,264.8829268877207,83.05988182090967,nan,-1.057677470211381,6.209628118841162,9.580711223399671
H0,map-corridor-01,7013,H0_map-corridor-01_seed307,2013,1.0,center,,collision,0,1,0,39,264.9790690976783,83.08440667132915,nan,-1.0097903029106092,5.91845359136053,9.443186753580077
H0,map-corridor-01,7013,H0_map-corridor-01_seed307,2014,1.0,center,,collision,0,1,0,40,263.5794065354528,84.17191273409452,nan,-2.2503461347808553,10.183440140883809,9.436071433460294
H0,map-corridor-01,7013,H0_map-corridor-01_seed307,2015,1.0,center,,collision,0,1,0,41,263.9595304772431,84.4071434438083,nan,-2.127329406052233,8.469996768634871,8.932613924660153
H0,map-corridor-01,7013,H0_map-corridor-01_seed307,2016,1.0,center,,collision,0,1,0,40,264.8817333648392,82.53116393369078,nan,-1.4134516604447498,16.1145171358318,9.479200438369313
H0,map-corridor-01,7013,H0_map-corridor-01_seed307,2017,1.0,center,,collision,0,1,0,40,265.0148622848447,82.86120377715297,nan,-1.2436531331214127,5.259731198044837,9.171588168967254
H0,map-corridor-01,7013,H0_map-corridor-01_seed307,2018,1.0,center,,collision,0,1,0,40,265.5502879681273,82.99258284833255,nan,-0.7467367480717328,18.645565192552773,9.315886565919753
H0,map-corridor-01,7013,H0_map-corridor-01_seed307,2019,1.0,center,,collision,0,1,0,40,263.34380060147953,85.43157478925895,nan,-2.2827571910970548,5.517248896880723,9.292045776438867
H0,map-corridor-01,7013,H0_map-corridor-01_seed307,2020,1.0,center,,collision,0,1,0,39,266.80297100691274,80.20744838354611,nan,-0.028049862905923817,5.271746308087054,9.146199527034353
H0,map-corridor-01,7013,H0_map-corridor-01_seed307,2021,1.0,center,,collision,0,1,0,41,265.9202563420061,81.72188486250793,nan,-0.7467723137372673,5.110513804103422,8.822675356107894
H0,map-corridor-01,7013,H0_map-corridor-01_seed307,2022,1.0,center,,collision,0,1,0,39,264.715459998558,83.42140286376063,nan,-1.1652601555479336,5.762953681720155,9.533109425557097
H0,map-corridor-01,7013,H0_map-corridor-01_seed307,2023,1.0,center,,collision,0,1,0,40,264.613921929136,83.65306424355654,nan,-1.3425126636980735,9.708399643534934,9.562086277885792
H0,map-corridor-01,7013,H0_map-corridor-01_seed307,2024,1.0,center,,collision,0,1,0,40,266.60444134405566,80.95746559354649,nan,-0.049013063117754996,5.180351578464179,8.984768708187854
H0,map-corridor-01,7013,H0_map-corridor-01_seed307,2025,1.0,center,,collision,0,1,0,40,265.1976525729282,82.95335691978946,nan,-0.9684384843031992,6.696590360134427,9.31488498138681
H0,map-corridor-01,7013,H0_map-corridor-01_seed307,2026,1.0,center,,collision,0,1,0,39,264.96746340849865,83.23238325734476,nan,-1.0866301863667118,15.671628354358601,9.809018019061632
H0,map-corridor-01,7013,H0_map-corridor-01_seed307,2027,1.0,center,,collision,0,1,0,40,264.91107485262194,82.92523110940171,nan,-1.2585216061495572,5.236806429347478,9.207122867995416
H0,map-corridor-01,7013,H0_map-corridor-01_seed307,2028,1.0,center,,collision,0,1,0,39,265.4798787134245,82.32764336148128,nan,-0.8458419199431972,9.098368531863429,9.45595554680548
H0,map-corridor-01,7013,H0_map-corridor-01_seed307,2029,1.0,center,,collision,0,1,0,41,264.2886913464096,83.89368204460166,nan,-1.7776082619354696,4.934884412107287,8.813278582232117
H0,map-corridor-01,7013,H0_map-corridor-01_seed307,2030,1.0,center,,collision,0,1,0,39,266.26448615094114,81.77961216516289,nan,-0.19472149539733863,5.199187973145778,9.231733643878623
H0,map-corridor-01,7013,H0_map-corridor-01_seed307,2031,1.0,center,,collision,0,1,0,39,264.7416002609189,82.88257968600365,nan,-1.51691088752915,12.39375436197642,9.667129761927269
H0,map-corridor-01,7013,H0_map-corridor-01_seed307,2032,1.0,center,,collision,0,1,0,40,264.75339933888574,83.51388528977837,nan,-1.440667066276717,4.883561577405869,9.045458980180033
H0,map-corridor-01,7013,H0_map-corridor-01_seed307,2033,1.0,center,,collision,0,1,0,40,264.9735768248909,83.69069330609895,nan,-1.013358866319365,20.895994235960938,9.769081047151074
H0,map-corridor-01,7013,H0_map-corridor-01_seed307,2034,1.0,center,,collision,0,1,0,40,263.5828340864923,84.98246500957876,nan,-2.214211779909739,22.21614412238989,9.837032560245019
H0,map-corridor-01,7013,H0_map-corridor-01_seed307,2035,1.0,center,,collision,0,1,0,39,266.3360732215947,81.26283353696546,nan,-0.18205720954473747,5.866480930252946,9.443044185900526
H0,map-corridor-01,7013,H0_map-corridor-01_seed307,2036,1.0,center,,collision,0,1,0,40,264.41445214280964,83.25616504451429,nan,-1.6887138894693408,5.9500566811158055,9.295442604240968
H0,map-corridor-01,7013,H0_map-corridor-01_seed307,2037,1.0,center,,collision,0,1,0,41,263.41358626300087,85.40063248065431,nan,-2.2613849568696054,7.571794923038667,9.166286694246972
H0,map-corridor-01,7013,H0_map-corridor-01_seed307,2038,1.0,center,,collision,0,1,0,41,263.7991421618503,83.91639576617196,nan,-2.212110882928073,5.407197352535411,8.898143355889422
H0,map-corridor-01,7013,H0_map-corridor-01_seed307,2039,1.0,center,,collision,0,1,0,40,264.8613428275309,82.74720772752835,nan,-1.4025208911499547,4.710558824408666,9.035461925006363
H0,map-corridor-01,7013,H0_map-corridor-01_seed307,2040,1.0,center,,collision,0,1,0,41,263.66665179979503,84.3185108325629,nan,-2.166186976589792,9.11677720776192,9.033335081808305
H0,map-corridor-01,7013,H0_map-corridor-01_seed307,2041,1.0,center,,collision,0,1,0,40,265.2232262320222,82.16813889373763,nan,-1.108765107541835,5.4018588676225665,8.913952154360828
H0,map-corridor-01,7013,H0_map-corridor-01_seed307,2042,1.0,center,,collision,0,1,0,40,265.1889249927681,81.95506915490522,nan,-1.325791457606364,4.680651971129967,8.921325299745364
H0,map-corridor-01,7013,H0_map-corridor-01_seed307,2043,1.0,center,,collision,0,1,0,40,266.3738682616455,80.61394617159645,nan,-0.3877176585554807,8.160139039707028,9.153675817160115
H0,map-corridor-01,7013,H0_map-corridor-01_seed307,2044,1.0,center,,collision,0,1,0,40,264.25466309277687,82.9987212146134,nan,-1.996210373121066,6.911061125003668,9.086316446213837
H0,map-corridor-01,7013,H0_map-corridor-01_seed307,2045,1.0,center,,collision,0,1,0,41,263.816838762583,84.63799814617384,nan,-1.9941342899586374,5.71004335408587,9.053854800546434
H0,map-corridor-01,7013,H0_map-corridor-01_seed307,2046,1.0,center,,collision,0,1,0,39,264.68585214454345,84.15119286974864,nan,-1.0320072698178038,4.899201164970098,9.731548057478037
H0,map-corridor-01,7013,H0_map-corridor-01_seed307,2047,1.0,center,,collision,0,1,0,39,266.0309130489118,81.61108914674558,nan,-0.5025848568570126,17.02205689921569,9.625156416372336
H0,map-corridor-01,7013,H0_map-corridor-01_seed307,2048,1.0,center,,collision,0,1,0,41,265.8424898776271,82.21679612317968,nan,-0.46467650704631325,5.095356915285428,8.753610214195962
H0,map-corridor-01,7013,H0_map-corridor-01_seed307,2049,1.0,center,,collision,0,1,0,39,264.10861847972984,83.65263326745819,nan,-1.7503182650423952,5.229816837414134,9.59332104248296
H0,map-corridor-01,7013,H0_map-corridor-01_seed307,2050,1.0,center,,collision,0,1,0,41,264.19337759684464,83.53157474486684,nan,-1.9020935655263713,5.6964102154345815,8.815813273052589
H0,map-corridor-01,7013,H0_map-corridor-01_seed401,2001,1.0,center,,collision,0,1,0,40,265.60654118540566,83.91410018154527,nan,-0.3288591549817781,24.817381062870723,10.304001823494808
H0,map-corridor-01,7013,H0_map-corridor-01_seed401,2002,1.0,center,,collision,0,1,0,43,263.05102847241153,89.18732536559892,nan,-1.4103654051451286,10.916784256581169,9.502714859420166
H0,map-corridor-01,7013,H0_map-corridor-01_seed401,2003,1.0,center,,collision,0,1,0,40,264.52283540375845,85.31408740067185,nan,-0.9736552897954027,10.696564345900857,10.094792241523825
H0,map-corridor-01,7013,H0_map-corridor-01_seed401,2004,1.0,center,,collision,0,1,0,42,264.43286623113795,87.12265374056102,nan,-0.49760182124045826,13.244410434535713,9.61660091520873
H0,map-corridor-01,7013,H0_map-corridor-01_seed401,2005,1.0,center,,collision,0,1,0,43,263.64676586787755,88.42708151700042,nan,-0.9956524577418691,11.719164393662147,9.5172930436904
H0,map-corridor-01,7013,H0_map-corridor-01_seed401,2006,1.0,center,,collision,0,1,0,41,264.7593254356583,85.17951484427233,nan,-0.7433214182568193,9.97411783626234,9.799061599937932
H0,map-corridor-01,7013,H0_map-corridor-01_seed401,2007,1.0,center,,collision,0,1,0,42,265.04370333697267,86.21729607481821,nan,-0.06457660016217659,18.824313113476975,9.78924546734372
H0,map-corridor-01,7013,H0_map-corridor-01_seed401,2008,1.0,center,,collision,0,1,0,42,264.55571976929593,86.81607822626665,nan,-0.3588227910652009,11.773078814333298,9.659301894214956
H0,map-corridor-01,7013,H0_map-corridor-01_seed401,2009,1.0,center,,collision,0,1,0,40,265.3127632445876,85.36787142744848,nan,-0.14468895832823847,15.487538022522813,10.292335189301285
H0,map-corridor-01,7013,H0_map-corridor-01_seed401,2010,1.0,center,,collision,0,1,0,39,265.63903206133875,83.65784659893822,nan,-0.22420010129539492,19.917002883353742,10.545780549334404
H0,map-corridor-01,7013,H0_map-corridor-01_seed401,2011,1.0,center,,collision,0,1,0,42,264.1683630144379,87.03547222232629,nan,-0.7961665139153524,17.1848680114524,9.690839821646724
H0,map-corridor-01,7013,H0_map-corridor-01_seed401,2012,1.0,center,,collision,0,1,0,40,263.6201875789847,86.56487485438389,nan,-1.4280440949458182,10.623969361275682,10.529995619740822
H0,map-corridor-01,7013,H0_map-corridor-01_seed401,2013,1.0,center,,collision,0,1,0,40,263.66321164635934,86.499735298968,nan,-1.4436888045809155,11.858636971018832,10.223273918650657
H0,map-corridor-01,7013,H0_map-corridor-01_seed401,2014,1.0,center,,collision,0,1,0,41,264.0032459496526,86.75627667369373,nan,-0.8981224546521034,14.928435019592103,10.077821156381667
H0,map-corridor-01,7013,H0_map-corridor-01_seed401,2015,1.0,center,,collision,0,1,0,42,263.902936072418,86.98875111602547,nan,-1.2745912611651349,13.10365479135063,9.427179639309816
H0,map-corridor-01,7013,H0_map-corridor-01_seed401,2016,1.0,center,,collision,0,1,0,41,265.06039602173206,85.18506472101869,nan,-0.2932359402262108,20.253195375958363,10.211471276440239
H0,map-corridor-01,7013,H0_map-corridor-01_seed401,2017,1.0,center,,collision,0,1,0,41,265.2777767632555,85.50380795613977,nan,-0.03660710642345322,9.871731464928063,9.895325775569336
H0,map-corridor-01,7013,H0_map-corridor-01_seed401,2018,1.0,center,,collision,0,1,0,42,263.1775065601639,88.77570352414114,nan,-1.4387273369634812,22.441384871037535,9.903703399191837
H0,map-corridor-01,7013,H0_map-corridor-01_seed401,2019,1.0,center,,collision,0,1,0,40,265.3745562837243,85.06662285293783,nan,-0.14755413389756455,9.701760488892328,10.152156762719938
H0,map-corridor-01,7013,H0_map-corridor-01_seed401,2020,1.0,center,,collision,0,1,0,40,265.84329576236854,83.25159766307812,nan,-0.09611528804694558,10.085576290181661,9.73782442791639
H0,map-corridor-01,7013,H0_map-corridor-01_seed401,2021,1.0,center,,collision,0,1,0,43,264.617514793824,87.27775903889099,nan,-0.3012419908617403,11.21245600740422,9.473178304106883
H0,map-corridor-01,7013,H0_map-corridor-01_seed401,2022,1.0,center,,collision,0,1,0,40,263.5728394855123,86.6196457627924,nan,-1.4183215318487683,10.694012504498765,10.143851825950472
H0,map-corridor-01,7013,H0_map-corridor-01_seed401,2023,1.0,center,,collision,0,1,0,41,264.3784625116157,86.59826195687903,nan,-0.6517845411581504,19.262962228047687,10.306381709111616
H0,map-corridor-01,7013,H0_map-corridor-01_seed401,2024,1.0,center,,collision,0,1,0,42,264.85058566420815,86.62489017715146,nan,-0.0885187870778239,11.125006617009902,9.663536626395906
H0,map-corridor-01,7013,H0_map-corridor-01_seed401,2025,1.0,center,,collision,0,1,0,42,263.21332892059723,89.06717192930144,nan,-1.1994632693851628,12.106187670429676,10.185424769167382
H0,map-corridor-01,7013,H0_map-corridor-01_seed401,2026,1.0,center,,collision,0,1,0,40,263.7199263783173,86.57766367578145,nan,-1.4435702972306146,19.888338829661944,10.53796582932763
H0,map-corridor-01,7013,H0_map-corridor-01_seed401,2027,1.0,center,,collision,0,1,0,42,262.7953915420925,88.98406233098949,nan,-1.646136815544871,11.823978432478233,10.036863248253388
H0,map-corridor-01,7013,H0_map-corridor-01_seed401,2028,1.0,center,,collision,0,1,0,40,264.6144034866079,85.25720545045866,nan,-0.8182003982142803,15.553229752959362,9.984467288289359
H0,map-corridor-01,7013,H0_map-corridor-01_seed401,2029,1.0,center,,collision,0,1,0,43,262.8291936663189,89.48601135253577,nan,-1.498536242753005,12.180437353926948,9.572218008123459
H0,map-corridor-01,7013,H0_map-corridor-01_seed401,2030,1.0,center,,collision,0,1,0,40,265.27960775534433,84.99466313732046,nan,-0.28456134979037984,9.96117016009867,9.952216823717452
H0,map-corridor-01,7013,H0_map-corridor-01_seed401,2031,1.0,center,,collision,0,1,0,39,265.42348842790904,82.83497522790232,nan,-0.7967259916194394,17.380373109292112,10.061117739790195
H0,map-corridor-01,7013,H0_map-corridor-01_seed401,2032,1.0,center,,collision,0,1,0,41,264.8374195533917,86.01667242954821,nan,-0.4333392718073341,10.946362616052843,9.708188941904151
H0,map-corridor-01,7013,H0_map-corridor-01_seed401,2033,1.0,center,,collision,0,1,0,41,264.78117297324263,86.66894920599435,nan,-0.2753377649340649,23.093079810126586,10.363765870899543
H0,map-corridor-01,7013,H0_map-corridor-01_seed401,2034,1.0,center,,collision,0,1,0,41,263.3449955410404,87.81575727998326,nan,-1.5334450064929896,24.050105863777077,10.477253522565153
H0,map-corridor-01,7013,H0_map-corridor-01_seed401,2035,1.0,center,,collision,0,1,0,40,264.9480505797429,84.69231627814146,nan,-0.6791065225488637,10.978322801357363,10.099368292444879
H0,map-corridor-01,7013,H0_map-corridor-01_seed401,2036,1.0,center,,collision,0,1,0,41,264.2948815092246,86.19012262920788,nan,-0.8793081133688645,9.47431918475642,10.021989983307781
H0,map-corridor-01,7013,H0_map-corridor-01_seed401,2037,1.0,center,,collision,0,1,0,42,264.43264936161444,87.95726905791933,nan,-0.29379727524388954,12.66315554012371,10.027391586655613
H0,map-corridor-01,7013,H0_map-corridor-01_seed401,2038,1.0,center,,collision,0,1,0,42,264.478096861241,86.21524177738772,nan,-0.59121828531147,11.441426511099191,9.780231238313611
H0,map-corridor-01,7013,H0_map-corridor-01_seed401,2039,1.0,center,,collision,0,1,0,41,264.64273031202026,85.53722205068613,nan,-0.7103577680679081,9.98439497356813,9.813917700224208
H0,map-corridor-01,7013,H0_map-corridor-01_seed401,2040,1.0,center,,collision,0,1,0,42,264.1964887516535,86.8582747567127,nan,-0.7137244089925616,13.185192743562254,9.679550471872421
H0,map-corridor-01,7013,H0_map-corridor-01_seed401,2041,1.0,center,,collision,0,1,0,42,262.9394572048821,88.01097336897782,nan,-1.709597647033597,11.500047610707547,9.552489954755469
H0,map-corridor-01,7013,H0_map-corridor-01_seed401,2042,1.0,center,,collision,0,1,0,41,265.2119656558178,84.438567882214,nan,-0.37634005618762956,10.565780055058088,9.527809158309376
H0,map-corridor-01,7013,H0_map-corridor-01_seed401,2043,1.0,center,,collision,0,1,0,42,264.1026324829291,86.49020534871744,nan,-0.9615420957119483,16.245955436900708,9.69433995096814
H0,map-corridor-01,7013,H0_map-corridor-01_seed401,2044,1.0,center,,collision,0,1,0,41,263.6829492653286,85.73404521948716,nan,-1.670941739289006,11.295870957900592,9.435740319750897
H0,map-corridor-01,7013,H0_map-corridor-01_seed401,2045,1.0,center,,collision,0,1,0,42,264.7506711179961,87.12400877840535,nan,-0.11552750894242791,10.968191823254877,9.928786978467615
H0,map-corridor-01,7013,H0_map-corridor-01_seed401,2046,1.0,center,,collision,0,1,0,39,265.3867959112372,84.43350675640457,nan,-0.2929497833351533,10.508056462204442,10.67135556396873
H0,map-corridor-01,7013,H0_map-corridor-01_seed401,2047,1.0,center,,collision,0,1,0,40,264.8116995626928,84.70559132705503,nan,-0.8385186410685677,21.343472792330044,10.146443359598578
H0,map-corridor-01,7013,H0_map-corridor-01_seed401,2048,1.0,center,,collision,0,1,0,43,263.9500902918874,88.18387804320022,nan,-0.6517796534941667,11.045929008460632,9.627599427831608
H0,map-corridor-01,7013,H0_map-corridor-01_seed401,2049,1.0,center,,collision,0,1,0,39,265.2676910839837,83.56168938311428,nan,-0.5297646476983573,9.591969897810586,10.365076613543248
H0,map-corridor-01,7013,H0_map-corridor-01_seed401,2050,1.0,center,,collision,0,1,0,43,262.8590731310449,89.04924613744627,nan,-1.5347186443097556,10.457488003053916,9.523299183398443
H0,map-corridor-01,7013,H0_map-corridor-01_seed503,2001,1.0,center,,collision,0,1,0,38,267.06096864748963,79.18965306862734,nan,-0.723255338151418,24.61898611837422,9.859483569451003
H0,map-corridor-01,7013,H0_map-corridor-01_seed503,2002,1.0,center,,collision,0,1,0,39,267.71073917249555,78.56823632006095,nan,-0.17365645698096444,7.091083600331004,9.023911016958705
H0,map-corridor-01,7013,H0_map-corridor-01_seed503,2003,1.0,center,,collision,0,1,0,38,267.15005035103815,79.62995102704829,nan,-0.14606694791432773,6.5456262124586155,9.490141961467298
H0,map-corridor-01,7013,H0_map-corridor-01_seed503,2004,1.0,center,,collision,0,1,0,39,266.1598322641701,80.23527890933099,nan,-1.416701014235052,9.238837597586132,8.976372690551512
H0,map-corridor-01,7013,H0_map-corridor-01_seed503,2005,1.0,center,,collision,0,1,0,39,267.176892021924,78.67058029838805,nan,-0.9007142248773192,7.297447320822059,8.868325700876053
H0,map-corridor-01,7013,H0_map-corridor-01_seed503,2006,1.0,center,,collision,0,1,0,39,265.66220341726677,80.58155074465087,nan,-1.6502602727604199,6.872640006441644,9.168061451861835
H0,map-corridor-01,7013,H0_map-corridor-01_seed503,2007,1.0,center,,collision,0,1,0,39,266.5790222290537,79.48787938997107,nan,-1.1860368111319772,12.3043036942397,9.238453555228867
H0,map-corridor-01,7013,H0_map-corridor-01_seed503,2008,1.0,center,,collision,0,1,0,39,266.724826173414,79.59660574003473,nan,-0.8293737519109854,10.02339385571177,9.215119165165516
H0,map-corridor-01,7013,H0_map-corridor-01_seed503,2009,1.0,center,,collision,0,1,0,38,267.11205480334405,80.13651795874958,nan,-0.17948489330897388,12.056389944210007,9.78590976725636
H0,map-corridor-01,7013,H0_map-corridor-01_seed503,2010,1.0,center,,collision,0,1,0,38,265.7400657097156,81.38740851701087,nan,-1.0906385248579795,11.102332095821218,9.905393815395106
H0,map-corridor-01,7013,H0_map-corridor-01_seed503,2011,1.0,center,,collision,0,1,0,39,266.88194275429345,79.57524890804604,nan,-0.6884710058884451,12.030915501157953,9.332140672531517
H0,map-corridor-01,7013,H0_map-corridor-01_seed503,2012,1.0,center,,collision,0,1,0,38,265.91306354384585,80.93012922480258,nan,-0.9454826691902909,6.876393351461763,9.742988270959954
H0,map-corridor-01,7013,H0_map-corridor-01_seed503,2013,1.0,center,,collision,0,1,0,38,265.9455082563683,80.96917126035227,nan,-0.9599224083469053,8.22694950515979,9.656693541307455
H0,map-corridor-01,7013,H0_map-corridor-01_seed503,2014,1.0,center,,collision,0,1,0,38,267.233996440335,78.85368216537134,nan,-0.27916967677235505,11.946866635459006,9.669516624319407
H0,map-corridor-01,7013,H0_map-corridor-01_seed503,2015,1.0,center,,collision,0,1,0,39,267.06913184307956,79.36368845861566,nan,-0.7294235006114249,10.319988822768828,9.0777078289773
H0,map-corridor-01,7013,H0_map-corridor-01_seed503,2016,1.0,center,,collision,0,1,0,39,265.5910875788334,80.76918784100737,nan,-1.6115065780547937,18.344021203631414,9.586658909295853
H0,map-corridor-01,7013,H0_map-corridor-01_seed503,2017,1.0,center,,collision,0,1,0,39,265.60390435643825,81.14887013233873,nan,-1.5677545584128936,6.881166108431751,9.274774218909137
H0,map-corridor-01,7013,H0_map-corridor-01_seed503,2018,1.0,center,,collision,0,1,0,39,265.8138016908166,81.38628936567102,nan,-1.402318258005316,21.00722010338456,9.495042284590069
H0,map-corridor-01,7013,H0_map-corridor-01_seed503,2019,1.0,center,,collision,0,1,0,38,267.0812249596143,79.91243253401409,nan,-0.25155615776053253,7.302063288499056,9.55739256870102
H0,map-corridor-01,7013,H0_map-corridor-01_seed503,2020,1.0,center,,collision,0,1,0,38,267.0065215565859,78.66752864553037,nan,-0.767734388765902,6.666488823037579,9.253645477776628
H0,map-corridor-01,7013,H0_map-corridor-01_seed503,2021,1.0,center,,collision,0,1,0,40,266.1509503198842,80.34343329502583,nan,-1.439764864562818,6.969203437052961,8.787781284790235
H0,map-corridor-01,7013,H0_map-corridor-01_seed503,2022,1.0,center,,collision,0,1,0,38,265.2233005867284,81.49917818312757,nan,-1.5969159882810402,6.522937791174801,9.64589521007873
H0,map-corridor-01,7013,H0_map-corridor-01_seed503,2023,1.0,center,,collision,0,1,0,39,265.0743748781149,81.92808863664919,nan,-1.8121235385876417,11.101212247280014,9.634975329859264
H0,map-corridor-01,7013,H0_map-corridor-01_seed503,2024,1.0,center,,collision,0,1,0,39,266.783641039551,79.48778091872117,nan,-0.7905005509321228,6.806002591161149,8.968343048669498
H0,map-corridor-01,7013,H0_map-corridor-01_seed503,2025,1.0,center,,collision,0,1,0,39,265.7714514663899,81.22098904051215,nan,-1.3186412267272303,7.16585395721425,9.337199128114014
H0,map-corridor-01,7013,H0_map-corridor-01_seed503,2026,1.0,center,,collision,0,1,0,38,266.28674625266416,80.92190370390315,nan,-0.6647671934646837,17.616013073159404,10.022014087430398
H0,map-corridor-01,7013,H0_map-corridor-01_seed503,2027,1.0,center,,collision,0,1,0,39,265.694753037129,81.11761515786132,nan,-1.3794154837338581,7.473601652052964,9.325129534808426
H0,map-corridor-01,7013,H0_map-corridor-01_seed503,2028,1.0,center,,collision,0,1,0,38,266.1788466368048,80.37264103183874,nan,-1.0622516288806167,10.734150203175076,9.541068663968074
H0,map-corridor-01,7013,H0_map-corridor-01_seed503,2029,1.0,center,,collision,0,1,0,39,266.5426596807204,79.49671695433454,nan,-1.2547418096387304,6.769616427284873,9.025841498770543
H0,map-corridor-01,7013,H0_map-corridor-01_seed503,2030,1.0,center,,collision,0,1,0,38,267.0710332215369,79.84308666901927,nan,-0.3032633061800709,7.1419267781736,9.486097718394788
H0,map-corridor-01,7013,H0_map-corridor-01_seed503,2031,1.0,center,,collision,0,1,0,38,265.64704031503817,80.7514297423313,nan,-1.5377477858927762,14.2503855075108,9.699466692714475
H0,map-corridor-01,7013,H0_map-corridor-01_seed503,2032,1.0,center,,collision,0,1,0,38,267.59244018576237,78.58069062211962,nan,-0.32928078870115485,6.624643122023493,9.143796162570556
H0,map-corridor-01,7013,H0_map-corridor-01_seed503,2033,1.0,center,,collision,0,1,0,39,265.6967484681335,81.86547433723975,nan,-1.2121818171284957,21.74919948935875,9.894905806494425
H0,map-corridor-01,7013,H0_map-corridor-01_seed503,2034,1.0,center,,collision,0,1,0,39,264.75351926419194,82.85360277715657,nan,-1.9373353658233725,24.475477012934128,10.022818848850626
H0,map-corridor-01,7013,H0_map-corridor-01_seed503,2035,1.0,center,,collision,0,1,0,38,267.26021752299033,79.2325089463735,nan,-0.18159922804198914,7.712510592786249,9.513258797466172
H0,map-corridor-01,7013,H0_map-corridor-01_seed503,2036,1.0,center,,collision,0,1,0,38,267.6659449933898,78.18462145060202,nan,-0.17089619142207368,7.431952859124877,9.41868344621493
H0,map-corridor-01,7013,H0_map-corridor-01_seed503,2037,1.0,center,,collision,0,1,0,39,266.69035252893514,80.36601513286904,nan,-0.679076948147582,9.443354590247456,9.332127929503393
H0,map-corridor-01,7013,H0_map-corridor-01_seed503,2038,1.0,center,,collision,0,1,0,39,266.3985991903225,79.18543423761912,nan,-1.3521237240536692,6.618428563820512,8.930452954741371
H0,map-corridor-01,7013,H0_map-corridor-01_seed503,2039,1.0,center,,collision,0,1,0,39,265.46619338292254,80.98963991385963,nan,-1.703699561022276,6.745184762839428,9.175888935101819
H0,map-corridor-01,7013,H0_map-corridor-01_seed503,2040,1.0,center,,collision,0,1,0,39,266.60771984869547,79.45615649522077,nan,-0.9278912525712002,10.549289827443015,9.204644299632834
H0,map-corridor-01,7013,H0_map-corridor-01_seed503,2041,1.0,center,,collision,0,1,0,38,267.8679385810093,77.49209270316392,nan,-0.19335314901986322,6.916758834329387,9.105576900533858
H0,map-corridor-01,7013,H0_map-corridor-01_seed503,2042,1.0,center,,collision,0,1,0,38,267.5849399686561,77.405935129602,nan,-0.6831976461240359,6.082327822424811,8.989549942025105
H0,map-corridor-01,7013,H0_map-corridor-01_seed503,2043,1.0,center,,collision,0,1,0,39,266.702769444339,79.16159967473125,nan,-0.9732604597938064,9.929472478056486,9.208882376623562
H0,map-corridor-01,7013,H0_map-corridor-01_seed503,2044,1.0,center,,collision,0,1,0,38,266.4101726899419,78.46747350698817,nan,-1.6310907035408988,9.689495564591674,9.174785685883393
H0,map-corridor-01,7013,H0_map-corridor-01_seed503,2045,1.0,center,,collision,0,1,0,39,266.88655701424824,79.699569609993,nan,-0.6199951959128924,7.006093242713139,9.098879853028802
H0,map-corridor-01,7013,H0_map-corridor-01_seed503,2046,1.0,center,,collision,0,1,0,38,266.13680758920987,81.65451406484063,nan,-0.49542404700489584,6.839130023274877,9.867935272330847
H0,map-corridor-01,7013,H0_map-corridor-01_seed503,2047,1.0,center,,collision,0,1,0,38,266.5938696142779,79.74526529266106,nan,-0.8683281780173431,19.622747333861664,9.727729639567052
H0,map-corridor-01,7013,H0_map-corridor-01_seed503,2048,1.0,center,,collision,0,1,0,40,265.4348565729054,81.15441131593576,nan,-1.8238757990895493,6.441147699623209,8.866859115408689
H0,map-corridor-01,7013,H0_map-corridor-01_seed503,2049,1.0,center,,collision,0,1,0,38,265.4016256434277,81.26995549681843,nan,-1.3624539772324127,6.546343237033708,9.682151279652773
H0,map-corridor-01,7013,H0_map-corridor-01_seed503,2050,1.0,center,,collision,0,1,0,39,266.85956517238463,78.96550397211577,nan,-0.9416745533330513,6.991079979213596,9.006579234080963
H0,map-barrier-01,7019,H0_map-barrier-01_seed101,2001,1.0,center,,success,1,0,0,152,2.2346935452185313,399.34345808641547,0.8399040721292792,19.206426064213602,16.88548879164821,10.990180714339223
H0,map-barrier-01,7019,H0_map-barrier-01_seed101,2002,1.0,center,,success,1,0,0,147,2.8496698901552295,393.93077761426287,0.8514445067133146,19.909932334723557,14.05098891794399,10.973744118075992
H0,map-barrier-01,7019,H0_map-barrier-01_seed101,2003,1.0,center,,success,1,0,0,150,2.661059227522674,400.03220585829354,0.8384579834149238,18.103961074054563,12.868210036750645,11.283880219672605
H0,map-barrier-01,7019,H0_map-barrier-01_seed101,2004,1.0,center,,success,1,0,0,148,2.700104803448814,394.9264802329093,0.8492978146898611,19.65915988412784,13.656864980800371,10.900516420485118
H0,map-barrier-01,7019,H0_map-barrier-01_seed101,2005,1.0,center,,success,1,0,0,146,2.7640530237334175,391.5615067815477,0.8565964498959137,19.434394613315995,13.466766467264755,10.795490398121494
H0,map-barrier-01,7019,H0_map-barrier-01_seed101,2006,1.0,center,,success,1,0,0,147,2.6268668469860814,396.9136753565021,0.8450457050231588,20.66073617152645,13.400388870979294,11.459350408888254
H0,map-barrier-01,7019,H0_map-barrier-01_seed101,2007,1.0,center,,success,1,0,0,145,2.8446467793525425,391.0156584135409,0.8577922377477689,19.61898320000762,15.052522302527821,11.108270291654426
H0,map-barrier-01,7019,H0_map-barrier-01_seed101,2008,1.0,center,,success,1,0,0,111,2.9637686719588485,351.39567378452045,0.9545086113685212,20.249024006347224,13.335082168506146,9.951502794639493
H0,map-barrier-01,7019,H0_map-barrier-01_seed101,2009,1.0,center,,success,1,0,0,151,2.7443764552030383,403.4701726088778,0.8313134883210156,18.934002665352907,13.51620522240161,11.424924006655155
H0,map-barrier-01,7019,H0_map-barrier-01_seed101,2010,1.0,center,,success,1,0,0,150,2.26211402967006,403.6752090850706,0.8308912439413243,18.30822807058864,12.969623870391665,11.40414113603607
H0,map-barrier-01,7019,H0_map-barrier-01_seed101,2011,1.0,center,,success,1,0,0,147,2.789336087471683,392.9222461472748,0.8536299481990905,19.73959615147792,14.913802852564688,10.999658905838958
H0,map-barrier-01,7019,H0_map-barrier-01_seed101,2012,1.0,center,,success,1,0,0,148,2.6178968834752165,399.5063795131993,0.8395615535192895,18.352720268116627,12.96277574932304,11.43691503484673
H0,map-barrier-01,7019,H0_map-barrier-01_seed101,2013,1.0,center,,success,1,0,0,153,2.2977954477180083,406.46514412486613,0.8251880917049321,18.08999667356931,12.701038690136567,11.288957720601179
H0,map-barrier-01,7019,H0_map-barrier-01_seed101,2014,1.0,center,,success,1,0,0,147,2.575909433311988,398.0234110756781,0.8426896189812195,20.632924108372876,14.573823943896404,11.531284219871921
H0,map-barrier-01,7019,H0_map-barrier-01_seed101,2015,1.0,center,,success,1,0,0,149,2.9007168253453317,396.6825837308836,0.8455379953169727,20.157308267493804,13.677121866350324,10.952453844641084
H0,map-barrier-01,7019,H0_map-barrier-01_seed101,2016,1.0,center,,success,1,0,0,147,2.5172083788788595,395.07008360915745,0.848989104821183,19.992760687793563,16.513898759404015,11.329966195293716
H0,map-barrier-01,7019,H0_map-barrier-01_seed101,2017,1.0,center,,success,1,0,0,111,2.836962912440136,354.3521123858681,0.9465449334184496,20.65892034771346,11.568960863431693,10.451406454361699
H0,map-barrier-01,7019,H0_map-barrier-01_seed101,2018,1.0,center,,success,1,0,0,150,2.939983454259646,398.0819784252063,0.8425656392480654,19.699520453930553,16.235264745387862,11.043741549403272
H0,map-barrier-01,7019,H0_map-barrier-01_seed101,2019,1.0,center,,success,1,0,0,150,2.542648483126802,403.8937140822467,0.8304417348685634,20.275313344150284,12.866380657075252,11.46100267123519
H0,map-barrier-01,7019,H0_map-barrier-01_seed101,2020,1.0,center,,success,1,0,0,151,2.529903481475606,399.1897124552404,0.8402275563716506,18.610505252116106,12.971419332913623,10.980082329781848
H0,map-barrier-01,7019,H0_map-barrier-01_seed101,2021,1.0,center,,success,1,0,0,149,2.284021750706636,395.9293612551626,0.847146560592682,19.809556177031197,13.432741821799185,10.93594989882027
H0,map-barrier-01,7019,H0_map-barrier-01_seed101,2022,1.0,center,,success,1,0,0,150,2.9896593106143245,401.01818220190023,0.8363964815343455,16.58951381502276,12.365990976341635,11.208116410525804
H0,map-barrier-01,7019,H0_map-barrier-01_seed101,2023,1.0,center,,success,1,0,0,147,2.333261729058625,399.7669003223144,0.8390144265434233,19.859791040095622,13.20666351691027,11.585152701149953
H0,map-barrier-01,7019,H0_map-barrier-01_seed101,2024,1.0,center,,success,1,0,0,145,2.3385444071564705,389.67595654278466,0.8607413185066294,19.36327205215544,13.627432593495236,10.98960666378572
H0,map-barrier-01,7019,H0_map-barrier-01_seed101,2025,1.0,center,,success,1,0,0,148,2.2838295013352705,398.1348837599944,0.8424536766468372,20.46564507871902,13.390785188137599,11.408209643835086
H0,map-barrier-01,7019,H0_map-barrier-01_seed101,2026,1.0,center,,success,1,0,0,149,2.807237193266301,402.30611274505037,0.8337188672982575,18.998658689907217,15.262182140773398,11.466274128408855
H0,map-barrier-01,7019,H0_map-barrier-01_seed101,2027,1.0,center,,success,1,0,0,148,2.9625868123180417,400.301148016161,0.8378946657715487,20.532618500570635,12.692126732278373,11.47414020897425
H0,map-barrier-01,7019,H0_map-barrier-01_seed101,2028,1.0,center,,success,1,0,0,153,2.6325363653295204,403.53618249424505,0.8311775032211687,17.804066024820642,13.31353878502519,11.030573496001535
H0,map-barrier-01,7019,H0_map-barrier-01_seed101,2029,1.0,center,,success,1,0,0,148,2.728976956822029,393.218993177683,0.8529857469865587,20.30711313396841,13.064127829078188,10.762754118006843
H0,map-barrier-01,7019,H0_map-barrier-01_seed101,2030,1.0,center,,success,1,0,0,150,2.491120424785279,396.746870413622,0.8454009889864841,18.985812492677866,12.940453630468113,10.721547574102605
H0,map-barrier-01,7019,H0_map-barrier-01_seed101,2031,1.0,center,,success,1,0,0,152,2.618546816766301,400.99863543981417,0.8364372518552128,16.20037766529106,14.412854467744546,11.14509897056127
H0,map-barrier-01,7019,H0_map-barrier-01_seed101,2032,1.0,center,,success,1,0,0,151,2.5140753486665477,400.0952927729449,0.8383257755929526,19.044140538781328,12.758211141126715,11.009119096826796
H0,map-barrier-01,7019,H0_map-barrier-01_seed101,2033,1.0,center,,success,1,0,0,147,2.974281577469148,398.5941559566933,0.8414829761362841,20.095001079085037,16.97016702244054,11.449119065961467
H0,map-barrier-01,7019,H0_map-barrier-01_seed101,2034,1.0,center,,success,1,0,0,149,2.46194304550621,400.0693308283545,0.8383801775819518,20.19341750282925,17.713833144524784,11.59683411274794
H0,map-barrier-01,7019,H0_map-barrier-01_seed101,2035,1.0,center,,success,1,0,0,150,2.6230575834912613,402.06173494592326,0.8342256113232976,18.202153277656503,12.91001077923586,11.329273328278544
H0,map-barrier-01,7019,H0_map-barrier-01_seed101,2036,1.0,center,,success,1,0,0,147,2.635765910510197,398.7218475749071,0.8412134892155756,20.380596457297656,13.38393764476304,11.518366389634345
H0,map-barrier-01,7019,H0_map-barrier-01_seed101,2037,1.0,center,,success,1,0,0,145,2.7700723627298327,392.9387225903567,0.8535941543603928,19.989644458145943,14.009485581778083,11.200325822276422
H0,map-barrier-01,7019,H0_map-barrier-01_seed101,2038,1.0,center,,success,1,0,0,146,2.9807168072612265,390.3705689389669,0.8592097440558043,19.597533498795745,12.993766121043459,10.789416641665916
H0,map-barrier-01,7019,H0_map-barrier-01_seed101,2039,1.0,center,,success,1,0,0,147,2.9902198373334996,393.00418897521683,0.8534519631955366,19.865060784612346,13.070590608165137,10.93038378261439
H0,map-barrier-01,7019,H0_map-barrier-01_seed101,2040,1.0,center,,success,1,0,0,147,2.3761703941931738,391.7849335988219,0.8561079507167069,20.103136212319516,14.608238740382616,10.74739088090581
H0,map-barrier-01,7019,H0_map-barrier-01_seed101,2041,1.0,center,,success,1,0,0,149,2.9703572258886344,393.5704824925125,0.8522239638013237,20.458123925401715,13.420122639028037,10.80773487693466
H0,map-barrier-01,7019,H0_map-barrier-01_seed101,2042,1.0,center,,success,1,0,0,151,2.377012224009337,399.04764503797213,0.8405266909745874,20.516657674087245,12.981831163059153,11.007252774018612
H0,map-barrier-01,7019,H0_map-barrier-01_seed101,2043,1.0,center,,success,1,0,0,147,2.9085775025435905,391.7121718705219,0.8562669753745521,19.68803313075869,14.761611112337514,10.93778932980359
H0,map-barrier-01,7019,H0_map-barrier-01_seed101,2044,1.0,center,,success,1,0,0,152,2.1498155184016388,398.15414297191364,0.8424129261129623,19.00791031529048,13.337968940793866,10.700482273476258
H0,map-barrier-01,7019,H0_map-barrier-01_seed101,2045,1.0,center,,success,1,0,0,110,2.8939889826706744,351.54216126771695,0.9541108679978128,20.114673568636974,11.402179792512399,10.257139632361762
H0,map-barrier-01,7019,H0_map-barrier-01_seed101,2046,1.0,center,,success,1,0,0,148,2.7212047386566462,397.23705884159256,0.8443577686409188,17.479685704911077,12.802939272645272,11.258005815868929
H0,map-barrier-01,7019,H0_map-barrier-01_seed101,2047,1.0,center,,success,1,0,0,149,2.761047274541947,395.50604374949626,0.8480532773790153,18.48477801603675,15.52132143633203,10.915680109216103
H0,map-barrier-01,7019,H0_map-barrier-01_seed101,2048,1.0,center,,success,1,0,0,147,2.605596613369768,392.7210848138058,0.8540671983119796,19.748698916257254,13.281428348167298,10.855849666939438
H0,map-barrier-01,7019,H0_map-barrier-01_seed101,2049,1.0,center,,success,1,0,0,149,2.4855811530630403,400.3707600321601,0.8377489819636839,16.348178102716584,12.458689273787684,11.32477588503837
H0,map-barrier-01,7019,H0_map-barrier-01_seed101,2050,1.0,center,,success,1,0,0,147,2.2829555738298866,396.09671123387994,0.8467886430567246,19.885328064219834,13.617545798348573,11.094046584970322
H0,map-barrier-01,7019,H0_map-barrier-01_seed211,2001,1.0,center,,success,1,0,0,138,2.3503702406232785,372.35432878224924,0.9007823212956778,15.053975589953515,20.95523778751078,12.193237322863158
H0,map-barrier-01,7019,H0_map-barrier-01_seed211,2002,1.0,center,,success,1,0,0,135,2.3457248743201236,371.143457482608,0.903721161892463,13.965404263545325,21.827056885701925,12.406153635118397
H0,map-barrier-01,7019,H0_map-barrier-01_seed211,2003,1.0,center,,success,1,0,0,142,2.0119548326640717,380.14882872556416,0.8823128503365895,13.897297476685422,22.632712511620518,12.421785910275004
H0,map-barrier-01,7019,H0_map-barrier-01_seed211,2004,1.0,center,,success,1,0,0,135,2.6993670620570582,369.9991493698758,0.9065161290132322,17.411512285856066,22.07028465887554,12.256689576947979
H0,map-barrier-01,7019,H0_map-barrier-01_seed211,2005,1.0,center,,success,1,0,0,135,2.242805321295527,368.7234088527326,0.9096525703876064,15.016346442005544,21.033768418540234,12.141739818442636
H0,map-barrier-01,7019,H0_map-barrier-01_seed211,2006,1.0,center,,success,1,0,0,133,2.496275717436363,369.9960125324966,0.9065238144843778,16.906566893667446,23.35303316047124,12.571595106119334
H0,map-barrier-01,7019,H0_map-barrier-01_seed211,2007,1.0,center,,success,1,0,0,133,2.151348604545125,368.80899012388113,0.909441487617495,15.888299246681896,21.89903776755926,12.423404466989654
H0,map-barrier-01,7019,H0_map-barrier-01_seed211,2008,1.0,center,,success,1,0,0,133,2.8920187483967044,369.46405085406866,0.9078290454771449,15.522460136274741,23.046993628476784,12.478657603351882
H0,map-barrier-01,7019,H0_map-barrier-01_seed211,2009,1.0,center,,success,1,0,0,144,2.4025812772909294,383.9127620671335,0.873662534214782,14.609441243227607,19.754781664272432,12.289430740146749
H0,map-barrier-01,7019,H0_map-barrier-01_seed211,2010,1.0,center,,success,1,0,0,142,2.880438991647964,382.3684144775491,0.8771911693680499,14.208355351738192,22.215182864725303,12.503378872583484
H0,map-barrier-01,7019,H0_map-barrier-01_seed211,2011,1.0,center,,success,1,0,0,137,1.7888652277195913,373.02256935358633,0.8991686406701969,15.911829554784827,21.126777486909138,12.379644342274974
H0,map-barrier-01,7019,H0_map-barrier-01_seed211,2012,1.0,center,,success,1,0,0,137,2.4506027550158445,375.433590222245,0.8933942123463595,14.333575191176253,23.637773016390987,12.75118455461281
H0,map-barrier-01,7019,H0_map-barrier-01_seed211,2013,1.0,center,,success,1,0,0,147,1.7943213114607504,388.8623768293362,0.8625421655851607,12.993310283410302,19.748695715964292,12.265111883535704
H0,map-barrier-01,7019,H0_map-barrier-01_seed211,2014,1.0,center,,success,1,0,0,134,2.380105244053339,373.0133785336701,0.8991907956317245,15.27853440736304,22.889330602163014,12.660678898401251
H0,map-barrier-01,7019,H0_map-barrier-01_seed211,2015,1.0,center,,success,1,0,0,137,2.1839969974379727,372.52760204413863,0.900363341627576,14.654811762656266,23.13907899661742,12.38241158432029
H0,map-barrier-01,7019,H0_map-barrier-01_seed211,2016,1.0,center,,success,1,0,0,135,2.7192715113689654,372.1866918130286,0.9011880435355945,15.36623156931376,21.156363571527024,12.554536523838408
H0,map-barrier-01,7019,H0_map-barrier-01_seed211,2017,1.0,center,,success,1,0,0,137,2.2764317958143754,376.3366682473195,0.8912503747961782,15.238241451076448,20.68203140449348,12.458979014175274
H0,map-barrier-01,7019,H0_map-barrier-01_seed211,2018,1.0,center,,success,1,0,0,140,2.5068220364035363,375.62447578533033,0.8929402055702452,15.510109296044059,22.437580214428714,12.224453457566215
H0,map-barrier-01,7019,H0_map-barrier-01_seed211,2019,1.0,center,,success,1,0,0,141,2.583805768534665,382.7961922452338,0.8762109013093108,14.834525918439567,20.900646526949576,12.535572000012767
H0,map-barrier-01,7019,H0_map-barrier-01_seed211,2020,1.0,center,,success,1,0,0,136,2.211885684873213,370.6306059996805,0.9049716650363667,15.085552533223074,22.412015921330518,12.257603899434583
H0,map-barrier-01,7019,H0_map-barrier-01_seed211,2021,1.0,center,,success,1,0,0,136,2.9464594970721496,371.31917355527185,0.9032935019582062,15.11974016734515,22.354415471369993,12.377388513571393
H0,map-barrier-01,7019,H0_map-barrier-01_seed211,2022,1.0,center,,success,1,0,0,143,2.5960463318497813,382.5647311503075,0.8767410305086062,13.243709073546148,21.05813735260974,12.40527597914341
H0,map-barrier-01,7019,H0_map-barrier-01_seed211,2023,1.0,center,,success,1,0,0,138,2.800318781896044,378.3838576271321,0.886428397681513,14.735000946467258,19.48555052524138,12.459701405271927
H0,map-barrier-01,7019,H0_map-barrier-01_seed211,2024,1.0,center,,success,1,0,0,131,2.741768009502187,364.434943738074,0.9203568493860836,16.50623529792632,22.9180041938597,12.387493885630315
H0,map-barrier-01,7019,H0_map-barrier-01_seed211,2025,1.0,center,,success,1,0,0,139,2.7793574017290217,377.4218033675554,0.888687917953501,13.92365471821087,22.41374504153676,12.436750939839182
H0,map-barrier-01,7019,H0_map-barrier-01_seed211,2026,1.0,center,,success,1,0,0,142,2.246052048491529,382.5688341106103,0.8767316276683242,12.966836222559584,22.852703305246624,12.479094817757693
H0,map-barrier-01,7019,H0_map-barrier-01_seed211,2027,1.0,center,,success,1,0,0,137,2.704509837257058,375.7346352133379,0.8926784096827441,14.862596899635847,21.0117612591492,12.571042918832575
H0,map-barrier-01,7019,H0_map-barrier-01_seed211,2028,1.0,center,,success,1,0,0,140,2.995837451709188,376.3908036892306,0.8911221882612785,15.493355399172211,23.755888833744248,12.494277018607047
H0,map-barrier-01,7019,H0_map-barrier-01_seed211,2029,1.0,center,,success,1,0,0,140,2.877256225469431,375.9910727840098,0.8920695753264513,14.220442698250935,20.805124842920545,12.2173051426449
H0,map-barrier-01,7019,H0_map-barrier-01_seed211,2030,1.0,center,,success,1,0,0,140,2.2383522823746738,374.8348782043564,0.8948212029567484,13.512551966208388,22.178390788127047,12.262623963195457
H0,map-barrier-01,7019,H0_map-barrier-01_seed211,2031,1.0,center,,success,1,0,0,143,2.759533865948954,379.9163314286882,0.8828527990982833,15.236185358979307,20.54633486176344,12.265977873685083
H0,map-barrier-01,7019,H0_map-barrier-01_seed211,2032,1.0,center,,success,1,0,0,141,2.15070044676558,377.8598002066253,0.887657793820766,15.473140929969581,21.41695955262058,12.206464767197895
H0,map-barrier-01,7019,H0_map-barrier-01_seed211,2033,1.0,center,,success,1,0,0,139,2.2892311510059833,378.83238785938,0.8853788835749452,13.02716337597381,21.380399014709386,12.601062716663535
H0,map-barrier-01,7019,H0_map-barrier-01_seed211,2034,1.0,center,,success,1,0,0,138,2.588555158196384,377.0794379051508,0.88949479316169,14.388229339295677,22.299077153856935,12.54315282039707
H0,map-barrier-01,7019,H0_map-barrier-01_seed211,2035,1.0,center,,success,1,0,0,142,1.9287754354643487,382.3037071845861,0.8773396394584889,14.324094917774962,20.227841163893878,12.371759003308563
H0,map-barrier-01,7019,H0_map-barrier-01_seed211,2036,1.0,center,,success,1,0,0,134,2.872695760063119,372.58284283603075,0.9002298497480156,15.784409508093256,21.94319993974205,12.653448909734786
H0,map-barrier-01,7019,H0_map-barrier-01_seed211,2037,1.0,center,,success,1,0,0,131,2.94298695479573,366.9842339151596,0.9139635047714597,14.49056015220859,19.86111452515815,12.50678183976976
H0,map-barrier-01,7019,H0_map-barrier-01_seed211,2038,1.0,center,,success,1,0,0,133,2.2401084859125855,365.62023938577,0.9173731661804243,16.50915869865518,23.11511052661513,12.173061144854236
H0,map-barrier-01,7019,H0_map-barrier-01_seed211,2039,1.0,center,,success,1,0,0,134,2.4217195903005555,368.46284547644154,0.9102958432383209,16.111586570559066,22.375270700544,12.34899944109731
H0,map-barrier-01,7019,H0_map-barrier-01_seed211,2040,1.0,center,,success,1,0,0,137,2.0356643526575033,370.9842558767209,0.9041089785126251,13.89171740430109,20.47585429397042,12.205580228118308
H0,map-barrier-01,7019,H0_map-barrier-01_seed211,2041,1.0,center,,success,1,0,0,140,2.8944114979818307,373.172791867655,0.8988066759806033,14.718189155630668,21.80132317066857,12.066492476096288
H0,map-barrier-01,7019,H0_map-barrier-01_seed211,2042,1.0,center,,success,1,0,0,139,2.7450789088022622,374.02188713376216,0.8967662272262027,15.512052736264645,21.728681408840007,12.271444803554594
H0,map-barrier-01,7019,H0_map-barrier-01_seed211,2043,1.0,center,,success,1,0,0,132,2.2433969843945993,365.5926499474392,0.9174423957188143,15.519129839700346,21.849038896161204,12.346899152755418
H0,map-barrier-01,7019,H0_map-barrier-01_seed211,2044,1.0,center,,success,1,0,0,138,2.3112603908057,371.22709145892884,0.9035175620044341,15.04828917668946,24.052708996033978,12.231321417899816
H0,map-barrier-01,7019,H0_map-barrier-01_seed211,2045,1.0,center,,success,1,0,0,138,1.9189609670458145,376.2134678920293,0.891542236657059,16.0962537417543,20.256403619451333,12.346340629917604
H0,map-barrier-01,7019,H0_map-barrier-01_seed211,2046,1.0,center,,success,1,0,0,142,2.3114465326149123,380.20891345200414,0.8821734177131783,12.810955852820072,20.23560860808953,12.339328307570572
H0,map-barrier-01,7019,H0_map-barrier-01_seed211,2047,1.0,center,,success,1,0,0,136,2.1795775866245375,370.75352003255955,0.904671644373094,15.33967960962608,23.018202131034965,12.340041699367042
H0,map-barrier-01,7019,H0_map-barrier-01_seed211,2048,1.0,center,,success,1,0,0,139,2.083318192834269,374.16380839287126,0.8964260815754485,13.357410155206498,19.162720345266784,12.066402867363434
H0,map-barrier-01,7019,H0_map-barrier-01_seed211,2049,1.0,center,,success,1,0,0,136,2.8424420056685653,373.13089984161047,0.8989075864993921,15.332580025393053,23.988661608386334,12.692376922665911
H0,map-barrier-01,7019,H0_map-barrier-01_seed211,2050,1.0,center,,success,1,0,0,137,2.4939482019568318,374.2374201311058,0.8962497563911832,15.353984481181355,21.288085639068072,12.417818168151847
H0,map-barrier-01,7019,H0_map-barrier-01_seed307,2001,1.0,center,,success,1,0,0,113,2.7385432652783726,353.5548252681472,0.9486794484294839,6.842515712795844,15.527635364978352,11.036088486872893
H0,map-barrier-01,7019,H0_map-barrier-01_seed307,2002,1.0,center,,success,1,0,0,152,2.2673327141342647,396.5791851401441,0.8457584492399429,5.754973656909051,16.084579734786494,10.98097579342401
H0,map-barrier-01,7019,H0_map-barrier-01_seed307,2003,1.0,center,,success,1,0,0,108,2.631253091885805,349.7267939335325,0.959063481675113,9.970504338248055,17.29138125403704,11.229499864818017
H0,map-barrier-01,7019,H0_map-barrier-01_seed307,2004,1.0,center,,success,1,0,0,153,2.9202242395886566,398.3444822621491,0.842010399441748,4.630231557569935,14.731319734942838,11.033456985859019
H0,map-barrier-01,7019,H0_map-barrier-01_seed307,2005,1.0,center,,success,1,0,0,111,2.6635981535521345,351.6693538192107,0.9537657830639378,4.807053966998597,16.49333611804622,10.89565128730161
H0,map-barrier-01,7019,H0_map-barrier-01_seed307,2006,1.0,center,,success,1,0,0,108,2.776467961353766,350.42019366412273,0.9571657190123543,7.173255120774215,17.02275202910157,11.17327741312486
H0,map-barrier-01,7019,H0_map-barrier-01_seed307,2007,1.0,center,,success,1,0,0,152,2.6882140537910595,396.34610147733923,0.8462558238235763,5.276080287480916,13.771898844627698,10.901936886931702
H0,map-barrier-01,7019,H0_map-barrier-01_seed307,2008,1.0,center,,success,1,0,0,151,2.76937418525272,392.85919593319534,0.8537669477947109,6.344929717979603,13.45169088327562,10.87158483351405
H0,map-barrier-01,7019,H0_map-barrier-01_seed307,2009,1.0,center,,success,1,0,0,155,2.222629544325763,403.2300633758807,0.8318085060842988,9.094178084520522,14.952951231203548,11.09178508409338
H0,map-barrier-01,7019,H0_map-barrier-01_seed307,2010,1.0,center,,success,1,0,0,153,2.595872503499255,402.4950585134022,0.833327489444942,10.088557480872083,15.33248305048625,11.245328403263315
H0,map-barrier-01,7019,H0_map-barrier-01_seed307,2011,1.0,center,,success,1,0,0,152,2.774517445057013,397.07354137439813,0.8447054806623651,5.497500571597158,14.41336498119939,10.957320402230483
H0,map-barrier-01,7019,H0_map-barrier-01_seed307,2012,1.0,center,,success,1,0,0,107,2.818401385927801,349.41176986332374,0.9599281579901211,9.617867633910386,18.658903206408176,11.442370157715585
H0,map-barrier-01,7019,H0_map-barrier-01_seed307,2013,1.0,center,,success,1,0,0,157,2.3007396282510095,409.4030070023807,0.8192665683645505,8.973186643360407,15.369904550531203,11.166929358734498
H0,map-barrier-01,7019,H0_map-barrier-01_seed307,2014,1.0,center,,success,1,0,0,151,2.5863480230197684,398.7492856789163,0.8411556049658979,7.817481734480888,15.102936114430118,11.10061852475193
H0,map-barrier-01,7019,H0_map-barrier-01_seed307,2015,1.0,center,,success,1,0,0,113,2.9717596392295262,354.16475304447954,0.9470456722237527,5.258855783858529,16.996479256556015,11.065646011224358
H0,map-barrier-01,7019,H0_map-barrier-01_seed307,2016,1.0,center,,success,1,0,0,107,2.7416621620718997,348.513405715708,0.9624025679476209,7.969323168182314,17.95285614788422,11.091699464025785
H0,map-barrier-01,7019,H0_map-barrier-01_seed307,2017,1.0,center,,success,1,0,0,148,2.723398740833762,392.91337345722155,0.853649224697327,8.7190280606954,15.780434853177129,11.10781768523478
H0,map-barrier-01,7019,H0_map-barrier-01_seed307,2018,1.0,center,,success,1,0,0,113,2.9736198226038737,354.6144756504148,0.9458446274923693,5.6389462269833786,15.293011415757672,11.027914586173495
H0,map-barrier-01,7019,H0_map-barrier-01_seed307,2019,1.0,center,,success,1,0,0,153,2.7176969669515345,402.07342230604377,0.8342013622817037,8.763402682241953,14.619809173339439,11.14816199366763
H0,map-barrier-01,7019,H0_map-barrier-01_seed307,2020,1.0,center,,success,1,0,0,112,2.8962680260286033,352.48775823460096,0.9515513341650113,7.014935074669751,16.174648527671284,11.007788781990902
H0,map-barrier-01,7019,H0_map-barrier-01_seed307,2021,1.0,center,,success,1,0,0,154,2.562960187708076,398.99457954762676,0.8406384793629298,5.4098564069450035,13.904841622060237,10.777679340333233
H0,map-barrier-01,7019,H0_map-barrier-01_seed307,2022,1.0,center,,success,1,0,0,109,2.932580168196734,351.2604673018918,0.954876018930702,9.70063641922404,17.122300525838096,11.26976121294684
H0,map-barrier-01,7019,H0_map-barrier-01_seed307,2023,1.0,center,,success,1,0,0,104,2.91870462418749,346.52189585477765,0.9679336302763796,9.64091426175414,17.021486092425302,11.18517447287426
H0,map-barrier-01,7019,H0_map-barrier-01_seed307,2024,1.0,center,,success,1,0,0,112,2.952606737982514,352.0949906406201,0.9526128048987734,5.02771563260341,15.909486363080793,10.998232190965199
H0,map-barrier-01,7019,H0_map-barrier-01_seed307,2025,1.0,center,,success,1,0,0,106,2.669088468859598,348.10494048136695,0.9635318480718948,8.425735376854263,18.023004947747747,11.192483338010678
H0,map-barrier-01,7019,H0_map-barrier-01_seed307,2026,1.0,center,,success,1,0,0,106,2.7716805650506906,348.67333483873796,0.9619611341374765,9.727969949447079,16.25318504534778,11.294465157507407
H0,map-barrier-01,7019,H0_map-barrier-01_seed307,2027,1.0,center,,success,1,0,0,105,2.9848761777536854,346.87406673267134,0.9669509161763372,8.466366892840774,17.556269633281268,11.16130571179756
H0,map-barrier-01,7019,H0_map-barrier-01_seed307,2028,1.0,center,,success,1,0,0,157,2.3550305757783176,403.30078171783805,0.8316626493911238,6.354565503632763,14.646850123343834,11.088284054174052
H0,map-barrier-01,7019,H0_map-barrier-01_seed307,2029,1.0,center,,success,1,0,0,152,2.386193982230806,394.2940144231554,0.8506601276097665,4.048589862292063,13.270791551322123,10.932193730318653
H0,map-barrier-01,7019,H0_map-barrier-01_seed307,2030,1.0,center,,success,1,0,0,113,2.9208999445753063,354.0666489274697,0.9473080778463181,6.0027178645606725,17.502878276991204,11.209278765462306
H0,map-barrier-01,7019,H0_map-barrier-01_seed307,2031,1.0,center,,success,1,0,0,156,2.9986072309528295,403.37543977439395,0.831508722525501,8.55103736684545,14.594827223394464,11.196515580244965
H0,map-barrier-01,7019,H0_map-barrier-01_seed307,2032,1.0,center,,success,1,0,0,113,2.8873404961626994,355.0085855573435,0.9447946057371918,6.253924152170143,16.175426451871548,11.08689022328556
H0,map-barrier-01,7019,H0_map-barrier-01_seed307,2033,1.0,center,,success,1,0,0,105,2.9532846337618746,346.8127022869057,0.9671220068159316,8.363943014416215,20.024553827372753,11.250881775500064
H0,map-barrier-01,7019,H0_map-barrier-01_seed307,2034,1.0,center,,success,1,0,0,107,2.937747703353934,349.6994719908406,0.9591384130936108,9.132015348839225,16.40780909708773,11.189761325536121
H0,map-barrier-01,7019,H0_map-barrier-01_seed307,2035,1.0,center,,success,1,0,0,156,2.3004513327175626,404.1777756800236,0.829858089205042,9.263201734254707,14.28862924417386,11.021582059864938
H0,map-barrier-01,7019,H0_map-barrier-01_seed307,2036,1.0,center,,success,1,0,0,105,2.693408724678458,348.55159092320594,0.9622971329339511,9.130159768749266,16.69310478865043,11.12860515056446
H0,map-barrier-01,7019,H0_map-barrier-01_seed307,2037,1.0,center,,success,1,0,0,106,2.7399304714423263,347.2595619931705,0.9658774972237192,6.951391794111701,17.407223122619346,11.046082656872217
H0,map-barrier-01,7019,H0_map-barrier-01_seed307,2038,1.0,center,,success,1,0,0,151,2.5818593981274685,391.6876651817622,0.8563205493574115,5.975218346905407,14.772315116822694,10.884643420483313
H0,map-barrier-01,7019,H0_map-barrier-01_seed307,2039,1.0,center,,success,1,0,0,152,2.6583363984601323,395.6539756603556,0.8477361969260162,5.872028971318478,14.423966623099496,11.034128692053239
H0,map-barrier-01,7019,H0_map-barrier-01_seed307,2040,1.0,center,,success,1,0,0,110,2.565553873295794,350.59184132703615,0.9566970964167245,5.705933584182134,15.755296402558853,10.987275771457195
H0,map-barrier-01,7019,H0_map-barrier-01_seed307,2041,1.0,center,,success,1,0,0,114,2.858906722599136,354.1498267459303,0.9470855872127653,4.929797924380175,14.41749574588613,10.982158330910911
H0,map-barrier-01,7019,H0_map-barrier-01_seed307,2042,1.0,center,,success,1,0,0,112,2.8354398058654677,352.5025198545959,0.9515114863953942,6.275597513755251,16.898534479818753,10.959977197940786
H0,map-barrier-01,7019,H0_map-barrier-01_seed307,2043,1.0,center,,success,1,0,0,110,2.4095826191166543,350.4556955182935,0.9570687562344391,5.461629276010704,16.01485137132044,11.04666932565971
H0,map-barrier-01,7019,H0_map-barrier-01_seed307,2044,1.0,center,,success,1,0,0,158,2.528242559268211,403.7118826166751,0.8308157650723421,4.658977972497951,15.090695044073737,11.026432529458496
H0,map-barrier-01,7019,H0_map-barrier-01_seed307,2045,1.0,center,,success,1,0,0,152,2.3992062788452135,395.9037573667768,0.8472013472563098,6.4607591702905935,14.230857518668996,10.868612749160032
H0,map-barrier-01,7019,H0_map-barrier-01_seed307,2046,1.0,center,,success,1,0,0,109,2.441404590562159,351.56557267381527,0.9540473319785614,10.752420440201533,15.845181967153621,11.387010529954111
H0,map-barrier-01,7019,H0_map-barrier-01_seed307,2047,1.0,center,,success,1,0,0,113,2.9110065190845864,353.8538352966458,0.9478778048110867,6.578695135509719,16.660388888442093,11.179500164566848
H0,map-barrier-01,7019,H0_map-barrier-01_seed307,2048,1.0,center,,success,1,0,0,109,2.8115958505476386,348.5534592870195,0.9622919746975511,5.948624029866952,15.523818861506925,10.73246859504902
H0,map-barrier-01,7019,H0_map-barrier-01_seed307,2049,1.0,center,,success,1,0,0,109,2.3686817892055028,351.8688160719926,0.9532251262537096,9.490433548664683,16.643126079898174,11.435196343009384
H0,map-barrier-01,7019,H0_map-barrier-01_seed307,2050,1.0,center,,success,1,0,0,151,2.9765120473692868,397.54247791273076,0.8437090757848481,5.6335623051766035,13.857377379368598,10.948075575194004
H0,map-barrier-01,7019,H0_map-barrier-01_seed401,2001,1.0,center,,success,1,0,0,151,2.9802720465738592,386.1098858950311,0.8686910355777683,11.434439543235428,15.960668550912827,10.824302620280976
H0,map-barrier-01,7019,H0_map-barrier-01_seed401,2002,1.0,center,,success,1,0,0,103,1.3467282351128063,342.8350992026241,0.9783426417104762,9.921340845275813,12.441750327076939,9.457438663078841
H0,map-barrier-01,7019,H0_map-barrier-01_seed401,2003,1.0,center,,success,1,0,0,144,2.8391782423435235,387.27958841642214,0.8660673236006409,8.792582546938352,12.68415311113291,10.807210769237715
H0,map-barrier-01,7019,H0_map-barrier-01_seed401,2004,1.0,center,,success,1,0,0,146,2.982574086220841,386.17343525416754,0.8685480822993734,11.274158974502756,13.151350969321296,10.57250252124783
H0,map-barrier-01,7019,H0_map-barrier-01_seed401,2005,1.0,center,,success,1,0,0,104,2.441644549261772,342.41682065981337,0.9795377340945354,9.829735795148304,12.52612500477556,9.215562599393788
H0,map-barrier-01,7019,H0_map-barrier-01_seed401,2006,1.0,center,,success,1,0,0,102,2.926440943159611,341.81449840085514,0.9812638088616822,9.508331460106557,12.989453156541204,9.436828314958635
H0,map-barrier-01,7019,H0_map-barrier-01_seed401,2007,1.0,center,,success,1,0,0,104,1.9420434825443633,343.6742473851598,0.9759538259759984,10.532397314784637,14.339260803047699,9.539050737798927
H0,map-barrier-01,7019,H0_map-barrier-01_seed401,2008,1.0,center,,success,1,0,0,103,0.6747933043586078,342.73088840319775,0.9786401167039925,10.760619404066457,11.869547307636603,9.714862950478945
H0,map-barrier-01,7019,H0_map-barrier-01_seed401,2009,1.0,center,,success,1,0,0,147,2.9998448050763957,390.70869747555366,0.858466163646011,8.765203397988799,13.55020002546607,10.775679289343051
H0,map-barrier-01,7019,H0_map-barrier-01_seed401,2010,1.0,center,,success,1,0,0,173,2.9921770279741584,402.08814313860955,0.8341708213697424,9.357656211158613,14.849163595370491,10.280034176645795
H0,map-barrier-01,7019,H0_map-barrier-01_seed401,2011,1.0,center,,success,1,0,0,104,2.869925270935345,342.08944589551334,0.9804751378603334,10.685992056310658,13.882996021858624,9.46752712014514
H0,map-barrier-01,7019,H0_map-barrier-01_seed401,2012,1.0,center,,success,1,0,0,281,2.9927014953232027,405.6777316511017,0.8267897655112951,9.276456322877808,12.1904938518706,6.7565662434696865
H0,map-barrier-01,7019,H0_map-barrier-01_seed401,2013,1.0,center,,success,1,0,0,346,2.9932828922396633,412.5931449714926,0.8129320632511794,9.606603639380785,11.960354834098462,6.027578266722731
H0,map-barrier-01,7019,H0_map-barrier-01_seed401,2014,1.0,center,,success,1,0,0,154,2.9745250822312768,392.9296544108173,0.8536138539299177,9.139352630107233,13.611609623056385,10.495743568938346
H0,map-barrier-01,7019,H0_map-barrier-01_seed401,2015,1.0,center,,success,1,0,0,631,2.992673995489049,419.3581946809624,0.7998179143253429,11.33853513321648,11.97867782991862,3.8566979782428397
H0,map-barrier-01,7019,H0_map-barrier-01_seed401,2016,1.0,center,,success,1,0,0,145,2.9326099696997128,387.39440700917,0.8658106326688114,9.441857592700241,15.139270184755063,10.749261696093608
H0,map-barrier-01,7019,H0_map-barrier-01_seed401,2017,1.0,center,,success,1,0,0,147,2.988121741453615,394.12307667503717,0.851029073087038,8.397953802860203,12.434212452063045,10.397432697357118
H0,map-barrier-01,7019,H0_map-barrier-01_seed401,2018,1.0,center,,success,1,0,0,690,2.983680223085204,420.47090144063634,0.7977013283815145,10.49627069355114,11.981594948620726,3.5736957428152643
H0,map-barrier-01,7019,H0_map-barrier-01_seed401,2019,1.0,center,,success,1,0,0,163,2.9172814442439514,400.057518310144,0.8384049324750903,8.684305464988949,12.755078221258847,10.200540159833633
H0,map-barrier-01,7019,H0_map-barrier-01_seed401,2020,1.0,center,,success,1,0,0,107,2.7905399506382316,345.72025025638806,0.970178045330658,11.538560546917774,11.451331353659313,9.597223872973712
H0,map-barrier-01,7019,H0_map-barrier-01_seed401,2021,1.0,center,,success,1,0,0,104,2.8804458119907235,341.45751023000196,0.9822897039196471,10.18713044753155,11.857093438921265,9.301733429163281
H0,map-barrier-01,7019,H0_map-barrier-01_seed401,2022,1.0,center,,success,1,0,0,266,2.9918924013118615,404.3174474401591,0.8295714141166534,9.517560403783271,11.786985209677159,7.061562737098488
H0,map-barrier-01,7019,H0_map-barrier-01_seed401,2023,1.0,center,,success,1,0,0,160,2.9781383608753074,398.34980854615367,0.8419991410291017,8.056044448358318,15.738608616150104,10.40064833251992
H0,map-barrier-01,7019,H0_map-barrier-01_seed401,2024,1.0,center,,success,1,0,0,105,1.0364852235916409,342.62211607447074,0.9789508058261636,11.135765899809174,10.385571904539804,9.42959779601396
H0,map-barrier-01,7019,H0_map-barrier-01_seed401,2025,1.0,center,,success,1,0,0,145,2.962154452096947,389.9931397282933,0.8600412736968848,9.28906933757401,12.535249129656158,10.684565666853437
H0,map-barrier-01,7019,H0_map-barrier-01_seed401,2026,1.0,center,,success,1,0,0,175,2.9924146717151734,398.73612330036485,0.8411833717215196,8.175922878111757,15.218644376971717,9.942177399071795
H0,map-barrier-01,7019,H0_map-barrier-01_seed401,2027,1.0,center,,success,1,0,0,154,2.8797515229393285,390.1610944427345,0.8596710471709986,8.522720806433556,12.350846260021354,10.259990971688774
H0,map-barrier-01,7019,H0_map-barrier-01_seed401,2028,1.0,center,,success,1,0,0,1117,2.984409997160243,465.2370237912378,0.7209447646528546,11.80668443011158,11.30263759878223,3.125966253537854
H0,map-barrier-01,7019,H0_map-barrier-01_seed401,2029,1.0,center,,success,1,0,0,104,2.091103208229465,343.2918119740869,0.9770410622269273,10.587262712258878,11.653331692145315,9.524008984784926
H0,map-barrier-01,7019,H0_map-barrier-01_seed401,2030,1.0,center,,success,1,0,0,253,2.96279204945931,399.1330642010259,0.8403468083917924,11.781373066027735,11.886293479949517,7.5294274240688
H0,map-barrier-01,7019,H0_map-barrier-01_seed401,2031,1.0,center,,timeout,0,0,1,1507,4.8601571308591724,478.77836430544926,nan,10.96734540558042,11.260654542093548,2.640783587553132
H0,map-barrier-01,7019,H0_map-barrier-01_seed401,2032,1.0,center,,success,1,0,0,306,2.9230209993886747,394.2356607046537,0.8507860400691782,10.480768883185364,12.372263045011223,5.875209132425869
H0,map-barrier-01,7019,H0_map-barrier-01_seed401,2033,1.0,center,,success,1,0,0,160,2.964262840056497,397.22989844070696,0.8443729888953309,9.211377106100173,15.76390952009239,10.526939639136213
H0,map-barrier-01,7019,H0_map-barrier-01_seed401,2034,1.0,center,,success,1,0,0,148,2.857736504090708,391.46325001316325,0.8568114544946175,9.673705435332376,15.638175387394256,10.575802977059018
H0,map-barrier-01,7019,H0_map-barrier-01_seed401,2035,1.0,center,,success,1,0,0,273,2.986956481212877,418.5843994543617,0.8012964579238656,9.963375059829161,12.089121749914378,7.430219249460083
H0,map-barrier-01,7019,H0_map-barrier-01_seed401,2036,1.0,center,,success,1,0,0,148,2.9828836169657973,391.1393478439486,0.8575209793487354,8.36104122371088,12.516355319747227,10.446635547587617
H0,map-barrier-01,7019,H0_map-barrier-01_seed401,2037,1.0,center,,success,1,0,0,102,2.7957204671988656,343.5110769753216,0.9764174115673856,9.359842639426603,13.202222748858915,9.685402308209516
H0,map-barrier-01,7019,H0_map-barrier-01_seed401,2038,1.0,center,,success,1,0,0,106,0.8730600848124443,343.37079449432497,0.9768163221887293,10.85457560611619,11.323619702526319,9.387383027955694
H0,map-barrier-01,7019,H0_map-barrier-01_seed401,2039,1.0,center,,success,1,0,0,105,2.712328151582568,342.7021167175533,0.9787222788046138,11.120735797473301,11.737820562222243,9.485464404104658
H0,map-barrier-01,7019,H0_map-barrier-01_seed401,2040,1.0,center,,success,1,0,0,104,2.818192267406182,342.79197029317083,0.9784657334245923,10.353060980067632,12.747935731461913,9.482743879868616
H0,map-barrier-01,7019,H0_map-barrier-01_seed401,2041,1.0,center,,success,1,0,0,106,2.661200384332129,343.0877633702487,0.9776221493012129,11.165694924244114,11.832726162534536,9.511255422218143
H0,map-barrier-01,7019,H0_map-barrier-01_seed401,2042,1.0,center,,success,1,0,0,364,2.994917535249468,405.29830075254455,0.8275637869741617,10.567037405118732,11.499051693761867,5.52991522160094
H0,map-barrier-01,7019,H0_map-barrier-01_seed401,2043,1.0,center,,success,1,0,0,103,2.5122558088755755,341.05363860520214,0.9834529195955408,10.76215253518158,15.729625915634358,9.601475253965654
H0,map-barrier-01,7019,H0_map-barrier-01_seed401,2044,1.0,center,,timeout,0,0,1,1507,3.445255953738885,484.6711852042735,nan,12.405726863046127,11.317175220146229,2.7633984431101477
H0,map-barrier-01,7019,H0_map-barrier-01_seed401,2045,1.0,center,,success,1,0,0,101,2.281667652080999,342.4498793264911,0.9794431736540021,9.971883875362286,12.028380935839019,9.600100188875333
H0,map-barrier-01,7019,H0_map-barrier-01_seed401,2046,1.0,center,,success,1,0,0,222,2.9720794825481827,397.53599287845805,0.8437228392738673,9.083815597194075,12.381868408147374,8.179620336716164
H0,map-barrier-01,7019,H0_map-barrier-01_seed401,2047,1.0,center,,success,1,0,0,806,2.85818345987362,438.32586805742875,0.7652073972075578,11.755172253774123,11.970815877924172,3.547852410481457
H0,map-barrier-01,7019,H0_map-barrier-01_seed401,2048,1.0,center,,success,1,0,0,104,2.6298299913752428,341.43581624283615,0.9823521161775772,9.260665896721328,12.24845552716975,9.211184043610505
H0,map-barrier-01,7019,H0_map-barrier-01_seed401,2049,1.0,center,,success,1,0,0,611,2.9801448455777138,423.5172498669312,0.791963483731428,10.602129654370161,11.616409196463042,4.0728005006195565
H0,map-barrier-01,7019,H0_map-barrier-01_seed401,2050,1.0,center,,success,1,0,0,157,2.9524932971636275,390.0051354961387,0.8600148205696878,9.669584037975385,12.900327095564242,10.164862588502341
H0,map-barrier-01,7019,H0_map-barrier-01_seed503,2001,1.0,center,,success,1,0,0,115,1.912563960886206,357.17609441170583,0.939061157431078,4.30401446699387,19.84441707674537,10.69455007400263
H0,map-barrier-01,7019,H0_map-barrier-01_seed503,2002,1.0,center,,success,1,0,0,113,2.857142183263423,355.0362035833577,0.9447211108041794,4.5433083770059355,19.132101822083516,10.914231489894913
H0,map-barrier-01,7019,H0_map-barrier-01_seed503,2003,1.0,center,,success,1,0,0,113,2.078810628887028,357.49882007829785,0.9382134367646539,5.144242356634308,18.761835804753417,11.109576021461082
H0,map-barrier-01,7019,H0_map-barrier-01_seed503,2004,1.0,center,,success,1,0,0,113,2.924944534885114,353.0151887917175,0.950129646752576,3.4357160500478443,20.929813684797544,10.487780827600536
H0,map-barrier-01,7019,H0_map-barrier-01_seed503,2005,1.0,center,,success,1,0,0,113,2.331434538990134,353.61712466089693,0.9485123124243825,3.9784937145223793,20.923475418234887,10.602916959129248
H0,map-barrier-01,7019,H0_map-barrier-01_seed503,2006,1.0,center,,success,1,0,0,111,2.6489520769607284,353.10968264401464,0.9498753874815441,4.305569907371918,21.89787933931997,10.859587041571233
H0,map-barrier-01,7019,H0_map-barrier-01_seed503,2007,1.0,center,,success,1,0,0,112,2.647173713769991,353.35323558022935,0.9492206745304108,4.010273379102983,20.45899522474294,10.72248275538852
H0,map-barrier-01,7019,H0_map-barrier-01_seed503,2008,1.0,center,,success,1,0,0,112,2.5871971724058684,353.6974506470505,0.9482969018051232,4.315425575524465,17.953676123543097,10.685592913049293
H0,map-barrier-01,7019,H0_map-barrier-01_seed503,2009,1.0,center,,success,1,0,0,113,2.671173393142882,358.48115743415457,0.9356424728866712,4.505163166889147,19.565424512039236,11.29842722543614
H0,map-barrier-01,7019,H0_map-barrier-01_seed503,2010,1.0,center,,success,1,0,0,112,2.8368795748857867,357.5280138994048,0.9381368272846461,4.997072313946639,17.643116467584132,11.358305957275153
H0,map-barrier-01,7019,H0_map-barrier-01_seed503,2011,1.0,center,,success,1,0,0,113,2.762245690477002,354.08020693315433,0.947271804685455,4.315314896278316,20.500346196362283,10.747547982305475
H0,map-barrier-01,7019,H0_map-barrier-01_seed503,2012,1.0,center,,success,1,0,0,112,2.779435887568706,356.9230273761482,0.9397269744422847,4.7705059667531415,20.859013217232203,11.368686868237598
H0,map-barrier-01,7019,H0_map-barrier-01_seed503,2013,1.0,center,,success,1,0,0,147,2.7790266727858466,395.63293787654146,0.8477812753033073,4.623592218610931,18.348306408221642,11.925777649970003
H0,map-barrier-01,7019,H0_map-barrier-01_seed503,2014,1.0,center,,success,1,0,0,110,2.8693966396455926,354.17742950544215,0.9470117762538415,4.435460233061804,18.66254182628965,11.235472556848919
H0,map-barrier-01,7019,H0_map-barrier-01_seed503,2015,1.0,center,,success,1,0,0,115,2.7888394178444913,356.92083335398144,0.939732751022467,3.892433330764362,18.596832365838853,10.591802242091305
H0,map-barrier-01,7019,H0_map-barrier-01_seed503,2016,1.0,center,,success,1,0,0,111,2.4774959482651107,353.7858173111395,0.9480600414515473,4.587012208252574,20.803898419765144,11.073133539486594
H0,map-barrier-01,7019,H0_map-barrier-01_seed503,2017,1.0,center,,timeout,0,0,1,1507,4.289750683545921,462.25867343347346,nan,4.4585855899486475,8.102157590478637,2.108223389134907
H0,map-barrier-01,7019,H0_map-barrier-01_seed503,2018,1.0,center,,success,1,0,0,115,2.501656868757966,357.11000915113095,0.9392349360978595,3.431448779308589,17.763971250644694,10.596064768188818
H0,map-barrier-01,7019,H0_map-barrier-01_seed503,2019,1.0,center,,success,1,0,0,144,2.8514062843017665,391.98176814815406,0.8556780541338757,4.735867356659902,20.407520277010082,12.075831167596643
H0,map-barrier-01,7019,H0_map-barrier-01_seed503,2020,1.0,center,,success,1,0,0,114,1.96364461152293,355.78506670394216,0.9427326439871966,3.890969934095061,18.663880563679527,10.574666501188679
H0,map-barrier-01,7019,H0_map-barrier-01_seed503,2021,1.0,center,,success,1,0,0,114,2.6417472663340655,355.4941506485235,0.9435041223971868,4.367010160258225,17.565638219157645,10.679394980313745
H0,map-barrier-01,7019,H0_map-barrier-01_seed503,2022,1.0,center,,success,1,0,0,146,2.7920030087720655,393.1570740938531,0.8531200853959466,4.4822347372966505,18.056772603091133,11.827767302780808
H0,map-barrier-01,7019,H0_map-barrier-01_seed503,2023,1.0,center,,success,1,0,0,110,2.90943306753851,355.24938487091,0.9441541939526492,4.920770235740768,19.53931043869581,11.326451870988688
H0,map-barrier-01,7019,H0_map-barrier-01_seed503,2024,1.0,center,,success,1,0,0,113,2.2071566620507665,353.5767768862663,0.9486205501920127,3.844941763287558,19.09035150825896,10.579107095488101
H0,map-barrier-01,7019,H0_map-barrier-01_seed503,2025,1.0,center,,success,1,0,0,111,2.8300610022816426,354.17032083165446,0.9470307840514871,5.118010056923538,19.0507783566381,11.140883694311043
H0,map-barrier-01,7019,H0_map-barrier-01_seed503,2026,1.0,center,,success,1,0,0,112,2.5861255339706504,357.6316075482247,0.9378650811218923,4.6887997716823975,19.332880374157234,11.308652845300267
H0,map-barrier-01,7019,H0_map-barrier-01_seed503,2027,1.0,center,,success,1,0,0,110,2.6090283850781146,354.15949563177594,0.9470597308894371,4.962060873719864,19.589501171425823,11.203486579919696
H0,map-barrier-01,7019,H0_map-barrier-01_seed503,2028,1.0,center,,success,1,0,0,114,2.7540709173624864,355.76539410190895,0.9427847738582754,3.5896674813442786,19.19951455464352,10.818748287554572
H0,map-barrier-01,7019,H0_map-barrier-01_seed503,2029,1.0,center,,success,1,0,0,113,2.318029704108264,353.87803069239015,0.9478129963838448,4.455128776176892,17.943014465655235,10.5635057082588
H0,map-barrier-01,7019,H0_map-barrier-01_seed503,2030,1.0,center,,success,1,0,0,114,1.723657333212045,356.07671875638795,0.9419604791810088,4.389213346652376,21.01362945956534,10.761291235290221
H0,map-barrier-01,7019,H0_map-barrier-01_seed503,2031,1.0,center,,success,1,0,0,115,2.3629065817814077,357.68020017052135,0.9377376675171402,3.731494139288152,18.04707821389684,10.828909045848047
H0,map-barrier-01,7019,H0_map-barrier-01_seed503,2032,1.0,center,,success,1,0,0,114,2.094927371836038,356.32354634636056,0.9413079771577502,3.5538344597604805,17.197659843873947,10.555494181440915
H0,map-barrier-01,7019,H0_map-barrier-01_seed503,2033,1.0,center,,success,1,0,0,111,2.9530742660968583,356.03006699069874,0.942083907294636,5.207803381071628,19.331876440193955,11.454627786776644
H0,map-barrier-01,7019,H0_map-barrier-01_seed503,2034,1.0,center,,success,1,0,0,112,2.677521870304217,356.7248457292949,0.9402490480842445,4.995453039907474,18.7957391837567,11.213134430643933
H0,map-barrier-01,7019,H0_map-barrier-01_seed503,2035,1.0,center,,success,1,0,0,145,2.837355112298494,392.2191623649315,0.8551601472058972,5.483330770332422,16.956712549769883,11.922779186071264
H0,map-barrier-01,7019,H0_map-barrier-01_seed503,2036,1.0,center,,success,1,0,0,110,2.8653162813417885,354.2471622933627,0.9468253590333781,4.538474474099814,19.875665766842854,11.217313234131026
H0,map-barrier-01,7019,H0_map-barrier-01_seed503,2037,1.0,center,,success,1,0,0,111,2.4354897455539355,353.6768705801429,0.9483520821556375,4.365576355991628,18.32066830402842,10.94569769396829
H0,map-barrier-01,7019,H0_map-barrier-01_seed503,2038,1.0,center,,success,1,0,0,114,2.0707255678048613,354.3928462338826,0.9464361377193645,4.118029167040426,18.70061846347252,10.493369640335771
H0,map-barrier-01,7019,H0_map-barrier-01_seed503,2039,1.0,center,,success,1,0,0,113,2.8830958257586903,353.2509221054367,0.9494956011037865,3.8779346984599314,18.76320710008282,10.574808190417846
H0,map-barrier-01,7019,H0_map-barrier-01_seed503,2040,1.0,center,,success,1,0,0,113,2.1651028914660206,353.84687697998066,0.9478964446080013,4.240075389463996,18.776491218671953,10.520141359530069
H0,map-barrier-01,7019,H0_map-barrier-01_seed503,2041,1.0,center,,success,1,0,0,114,1.5585082730051045,354.07368746226894,0.9472892465659728,4.344831618334695,20.147575476955012,10.376395151042143
H0,map-barrier-01,7019,H0_map-barrier-01_seed503,2042,1.0,center,,success,1,0,0,114,2.5777306776675672,354.99884274616414,0.944820535273682,4.085448106834029,18.63558200610607,10.537142425844246
H0,map-barrier-01,7019,H0_map-barrier-01_seed503,2043,1.0,center,,success,1,0,0,112,2.7052765024918086,352.38502552489797,0.9518287450647357,4.159633871372563,21.09786549588602,10.72569400541963
H0,map-barrier-01,7019,H0_map-barrier-01_seed503,2044,1.0,center,,success,1,0,0,115,2.8231306861179895,353.42592052577123,0.9490254594965706,3.8567628518314265,20.874845533366774,10.470530560278247
H0,map-barrier-01,7019,H0_map-barrier-01_seed503,2045,1.0,center,,success,1,0,0,111,2.825481358059677,354.3393841151666,0.9465789343810402,3.814998849773062,19.34748798996128,11.006830099060661
H0,map-barrier-01,7019,H0_map-barrier-01_seed503,2046,1.0,center,,success,1,0,0,113,2.3187141040292785,356.9433746320091,0.9396734060991039,5.629202424777574,18.872392942448258,11.108747663676267
H0,map-barrier-01,7019,H0_map-barrier-01_seed503,2047,1.0,center,,success,1,0,0,114,2.2887097897257,355.3678147526751,0.9438395451158218,4.279480048083876,18.968545725249612,10.629854309866955
H0,map-barrier-01,7019,H0_map-barrier-01_seed503,2048,1.0,center,,success,1,0,0,113,2.598683012273748,352.9415082659889,0.9503279970464449,4.70829799981221,18.51785121999871,10.462713040018794
H0,map-barrier-01,7019,H0_map-barrier-01_seed503,2049,1.0,center,,success,1,0,0,112,2.7923480762863773,356.55442133413567,0.9406984644025703,4.383816819298218,18.26617652461119,11.175946865980153
H0,map-barrier-01,7019,H0_map-barrier-01_seed503,2050,1.0,center,,timeout,0,0,1,1507,4.475051033348503,467.5547659995844,nan,3.923083946671518,7.581110065353312,2.0810433331114324
H0,map-mixed-01,7027,H0_map-mixed-01_seed101,2001,1.0,center,,success,1,0,0,141,1.579984009235494,377.8151350016825,0.8877627324894616,1.4699057745634292,15.838852103086381,9.585479642556857
H0,map-mixed-01,7027,H0_map-mixed-01_seed101,2002,1.0,center,,success,1,0,0,136,1.7751927179334008,376.5500521644915,0.8907453197707923,1.348427787238226,14.13213976097589,10.06399195895925
H0,map-mixed-01,7027,H0_map-mixed-01_seed101,2003,1.0,center,,success,1,0,0,140,2.2005512884168583,380.2685878323754,0.8820349809509358,1.3320398291733113,12.106541246027518,9.83075863818417
H0,map-mixed-01,7027,H0_map-mixed-01_seed101,2004,1.0,center,,success,1,0,0,140,1.5513382066875294,379.1998168394498,0.8845209879597028,1.679271396161943,13.638109085638723,9.718118421568564
H0,map-mixed-01,7027,H0_map-mixed-01_seed101,2005,1.0,center,,success,1,0,0,136,1.9859596465994023,373.16633855971463,0.8988222193875497,1.8835041168455504,13.943341399488123,9.901548778512147
H0,map-mixed-01,7027,H0_map-mixed-01_seed101,2006,1.0,center,,success,1,0,0,136,2.1193238623567208,376.6144172976416,0.8905930873057655,1.528073625981314,13.26800867936123,10.117910728557472
H0,map-mixed-01,7027,H0_map-mixed-01_seed101,2007,1.0,center,,success,1,0,0,137,1.8531965155097032,377.60484045318117,0.8882571426320358,2.0296193790852186,14.840360621431325,10.119896235911979
H0,map-mixed-01,7027,H0_map-mixed-01_seed101,2008,1.0,center,,success,1,0,0,137,1.3800342782215262,377.94797301528956,0.887450709019677,1.5950021797536942,16.432623168752297,10.171086395111843
H0,map-mixed-01,7027,H0_map-mixed-01_seed101,2009,1.0,center,,success,1,0,0,141,2.9801486000265993,383.2514206189822,0.8751701326592704,1.1286431338556682,13.857463841434878,9.91542472800359
H0,map-mixed-01,7027,H0_map-mixed-01_seed101,2010,1.0,center,,success,1,0,0,139,2.6673197891024203,381.8486634276238,0.8783851529404204,0.8571448196246827,14.420655077702886,10.104751760597425
H0,map-mixed-01,7027,H0_map-mixed-01_seed101,2011,1.0,center,,success,1,0,0,138,1.9675670856790097,377.5849797263721,0.8883038643857951,2.074849656141047,14.738418057740372,9.927735056515688
H0,map-mixed-01,7027,H0_map-mixed-01_seed101,2012,1.0,center,,success,1,0,0,138,2.437065781050846,381.1426835727556,0.8800121610125115,1.0649981973831537,14.910667039898188,10.097105981919674
H0,map-mixed-01,7027,H0_map-mixed-01_seed101,2013,1.0,center,,success,1,0,0,143,2.2934836552039797,386.560848611432,0.8676776187495393,0.6690869547972229,14.613732118569482,9.833140928951149
H0,map-mixed-01,7027,H0_map-mixed-01_seed101,2014,1.0,center,,success,1,0,0,136,2.8246447764344835,379.26330843791493,0.8843729123347951,1.5762605852166374,16.96244589001168,10.490073195126717
H0,map-mixed-01,7027,H0_map-mixed-01_seed101,2015,1.0,center,,success,1,0,0,141,2.013187020966345,380.7341306227711,0.8809564723717683,1.0802013586289378,12.890973967168621,9.754845729714576
H0,map-mixed-01,7027,H0_map-mixed-01_seed101,2016,1.0,center,,success,1,0,0,135,1.8424661986392412,375.8812744405866,0.8923301569735016,1.542006719699827,17.817625671634733,10.254259941977782
H0,map-mixed-01,7027,H0_map-mixed-01_seed101,2017,1.0,center,,success,1,0,0,135,2.8154812039362067,378.24146875855604,0.8867620933416791,1.211166142652786,13.574440650932686,10.365383027784196
H0,map-mixed-01,7027,H0_map-mixed-01_seed101,2018,1.0,center,,success,1,0,0,140,2.8399147816363906,378.2939968386243,0.8866389618338312,1.1323581105698892,17.268805423319446,9.844788129994093
H0,map-mixed-01,7027,H0_map-mixed-01_seed101,2019,1.0,center,,success,1,0,0,138,2.2233883347640035,383.37407911686387,0.874890126629363,1.2995103061673658,14.396942502182485,10.24971246708456
H0,map-mixed-01,7027,H0_map-mixed-01_seed101,2020,1.0,center,,success,1,0,0,140,2.7891238339420954,378.06825199445643,0.8871683746401604,1.3632385581937925,11.730020560407421,9.723380554555058
H0,map-mixed-01,7027,H0_map-mixed-01_seed101,2021,1.0,center,,success,1,0,0,138,2.8942629627831282,376.40687499704006,0.8910841403404389,1.3622891442713154,13.724567244529622,9.928915640187519
H0,map-mixed-01,7027,H0_map-mixed-01_seed101,2022,1.0,center,,success,1,0,0,141,1.4893535430107085,384.70508045204855,0.8718631847306098,0.737604181626395,14.18666264405098,9.887413255504313
H0,map-mixed-01,7027,H0_map-mixed-01_seed101,2023,1.0,center,,success,1,0,0,136,2.5098989416148436,381.6362196465084,0.878874119798281,1.363031237244904,16.43051381326716,10.456636336530552
H0,map-mixed-01,7027,H0_map-mixed-01_seed101,2024,1.0,center,,success,1,0,0,136,2.4036662027568676,372.92959842273797,0.8993928024043857,1.7735212997996717,12.001647653913082,9.954773355179743
H0,map-mixed-01,7027,H0_map-mixed-01_seed101,2025,1.0,center,,success,1,0,0,136,2.0870571200211883,378.41628750557527,0.8863524316987197,1.2618874189596312,13.491648086726936,10.180699792682162
H0,map-mixed-01,7027,H0_map-mixed-01_seed101,2026,1.0,center,,success,1,0,0,140,1.4522889712402403,384.33016408331594,0.8727136924705643,0.6925319569649275,17.516410256659544,10.09824488180535
H0,map-mixed-01,7027,H0_map-mixed-01_seed101,2027,1.0,center,,success,1,0,0,137,2.5294751256584673,379.8625707232003,0.8829777463633722,1.1562025393921473,13.572483401065178,10.247332510887674
H0,map-mixed-01,7027,H0_map-mixed-01_seed101,2028,1.0,center,,success,1,0,0,142,2.488819253626805,381.91120223104906,0.8782413154303121,1.8288015438829675,14.396277634859008,9.847967899379917
H0,map-mixed-01,7027,H0_map-mixed-01_seed101,2029,1.0,center,,success,1,0,0,137,2.683082594532136,375.2211969564489,0.8938999164908553,1.9965407409015894,13.455248087804565,9.924963294101936
H0,map-mixed-01,7027,H0_map-mixed-01_seed101,2030,1.0,center,,success,1,0,0,141,2.8011895833519875,379.0076420761325,0.8849694818491114,1.1575125221537537,10.604700713687455,9.463616888700617
H0,map-mixed-01,7027,H0_map-mixed-01_seed101,2031,1.0,center,,success,1,0,0,142,2.517331476625537,380.4580293015007,0.8815957892668543,1.0241780691385245,14.015606726000335,9.64290273694648
H0,map-mixed-01,7027,H0_map-mixed-01_seed101,2032,1.0,center,,success,1,0,0,140,2.6508146563908026,378.55295426784687,0.8860324370567386,1.2443048787698388,11.565024554660697,9.725947257540525
H0,map-mixed-01,7027,H0_map-mixed-01_seed101,2033,1.0,center,,success,1,0,0,138,1.5328900594411425,382.8557183110512,0.8760746688194021,1.0320574457848084,18.428018819533023,10.28366132350181
H0,map-mixed-01,7027,H0_map-mixed-01_seed101,2034,1.0,center,,success,1,0,0,136,2.9441782392543767,377.59833584940515,0.8882724439726815,1.5202967829046585,18.540191211713555,10.270772024041596
H0,map-mixed-01,7027,H0_map-mixed-01_seed101,2035,1.0,center,,success,1,0,0,141,1.92907366733714,383.915701715017,0.8736558445685703,1.0638749632592377,15.310433696062082,10.033657388782935
H0,map-mixed-01,7027,H0_map-mixed-01_seed101,2036,1.0,center,,success,1,0,0,136,2.0934234077252896,380.7022746850945,0.8810301879661994,1.6195486089601658,14.583766509546518,10.291326975515092
H0,map-mixed-01,7027,H0_map-mixed-01_seed101,2037,1.0,center,,success,1,0,0,135,1.422670472271867,375.9625419114931,0.892137272292219,1.7170433425603875,14.559933441010758,10.203998941634662
H0,map-mixed-01,7027,H0_map-mixed-01_seed101,2038,1.0,center,,success,1,0,0,137,2.603247973157536,372.12458677758343,0.901338445625043,1.711787785128159,11.406592244472854,9.706706819322957
H0,map-mixed-01,7027,H0_map-mixed-01_seed101,2039,1.0,center,,success,1,0,0,138,1.3135056132009282,376.00674013094647,0.892032404813169,1.3924201531542824,11.734580572763301,9.646274168717317
H0,map-mixed-01,7027,H0_map-mixed-01_seed101,2040,1.0,center,,success,1,0,0,136,1.4519708619679401,374.26718191933253,0.8961784864622753,1.647985703581945,15.21304457489257,9.989194664213803
H0,map-mixed-01,7027,H0_map-mixed-01_seed101,2041,1.0,center,,success,1,0,0,139,2.3996195334543535,374.02575041279147,0.8967569646068348,1.450506932374949,10.854449686082534,9.61214444220892
H0,map-mixed-01,7027,H0_map-mixed-01_seed101,2042,1.0,center,,success,1,0,0,140,1.4550533910393193,378.5434679589812,0.8860546410519845,1.403795269467821,14.047222198864366,9.692627150786874
H0,map-mixed-01,7027,H0_map-mixed-01_seed101,2043,1.0,center,,success,1,0,0,135,2.5491301864158693,372.49766337118876,0.9004357063328391,1.4807328206237476,14.051274299854926,10.01257504233208
H0,map-mixed-01,7027,H0_map-mixed-01_seed101,2044,1.0,center,,success,1,0,0,142,1.9219723654105278,379.36600697878544,0.8841335028832064,1.3119411356183672,14.4097420107744,9.637455722013172
H0,map-mixed-01,7027,H0_map-mixed-01_seed101,2045,1.0,center,,success,1,0,0,136,2.1463080765276232,378.9373221599345,0.8851337068440175,1.7209307408718786,13.82764832120865,10.278086007869529
H0,map-mixed-01,7027,H0_map-mixed-01_seed101,2046,1.0,center,,success,1,0,0,138,1.2855044310049526,378.6102302851543,0.885898398393384,1.0472320041962533,14.09668245335987,9.865811848245825
H0,map-mixed-01,7027,H0_map-mixed-01_seed101,2047,1.0,center,,success,1,0,0,139,1.6598220808663755,377.19550009933505,0.8892210976446899,1.2242276046019387,16.962337920801538,9.829469770700404
H0,map-mixed-01,7027,H0_map-mixed-01_seed101,2048,1.0,center,,success,1,0,0,138,1.5148673460684292,376.8064796538627,0.890139142333961,1.4210796162773407,12.868366373587472,9.89196962599792
H0,map-mixed-01,7027,H0_map-mixed-01_seed101,2049,1.0,center,,success,1,0,0,139,2.7350767209799853,383.31788087623346,0.8750183942847855,1.1796332491715382,13.495018556221272,9.994714480284754
H0,map-mixed-01,7027,H0_map-mixed-01_seed101,2050,1.0,center,,success,1,0,0,137,1.4587707743676852,378.715902952795,0.8856512071709216,1.5151802944457244,13.341681185219116,10.038392816532314
H0,map-mixed-01,7027,H0_map-mixed-01_seed211,2001,1.0,center,,collision,0,1,0,61,199.00675151928453,139.89283642515173,nan,-3.1657637276752553,13.196566509745848,6.462146698034867
H0,map-mixed-01,7027,H0_map-mixed-01_seed211,2002,1.0,center,,collision,0,1,0,58,200.64026519789186,137.6429775362357,nan,-1.5403826275161236,14.29729855263324,6.97682421395962
H0,map-mixed-01,7027,H0_map-mixed-01_seed211,2003,1.0,center,,collision,0,1,0,59,199.75194154959894,138.1712737127352,nan,-2.178322579765137,13.08295330395311,6.685558812323031
H0,map-mixed-01,7027,H0_map-mixed-01_seed211,2004,1.0,center,,collision,0,1,0,60,199.73513543061145,138.8138573461992,nan,-2.533132829767169,12.743933478589048,6.602608519743994
H0,map-mixed-01,7027,H0_map-mixed-01_seed211,2005,1.0,center,,collision,0,1,0,59,199.77228849474025,139.2440475950127,nan,-2.5967903723855272,12.339977110887704,6.735387218596257
H0,map-mixed-01,7027,H0_map-mixed-01_seed211,2006,1.0,center,,collision,0,1,0,58,198.9820814934166,139.6110972107819,nan,-3.16883236354775,14.265060905439858,7.116071907664014
H0,map-mixed-01,7027,H0_map-mixed-01_seed211,2007,1.0,center,,collision,0,1,0,59,199.5680841051768,139.2838265267555,nan,-2.9093172806526013,11.952492577829513,6.828315131516325
H0,map-mixed-01,7027,H0_map-mixed-01_seed211,2008,1.0,center,,collision,0,1,0,58,200.665514972818,137.9871491614278,nan,-1.5437791040724278,12.54225190961812,6.996091787490624
H0,map-mixed-01,7027,H0_map-mixed-01_seed211,2009,1.0,center,,collision,0,1,0,59,198.8209213424902,139.8664202538003,nan,-3.163944451322692,12.22708895250455,6.755473446340987
H0,map-mixed-01,7027,H0_map-mixed-01_seed211,2010,1.0,center,,collision,0,1,0,58,201.27898570771623,136.76509258509202,nan,-0.7484279559446634,11.745173346047055,6.9154453735886445
H0,map-mixed-01,7027,H0_map-mixed-01_seed211,2011,1.0,center,,collision,0,1,0,59,199.78400827131594,138.7606941968746,nan,-2.664907012280082,11.015674158645654,6.707974383821894
H0,map-mixed-01,7027,H0_map-mixed-01_seed211,2012,1.0,center,,collision,0,1,0,58,200.19830308507045,137.7393014568728,nan,-1.7450448899404023,13.202053615108111,6.947797388167592
H0,map-mixed-01,7027,H0_map-mixed-01_seed211,2013,1.0,center,,collision,0,1,0,59,200.45285799162272,137.5667853926421,nan,-1.5546398086951285,11.009515814301636,6.599362354256946
H0,map-mixed-01,7027,H0_map-mixed-01_seed211,2014,1.0,center,,collision,0,1,0,57,199.19487945946696,138.85800638546343,nan,-2.8677851600701842,13.377426406659731,7.1789665491385835
H0,map-mixed-01,7027,H0_map-mixed-01_seed211,2015,1.0,center,,collision,0,1,0,61,200.50663169669497,138.54362064934062,nan,-1.813772018597291,12.322403489027074,6.320016842034643
H0,map-mixed-01,7027,H0_map-mixed-01_seed211,2016,1.0,center,,collision,0,1,0,57,201.42359279541031,136.79662667208032,nan,-0.7535326601058046,11.889782548400417,7.230528862071689
H0,map-mixed-01,7027,H0_map-mixed-01_seed211,2017,1.0,center,,collision,0,1,0,58,198.9515326249241,139.82576369696423,nan,-3.0475892607816206,11.929935122402409,7.076530766377451
H0,map-mixed-01,7027,H0_map-mixed-01_seed211,2018,1.0,center,,collision,0,1,0,60,201.69974747978688,137.41892287093015,nan,-0.5186713900761504,12.174370153275255,6.474641464727737
H0,map-mixed-01,7027,H0_map-mixed-01_seed211,2019,1.0,center,,collision,0,1,0,58,200.3487534160794,138.3149493882996,nan,-1.771289059214297,13.746220441088436,6.962098486529796
H0,map-mixed-01,7027,H0_map-mixed-01_seed211,2020,1.0,center,,collision,0,1,0,60,201.65838738299306,136.9414600406037,nan,-0.5078523035137721,12.668694866482529,6.571965686970859
H0,map-mixed-01,7027,H0_map-mixed-01_seed211,2021,1.0,center,,collision,0,1,0,59,201.6648563466674,136.7540318172989,nan,-0.6559019614394401,13.2817786631589,6.681885882599723
H0,map-mixed-01,7027,H0_map-mixed-01_seed211,2022,1.0,center,,collision,0,1,0,59,201.3615362359743,136.71058017023833,nan,-0.460454296721565,13.212266616091915,6.738934689269725
H0,map-mixed-01,7027,H0_map-mixed-01_seed211,2023,1.0,center,,collision,0,1,0,57,199.2917755365489,138.85379053160202,nan,-2.6088148299878924,13.13083507120569,7.223357064822443
H0,map-mixed-01,7027,H0_map-mixed-01_seed211,2024,1.0,center,,collision,0,1,0,59,199.98194287124352,138.08676669840273,nan,-2.3310525340089328,12.409182116982867,6.7524621996641665
H0,map-mixed-01,7027,H0_map-mixed-01_seed211,2025,1.0,center,,collision,0,1,0,57,201.6958057994199,136.22484586939797,nan,-0.4224376306101192,12.679086465474272,7.138676457486682
H0,map-mixed-01,7027,H0_map-mixed-01_seed211,2026,1.0,center,,collision,0,1,0,58,200.18857896236472,138.26746494635435,nan,-1.495417047872877,13.965853772996164,7.015616801081719
H0,map-mixed-01,7027,H0_map-mixed-01_seed211,2027,1.0,center,,collision,0,1,0,58,198.74098866817204,139.68537991740223,nan,-3.2889022448368905,14.844034623085756,7.157520435001116
H0,map-mixed-01,7027,H0_map-mixed-01_seed211,2028,1.0,center,,collision,0,1,0,61,199.28143572361213,139.1880462458786,nan,-3.133454735038441,12.002986213724945,6.3019720636265815
H0,map-mixed-01,7027,H0_map-mixed-01_seed211,2029,1.0,center,,collision,0,1,0,59,199.75260144910018,138.82970775065036,nan,-2.680046686739928,12.386793820842179,6.671582821356437
H0,map-mixed-01,7027,H0_map-mixed-01_seed211,2030,1.0,center,,collision,0,1,0,60,200.47920808583677,138.41916990523148,nan,-1.8116079708658788,13.437577528233058,6.440779571623953
H0,map-mixed-01,7027,H0_map-mixed-01_seed211,2031,1.0,center,,collision,0,1,0,61,200.059584873846,138.61285198961457,nan,-2.122094039029463,12.729975329124617,6.399913807381873
H0,map-mixed-01,7027,H0_map-mixed-01_seed211,2032,1.0,center,,collision,0,1,0,60,201.43457062498283,137.360326142757,nan,-0.7024589608246856,10.903373697994665,6.489936220340976
H0,map-mixed-01,7027,H0_map-mixed-01_seed211,2033,1.0,center,,collision,0,1,0,57,201.0242788223923,137.12710934123473,nan,-1.1643968338002537,13.02289425414068,7.026862569035224
H0,map-mixed-01,7027,H0_map-mixed-01_seed211,2034,1.0,center,,collision,0,1,0,58,198.79637564139915,140.2379357211247,nan,-3.3573194450486596,13.809542313034445,7.1383684391355215
H0,map-mixed-01,7027,H0_map-mixed-01_seed211,2035,1.0,center,,collision,0,1,0,59,200.57096271144445,137.66503435153757,nan,-1.4754337270048552,13.544563089496293,6.816891130345811
H0,map-mixed-01,7027,H0_map-mixed-01_seed211,2036,1.0,center,,collision,0,1,0,57,199.32469763461444,138.9375927555127,nan,-2.6227135905738237,13.597799071808884,7.244445407502533
H0,map-mixed-01,7027,H0_map-mixed-01_seed211,2037,1.0,center,,collision,0,1,0,57,199.661741004915,138.6073444927718,nan,-2.3781407395891847,12.800514948060238,7.079821778527702
H0,map-mixed-01,7027,H0_map-mixed-01_seed211,2038,1.0,center,,collision,0,1,0,59,201.89329137588913,136.14840713100884,nan,-0.2951737870941713,13.284659402178942,6.715935795406909
H0,map-mixed-01,7027,H0_map-mixed-01_seed211,2039,1.0,center,,collision,0,1,0,59,200.66536301430824,138.04280579752538,nan,-1.6301252904014518,12.716462158039587,6.7071446297960975
H0,map-mixed-01,7027,H0_map-mixed-01_seed211,2040,1.0,center,,collision,0,1,0,58,202.04376268471333,135.92670472369315,nan,-0.12415497958767219,13.239514775917984,6.807834738578135
H0,map-mixed-01,7027,H0_map-mixed-01_seed211,2041,1.0,center,,collision,0,1,0,60,200.13636316684668,138.19888492104232,nan,-2.1966418866464608,12.193010487255025,6.551025735199183
H0,map-mixed-01,7027,H0_map-mixed-01_seed211,2042,1.0,center,,collision,0,1,0,60,201.8685057146081,136.86039223415204,nan,-0.46676731096349044,13.797910724236157,6.602276199064537
H0,map-mixed-01,7027,H0_map-mixed-01_seed211,2043,1.0,center,,collision,0,1,0,58,200.73353515191525,137.69923222524542,nan,-1.4425989479908878,13.44536852591682,7.023890318461967
H0,map-mixed-01,7027,H0_map-mixed-01_seed211,2044,1.0,center,,collision,0,1,0,62,200.85393958552626,137.44594889520377,nan,-1.6278154919575059,14.124670055489792,6.102607580634576
H0,map-mixed-01,7027,H0_map-mixed-01_seed211,2045,1.0,center,,collision,0,1,0,57,201.71918046752046,136.25838669045638,nan,-0.47470024739905625,12.783211126554423,7.1536554401877765
H0,map-mixed-01,7027,H0_map-mixed-01_seed211,2046,1.0,center,,collision,0,1,0,59,198.6911017715437,139.35710930392327,nan,-3.280499954332498,13.060292601837723,6.612471072542163
H0,map-mixed-01,7027,H0_map-mixed-01_seed211,2047,1.0,center,,collision,0,1,0,60,200.782810218151,138.0709257047519,nan,-1.4923437942471196,13.149528954950771,6.582118763446763
H0,map-mixed-01,7027,H0_map-mixed-01_seed211,2048,1.0,center,,collision,0,1,0,59,199.89734318400014,138.08844852013937,nan,-2.220404440326007,11.123829586964822,6.643621910607752
H0,map-mixed-01,7027,H0_map-mixed-01_seed211,2049,1.0,center,,collision,0,1,0,59,200.64530041337403,137.49086414905938,nan,-1.416590780434234,12.501672011211353,6.753509754998693
H0,map-mixed-01,7027,H0_map-mixed-01_seed211,2050,1.0,center,,collision,0,1,0,58,200.81901490969133,137.6711469516179,nan,-1.4660611829649497,11.998622217049911,6.999183344959215
H0,map-mixed-01,7027,H0_map-mixed-01_seed307,2001,1.0,center,,success,1,0,0,201,2.958499299244251,431.73260040875726,0.7768933740639639,11.090624329586738,13.200659283934465,9.483449934840527
H0,map-mixed-01,7027,H0_map-mixed-01_seed307,2002,1.0,center,,success,1,0,0,194,2.8874178513151865,449.89480379616566,0.7455302746215605,13.88034038980896,9.806173716444748,10.063217472402338
H0,map-mixed-01,7027,H0_map-mixed-01_seed307,2003,1.0,center,,success,1,0,0,204,2.8975825280720646,441.348532470682,0.7599667200598411,10.546866989914456,10.843809922132735,9.773851590005783
H0,map-mixed-01,7027,H0_map-mixed-01_seed307,2004,1.0,center,,success,1,0,0,196,2.869881347325497,451.42133264239783,0.7430091853693369,17.498712950102966,10.569322520888546,10.125685628187995
H0,map-mixed-01,7027,H0_map-mixed-01_seed307,2005,1.0,center,,success,1,0,0,198,2.9539572654044424,454.78086105874354,0.737520474903283,16.54837840073364,9.759942388847989,9.96771154425998
H0,map-mixed-01,7027,H0_map-mixed-01_seed307,2006,1.0,center,,success,1,0,0,204,2.9385843803479315,463.57616326010555,0.7235277031204361,17.062309371757813,10.31398914805841,10.446131585891285
H0,map-mixed-01,7027,H0_map-mixed-01_seed307,2007,1.0,center,,success,1,0,0,197,2.8630554114537348,455.47827187244775,0.7363912119147076,16.796096882239528,10.555924748493943,10.077398350448526
H0,map-mixed-01,7027,H0_map-mixed-01_seed307,2008,1.0,center,,success,1,0,0,222,2.9538771376935418,459.13401449956086,0.7305278764644637,15.612079577309807,9.96570052060986,9.43792396603976
H0,map-mixed-01,7027,H0_map-mixed-01_seed307,2009,1.0,center,,success,1,0,0,211,2.927071624515902,451.1541043480639,0.7434492857150217,12.75445138415235,11.073422959103786,9.865229689317715
H0,map-mixed-01,7027,H0_map-mixed-01_seed307,2010,1.0,center,,success,1,0,0,207,2.985120867062885,449.75737593606254,0.7457580788461607,13.260573878996423,12.32805048710393,10.069786804004343
H0,map-mixed-01,7027,H0_map-mixed-01_seed307,2011,1.0,center,,success,1,0,0,202,2.9973300172149204,458.303432677535,0.7318518097615146,17.438835513709307,10.71320129677488,10.106925527937108
H0,map-mixed-01,7027,H0_map-mixed-01_seed307,2012,1.0,center,,success,1,0,0,204,2.8904025874200503,448.89703958934604,0.7471873660200654,12.877855256365697,10.779556180708,10.13311883831958
H0,map-mixed-01,7027,H0_map-mixed-01_seed307,2013,1.0,center,,success,1,0,0,206,2.9721758208120552,443.01586594505585,0.7571065110940453,11.834797352095027,11.070733040156924,9.75038683448529
H0,map-mixed-01,7027,H0_map-mixed-01_seed307,2014,1.0,center,,success,1,0,0,199,2.9507968125844477,466.45519230236914,0.719061985288281,17.98047650186065,10.161974083596855,10.49088596439027
H0,map-mixed-01,7027,H0_map-mixed-01_seed307,2015,1.0,center,,success,1,0,0,204,2.8953905563683815,440.263215559262,0.7618401555508112,11.924805362040967,11.318011260265243,9.544471440278373
H0,map-mixed-01,7027,H0_map-mixed-01_seed307,2016,1.0,center,,success,1,0,0,193,2.8033052491212667,452.2108484378949,0.7417119641945799,13.81804384631612,11.620817199197012,10.373189494789658
H0,map-mixed-01,7027,H0_map-mixed-01_seed307,2017,1.0,center,,success,1,0,0,191,2.8424835123385166,451.20679549889456,0.7433624669905713,12.929922051563498,10.493862156715263,10.423249790867859
H0,map-mixed-01,7027,H0_map-mixed-01_seed307,2018,1.0,center,,success,1,0,0,206,2.988965811214084,450.6468342646634,0.7442861485364017,15.416792465346148,12.7903837409205,9.993445708956216
H0,map-mixed-01,7027,H0_map-mixed-01_seed307,2019,1.0,center,,success,1,0,0,197,2.9855989091870536,454.19646443907465,0.7384694133169766,14.008315014543474,10.160438104395976,10.435916325747607
H0,map-mixed-01,7027,H0_map-mixed-01_seed307,2020,1.0,center,,success,1,0,0,207,2.950137252893528,438.99460669130247,0.7640417251431663,11.793803180983463,11.025838035039367,9.437872287959184
H0,map-mixed-01,7027,H0_map-mixed-01_seed307,2021,1.0,center,,success,1,0,0,193,2.9770252717950796,445.1441290418664,0.7534867355139772,13.890845245737609,9.662032088470694,9.861543927509723
H0,map-mixed-01,7027,H0_map-mixed-01_seed307,2022,1.0,center,,success,1,0,0,204,2.9205078550117585,436.47569584821196,0.7684510267476844,9.56697734443021,11.07324795688073,9.680468373538995
H0,map-mixed-01,7027,H0_map-mixed-01_seed307,2023,1.0,center,,success,1,0,0,190,2.8601707229688804,447.16365783461913,0.7500837573634349,11.893103421474898,12.07147505453725,10.581161505296329
H0,map-mixed-01,7027,H0_map-mixed-01_seed307,2024,1.0,center,,success,1,0,0,199,2.880395197160174,456.5140687832085,0.7347203943111108,18.963407895169816,9.522513548143701,10.046033362602241
H0,map-mixed-01,7027,H0_map-mixed-01_seed307,2025,1.0,center,,success,1,0,0,212,2.9550074078306583,452.8243297734432,0.7407071011241395,12.96677651840298,10.044640836416349,9.862632761664065
H0,map-mixed-01,7027,H0_map-mixed-01_seed307,2026,1.0,center,,success,1,0,0,206,2.999595883386448,440.34102202843957,0.761705541491217,11.406816671206512,12.76620821971124,9.851303098962182
H0,map-mixed-01,7027,H0_map-mixed-01_seed307,2027,1.0,center,,success,1,0,0,189,2.8136396139637454,443.7324801013568,0.7558838076229049,12.076334973749457,10.675749138965362,10.391431279328064
H0,map-mixed-01,7027,H0_map-mixed-01_seed307,2028,1.0,center,,success,1,0,0,209,2.966862110887387,452.23992567481025,0.7416642750515355,15.75429934211512,12.944613262453226,9.984897953868483
H0,map-mixed-01,7027,H0_map-mixed-01_seed307,2029,1.0,center,,success,1,0,0,229,2.991475087043269,461.59557434419526,0.7266321760157629,16.53942454778251,9.608871011631743,9.284288012171249
H0,map-mixed-01,7027,H0_map-mixed-01_seed307,2030,1.0,center,,success,1,0,0,204,2.98263284781886,439.0666514932435,0.7639163563988641,13.465309896317244,10.81431632572506,9.606324864191494
H0,map-mixed-01,7027,H0_map-mixed-01_seed307,2031,1.0,center,,success,1,0,0,209,2.9601381991038647,442.9710399545214,0.7571831256946371,12.343414682057302,13.148685799593556,9.65868109465615
H0,map-mixed-01,7027,H0_map-mixed-01_seed307,2032,1.0,center,,success,1,0,0,201,2.9803540524716055,445.23454613193906,0.7533337193596257,13.380888586465659,11.066629462023782,9.96872267746726
H0,map-mixed-01,7027,H0_map-mixed-01_seed307,2033,1.0,center,,success,1,0,0,205,2.997434392086151,455.05252412308914,0.7370801805161329,14.325504545393695,12.004988061666308,10.247555719448455
H0,map-mixed-01,7027,H0_map-mixed-01_seed307,2034,1.0,center,,success,1,0,0,206,2.9217723090114847,454.2261413024397,0.7384211654204212,12.679891417510246,12.098972309184528,10.069372948935197
H0,map-mixed-01,7027,H0_map-mixed-01_seed307,2035,1.0,center,,success,1,0,0,205,2.9991383653141788,440.98250907441945,0.7605975060756099,10.571771334893477,10.891517290334221,9.672555926911253
H0,map-mixed-01,7027,H0_map-mixed-01_seed307,2036,1.0,center,,success,1,0,0,195,2.8736994202494164,456.3138311733464,0.7350428010531889,14.08927215446299,10.002834349904065,10.45195110161794
H0,map-mixed-01,7027,H0_map-mixed-01_seed307,2037,1.0,center,,success,1,0,0,194,2.9013289606644674,454.6692876648491,0.7377014584548094,16.33181258851007,10.6395748477174,10.41781058530346
H0,map-mixed-01,7027,H0_map-mixed-01_seed307,2038,1.0,center,,success,1,0,0,198,2.995359284844468,449.16413091472566,0.7467430579149396,15.08718833856155,9.9193237500716,9.908585063574542
H0,map-mixed-01,7027,H0_map-mixed-01_seed307,2039,1.0,center,,success,1,0,0,206,2.9788957984519344,452.9846917704639,0.7404448819540403,15.977680567956611,9.914000098290117,9.87470845820063
H0,map-mixed-01,7027,H0_map-mixed-01_seed307,2040,1.0,center,,success,1,0,0,211,2.984654826405626,455.7500734658322,0.7359520407189015,14.928816893832357,10.670448760124813,9.788926309608879
H0,map-mixed-01,7027,H0_map-mixed-01_seed307,2041,1.0,center,,success,1,0,0,205,2.964624899497154,446.60656999471036,0.7510193963983582,15.616772472545607,10.151785771765573,9.704220046270398
H0,map-mixed-01,7027,H0_map-mixed-01_seed307,2042,1.0,center,,success,1,0,0,204,2.8758694037105763,445.67614784753937,0.7525872727200748,13.183827168600702,10.941077595575726,9.758026123748007
H0,map-mixed-01,7027,H0_map-mixed-01_seed307,2043,1.0,center,,success,1,0,0,196,2.875811696098617,452.9496562579757,0.7405021551312028,15.695792883238687,12.419609649654006,10.195656415801857
H0,map-mixed-01,7027,H0_map-mixed-01_seed307,2044,1.0,center,,success,1,0,0,206,2.9683226066259256,434.52582831371615,0.7718993320296054,12.565421013778042,11.120450452842613,9.25807022696633
H0,map-mixed-01,7027,H0_map-mixed-01_seed307,2045,1.0,center,,success,1,0,0,202,2.9547764709117743,469.36958962613267,0.714597204501751,18.087322159787373,9.780039014081677,10.35757144594325
H0,map-mixed-01,7027,H0_map-mixed-01_seed307,2046,1.0,center,,success,1,0,0,206,2.920761079800262,446.17220919461295,0.7517505342397247,12.04280369271646,10.912404757936999,9.867949305506093
H0,map-mixed-01,7027,H0_map-mixed-01_seed307,2047,1.0,center,,success,1,0,0,202,2.982558055266429,443.5605772623135,0.7561767519898711,13.432909117371299,12.182826519815334,9.80594592228145
H0,map-mixed-01,7027,H0_map-mixed-01_seed307,2048,1.0,center,,success,1,0,0,194,2.893938840683995,445.9729583117143,0.7520863998003493,12.57680703473705,10.732516760340241,10.072839596552493
H0,map-mixed-01,7027,H0_map-mixed-01_seed307,2049,1.0,center,,success,1,0,0,204,2.9937320576619446,443.9922126445094,0.7554416205347297,14.027474793591765,10.902361323394057,9.943084322208598
H0,map-mixed-01,7027,H0_map-mixed-01_seed307,2050,1.0,center,,success,1,0,0,199,2.9509392482827295,460.71846402102835,0.7280155296959392,16.457355412479018,9.972368725867687,10.416609843553486
H0,map-mixed-01,7027,H0_map-mixed-01_seed401,2001,1.0,center,,success,1,0,0,117,1.9269581044354367,346.07712997117676,0.9691775837741815,2.1059062991816777,21.510898451339596,8.34701565951995
H0,map-mixed-01,7027,H0_map-mixed-01_seed401,2002,1.0,center,,success,1,0,0,114,1.837966148340775,346.6363445451291,0.9676140482761783,3.62853151873348,20.57364527670154,9.484427449903663
H0,map-mixed-01,7027,H0_map-mixed-01_seed401,2003,1.0,center,,success,1,0,0,114,2.113301782410912,345.5856641605179,0.9705558748790484,2.676468406076124,17.951218401666555,8.744543538052351
H0,map-mixed-01,7027,H0_map-mixed-01_seed401,2004,1.0,center,,success,1,0,0,116,0.9203017122254692,346.84171293641083,0.96704111447651,2.884351035420044,19.51943194937648,8.409192704456634
H0,map-mixed-01,7027,H0_map-mixed-01_seed401,2005,1.0,center,,success,1,0,0,115,1.4323958433749264,346.57227160111637,0.9677929370270142,3.2416633728072832,18.551882672186146,8.820781203981083
H0,map-mixed-01,7027,H0_map-mixed-01_seed401,2006,1.0,center,,success,1,0,0,113,1.685794485770662,346.28837123769046,0.9685863704465685,3.1370066395103873,20.974880946231814,9.404247488619676
H0,map-mixed-01,7027,H0_map-mixed-01_seed401,2007,1.0,center,,success,1,0,0,115,0.8134672141105311,347.45264174183666,0.9653407582210415,3.7566208065008406,20.551135686736608,9.177212556802617
H0,map-mixed-01,7027,H0_map-mixed-01_seed401,2008,1.0,center,,success,1,0,0,114,2.2636428026585627,346.1555516092033,0.9689580163187274,3.9678098891273814,20.585996794942748,9.47634332042164
H0,map-mixed-01,7027,H0_map-mixed-01_seed401,2009,1.0,center,,success,1,0,0,114,1.2048573979256862,347.2876169368433,0.965799470719295,2.857290147743385,19.755848853346606,9.106619847503934
H0,map-mixed-01,7027,H0_map-mixed-01_seed401,2010,1.0,center,,success,1,0,0,113,2.323636165646442,345.4529494652521,0.9709287390487491,3.1688046550655002,22.6948604931369,9.179944697031313
H0,map-mixed-01,7027,H0_map-mixed-01_seed401,2011,1.0,center,,success,1,0,0,114,2.3961194783554807,345.18987198455113,0.9716687071281734,3.5716170847657374,19.91441352633629,8.854402734818292
H0,map-mixed-01,7027,H0_map-mixed-01_seed401,2012,1.0,center,,success,1,0,0,113,1.2541717388665914,346.20841764301156,0.9688100564060301,2.5700984587810134,20.193159704138665,9.233478266753
H0,map-mixed-01,7027,H0_map-mixed-01_seed401,2013,1.0,center,,success,1,0,0,114,2.536606678463133,344.79060543277075,0.9727938967593729,2.8903988990604637,18.78478560954675,8.654009329355072
H0,map-mixed-01,7027,H0_map-mixed-01_seed401,2014,1.0,center,,success,1,0,0,112,1.6561874875232776,346.4804545789618,0.9680494013220868,3.277181576074325,21.62932415144234,9.652006810845599
H0,map-mixed-01,7027,H0_map-mixed-01_seed401,2015,1.0,center,,success,1,0,0,117,1.567551607290135,346.49854532685225,0.9679988592984593,2.9783281601762264,19.505260315042925,8.511168035201196
H0,map-mixed-01,7027,H0_map-mixed-01_seed401,2016,1.0,center,,success,1,0,0,112,2.0506312592849394,345.6136377835433,0.9704773190548539,4.06657149262859,20.752461244406515,9.412035787885252
H0,map-mixed-01,7027,H0_map-mixed-01_seed401,2017,1.0,center,,success,1,0,0,112,2.945389871535955,345.786298465099,0.9699927328347344,3.096143140186223,19.11349070967499,9.487145585960407
H0,map-mixed-01,7027,H0_map-mixed-01_seed401,2018,1.0,center,,success,1,0,0,117,1.2950033231676548,346.7578134274253,0.9672750941347373,2.364523602778867,21.988705529326673,8.321923681000756
H0,map-mixed-01,7027,H0_map-mixed-01_seed401,2019,1.0,center,,success,1,0,0,112,2.6572385427175633,345.8287583063079,0.9698736399703592,3.345996401042243,18.36230228326494,9.272651919145765
H0,map-mixed-01,7027,H0_map-mixed-01_seed401,2020,1.0,center,,success,1,0,0,116,2.595540701558498,344.74124341219465,0.9729331869466242,2.7284750243543883,17.65207241970969,8.067556918188348
H0,map-mixed-01,7027,H0_map-mixed-01_seed401,2021,1.0,center,,success,1,0,0,115,1.0940386659168646,346.6442953090519,0.9675918547164677,3.5333504018169606,19.060564009037734,9.05562165252228
H0,map-mixed-01,7027,H0_map-mixed-01_seed401,2022,1.0,center,,success,1,0,0,115,0.9588535254511117,346.02527294989227,0.9693228294152347,1.841412382930983,18.83494546682869,8.510646637801562
H0,map-mixed-01,7027,H0_map-mixed-01_seed401,2023,1.0,center,,success,1,0,0,111,1.5773041781695025,347.026659650504,0.966525733102942,3.191599844749315,22.281812899088905,9.906517775831672
H0,map-mixed-01,7027,H0_map-mixed-01_seed401,2024,1.0,center,,success,1,0,0,116,1.2087494509498822,346.4646549884793,0.9680935466162388,3.13681300511789,18.195090019613964,8.628316049691321
H0,map-mixed-01,7027,H0_map-mixed-01_seed401,2025,1.0,center,,success,1,0,0,112,2.324392018542857,345.5816874906682,0.9705670432378615,3.802826916108309,19.720982261196433,9.618031550155738
H0,map-mixed-01,7027,H0_map-mixed-01_seed401,2026,1.0,center,,success,1,0,0,113,2.01087300639875,346.0951198700941,0.9691272062745752,2.413093735187985,22.415555386968027,9.191326140531876
H0,map-mixed-01,7027,H0_map-mixed-01_seed401,2027,1.0,center,,success,1,0,0,112,1.6758817696107124,346.4158757075385,0.9682298651581963,3.5973984091320648,17.455862818642,9.378957166274468
H0,map-mixed-01,7027,H0_map-mixed-01_seed401,2028,1.0,center,,success,1,0,0,117,1.0210003759566606,345.9678238711279,0.9694837886135558,2.7826083169170484,21.831456713229105,8.224378158957878
H0,map-mixed-01,7027,H0_map-mixed-01_seed401,2029,1.0,center,,success,1,0,0,114,2.9634852593947,344.89423571433764,0.9725016016294792,3.608087291804581,19.390313870259188,9.152731874463113
H0,map-mixed-01,7027,H0_map-mixed-01_seed401,2030,1.0,center,,success,1,0,0,116,2.9655939682345114,345.12257520274113,0.9718581765563521,2.454332858558244,17.931859625514086,8.140880274367273
H0,map-mixed-01,7027,H0_map-mixed-01_seed401,2031,1.0,center,,success,1,0,0,117,2.089352033519414,344.7228913606019,0.9729849831008415,2.3565531974919876,20.445155758920205,8.1488006226727
H0,map-mixed-01,7027,H0_map-mixed-01_seed401,2032,1.0,center,,success,1,0,0,116,1.9631231990964553,345.7208902665619,0.9701762493043345,3.0191146484676565,17.916858309001967,8.235093045417992
H0,map-mixed-01,7027,H0_map-mixed-01_seed401,2033,1.0,center,,success,1,0,0,112,1.115060143001255,347.101421437225,0.9663175542069311,3.8409357459518603,22.675108171529324,9.98329263949195
H0,map-mixed-01,7027,H0_map-mixed-01_seed401,2034,1.0,center,,success,1,0,0,113,0.9623343522880744,347.68714374116007,0.9646896719157055,3.709376478568941,22.588421974960465,9.460301803259085
H0,map-mixed-01,7027,H0_map-mixed-01_seed401,2035,1.0,center,,success,1,0,0,114,2.0170883581821215,345.43216509013735,0.9709871590488578,3.399086068473393,17.973506090191872,8.901936386583154
H0,map-mixed-01,7027,H0_map-mixed-01_seed401,2036,1.0,center,,success,1,0,0,111,2.5677780819971905,345.37203909347534,0.9711561987048677,3.2441536845416477,19.720575111081622,9.445997934488492
H0,map-mixed-01,7027,H0_map-mixed-01_seed401,2037,1.0,center,,success,1,0,0,112,2.7282432953679794,345.4365098508082,0.9709749463651945,2.8541084835999713,22.467858761046934,9.80375023369093
H0,map-mixed-01,7027,H0_map-mixed-01_seed401,2038,1.0,center,,success,1,0,0,116,2.1358070789629497,345.1663495412785,0.9717349245392088,3.0397222304980858,19.757973642009617,8.859536445254347
H0,map-mixed-01,7027,H0_map-mixed-01_seed401,2039,1.0,center,,success,1,0,0,115,2.6600034634793523,344.95685814865016,0.9723250566029686,3.1597371882629264,18.621513933855724,8.352101890406189
H0,map-mixed-01,7027,H0_map-mixed-01_seed401,2040,1.0,center,,success,1,0,0,115,0.7590803962110761,346.24854689939514,0.9686977739791762,3.296633813592372,20.310214329591233,8.786789813392863
H0,map-mixed-01,7027,H0_map-mixed-01_seed401,2041,1.0,center,,success,1,0,0,116,2.4094927082041333,344.771266178721,0.9728484636857759,2.6614724032220707,19.200205331739145,8.43757449308209
H0,map-mixed-01,7027,H0_map-mixed-01_seed401,2042,1.0,center,,success,1,0,0,116,2.2089822747922496,345.17271126450566,0.9717170149292127,3.442841670716213,17.680343105634467,8.395340806296751
H0,map-mixed-01,7027,H0_map-mixed-01_seed401,2043,1.0,center,,success,1,0,0,114,1.380696569391771,346.6926030730702,0.9674570315371748,3.192592983840657,24.42878538995566,9.682025311239695
H0,map-mixed-01,7027,H0_map-mixed-01_seed401,2044,1.0,center,,success,1,0,0,119,1.318337986983856,345.5712103589302,0.9705964691809601,2.6090197293307305,16.500627140532565,7.8787788437153425
H0,map-mixed-01,7027,H0_map-mixed-01_seed401,2045,1.0,center,,success,1,0,0,112,1.9397409627915245,345.9433417966593,0.9695523980401333,3.954597988382446,18.65277307328205,9.579689901127406
H0,map-mixed-01,7027,H0_map-mixed-01_seed401,2046,1.0,center,,success,1,0,0,114,2.8554887613210838,344.65171215429166,0.9731859288568223,1.9188182515684822,18.83731379906436,8.697889197282995
H0,map-mixed-01,7027,H0_map-mixed-01_seed401,2047,1.0,center,,success,1,0,0,117,1.3425284138074034,346.02896514374476,0.9693124865591379,2.670792380746409,23.540130610762027,8.879926004048679
H0,map-mixed-01,7027,H0_map-mixed-01_seed401,2048,1.0,center,,success,1,0,0,115,2.287291236409468,345.5092721116702,0.9707704646391149,2.4528722557597593,19.429282314402805,9.008070541613556
H0,map-mixed-01,7027,H0_map-mixed-01_seed401,2049,1.0,center,,success,1,0,0,114,2.54045685945607,344.1554947605816,0.9745891079214152,2.8231321687102295,20.185742920358997,8.795603031723553
H0,map-mixed-01,7027,H0_map-mixed-01_seed401,2050,1.0,center,,success,1,0,0,113,2.272133680550343,345.8169225897461,0.9699068342669758,3.566586253757626,20.622580883847583,9.659296451948734
H0,map-mixed-01,7027,H0_map-mixed-01_seed503,2001,1.0,center,,success,1,0,0,146,1.8273154442471393,397.0283924892408,0.844801538051357,0.48402143050694796,22.675137376166568,10.515449533409663
H0,map-mixed-01,7027,H0_map-mixed-01_seed503,2002,1.0,center,,success,1,0,0,103,2.2675376066957997,340.66977632322534,0.9845610615798608,0.5427842200083219,29.12857802157824,9.076030770101067
H0,map-mixed-01,7027,H0_map-mixed-01_seed503,2003,1.0,center,,collision,0,1,0,35,269.209662730258,68.57400414465106,nan,0.022046598562987185,20.24084605075712,12.347205481766148
H0,map-mixed-01,7027,H0_map-mixed-01_seed503,2004,1.0,center,,success,1,0,0,144,2.6047835810698543,396.4141157263499,0.8461106285541727,0.6820472426989639,22.690499798134905,10.614173540670944
H0,map-mixed-01,7027,H0_map-mixed-01_seed503,2005,1.0,center,,success,1,0,0,105,2.1856799573237224,341.98486659710295,0.980774968092725,0.8400246046018208,27.301635545406857,8.69702606230933
H0,map-mixed-01,7027,H0_map-mixed-01_seed503,2006,1.0,center,,collision,0,1,0,34,270.1897135853878,67.25165712434362,nan,-0.09940016780277006,20.641592943456505,12.371095662324201
H0,map-mixed-01,7027,H0_map-mixed-01_seed503,2007,1.0,center,,success,1,0,0,104,2.8127287529053597,342.6258529853942,0.978940128721888,0.6999169529879046,25.448147425106807,8.895527487380637
H0,map-mixed-01,7027,H0_map-mixed-01_seed503,2008,1.0,center,,success,1,0,0,103,2.275850525331199,340.8959589515293,0.9839078106310413,0.6180454789699041,26.541227812427206,9.049771327334401
H0,map-mixed-01,7027,H0_map-mixed-01_seed503,2009,1.0,center,,success,1,0,0,146,2.0202709237759744,400.1321591413197,0.8382485360455806,0.42070291939917587,22.62782306807634,10.856936585831988
H0,map-mixed-01,7027,H0_map-mixed-01_seed503,2010,1.0,center,,collision,0,1,0,35,268.1769210306221,69.59323405163607,nan,0.24427813711421464,16.960574684983538,12.485642745662982
H0,map-mixed-01,7027,H0_map-mixed-01_seed503,2011,1.0,center,,success,1,0,0,104,2.8054187928923255,339.64190936435324,0.9875406637911543,0.4623638640088302,24.392035218529745,8.705053825410289
H0,map-mixed-01,7027,H0_map-mixed-01_seed503,2012,1.0,center,,collision,0,1,0,34,270.2990836316507,67.22482749833341,nan,-0.005081489058675004,18.145671365377382,12.974900363680577
H0,map-mixed-01,7027,H0_map-mixed-01_seed503,2013,1.0,center,,success,1,0,0,148,2.1009551287556505,404.9889964313513,0.8281958265051851,0.5652647870747171,21.836105974439977,10.828552141506556
H0,map-mixed-01,7027,H0_map-mixed-01_seed503,2014,1.0,center,,collision,0,1,0,34,267.9094473243776,69.10892138752146,nan,0.12915262169193653,18.474365825299888,12.805948510940118
H0,map-mixed-01,7027,H0_map-mixed-01_seed503,2015,1.0,center,,success,1,0,0,145,2.804521487156236,399.6406810490919,0.8392794140588672,0.6770017646248832,21.653678504417396,10.651404553367477
H0,map-mixed-01,7027,H0_map-mixed-01_seed503,2016,1.0,center,,success,1,0,0,101,2.660844524824278,339.12351445864005,0.9890502496130376,0.17998542628244962,25.242009277383204,9.266144420484755
H0,map-mixed-01,7027,H0_map-mixed-01_seed503,2017,1.0,center,,collision,0,1,0,35,267.90772158247523,70.04973859119902,nan,0.2469036484682121,17.820697301909902,12.368011709156267
H0,map-mixed-01,7027,H0_map-mixed-01_seed503,2018,1.0,center,,success,1,0,0,144,2.8047156789338756,396.4936886483714,0.8459408213239568,0.5250317658898976,22.31606882860867,10.666134839242611
H0,map-mixed-01,7027,H0_map-mixed-01_seed503,2019,1.0,center,,collision,0,1,0,35,267.8421552753886,70.36385096432885,nan,0.20471000537436623,20.296652398870968,12.630782437676228
H0,map-mixed-01,7027,H0_map-mixed-01_seed503,2020,1.0,center,,success,1,0,0,145,2.4554501919640668,396.18399834709516,0.8466020788934464,0.4947885222276234,21.380611679262145,10.584094159230116
H0,map-mixed-01,7027,H0_map-mixed-01_seed503,2021,1.0,center,,success,1,0,0,105,2.1255352190481176,342.23738789036065,0.980051299165539,0.6157335288951202,24.434305132986196,8.835752754942076
H0,map-mixed-01,7027,H0_map-mixed-01_seed503,2022,1.0,center,,success,1,0,0,146,2.931737632209973,405.32571720255646,0.8275078101134931,0.44977602802667604,22.47391748285789,10.955636168064268
H0,map-mixed-01,7027,H0_map-mixed-01_seed503,2023,1.0,center,,collision,0,1,0,34,268.69809534884064,68.70607712356272,nan,0.1747828315634763,18.696819179191795,12.722734417059854
H0,map-mixed-01,7027,H0_map-mixed-01_seed503,2024,1.0,center,,success,1,0,0,105,1.8984458441616996,341.03741308614616,0.9834997092833441,0.3211127469490721,26.544275548222707,8.874260712835326
H0,map-mixed-01,7027,H0_map-mixed-01_seed503,2025,1.0,center,,success,1,0,0,101,2.825587281038967,339.08488491568886,0.9891629251134739,0.1996725384465705,26.878702867355422,9.13098387584974
H0,map-mixed-01,7027,H0_map-mixed-01_seed503,2026,1.0,center,,collision,0,1,0,35,267.68553106038587,70.28396271692603,nan,0.14105286177172616,18.3213529587305,12.919758371113316
H0,map-mixed-01,7027,H0_map-mixed-01_seed503,2027,1.0,center,,success,1,0,0,101,2.2542300628369807,340.0449616451943,0.9863701405902265,0.3601129789696813,25.67622993694425,9.2756808903286
H0,map-mixed-01,7027,H0_map-mixed-01_seed503,2028,1.0,center,,success,1,0,0,147,2.3044560538221726,399.76502072054535,0.8390183713933193,0.635053622703281,21.962415494019346,10.586356941291248
H0,map-mixed-01,7027,H0_map-mixed-01_seed503,2029,1.0,center,,success,1,0,0,104,2.073121165600418,340.06152904781845,0.9863220857829057,1.3478069801058723,29.38805119355134,8.91019414756887
H0,map-mixed-01,7027,H0_map-mixed-01_seed503,2030,1.0,center,,success,1,0,0,145,2.2405353362401006,395.9664214051075,0.8470672726105105,0.5450833123116894,21.480679801255803,10.614870854204902
H0,map-mixed-01,7027,H0_map-mixed-01_seed503,2031,1.0,center,,success,1,0,0,146,2.490174683395533,399.79563872368453,0.8389541158971583,0.3403373680846258,22.130270914906614,10.584615120066278
H0,map-mixed-01,7027,H0_map-mixed-01_seed503,2032,1.0,center,,success,1,0,0,144,2.767533445485439,396.24541892983257,0.8464708501383663,0.4928841509394025,22.505626217180986,10.711367618641727
H0,map-mixed-01,7027,H0_map-mixed-01_seed503,2033,1.0,center,,collision,0,1,0,34,268.39878840784866,68.95459801316063,nan,0.37718437620766565,17.357125003967404,13.014630360214225
H0,map-mixed-01,7027,H0_map-mixed-01_seed503,2034,1.0,center,,collision,0,1,0,34,269.8251273286873,68.06166366161354,nan,-0.014862192671486696,18.51742078551252,12.705301179059946
H0,map-mixed-01,7027,H0_map-mixed-01_seed503,2035,1.0,center,,collision,0,1,0,35,269.61588412510207,68.29857568877786,nan,-0.13841721574374333,20.621037328803848,12.475782043559045
H0,map-mixed-01,7027,H0_map-mixed-01_seed503,2036,1.0,center,,collision,0,1,0,34,269.0774104877507,68.29550999949237,nan,-0.028107878947004394,19.312228958155078,12.599065729992635
H0,map-mixed-01,7027,H0_map-mixed-01_seed503,2037,1.0,center,,collision,0,1,0,34,268.14371321482463,69.30837144412465,nan,0.25518719398326795,17.041387777394327,13.048162109243629
H0,map-mixed-01,7027,H0_map-mixed-01_seed503,2038,1.0,center,,success,1,0,0,106,2.251851507309643,341.47023758836144,0.982253091788637,0.4622040741562117,25.433982119084906,8.520040301009743
H0,map-mixed-01,7027,H0_map-mixed-01_seed503,2039,1.0,center,,success,1,0,0,105,2.8570418640708937,341.12916161081944,0.9832351917413161,0.17769946133454084,26.54566437998336,8.518652753112617
H0,map-mixed-01,7027,H0_map-mixed-01_seed503,2040,1.0,center,,success,1,0,0,104,2.8718601101299166,340.1465575994643,0.9860755287134992,0.35642403663483435,28.349728254208546,8.993506124061062
H0,map-mixed-01,7027,H0_map-mixed-01_seed503,2041,1.0,center,,success,1,0,0,143,2.5962688742650673,389.15974618022256,0.8618830696575634,0.8770069368914761,22.07281293504881,10.448827691859776
H0,map-mixed-01,7027,H0_map-mixed-01_seed503,2042,1.0,center,,success,1,0,0,106,2.8504588844708043,341.0797434395679,0.9833776501722861,0.6436255494203555,28.05734240902539,8.553486909007457
H0,map-mixed-01,7027,H0_map-mixed-01_seed503,2043,1.0,center,,success,1,0,0,103,2.406239715678994,340.5632169736746,0.9848691224070024,0.3118912984722897,27.618702680119068,8.881409106083376
H0,map-mixed-01,7027,H0_map-mixed-01_seed503,2044,1.0,center,,success,1,0,0,147,2.4505550310474726,398.2385215100534,0.8422344361694332,1.3310084530098045,22.76813088426185,10.393354537877064
H0,map-mixed-01,7027,H0_map-mixed-01_seed503,2045,1.0,center,,collision,0,1,0,34,269.63909367906814,67.6940132795003,nan,-0.0306740879334626,19.361158066132727,12.547901507733322
H0,map-mixed-01,7027,H0_map-mixed-01_seed503,2046,1.0,center,,collision,0,1,0,34,270.7994270732331,67.18967777315723,nan,-0.2651751675925098,17.21177034209801,13.22108163543173
H0,map-mixed-01,7027,H0_map-mixed-01_seed503,2047,1.0,center,,success,1,0,0,144,2.7772764921169335,397.71400656701195,0.8433451955091108,0.7096287044838547,23.101953264193103,10.632461782477936
H0,map-mixed-01,7027,H0_map-mixed-01_seed503,2048,1.0,center,,success,1,0,0,104,2.9283857708801935,339.372459670182,0.9883247360464539,0.25205910072594034,26.47192351719285,8.839058295901342
H0,map-mixed-01,7027,H0_map-mixed-01_seed503,2049,1.0,center,,collision,0,1,0,35,269.6875475698148,68.1284695320292,nan,-0.20856728089719212,21.037462134335385,12.436271788367115
H0,map-mixed-01,7027,H0_map-mixed-01_seed503,2050,1.0,center,,success,1,0,0,103,2.3175740618986285,342.39333620311953,0.9796049197230625,0.7728989323082303,27.369755046097783,9.22363656809531
